script,update_mode,wrapping,cols,rows,sample,conversion_ns,shaping_ns,prepare_ns,font,font_size,scale,profile,warmups,samples,source_screens,parser_inside_timing,bidi_prefix_bytes,bidi_suffix_bytes,bidi_context_truncated,backend,adapter,display_offset
latin_accents,sparse_novel_counter,explicit_rows,40,12,0,3917,17375,917,Menlo,16,1,release,8,24,3,false,0,0,false,Metal,Apple M5 Pro,0
latin_accents,sparse_novel_counter,explicit_rows,40,12,1,6417,36375,1500,Menlo,16,1,release,8,24,3,false,0,0,false,Metal,Apple M5 Pro,0
latin_accents,sparse_novel_counter,explicit_rows,40,12,2,4125,25208,1083,Menlo,16,1,release,8,24,3,false,0,0,false,Metal,Apple M5 Pro,0
latin_accents,sparse_novel_counter,explicit_rows,40,12,3,4125,24667,1292,Menlo,16,1,release,8,24,3,false,0,0,false,Metal,Apple M5 Pro,0
latin_accents,sparse_novel_counter,explicit_rows,40,12,4,4542,21209,1125,Menlo,16,1,release,8,24,3,false,0,0,false,Metal,Apple M5 Pro,0
latin_accents,sparse_novel_counter,explicit_rows,40,12,5,4125,19166,1000,Menlo,16,1,release,8,24,3,false,0,0,false,Metal,Apple M5 Pro,0
latin_accents,sparse_novel_counter,explicit_rows,40,12,6,4250,18708,1000,Menlo,16,1,release,8,24,3,false,0,0,false,Metal,Apple M5 Pro,0
latin_accents,sparse_novel_counter,explicit_rows,40,12,7,4291,21167,1250,Menlo,16,1,release,8,24,3,false,0,0,false,Metal,Apple M5 Pro,0
latin_accents,sparse_novel_counter,explicit_rows,40,12,8,5625,20750,1042,Menlo,16,1,release,8,24,3,false,0,0,false,Metal,Apple M5 Pro,0
latin_accents,sparse_novel_counter,explicit_rows,40,12,9,4291,27500,959,Menlo,16,1,release,8,24,3,false,0,0,false,Metal,Apple M5 Pro,0
latin_accents,sparse_novel_counter,explicit_rows,40,12,10,3959,18375,1000,Menlo,16,1,release,8,24,3,false,0,0,false,Metal,Apple M5 Pro,0
latin_accents,sparse_novel_counter,explicit_rows,40,12,11,3958,19291,1084,Menlo,16,1,release,8,24,3,false,0,0,false,Metal,Apple M5 Pro,0
latin_accents,sparse_novel_counter,explicit_rows,40,12,12,4000,18291,1000,Menlo,16,1,release,8,24,3,false,0,0,false,Metal,Apple M5 Pro,0
latin_accents,sparse_novel_counter,explicit_rows,40,12,13,4000,18291,958,Menlo,16,1,release,8,24,3,false,0,0,false,Metal,Apple M5 Pro,0
latin_accents,sparse_novel_counter,explicit_rows,40,12,14,4000,19416,1000,Menlo,16,1,release,8,24,3,false,0,0,false,Metal,Apple M5 Pro,0
latin_accents,sparse_novel_counter,explicit_rows,40,12,15,4000,19000,959,Menlo,16,1,release,8,24,3,false,0,0,false,Metal,Apple M5 Pro,0
latin_accents,sparse_novel_counter,explicit_rows,40,12,16,4083,18292,958,Menlo,16,1,release,8,24,3,false,0,0,false,Metal,Apple M5 Pro,0
latin_accents,sparse_novel_counter,explicit_rows,40,12,17,4000,18084,1000,Menlo,16,1,release,8,24,3,false,0,0,false,Metal,Apple M5 Pro,0
latin_accents,sparse_novel_counter,explicit_rows,40,12,18,4167,18500,1000,Menlo,16,1,release,8,24,3,false,0,0,false,Metal,Apple M5 Pro,0
latin_accents,sparse_novel_counter,explicit_rows,40,12,19,3958,19250,958,Menlo,16,1,release,8,24,3,false,0,0,false,Metal,Apple M5 Pro,0
latin_accents,sparse_novel_counter,explicit_rows,40,12,20,4125,18458,958,Menlo,16,1,release,8,24,3,false,0,0,false,Metal,Apple M5 Pro,0
latin_accents,sparse_novel_counter,explicit_rows,40,12,21,3958,18083,959,Menlo,16,1,release,8,24,3,false,0,0,false,Metal,Apple M5 Pro,0
latin_accents,sparse_novel_counter,explicit_rows,40,12,22,4000,18209,958,Menlo,16,1,release,8,24,3,false,0,0,false,Metal,Apple M5 Pro,0
latin_accents,sparse_novel_counter,explicit_rows,40,12,23,4000,21583,958,Menlo,16,1,release,8,24,3,false,0,0,false,Metal,Apple M5 Pro,0
latin_accents,sparse_novel_counter,softwrap,40,12,0,8667,304916,26042,Menlo,16,1,release,8,24,3,false,1178,0,false,Metal,Apple M5 Pro,0
latin_accents,sparse_novel_counter,softwrap,40,12,1,7250,306875,10167,Menlo,16,1,release,8,24,3,false,1178,0,false,Metal,Apple M5 Pro,0
latin_accents,sparse_novel_counter,softwrap,40,12,2,7083,303042,10083,Menlo,16,1,release,8,24,3,false,1178,0,false,Metal,Apple M5 Pro,0
latin_accents,sparse_novel_counter,softwrap,40,12,3,7166,303084,10125,Menlo,16,1,release,8,24,3,false,1178,0,false,Metal,Apple M5 Pro,0
latin_accents,sparse_novel_counter,softwrap,40,12,4,7125,309834,9958,Menlo,16,1,release,8,24,3,false,1178,0,false,Metal,Apple M5 Pro,0
latin_accents,sparse_novel_counter,softwrap,40,12,5,7125,307000,10000,Menlo,16,1,release,8,24,3,false,1178,0,false,Metal,Apple M5 Pro,0
latin_accents,sparse_novel_counter,softwrap,40,12,6,7083,331750,10209,Menlo,16,1,release,8,24,3,false,1178,0,false,Metal,Apple M5 Pro,0
latin_accents,sparse_novel_counter,softwrap,40,12,7,7041,304334,10042,Menlo,16,1,release,8,24,3,false,1178,0,false,Metal,Apple M5 Pro,0
latin_accents,sparse_novel_counter,softwrap,40,12,8,7042,303500,10000,Menlo,16,1,release,8,24,3,false,1178,0,false,Metal,Apple M5 Pro,0
latin_accents,sparse_novel_counter,softwrap,40,12,9,7000,302250,10042,Menlo,16,1,release,8,24,3,false,1178,0,false,Metal,Apple M5 Pro,0
latin_accents,sparse_novel_counter,softwrap,40,12,10,7042,302041,10042,Menlo,16,1,release,8,24,3,false,1178,0,false,Metal,Apple M5 Pro,0
latin_accents,sparse_novel_counter,softwrap,40,12,11,7000,303083,10000,Menlo,16,1,release,8,24,3,false,1178,0,false,Metal,Apple M5 Pro,0
latin_accents,sparse_novel_counter,softwrap,40,12,12,6959,303959,10041,Menlo,16,1,release,8,24,3,false,1178,0,false,Metal,Apple M5 Pro,0
latin_accents,sparse_novel_counter,softwrap,40,12,13,8875,326208,10209,Menlo,16,1,release,8,24,3,false,1178,0,false,Metal,Apple M5 Pro,0
latin_accents,sparse_novel_counter,softwrap,40,12,14,7667,305583,10000,Menlo,16,1,release,8,24,3,false,1178,0,false,Metal,Apple M5 Pro,0
latin_accents,sparse_novel_counter,softwrap,40,12,15,7292,298833,10000,Menlo,16,1,release,8,24,3,false,1178,0,false,Metal,Apple M5 Pro,0
latin_accents,sparse_novel_counter,softwrap,40,12,16,7417,301958,10042,Menlo,16,1,release,8,24,3,false,1178,0,false,Metal,Apple M5 Pro,0
latin_accents,sparse_novel_counter,softwrap,40,12,17,7125,298792,9958,Menlo,16,1,release,8,24,3,false,1178,0,false,Metal,Apple M5 Pro,0
latin_accents,sparse_novel_counter,softwrap,40,12,18,7125,298458,9958,Menlo,16,1,release,8,24,3,false,1178,0,false,Metal,Apple M5 Pro,0
latin_accents,sparse_novel_counter,softwrap,40,12,19,7083,297625,10042,Menlo,16,1,release,8,24,3,false,1178,0,false,Metal,Apple M5 Pro,0
latin_accents,sparse_novel_counter,softwrap,40,12,20,7250,301917,9959,Menlo,16,1,release,8,24,3,false,1178,0,false,Metal,Apple M5 Pro,0
latin_accents,sparse_novel_counter,softwrap,40,12,21,7042,305000,9958,Menlo,16,1,release,8,24,3,false,1178,0,false,Metal,Apple M5 Pro,0
latin_accents,sparse_novel_counter,softwrap,40,12,22,7167,304875,9916,Menlo,16,1,release,8,24,3,false,1178,0,false,Metal,Apple M5 Pro,0
latin_accents,sparse_novel_counter,softwrap,40,12,23,7041,307667,10000,Menlo,16,1,release,8,24,3,false,1178,0,false,Metal,Apple M5 Pro,0
latin_accents,scroll_cycle,explicit_rows,40,12,0,3958,4125,11666,Menlo,16,1,release,8,24,3,false,0,0,false,Metal,Apple M5 Pro,3
latin_accents,scroll_cycle,explicit_rows,40,12,1,4000,4084,11667,Menlo,16,1,release,8,24,3,false,0,0,false,Metal,Apple M5 Pro,6
latin_accents,scroll_cycle,explicit_rows,40,12,2,3958,4125,11584,Menlo,16,1,release,8,24,3,false,0,0,false,Metal,Apple M5 Pro,9
latin_accents,scroll_cycle,explicit_rows,40,12,3,4000,4084,11500,Menlo,16,1,release,8,24,3,false,0,0,false,Metal,Apple M5 Pro,12
latin_accents,scroll_cycle,explicit_rows,40,12,4,3916,4042,11333,Menlo,16,1,release,8,24,3,false,0,0,false,Metal,Apple M5 Pro,9
latin_accents,scroll_cycle,explicit_rows,40,12,5,3917,4042,11250,Menlo,16,1,release,8,24,3,false,0,0,false,Metal,Apple M5 Pro,6
latin_accents,scroll_cycle,explicit_rows,40,12,6,3917,4042,11291,Menlo,16,1,release,8,24,3,false,0,0,false,Metal,Apple M5 Pro,3
latin_accents,scroll_cycle,explicit_rows,40,12,7,3917,4083,11334,Menlo,16,1,release,8,24,3,false,0,0,false,Metal,Apple M5 Pro,0
latin_accents,scroll_cycle,explicit_rows,40,12,8,3875,4042,11333,Menlo,16,1,release,8,24,3,false,0,0,false,Metal,Apple M5 Pro,3
latin_accents,scroll_cycle,explicit_rows,40,12,9,3916,4167,11375,Menlo,16,1,release,8,24,3,false,0,0,false,Metal,Apple M5 Pro,6
latin_accents,scroll_cycle,explicit_rows,40,12,10,4083,4084,11291,Menlo,16,1,release,8,24,3,false,0,0,false,Metal,Apple M5 Pro,9
latin_accents,scroll_cycle,explicit_rows,40,12,11,3959,4083,11333,Menlo,16,1,release,8,24,3,false,0,0,false,Metal,Apple M5 Pro,12
latin_accents,scroll_cycle,explicit_rows,40,12,12,3916,4125,11334,Menlo,16,1,release,8,24,3,false,0,0,false,Metal,Apple M5 Pro,9
latin_accents,scroll_cycle,explicit_rows,40,12,13,3917,4208,11333,Menlo,16,1,release,8,24,3,false,0,0,false,Metal,Apple M5 Pro,6
latin_accents,scroll_cycle,explicit_rows,40,12,14,4000,4167,11333,Menlo,16,1,release,8,24,3,false,0,0,false,Metal,Apple M5 Pro,3
latin_accents,scroll_cycle,explicit_rows,40,12,15,3917,4083,11333,Menlo,16,1,release,8,24,3,false,0,0,false,Metal,Apple M5 Pro,0
latin_accents,scroll_cycle,explicit_rows,40,12,16,3917,4083,11292,Menlo,16,1,release,8,24,3,false,0,0,false,Metal,Apple M5 Pro,3
latin_accents,scroll_cycle,explicit_rows,40,12,17,3958,4125,11250,Menlo,16,1,release,8,24,3,false,0,0,false,Metal,Apple M5 Pro,6
latin_accents,scroll_cycle,explicit_rows,40,12,18,3917,4083,11334,Menlo,16,1,release,8,24,3,false,0,0,false,Metal,Apple M5 Pro,9
latin_accents,scroll_cycle,explicit_rows,40,12,19,3917,4125,11333,Menlo,16,1,release,8,24,3,false,0,0,false,Metal,Apple M5 Pro,12
latin_accents,scroll_cycle,explicit_rows,40,12,20,3959,4083,11333,Menlo,16,1,release,8,24,3,false,0,0,false,Metal,Apple M5 Pro,9
latin_accents,scroll_cycle,explicit_rows,40,12,21,3916,4042,11250,Menlo,16,1,release,8,24,3,false,0,0,false,Metal,Apple M5 Pro,6
latin_accents,scroll_cycle,explicit_rows,40,12,22,3959,4125,11334,Menlo,16,1,release,8,24,3,false,0,0,false,Metal,Apple M5 Pro,3
latin_accents,scroll_cycle,explicit_rows,40,12,23,3917,4166,11417,Menlo,16,1,release,8,24,3,false,0,0,false,Metal,Apple M5 Pro,0
latin_accents,scroll_cycle,softwrap,40,12,0,7333,4458,10792,Menlo,16,1,release,8,24,3,false,1040,133,false,Metal,Apple M5 Pro,3
latin_accents,scroll_cycle,softwrap,40,12,1,7292,4334,10875,Menlo,16,1,release,8,24,3,false,905,268,false,Metal,Apple M5 Pro,6
latin_accents,scroll_cycle,softwrap,40,12,2,7125,4334,10833,Menlo,16,1,release,8,24,3,false,770,403,false,Metal,Apple M5 Pro,9
latin_accents,scroll_cycle,softwrap,40,12,3,7250,4375,10875,Menlo,16,1,release,8,24,3,false,634,538,false,Metal,Apple M5 Pro,12
latin_accents,scroll_cycle,softwrap,40,12,4,7042,4417,10875,Menlo,16,1,release,8,24,3,false,770,403,false,Metal,Apple M5 Pro,9
latin_accents,scroll_cycle,softwrap,40,12,5,7000,4375,10875,Menlo,16,1,release,8,24,3,false,905,268,false,Metal,Apple M5 Pro,6
latin_accents,scroll_cycle,softwrap,40,12,6,7000,4333,10833,Menlo,16,1,release,8,24,3,false,1040,133,false,Metal,Apple M5 Pro,3
latin_accents,scroll_cycle,softwrap,40,12,7,7125,4375,10000,Menlo,16,1,release,8,24,3,false,1178,0,false,Metal,Apple M5 Pro,0
latin_accents,scroll_cycle,softwrap,40,12,8,7000,4417,10708,Menlo,16,1,release,8,24,3,false,1040,133,false,Metal,Apple M5 Pro,3
latin_accents,scroll_cycle,softwrap,40,12,9,7000,4292,10667,Menlo,16,1,release,8,24,3,false,905,268,false,Metal,Apple M5 Pro,6
latin_accents,scroll_cycle,softwrap,40,12,10,7000,4291,10625,Menlo,16,1,release,8,24,3,false,770,403,false,Metal,Apple M5 Pro,9
latin_accents,scroll_cycle,softwrap,40,12,11,7167,4333,10583,Menlo,16,1,release,8,24,3,false,634,538,false,Metal,Apple M5 Pro,12
latin_accents,scroll_cycle,softwrap,40,12,12,6917,4333,10708,Menlo,16,1,release,8,24,3,false,770,403,false,Metal,Apple M5 Pro,9
latin_accents,scroll_cycle,softwrap,40,12,13,6917,4417,10625,Menlo,16,1,release,8,24,3,false,905,268,false,Metal,Apple M5 Pro,6
latin_accents,scroll_cycle,softwrap,40,12,14,6958,4333,10750,Menlo,16,1,release,8,24,3,false,1040,133,false,Metal,Apple M5 Pro,3
latin_accents,scroll_cycle,softwrap,40,12,15,6958,4334,9875,Menlo,16,1,release,8,24,3,false,1178,0,false,Metal,Apple M5 Pro,0
latin_accents,scroll_cycle,softwrap,40,12,16,6916,4292,10667,Menlo,16,1,release,8,24,3,false,1040,133,false,Metal,Apple M5 Pro,3
latin_accents,scroll_cycle,softwrap,40,12,17,6959,4333,10708,Menlo,16,1,release,8,24,3,false,905,268,false,Metal,Apple M5 Pro,6
latin_accents,scroll_cycle,softwrap,40,12,18,6916,4334,10625,Menlo,16,1,release,8,24,3,false,770,403,false,Metal,Apple M5 Pro,9
latin_accents,scroll_cycle,softwrap,40,12,19,7125,4333,10750,Menlo,16,1,release,8,24,3,false,634,538,false,Metal,Apple M5 Pro,12
latin_accents,scroll_cycle,softwrap,40,12,20,8916,4875,11125,Menlo,16,1,release,8,24,3,false,770,403,false,Metal,Apple M5 Pro,9
latin_accents,scroll_cycle,softwrap,40,12,21,7500,4667,11041,Menlo,16,1,release,8,24,3,false,905,268,false,Metal,Apple M5 Pro,6
latin_accents,scroll_cycle,softwrap,40,12,22,7291,4667,10916,Menlo,16,1,release,8,24,3,false,1040,133,false,Metal,Apple M5 Pro,3
latin_accents,scroll_cycle,softwrap,40,12,23,7042,4625,10084,Menlo,16,1,release,8,24,3,false,1178,0,false,Metal,Apple M5 Pro,0
latin_accents,dense_novel_text,explicit_rows,40,12,0,4000,157917,11750,Menlo,16,1,release,8,24,3,false,0,0,false,Metal,Apple M5 Pro,0
latin_accents,dense_novel_text,explicit_rows,40,12,1,4000,190125,11750,Menlo,16,1,release,8,24,3,false,0,0,false,Metal,Apple M5 Pro,0
latin_accents,dense_novel_text,explicit_rows,40,12,2,3959,157833,11750,Menlo,16,1,release,8,24,3,false,0,0,false,Metal,Apple M5 Pro,0
latin_accents,dense_novel_text,explicit_rows,40,12,3,4042,158417,11791,Menlo,16,1,release,8,24,3,false,0,0,false,Metal,Apple M5 Pro,0
latin_accents,dense_novel_text,explicit_rows,40,12,4,4042,158000,11750,Menlo,16,1,release,8,24,3,false,0,0,false,Metal,Apple M5 Pro,0
latin_accents,dense_novel_text,explicit_rows,40,12,5,3958,157250,11750,Menlo,16,1,release,8,24,3,false,0,0,false,Metal,Apple M5 Pro,0
latin_accents,dense_novel_text,explicit_rows,40,12,6,3917,157334,11791,Menlo,16,1,release,8,24,3,false,0,0,false,Metal,Apple M5 Pro,0
latin_accents,dense_novel_text,explicit_rows,40,12,7,3958,157958,11792,Menlo,16,1,release,8,24,3,false,0,0,false,Metal,Apple M5 Pro,0
latin_accents,dense_novel_text,explicit_rows,40,12,8,4000,157333,12125,Menlo,16,1,release,8,24,3,false,0,0,false,Metal,Apple M5 Pro,0
latin_accents,dense_novel_text,explicit_rows,40,12,9,3959,157625,11875,Menlo,16,1,release,8,24,3,false,0,0,false,Metal,Apple M5 Pro,0
latin_accents,dense_novel_text,explicit_rows,40,12,10,3958,225500,11708,Menlo,16,1,release,8,24,3,false,0,0,false,Metal,Apple M5 Pro,0
latin_accents,dense_novel_text,explicit_rows,40,12,11,3959,156541,11667,Menlo,16,1,release,8,24,3,false,0,0,false,Metal,Apple M5 Pro,0
latin_accents,dense_novel_text,explicit_rows,40,12,12,3917,159792,11709,Menlo,16,1,release,8,24,3,false,0,0,false,Metal,Apple M5 Pro,0
latin_accents,dense_novel_text,explicit_rows,40,12,13,3917,160209,11750,Menlo,16,1,release,8,24,3,false,0,0,false,Metal,Apple M5 Pro,0
latin_accents,dense_novel_text,explicit_rows,40,12,14,3875,159417,11708,Menlo,16,1,release,8,24,3,false,0,0,false,Metal,Apple M5 Pro,0
latin_accents,dense_novel_text,explicit_rows,40,12,15,4000,159917,11750,Menlo,16,1,release,8,24,3,false,0,0,false,Metal,Apple M5 Pro,0
latin_accents,dense_novel_text,explicit_rows,40,12,16,3959,161125,11834,Menlo,16,1,release,8,24,3,false,0,0,false,Metal,Apple M5 Pro,0
latin_accents,dense_novel_text,explicit_rows,40,12,17,3917,160083,11750,Menlo,16,1,release,8,24,3,false,0,0,false,Metal,Apple M5 Pro,0
latin_accents,dense_novel_text,explicit_rows,40,12,18,4000,160375,12167,Menlo,16,1,release,8,24,3,false,0,0,false,Metal,Apple M5 Pro,0
latin_accents,dense_novel_text,explicit_rows,40,12,19,3958,160250,11792,Menlo,16,1,release,8,24,3,false,0,0,false,Metal,Apple M5 Pro,0
latin_accents,dense_novel_text,explicit_rows,40,12,20,4000,160291,11792,Menlo,16,1,release,8,24,3,false,0,0,false,Metal,Apple M5 Pro,0
latin_accents,dense_novel_text,explicit_rows,40,12,21,3916,161459,11750,Menlo,16,1,release,8,24,3,false,0,0,false,Metal,Apple M5 Pro,0
latin_accents,dense_novel_text,explicit_rows,40,12,22,4042,160791,11792,Menlo,16,1,release,8,24,3,false,0,0,false,Metal,Apple M5 Pro,0
latin_accents,dense_novel_text,explicit_rows,40,12,23,4041,162625,20959,Menlo,16,1,release,8,24,3,false,0,0,false,Metal,Apple M5 Pro,0
latin_accents,dense_novel_text,softwrap,40,12,0,7000,297708,21708,Menlo,16,1,release,8,24,3,false,1178,0,false,Metal,Apple M5 Pro,0
latin_accents,dense_novel_text,softwrap,40,12,1,7125,298333,10042,Menlo,16,1,release,8,24,3,false,1178,0,false,Metal,Apple M5 Pro,0
latin_accents,dense_novel_text,softwrap,40,12,2,7000,298417,10167,Menlo,16,1,release,8,24,3,false,1178,0,false,Metal,Apple M5 Pro,0
latin_accents,dense_novel_text,softwrap,40,12,3,6958,298000,10042,Menlo,16,1,release,8,24,3,false,1178,0,false,Metal,Apple M5 Pro,0
latin_accents,dense_novel_text,softwrap,40,12,4,6958,297042,10166,Menlo,16,1,release,8,24,3,false,1178,0,false,Metal,Apple M5 Pro,0
latin_accents,dense_novel_text,softwrap,40,12,5,6917,298583,10167,Menlo,16,1,release,8,24,3,false,1178,0,false,Metal,Apple M5 Pro,0
latin_accents,dense_novel_text,softwrap,40,12,6,6833,318875,10375,Menlo,16,1,release,8,24,3,false,1178,0,false,Metal,Apple M5 Pro,0
latin_accents,dense_novel_text,softwrap,40,12,7,6875,296666,10209,Menlo,16,1,release,8,24,3,false,1178,0,false,Metal,Apple M5 Pro,0
latin_accents,dense_novel_text,softwrap,40,12,8,6833,297583,10084,Menlo,16,1,release,8,24,3,false,1178,0,false,Metal,Apple M5 Pro,0
latin_accents,dense_novel_text,softwrap,40,12,9,6833,305291,10125,Menlo,16,1,release,8,24,3,false,1178,0,false,Metal,Apple M5 Pro,0
latin_accents,dense_novel_text,softwrap,40,12,10,6833,297125,10084,Menlo,16,1,release,8,24,3,false,1178,0,false,Metal,Apple M5 Pro,0
latin_accents,dense_novel_text,softwrap,40,12,11,6875,308541,10042,Menlo,16,1,release,8,24,3,false,1178,0,false,Metal,Apple M5 Pro,0
latin_accents,dense_novel_text,softwrap,40,12,12,6875,297125,10083,Menlo,16,1,release,8,24,3,false,1178,0,false,Metal,Apple M5 Pro,0
latin_accents,dense_novel_text,softwrap,40,12,13,6917,308417,10000,Menlo,16,1,release,8,24,3,false,1178,0,false,Metal,Apple M5 Pro,0
latin_accents,dense_novel_text,softwrap,40,12,14,6958,298334,10042,Menlo,16,1,release,8,24,3,false,1178,0,false,Metal,Apple M5 Pro,0
latin_accents,dense_novel_text,softwrap,40,12,15,6875,298833,10042,Menlo,16,1,release,8,24,3,false,1178,0,false,Metal,Apple M5 Pro,0
latin_accents,dense_novel_text,softwrap,40,12,16,7000,299667,10125,Menlo,16,1,release,8,24,3,false,1178,0,false,Metal,Apple M5 Pro,0
latin_accents,dense_novel_text,softwrap,40,12,17,6875,298459,10125,Menlo,16,1,release,8,24,3,false,1178,0,false,Metal,Apple M5 Pro,0
latin_accents,dense_novel_text,softwrap,40,12,18,6792,297667,10083,Menlo,16,1,release,8,24,3,false,1178,0,false,Metal,Apple M5 Pro,0
latin_accents,dense_novel_text,softwrap,40,12,19,6791,299708,10000,Menlo,16,1,release,8,24,3,false,1178,0,false,Metal,Apple M5 Pro,0
latin_accents,dense_novel_text,softwrap,40,12,20,6834,299125,10042,Menlo,16,1,release,8,24,3,false,1178,0,false,Metal,Apple M5 Pro,0
latin_accents,dense_novel_text,softwrap,40,12,21,6917,299583,9958,Menlo,16,1,release,8,24,3,false,1178,0,false,Metal,Apple M5 Pro,0
latin_accents,dense_novel_text,softwrap,40,12,22,6875,299750,10041,Menlo,16,1,release,8,24,3,false,1178,0,false,Metal,Apple M5 Pro,0
latin_accents,dense_novel_text,softwrap,40,12,23,6916,299917,9958,Menlo,16,1,release,8,24,3,false,1178,0,false,Metal,Apple M5 Pro,0
cyrillic,sparse_novel_counter,explicit_rows,40,12,0,3667,16333,917,Menlo,16,1,release,8,24,3,false,0,0,false,Metal,Apple M5 Pro,0
cyrillic,sparse_novel_counter,explicit_rows,40,12,1,3667,17208,917,Menlo,16,1,release,8,24,3,false,0,0,false,Metal,Apple M5 Pro,0
cyrillic,sparse_novel_counter,explicit_rows,40,12,2,3666,17209,916,Menlo,16,1,release,8,24,3,false,0,0,false,Metal,Apple M5 Pro,0
cyrillic,sparse_novel_counter,explicit_rows,40,12,3,3666,16750,875,Menlo,16,1,release,8,24,3,false,0,0,false,Metal,Apple M5 Pro,0
cyrillic,sparse_novel_counter,explicit_rows,40,12,4,3708,16584,916,Menlo,16,1,release,8,24,3,false,0,0,false,Metal,Apple M5 Pro,0
cyrillic,sparse_novel_counter,explicit_rows,40,12,5,3666,16542,875,Menlo,16,1,release,8,24,3,false,0,0,false,Metal,Apple M5 Pro,0
cyrillic,sparse_novel_counter,explicit_rows,40,12,6,3709,17041,1000,Menlo,16,1,release,8,24,3,false,0,0,false,Metal,Apple M5 Pro,0
cyrillic,sparse_novel_counter,explicit_rows,40,12,7,3667,17500,959,Menlo,16,1,release,8,24,3,false,0,0,false,Metal,Apple M5 Pro,0
cyrillic,sparse_novel_counter,explicit_rows,40,12,8,3791,16917,916,Menlo,16,1,release,8,24,3,false,0,0,false,Metal,Apple M5 Pro,0
cyrillic,sparse_novel_counter,explicit_rows,40,12,9,3750,24292,916,Menlo,16,1,release,8,24,3,false,0,0,false,Metal,Apple M5 Pro,0
cyrillic,sparse_novel_counter,explicit_rows,40,12,10,3708,16875,917,Menlo,16,1,release,8,24,3,false,0,0,false,Metal,Apple M5 Pro,0
cyrillic,sparse_novel_counter,explicit_rows,40,12,11,3792,16875,1000,Menlo,16,1,release,8,24,3,false,0,0,false,Metal,Apple M5 Pro,0
cyrillic,sparse_novel_counter,explicit_rows,40,12,12,3667,17083,875,Menlo,16,1,release,8,24,3,false,0,0,false,Metal,Apple M5 Pro,0
cyrillic,sparse_novel_counter,explicit_rows,40,12,13,3666,16917,917,Menlo,16,1,release,8,24,3,false,0,0,false,Metal,Apple M5 Pro,0
cyrillic,sparse_novel_counter,explicit_rows,40,12,14,3667,17000,958,Menlo,16,1,release,8,24,3,false,0,0,false,Metal,Apple M5 Pro,0
cyrillic,sparse_novel_counter,explicit_rows,40,12,15,3708,16625,916,Menlo,16,1,release,8,24,3,false,0,0,false,Metal,Apple M5 Pro,0
cyrillic,sparse_novel_counter,explicit_rows,40,12,16,3666,16709,916,Menlo,16,1,release,8,24,3,false,0,0,false,Metal,Apple M5 Pro,0
cyrillic,sparse_novel_counter,explicit_rows,40,12,17,3667,17125,916,Menlo,16,1,release,8,24,3,false,0,0,false,Metal,Apple M5 Pro,0
cyrillic,sparse_novel_counter,explicit_rows,40,12,18,3667,16750,875,Menlo,16,1,release,8,24,3,false,0,0,false,Metal,Apple M5 Pro,0
cyrillic,sparse_novel_counter,explicit_rows,40,12,19,3666,17292,916,Menlo,16,1,release,8,24,3,false,0,0,false,Metal,Apple M5 Pro,0
cyrillic,sparse_novel_counter,explicit_rows,40,12,20,3708,16834,917,Menlo,16,1,release,8,24,3,false,0,0,false,Metal,Apple M5 Pro,0
cyrillic,sparse_novel_counter,explicit_rows,40,12,21,3667,17042,916,Menlo,16,1,release,8,24,3,false,0,0,false,Metal,Apple M5 Pro,0
cyrillic,sparse_novel_counter,explicit_rows,40,12,22,3667,17333,875,Menlo,16,1,release,8,24,3,false,0,0,false,Metal,Apple M5 Pro,0
cyrillic,sparse_novel_counter,explicit_rows,40,12,23,3750,17250,916,Menlo,16,1,release,8,24,3,false,0,0,false,Metal,Apple M5 Pro,0
cyrillic,sparse_novel_counter,softwrap,40,12,0,7000,283250,9625,Menlo,16,1,release,8,24,3,false,1702,0,false,Metal,Apple M5 Pro,0
cyrillic,sparse_novel_counter,softwrap,40,12,1,7000,282959,9666,Menlo,16,1,release,8,24,3,false,1702,0,false,Metal,Apple M5 Pro,0
cyrillic,sparse_novel_counter,softwrap,40,12,2,6916,281917,9666,Menlo,16,1,release,8,24,3,false,1702,0,false,Metal,Apple M5 Pro,0
cyrillic,sparse_novel_counter,softwrap,40,12,3,6958,279167,9708,Menlo,16,1,release,8,24,3,false,1702,0,false,Metal,Apple M5 Pro,0
cyrillic,sparse_novel_counter,softwrap,40,12,4,6833,282375,9667,Menlo,16,1,release,8,24,3,false,1702,0,false,Metal,Apple M5 Pro,0
cyrillic,sparse_novel_counter,softwrap,40,12,5,6958,278792,9584,Menlo,16,1,release,8,24,3,false,1702,0,false,Metal,Apple M5 Pro,0
cyrillic,sparse_novel_counter,softwrap,40,12,6,6959,305958,9750,Menlo,16,1,release,8,24,3,false,1702,0,false,Metal,Apple M5 Pro,0
cyrillic,sparse_novel_counter,softwrap,40,12,7,6958,286167,9584,Menlo,16,1,release,8,24,3,false,1702,0,false,Metal,Apple M5 Pro,0
cyrillic,sparse_novel_counter,softwrap,40,12,8,6833,280833,9625,Menlo,16,1,release,8,24,3,false,1702,0,false,Metal,Apple M5 Pro,0
cyrillic,sparse_novel_counter,softwrap,40,12,9,7083,287167,9584,Menlo,16,1,release,8,24,3,false,1702,0,false,Metal,Apple M5 Pro,0
cyrillic,sparse_novel_counter,softwrap,40,12,10,6875,281500,9583,Menlo,16,1,release,8,24,3,false,1702,0,false,Metal,Apple M5 Pro,0
cyrillic,sparse_novel_counter,softwrap,40,12,11,6833,280916,9583,Menlo,16,1,release,8,24,3,false,1702,0,false,Metal,Apple M5 Pro,0
cyrillic,sparse_novel_counter,softwrap,40,12,12,6875,281209,9625,Menlo,16,1,release,8,24,3,false,1702,0,false,Metal,Apple M5 Pro,0
cyrillic,sparse_novel_counter,softwrap,40,12,13,8959,302667,9666,Menlo,16,1,release,8,24,3,false,1702,0,false,Metal,Apple M5 Pro,0
cyrillic,sparse_novel_counter,softwrap,40,12,14,7459,285834,9583,Menlo,16,1,release,8,24,3,false,1702,0,false,Metal,Apple M5 Pro,0
cyrillic,sparse_novel_counter,softwrap,40,12,15,7167,282500,9500,Menlo,16,1,release,8,24,3,false,1702,0,false,Metal,Apple M5 Pro,0
cyrillic,sparse_novel_counter,softwrap,40,12,16,7208,282125,9583,Menlo,16,1,release,8,24,3,false,1702,0,false,Metal,Apple M5 Pro,0
cyrillic,sparse_novel_counter,softwrap,40,12,17,7125,280708,9625,Menlo,16,1,release,8,24,3,false,1702,0,false,Metal,Apple M5 Pro,0
cyrillic,sparse_novel_counter,softwrap,40,12,18,7042,279000,9709,Menlo,16,1,release,8,24,3,false,1702,0,false,Metal,Apple M5 Pro,0
cyrillic,sparse_novel_counter,softwrap,40,12,19,7208,281208,9625,Menlo,16,1,release,8,24,3,false,1702,0,false,Metal,Apple M5 Pro,0
cyrillic,sparse_novel_counter,softwrap,40,12,20,7167,279333,9583,Menlo,16,1,release,8,24,3,false,1702,0,false,Metal,Apple M5 Pro,0
cyrillic,sparse_novel_counter,softwrap,40,12,21,7083,279042,9666,Menlo,16,1,release,8,24,3,false,1702,0,false,Metal,Apple M5 Pro,0
cyrillic,sparse_novel_counter,softwrap,40,12,22,7084,279041,9584,Menlo,16,1,release,8,24,3,false,1702,0,false,Metal,Apple M5 Pro,0
cyrillic,sparse_novel_counter,softwrap,40,12,23,7042,280166,9625,Menlo,16,1,release,8,24,3,false,1702,0,false,Metal,Apple M5 Pro,0
cyrillic,scroll_cycle,explicit_rows,40,12,0,3750,4042,9709,Menlo,16,1,release,8,24,3,false,0,0,false,Metal,Apple M5 Pro,3
cyrillic,scroll_cycle,explicit_rows,40,12,1,3917,4167,9834,Menlo,16,1,release,8,24,3,false,0,0,false,Metal,Apple M5 Pro,6
cyrillic,scroll_cycle,explicit_rows,40,12,2,3625,4042,9750,Menlo,16,1,release,8,24,3,false,0,0,false,Metal,Apple M5 Pro,9
cyrillic,scroll_cycle,explicit_rows,40,12,3,3667,4041,9750,Menlo,16,1,release,8,24,3,false,0,0,false,Metal,Apple M5 Pro,12
cyrillic,scroll_cycle,explicit_rows,40,12,4,3791,4042,9792,Menlo,16,1,release,8,24,3,false,0,0,false,Metal,Apple M5 Pro,9
cyrillic,scroll_cycle,explicit_rows,40,12,5,3667,4041,9667,Menlo,16,1,release,8,24,3,false,0,0,false,Metal,Apple M5 Pro,6
cyrillic,scroll_cycle,explicit_rows,40,12,6,3667,4000,9667,Menlo,16,1,release,8,24,3,false,0,0,false,Metal,Apple M5 Pro,3
cyrillic,scroll_cycle,explicit_rows,40,12,7,3625,4042,9584,Menlo,16,1,release,8,24,3,false,0,0,false,Metal,Apple M5 Pro,0
cyrillic,scroll_cycle,explicit_rows,40,12,8,3667,4083,9625,Menlo,16,1,release,8,24,3,false,0,0,false,Metal,Apple M5 Pro,3
cyrillic,scroll_cycle,explicit_rows,40,12,9,3625,4084,9166,Menlo,16,1,release,8,24,3,false,0,0,false,Metal,Apple M5 Pro,6
cyrillic,scroll_cycle,explicit_rows,40,12,10,3667,3959,9041,Menlo,16,1,release,8,24,3,false,0,0,false,Metal,Apple M5 Pro,9
cyrillic,scroll_cycle,explicit_rows,40,12,11,3875,4000,9166,Menlo,16,1,release,8,24,3,false,0,0,false,Metal,Apple M5 Pro,12
cyrillic,scroll_cycle,explicit_rows,40,12,12,3625,4084,9167,Menlo,16,1,release,8,24,3,false,0,0,false,Metal,Apple M5 Pro,9
cyrillic,scroll_cycle,explicit_rows,40,12,13,3625,3958,9125,Menlo,16,1,release,8,24,3,false,0,0,false,Metal,Apple M5 Pro,6
cyrillic,scroll_cycle,explicit_rows,40,12,14,3625,3958,9125,Menlo,16,1,release,8,24,3,false,0,0,false,Metal,Apple M5 Pro,3
cyrillic,scroll_cycle,explicit_rows,40,12,15,3666,4042,9167,Menlo,16,1,release,8,24,3,false,0,0,false,Metal,Apple M5 Pro,0
cyrillic,scroll_cycle,explicit_rows,40,12,16,3583,4125,9083,Menlo,16,1,release,8,24,3,false,0,0,false,Metal,Apple M5 Pro,3
cyrillic,scroll_cycle,explicit_rows,40,12,17,3625,4167,9375,Menlo,16,1,release,8,24,3,false,0,0,false,Metal,Apple M5 Pro,6
cyrillic,scroll_cycle,explicit_rows,40,12,18,3625,4041,9250,Menlo,16,1,release,8,24,3,false,0,0,false,Metal,Apple M5 Pro,9
cyrillic,scroll_cycle,explicit_rows,40,12,19,3750,4083,9042,Menlo,16,1,release,8,24,3,false,0,0,false,Metal,Apple M5 Pro,12
cyrillic,scroll_cycle,explicit_rows,40,12,20,3667,4083,9250,Menlo,16,1,release,8,24,3,false,0,0,false,Metal,Apple M5 Pro,9
cyrillic,scroll_cycle,explicit_rows,40,12,21,3625,4000,9083,Menlo,16,1,release,8,24,3,false,0,0,false,Metal,Apple M5 Pro,6
cyrillic,scroll_cycle,explicit_rows,40,12,22,3667,4000,9083,Menlo,16,1,release,8,24,3,false,0,0,false,Metal,Apple M5 Pro,3
cyrillic,scroll_cycle,explicit_rows,40,12,23,3666,4084,9166,Menlo,16,1,release,8,24,3,false,0,0,false,Metal,Apple M5 Pro,0
cyrillic,scroll_cycle,softwrap,40,12,0,7208,4292,10291,Menlo,16,1,release,8,24,3,false,1504,177,false,Metal,Apple M5 Pro,3
cyrillic,scroll_cycle,softwrap,40,12,1,7208,4291,10417,Menlo,16,1,release,8,24,3,false,1307,375,false,Metal,Apple M5 Pro,6
cyrillic,scroll_cycle,softwrap,40,12,2,7166,4417,10375,Menlo,16,1,release,8,24,3,false,1109,570,false,Metal,Apple M5 Pro,9
cyrillic,scroll_cycle,softwrap,40,12,3,7333,4250,10625,Menlo,16,1,release,8,24,3,false,910,763,false,Metal,Apple M5 Pro,12
cyrillic,scroll_cycle,softwrap,40,12,4,6959,4333,10333,Menlo,16,1,release,8,24,3,false,1109,570,false,Metal,Apple M5 Pro,9
cyrillic,scroll_cycle,softwrap,40,12,5,6916,4334,10458,Menlo,16,1,release,8,24,3,false,1307,375,false,Metal,Apple M5 Pro,6
cyrillic,scroll_cycle,softwrap,40,12,6,6916,4292,10375,Menlo,16,1,release,8,24,3,false,1504,177,false,Metal,Apple M5 Pro,3
cyrillic,scroll_cycle,softwrap,40,12,7,6917,4250,9542,Menlo,16,1,release,8,24,3,false,1702,0,false,Metal,Apple M5 Pro,0
cyrillic,scroll_cycle,softwrap,40,12,8,6875,4333,10167,Menlo,16,1,release,8,24,3,false,1504,177,false,Metal,Apple M5 Pro,3
cyrillic,scroll_cycle,softwrap,40,12,9,6875,4334,9833,Menlo,16,1,release,8,24,3,false,1307,375,false,Metal,Apple M5 Pro,6
cyrillic,scroll_cycle,softwrap,40,12,10,7042,4292,9750,Menlo,16,1,release,8,24,3,false,1109,570,false,Metal,Apple M5 Pro,9
cyrillic,scroll_cycle,softwrap,40,12,11,7084,4208,9792,Menlo,16,1,release,8,24,3,false,910,763,false,Metal,Apple M5 Pro,12
cyrillic,scroll_cycle,softwrap,40,12,12,6875,4209,9875,Menlo,16,1,release,8,24,3,false,1109,570,false,Metal,Apple M5 Pro,9
cyrillic,scroll_cycle,softwrap,40,12,13,6875,4250,9750,Menlo,16,1,release,8,24,3,false,1307,375,false,Metal,Apple M5 Pro,6
cyrillic,scroll_cycle,softwrap,40,12,14,6917,4333,9917,Menlo,16,1,release,8,24,3,false,1504,177,false,Metal,Apple M5 Pro,3
cyrillic,scroll_cycle,softwrap,40,12,15,6875,4375,9125,Menlo,16,1,release,8,24,3,false,1702,0,false,Metal,Apple M5 Pro,0
cyrillic,scroll_cycle,softwrap,40,12,16,6792,4250,10042,Menlo,16,1,release,8,24,3,false,1504,177,false,Metal,Apple M5 Pro,3
cyrillic,scroll_cycle,softwrap,40,12,17,6834,4209,9917,Menlo,16,1,release,8,24,3,false,1307,375,false,Metal,Apple M5 Pro,6
cyrillic,scroll_cycle,softwrap,40,12,18,6834,4375,9833,Menlo,16,1,release,8,24,3,false,1109,570,false,Metal,Apple M5 Pro,9
cyrillic,scroll_cycle,softwrap,40,12,19,6917,4292,9750,Menlo,16,1,release,8,24,3,false,910,763,false,Metal,Apple M5 Pro,12
cyrillic,scroll_cycle,softwrap,40,12,20,6875,4292,9875,Menlo,16,1,release,8,24,3,false,1109,570,false,Metal,Apple M5 Pro,9
cyrillic,scroll_cycle,softwrap,40,12,21,6791,4250,10042,Menlo,16,1,release,8,24,3,false,1307,375,false,Metal,Apple M5 Pro,6
cyrillic,scroll_cycle,softwrap,40,12,22,6750,4209,10000,Menlo,16,1,release,8,24,3,false,1504,177,false,Metal,Apple M5 Pro,3
cyrillic,scroll_cycle,softwrap,40,12,23,6708,4292,9125,Menlo,16,1,release,8,24,3,false,1702,0,false,Metal,Apple M5 Pro,0
cyrillic,dense_novel_text,explicit_rows,40,12,0,3750,148709,9834,Menlo,16,1,release,8,24,3,false,0,0,false,Metal,Apple M5 Pro,0
cyrillic,dense_novel_text,explicit_rows,40,12,1,3750,178459,9833,Menlo,16,1,release,8,24,3,false,0,0,false,Metal,Apple M5 Pro,0
cyrillic,dense_novel_text,explicit_rows,40,12,2,3750,148917,9875,Menlo,16,1,release,8,24,3,false,0,0,false,Metal,Apple M5 Pro,0
cyrillic,dense_novel_text,explicit_rows,40,12,3,3750,149000,9958,Menlo,16,1,release,8,24,3,false,0,0,false,Metal,Apple M5 Pro,0
cyrillic,dense_novel_text,explicit_rows,40,12,4,4916,158667,9792,Menlo,16,1,release,8,24,3,false,0,0,false,Metal,Apple M5 Pro,0
cyrillic,dense_novel_text,explicit_rows,40,12,5,3708,148750,9834,Menlo,16,1,release,8,24,3,false,0,0,false,Metal,Apple M5 Pro,0
cyrillic,dense_novel_text,explicit_rows,40,12,6,3708,149792,9833,Menlo,16,1,release,8,24,3,false,0,0,false,Metal,Apple M5 Pro,0
cyrillic,dense_novel_text,explicit_rows,40,12,7,3667,148583,9792,Menlo,16,1,release,8,24,3,false,0,0,false,Metal,Apple M5 Pro,0
cyrillic,dense_novel_text,explicit_rows,40,12,8,3667,148250,9791,Menlo,16,1,release,8,24,3,false,0,0,false,Metal,Apple M5 Pro,0
cyrillic,dense_novel_text,explicit_rows,40,12,9,3709,148583,9792,Menlo,16,1,release,8,24,3,false,0,0,false,Metal,Apple M5 Pro,0
cyrillic,dense_novel_text,explicit_rows,40,12,10,3667,209166,9792,Menlo,16,1,release,8,24,3,false,0,0,false,Metal,Apple M5 Pro,0
cyrillic,dense_novel_text,explicit_rows,40,12,11,3667,148833,9791,Menlo,16,1,release,8,24,3,false,0,0,false,Metal,Apple M5 Pro,0
cyrillic,dense_novel_text,explicit_rows,40,12,12,3708,150292,9791,Menlo,16,1,release,8,24,3,false,0,0,false,Metal,Apple M5 Pro,0
cyrillic,dense_novel_text,explicit_rows,40,12,13,3667,160666,9833,Menlo,16,1,release,8,24,3,false,0,0,false,Metal,Apple M5 Pro,0
cyrillic,dense_novel_text,explicit_rows,40,12,14,3667,151542,9750,Menlo,16,1,release,8,24,3,false,0,0,false,Metal,Apple M5 Pro,0
cyrillic,dense_novel_text,explicit_rows,40,12,15,3709,152125,9750,Menlo,16,1,release,8,24,3,false,0,0,false,Metal,Apple M5 Pro,0
cyrillic,dense_novel_text,explicit_rows,40,12,16,3667,151250,9750,Menlo,16,1,release,8,24,3,false,0,0,false,Metal,Apple M5 Pro,0
cyrillic,dense_novel_text,explicit_rows,40,12,17,3709,151292,9666,Menlo,16,1,release,8,24,3,false,0,0,false,Metal,Apple M5 Pro,0
cyrillic,dense_novel_text,explicit_rows,40,12,18,3666,151792,9833,Menlo,16,1,release,8,24,3,false,0,0,false,Metal,Apple M5 Pro,0
cyrillic,dense_novel_text,explicit_rows,40,12,19,3667,151959,9792,Menlo,16,1,release,8,24,3,false,0,0,false,Metal,Apple M5 Pro,0
cyrillic,dense_novel_text,explicit_rows,40,12,20,3667,153041,9792,Menlo,16,1,release,8,24,3,false,0,0,false,Metal,Apple M5 Pro,0
cyrillic,dense_novel_text,explicit_rows,40,12,21,3666,158333,12417,Menlo,16,1,release,8,24,3,false,0,0,false,Metal,Apple M5 Pro,0
cyrillic,dense_novel_text,explicit_rows,40,12,22,3709,151959,9833,Menlo,16,1,release,8,24,3,false,0,0,false,Metal,Apple M5 Pro,0
cyrillic,dense_novel_text,explicit_rows,40,12,23,3750,151709,9792,Menlo,16,1,release,8,24,3,false,0,0,false,Metal,Apple M5 Pro,0
cyrillic,dense_novel_text,softwrap,40,12,0,7209,283458,9750,Menlo,16,1,release,8,24,3,false,1702,0,false,Metal,Apple M5 Pro,0
cyrillic,dense_novel_text,softwrap,40,12,1,7000,283375,9625,Menlo,16,1,release,8,24,3,false,1702,0,false,Metal,Apple M5 Pro,0
cyrillic,dense_novel_text,softwrap,40,12,2,7000,279625,9666,Menlo,16,1,release,8,24,3,false,1702,0,false,Metal,Apple M5 Pro,0
cyrillic,dense_novel_text,softwrap,40,12,3,6750,279333,9666,Menlo,16,1,release,8,24,3,false,1702,0,false,Metal,Apple M5 Pro,0
cyrillic,dense_novel_text,softwrap,40,12,4,6833,278292,9541,Menlo,16,1,release,8,24,3,false,1702,0,false,Metal,Apple M5 Pro,0
cyrillic,dense_novel_text,softwrap,40,12,5,6833,281625,9625,Menlo,16,1,release,8,24,3,false,1702,0,false,Metal,Apple M5 Pro,0
cyrillic,dense_novel_text,softwrap,40,12,6,6833,298917,9833,Menlo,16,1,release,8,24,3,false,1702,0,false,Metal,Apple M5 Pro,0
cyrillic,dense_novel_text,softwrap,40,12,7,6875,281666,9834,Menlo,16,1,release,8,24,3,false,1702,0,false,Metal,Apple M5 Pro,0
cyrillic,dense_novel_text,softwrap,40,12,8,6833,280125,9667,Menlo,16,1,release,8,24,3,false,1702,0,false,Metal,Apple M5 Pro,0
cyrillic,dense_novel_text,softwrap,40,12,9,6792,281958,9667,Menlo,16,1,release,8,24,3,false,1702,0,false,Metal,Apple M5 Pro,0
cyrillic,dense_novel_text,softwrap,40,12,10,6792,278833,9666,Menlo,16,1,release,8,24,3,false,1702,0,false,Metal,Apple M5 Pro,0
cyrillic,dense_novel_text,softwrap,40,12,11,6792,290500,9625,Menlo,16,1,release,8,24,3,false,1702,0,false,Metal,Apple M5 Pro,0
cyrillic,dense_novel_text,softwrap,40,12,12,6792,290375,9667,Menlo,16,1,release,8,24,3,false,1702,0,false,Metal,Apple M5 Pro,0
cyrillic,dense_novel_text,softwrap,40,12,13,6833,286708,9625,Menlo,16,1,release,8,24,3,false,1702,0,false,Metal,Apple M5 Pro,0
cyrillic,dense_novel_text,softwrap,40,12,14,6833,280667,9708,Menlo,16,1,release,8,24,3,false,1702,0,false,Metal,Apple M5 Pro,0
cyrillic,dense_novel_text,softwrap,40,12,15,6834,293417,9583,Menlo,16,1,release,8,24,3,false,1702,0,false,Metal,Apple M5 Pro,0
cyrillic,dense_novel_text,softwrap,40,12,16,6792,280708,9625,Menlo,16,1,release,8,24,3,false,1702,0,false,Metal,Apple M5 Pro,0
cyrillic,dense_novel_text,softwrap,40,12,17,6875,281583,9625,Menlo,16,1,release,8,24,3,false,1702,0,false,Metal,Apple M5 Pro,0
cyrillic,dense_novel_text,softwrap,40,12,18,6792,281208,9625,Menlo,16,1,release,8,24,3,false,1702,0,false,Metal,Apple M5 Pro,0
cyrillic,dense_novel_text,softwrap,40,12,19,6791,280959,9666,Menlo,16,1,release,8,24,3,false,1702,0,false,Metal,Apple M5 Pro,0
cyrillic,dense_novel_text,softwrap,40,12,20,6875,288334,9791,Menlo,16,1,release,8,24,3,false,1702,0,false,Metal,Apple M5 Pro,0
cyrillic,dense_novel_text,softwrap,40,12,21,6917,286417,9584,Menlo,16,1,release,8,24,3,false,1702,0,false,Metal,Apple M5 Pro,0
cyrillic,dense_novel_text,softwrap,40,12,22,6834,292750,9625,Menlo,16,1,release,8,24,3,false,1702,0,false,Metal,Apple M5 Pro,0
cyrillic,dense_novel_text,softwrap,40,12,23,6750,282416,9500,Menlo,16,1,release,8,24,3,false,1702,0,false,Metal,Apple M5 Pro,0
cjk,sparse_novel_counter,explicit_rows,40,12,0,3792,56375,625,Menlo,16,1,release,8,24,3,false,0,0,false,Metal,Apple M5 Pro,0
cjk,sparse_novel_counter,explicit_rows,40,12,1,3792,58208,625,Menlo,16,1,release,8,24,3,false,0,0,false,Metal,Apple M5 Pro,0
cjk,sparse_novel_counter,explicit_rows,40,12,2,3750,56750,625,Menlo,16,1,release,8,24,3,false,0,0,false,Metal,Apple M5 Pro,0
cjk,sparse_novel_counter,explicit_rows,40,12,3,3750,57542,667,Menlo,16,1,release,8,24,3,false,0,0,false,Metal,Apple M5 Pro,0
cjk,sparse_novel_counter,explicit_rows,40,12,4,3750,56625,625,Menlo,16,1,release,8,24,3,false,0,0,false,Metal,Apple M5 Pro,0
cjk,sparse_novel_counter,explicit_rows,40,12,5,3750,56042,625,Menlo,16,1,release,8,24,3,false,0,0,false,Metal,Apple M5 Pro,0
cjk,sparse_novel_counter,explicit_rows,40,12,6,3750,55875,625,Menlo,16,1,release,8,24,3,false,0,0,false,Metal,Apple M5 Pro,0
cjk,sparse_novel_counter,explicit_rows,40,12,7,3708,56584,625,Menlo,16,1,release,8,24,3,false,0,0,false,Metal,Apple M5 Pro,0
cjk,sparse_novel_counter,explicit_rows,40,12,8,3750,56208,625,Menlo,16,1,release,8,24,3,false,0,0,false,Metal,Apple M5 Pro,0
cjk,sparse_novel_counter,explicit_rows,40,12,9,3875,63833,625,Menlo,16,1,release,8,24,3,false,0,0,false,Metal,Apple M5 Pro,0
cjk,sparse_novel_counter,explicit_rows,40,12,10,3750,56208,583,Menlo,16,1,release,8,24,3,false,0,0,false,Metal,Apple M5 Pro,0
cjk,sparse_novel_counter,explicit_rows,40,12,11,3708,57083,625,Menlo,16,1,release,8,24,3,false,0,0,false,Metal,Apple M5 Pro,0
cjk,sparse_novel_counter,explicit_rows,40,12,12,3833,55875,625,Menlo,16,1,release,8,24,3,false,0,0,false,Metal,Apple M5 Pro,0
cjk,sparse_novel_counter,explicit_rows,40,12,13,3708,56708,667,Menlo,16,1,release,8,24,3,false,0,0,false,Metal,Apple M5 Pro,0
cjk,sparse_novel_counter,explicit_rows,40,12,14,3709,55958,625,Menlo,16,1,release,8,24,3,false,0,0,false,Metal,Apple M5 Pro,0
cjk,sparse_novel_counter,explicit_rows,40,12,15,3750,56375,625,Menlo,16,1,release,8,24,3,false,0,0,false,Metal,Apple M5 Pro,0
cjk,sparse_novel_counter,explicit_rows,40,12,16,3708,57583,625,Menlo,16,1,release,8,24,3,false,0,0,false,Metal,Apple M5 Pro,0
cjk,sparse_novel_counter,explicit_rows,40,12,17,3792,56208,625,Menlo,16,1,release,8,24,3,false,0,0,false,Metal,Apple M5 Pro,0
cjk,sparse_novel_counter,explicit_rows,40,12,18,3708,56041,625,Menlo,16,1,release,8,24,3,false,0,0,false,Metal,Apple M5 Pro,0
cjk,sparse_novel_counter,explicit_rows,40,12,19,3708,56792,666,Menlo,16,1,release,8,24,3,false,0,0,false,Metal,Apple M5 Pro,0
cjk,sparse_novel_counter,explicit_rows,40,12,20,3709,55584,625,Menlo,16,1,release,8,24,3,false,0,0,false,Metal,Apple M5 Pro,0
cjk,sparse_novel_counter,explicit_rows,40,12,21,3708,55542,625,Menlo,16,1,release,8,24,3,false,0,0,false,Metal,Apple M5 Pro,0
cjk,sparse_novel_counter,explicit_rows,40,12,22,3875,55541,625,Menlo,16,1,release,8,24,3,false,0,0,false,Metal,Apple M5 Pro,0
cjk,sparse_novel_counter,explicit_rows,40,12,23,3750,55167,625,Menlo,16,1,release,8,24,3,false,0,0,false,Metal,Apple M5 Pro,0
cjk,sparse_novel_counter,softwrap,40,12,0,6125,1396667,6000,Menlo,16,1,release,8,24,3,false,1410,0,false,Metal,Apple M5 Pro,0
cjk,sparse_novel_counter,softwrap,40,12,1,6208,1388750,6042,Menlo,16,1,release,8,24,3,false,1410,0,false,Metal,Apple M5 Pro,0
cjk,sparse_novel_counter,softwrap,40,12,2,6125,1388125,6125,Menlo,16,1,release,8,24,3,false,1410,0,false,Metal,Apple M5 Pro,0
cjk,sparse_novel_counter,softwrap,40,12,3,6250,1514000,6125,Menlo,16,1,release,8,24,3,false,1410,0,false,Metal,Apple M5 Pro,0
cjk,sparse_novel_counter,softwrap,40,12,4,7750,1474334,6041,Menlo,16,1,release,8,24,3,false,1410,0,false,Metal,Apple M5 Pro,0
cjk,sparse_novel_counter,softwrap,40,12,5,6500,1467042,6041,Menlo,16,1,release,8,24,3,false,1410,0,false,Metal,Apple M5 Pro,0
cjk,sparse_novel_counter,softwrap,40,12,6,6250,1486500,6125,Menlo,16,1,release,8,24,3,false,1410,0,false,Metal,Apple M5 Pro,0
cjk,sparse_novel_counter,softwrap,40,12,7,6083,1463250,6083,Menlo,16,1,release,8,24,3,false,1410,0,false,Metal,Apple M5 Pro,0
cjk,sparse_novel_counter,softwrap,40,12,8,6000,1468000,6000,Menlo,16,1,release,8,24,3,false,1410,0,false,Metal,Apple M5 Pro,0
cjk,sparse_novel_counter,softwrap,40,12,9,5958,1520625,6125,Menlo,16,1,release,8,24,3,false,1410,0,false,Metal,Apple M5 Pro,0
cjk,sparse_novel_counter,softwrap,40,12,10,7625,1489042,6041,Menlo,16,1,release,8,24,3,false,1410,0,false,Metal,Apple M5 Pro,0
cjk,sparse_novel_counter,softwrap,40,12,11,6625,1460458,6083,Menlo,16,1,release,8,24,3,false,1410,0,false,Metal,Apple M5 Pro,0
cjk,sparse_novel_counter,softwrap,40,12,12,6334,1462666,6042,Menlo,16,1,release,8,24,3,false,1410,0,false,Metal,Apple M5 Pro,0
cjk,sparse_novel_counter,softwrap,40,12,13,6250,1461375,6000,Menlo,16,1,release,8,24,3,false,1410,0,false,Metal,Apple M5 Pro,0
cjk,sparse_novel_counter,softwrap,40,12,14,6125,1460208,6042,Menlo,16,1,release,8,24,3,false,1410,0,false,Metal,Apple M5 Pro,0
cjk,sparse_novel_counter,softwrap,40,12,15,6083,1466667,6042,Menlo,16,1,release,8,24,3,false,1410,0,false,Metal,Apple M5 Pro,0
cjk,sparse_novel_counter,softwrap,40,12,16,6166,1512042,6208,Menlo,16,1,release,8,24,3,false,1410,0,false,Metal,Apple M5 Pro,0
cjk,sparse_novel_counter,softwrap,40,12,17,7834,1528166,6208,Menlo,16,1,release,8,24,3,false,1410,0,false,Metal,Apple M5 Pro,0
cjk,sparse_novel_counter,softwrap,40,12,18,6792,1501292,6084,Menlo,16,1,release,8,24,3,false,1410,0,false,Metal,Apple M5 Pro,0
cjk,sparse_novel_counter,softwrap,40,12,19,6333,1476667,6042,Menlo,16,1,release,8,24,3,false,1410,0,false,Metal,Apple M5 Pro,0
cjk,sparse_novel_counter,softwrap,40,12,20,6209,1504792,6083,Menlo,16,1,release,8,24,3,false,1410,0,false,Metal,Apple M5 Pro,0
cjk,sparse_novel_counter,softwrap,40,12,21,6125,1468834,6041,Menlo,16,1,release,8,24,3,false,1410,0,false,Metal,Apple M5 Pro,0
cjk,sparse_novel_counter,softwrap,40,12,22,6083,1539917,6125,Menlo,16,1,release,8,24,3,false,1410,0,false,Metal,Apple M5 Pro,0
cjk,sparse_novel_counter,softwrap,40,12,23,7792,1469458,6083,Menlo,16,1,release,8,24,3,false,1410,0,false,Metal,Apple M5 Pro,0
cjk,scroll_cycle,explicit_rows,40,12,0,3958,4208,6542,Menlo,16,1,release,8,24,3,false,0,0,false,Metal,Apple M5 Pro,3
cjk,scroll_cycle,explicit_rows,40,12,1,3708,4083,6709,Menlo,16,1,release,8,24,3,false,0,0,false,Metal,Apple M5 Pro,6
cjk,scroll_cycle,explicit_rows,40,12,2,3666,4042,6625,Menlo,16,1,release,8,24,3,false,0,0,false,Metal,Apple M5 Pro,9
cjk,scroll_cycle,explicit_rows,40,12,3,3708,4042,6583,Menlo,16,1,release,8,24,3,false,0,0,false,Metal,Apple M5 Pro,12
cjk,scroll_cycle,explicit_rows,40,12,4,3625,4042,6541,Menlo,16,1,release,8,24,3,false,0,0,false,Metal,Apple M5 Pro,9
cjk,scroll_cycle,explicit_rows,40,12,5,3667,4000,6458,Menlo,16,1,release,8,24,3,false,0,0,false,Metal,Apple M5 Pro,6
cjk,scroll_cycle,explicit_rows,40,12,6,3666,4250,6333,Menlo,16,1,release,8,24,3,false,0,0,false,Metal,Apple M5 Pro,3
cjk,scroll_cycle,explicit_rows,40,12,7,3667,4041,6292,Menlo,16,1,release,8,24,3,false,0,0,false,Metal,Apple M5 Pro,0
cjk,scroll_cycle,explicit_rows,40,12,8,3667,4042,6250,Menlo,16,1,release,8,24,3,false,0,0,false,Metal,Apple M5 Pro,3
cjk,scroll_cycle,explicit_rows,40,12,9,3666,4000,6250,Menlo,16,1,release,8,24,3,false,0,0,false,Metal,Apple M5 Pro,6
cjk,scroll_cycle,explicit_rows,40,12,10,3667,4042,6250,Menlo,16,1,release,8,24,3,false,0,0,false,Metal,Apple M5 Pro,9
cjk,scroll_cycle,explicit_rows,40,12,11,3666,4042,6209,Menlo,16,1,release,8,24,3,false,0,0,false,Metal,Apple M5 Pro,12
cjk,scroll_cycle,explicit_rows,40,12,12,3709,4083,6208,Menlo,16,1,release,8,24,3,false,0,0,false,Metal,Apple M5 Pro,9
cjk,scroll_cycle,explicit_rows,40,12,13,3667,4083,6292,Menlo,16,1,release,8,24,3,false,0,0,false,Metal,Apple M5 Pro,6
cjk,scroll_cycle,explicit_rows,40,12,14,3667,4042,6209,Menlo,16,1,release,8,24,3,false,0,0,false,Metal,Apple M5 Pro,3
cjk,scroll_cycle,explicit_rows,40,12,15,3667,4083,6208,Menlo,16,1,release,8,24,3,false,0,0,false,Metal,Apple M5 Pro,0
cjk,scroll_cycle,explicit_rows,40,12,16,3667,4125,6292,Menlo,16,1,release,8,24,3,false,0,0,false,Metal,Apple M5 Pro,3
cjk,scroll_cycle,explicit_rows,40,12,17,3666,4209,6292,Menlo,16,1,release,8,24,3,false,0,0,false,Metal,Apple M5 Pro,6
cjk,scroll_cycle,explicit_rows,40,12,18,3667,4083,6208,Menlo,16,1,release,8,24,3,false,0,0,false,Metal,Apple M5 Pro,9
cjk,scroll_cycle,explicit_rows,40,12,19,3792,4084,6250,Menlo,16,1,release,8,24,3,false,0,0,false,Metal,Apple M5 Pro,12
cjk,scroll_cycle,explicit_rows,40,12,20,3667,4167,6125,Menlo,16,1,release,8,24,3,false,0,0,false,Metal,Apple M5 Pro,9
cjk,scroll_cycle,explicit_rows,40,12,21,3625,4042,6291,Menlo,16,1,release,8,24,3,false,0,0,false,Metal,Apple M5 Pro,6
cjk,scroll_cycle,explicit_rows,40,12,22,3667,4041,6292,Menlo,16,1,release,8,24,3,false,0,0,false,Metal,Apple M5 Pro,3
cjk,scroll_cycle,explicit_rows,40,12,23,3667,4042,6375,Menlo,16,1,release,8,24,3,false,0,0,false,Metal,Apple M5 Pro,0
cjk,scroll_cycle,softwrap,40,12,0,6667,4417,6458,Menlo,16,1,release,8,24,3,false,1247,152,false,Metal,Apple M5 Pro,3
cjk,scroll_cycle,softwrap,40,12,1,6375,4459,6375,Menlo,16,1,release,8,24,3,false,1081,312,false,Metal,Apple M5 Pro,6
cjk,scroll_cycle,softwrap,40,12,2,6792,4458,6500,Menlo,16,1,release,8,24,3,false,919,477,false,Metal,Apple M5 Pro,9
cjk,scroll_cycle,softwrap,40,12,3,6583,4417,6459,Menlo,16,1,release,8,24,3,false,756,637,false,Metal,Apple M5 Pro,12
cjk,scroll_cycle,softwrap,40,12,4,6167,4417,6417,Menlo,16,1,release,8,24,3,false,919,477,false,Metal,Apple M5 Pro,9
cjk,scroll_cycle,softwrap,40,12,5,6042,4458,6334,Menlo,16,1,release,8,24,3,false,1081,312,false,Metal,Apple M5 Pro,6
cjk,scroll_cycle,softwrap,40,12,6,6125,4416,6417,Menlo,16,1,release,8,24,3,false,1247,152,false,Metal,Apple M5 Pro,3
cjk,scroll_cycle,softwrap,40,12,7,5875,4417,5875,Menlo,16,1,release,8,24,3,false,1410,0,false,Metal,Apple M5 Pro,0
cjk,scroll_cycle,softwrap,40,12,8,6000,4417,6375,Menlo,16,1,release,8,24,3,false,1247,152,false,Metal,Apple M5 Pro,3
cjk,scroll_cycle,softwrap,40,12,9,6000,4375,6333,Menlo,16,1,release,8,24,3,false,1081,312,false,Metal,Apple M5 Pro,6
cjk,scroll_cycle,softwrap,40,12,10,6083,4417,6375,Menlo,16,1,release,8,24,3,false,919,477,false,Metal,Apple M5 Pro,9
cjk,scroll_cycle,softwrap,40,12,11,6292,4542,6333,Menlo,16,1,release,8,24,3,false,756,637,false,Metal,Apple M5 Pro,12
cjk,scroll_cycle,softwrap,40,12,12,6000,4417,6416,Menlo,16,1,release,8,24,3,false,919,477,false,Metal,Apple M5 Pro,9
cjk,scroll_cycle,softwrap,40,12,13,6000,4375,6291,Menlo,16,1,release,8,24,3,false,1081,312,false,Metal,Apple M5 Pro,6
cjk,scroll_cycle,softwrap,40,12,14,5958,4416,6417,Menlo,16,1,release,8,24,3,false,1247,152,false,Metal,Apple M5 Pro,3
cjk,scroll_cycle,softwrap,40,12,15,5750,4417,5833,Menlo,16,1,release,8,24,3,false,1410,0,false,Metal,Apple M5 Pro,0
cjk,scroll_cycle,softwrap,40,12,16,5958,4417,6375,Menlo,16,1,release,8,24,3,false,1247,152,false,Metal,Apple M5 Pro,3
cjk,scroll_cycle,softwrap,40,12,17,5917,4375,6250,Menlo,16,1,release,8,24,3,false,1081,312,false,Metal,Apple M5 Pro,6
cjk,scroll_cycle,softwrap,40,12,18,5958,4375,6458,Menlo,16,1,release,8,24,3,false,919,477,false,Metal,Apple M5 Pro,9
cjk,scroll_cycle,softwrap,40,12,19,6209,4375,6292,Menlo,16,1,release,8,24,3,false,756,637,false,Metal,Apple M5 Pro,12
cjk,scroll_cycle,softwrap,40,12,20,5958,4375,6375,Menlo,16,1,release,8,24,3,false,919,477,false,Metal,Apple M5 Pro,9
cjk,scroll_cycle,softwrap,40,12,21,5916,4375,6333,Menlo,16,1,release,8,24,3,false,1081,312,false,Metal,Apple M5 Pro,6
cjk,scroll_cycle,softwrap,40,12,22,5917,4375,6416,Menlo,16,1,release,8,24,3,false,1247,152,false,Metal,Apple M5 Pro,3
cjk,scroll_cycle,softwrap,40,12,23,5834,4416,5875,Menlo,16,1,release,8,24,3,false,1410,0,false,Metal,Apple M5 Pro,0
cjk,dense_novel_text,explicit_rows,40,12,0,3791,607875,6583,Menlo,16,1,release,8,24,3,false,0,0,false,Metal,Apple M5 Pro,0
cjk,dense_novel_text,explicit_rows,40,12,1,3750,638750,6500,Menlo,16,1,release,8,24,3,false,0,0,false,Metal,Apple M5 Pro,0
cjk,dense_novel_text,explicit_rows,40,12,2,3667,620834,6542,Menlo,16,1,release,8,24,3,false,0,0,false,Metal,Apple M5 Pro,0
cjk,dense_novel_text,explicit_rows,40,12,3,3750,616291,6542,Menlo,16,1,release,8,24,3,false,0,0,false,Metal,Apple M5 Pro,0
cjk,dense_novel_text,explicit_rows,40,12,4,3625,608083,6542,Menlo,16,1,release,8,24,3,false,0,0,false,Metal,Apple M5 Pro,0
cjk,dense_novel_text,explicit_rows,40,12,5,3708,606167,6625,Menlo,16,1,release,8,24,3,false,0,0,false,Metal,Apple M5 Pro,0
cjk,dense_novel_text,explicit_rows,40,12,6,3709,604208,6583,Menlo,16,1,release,8,24,3,false,0,0,false,Metal,Apple M5 Pro,0
cjk,dense_novel_text,explicit_rows,40,12,7,3750,603541,6500,Menlo,16,1,release,8,24,3,false,0,0,false,Metal,Apple M5 Pro,0
cjk,dense_novel_text,explicit_rows,40,12,8,3709,604000,6542,Menlo,16,1,release,8,24,3,false,0,0,false,Metal,Apple M5 Pro,0
cjk,dense_novel_text,explicit_rows,40,12,9,3708,620625,6583,Menlo,16,1,release,8,24,3,false,0,0,false,Metal,Apple M5 Pro,0
cjk,dense_novel_text,explicit_rows,40,12,10,3708,673792,6583,Menlo,16,1,release,8,24,3,false,0,0,false,Metal,Apple M5 Pro,0
cjk,dense_novel_text,explicit_rows,40,12,11,3667,609333,6542,Menlo,16,1,release,8,24,3,false,0,0,false,Metal,Apple M5 Pro,0
cjk,dense_novel_text,explicit_rows,40,12,12,3708,615208,17334,Menlo,16,1,release,8,24,3,false,0,0,false,Metal,Apple M5 Pro,0
cjk,dense_novel_text,explicit_rows,40,12,13,3708,637917,6625,Menlo,16,1,release,8,24,3,false,0,0,false,Metal,Apple M5 Pro,0
cjk,dense_novel_text,explicit_rows,40,12,14,3959,619459,6542,Menlo,16,1,release,8,24,3,false,0,0,false,Metal,Apple M5 Pro,0
cjk,dense_novel_text,explicit_rows,40,12,15,3792,611292,6541,Menlo,16,1,release,8,24,3,false,0,0,false,Metal,Apple M5 Pro,0
cjk,dense_novel_text,explicit_rows,40,12,16,3750,615167,6500,Menlo,16,1,release,8,24,3,false,0,0,false,Metal,Apple M5 Pro,0
cjk,dense_novel_text,explicit_rows,40,12,17,3709,613041,6500,Menlo,16,1,release,8,24,3,false,0,0,false,Metal,Apple M5 Pro,0
cjk,dense_novel_text,explicit_rows,40,12,18,3667,610666,6667,Menlo,16,1,release,8,24,3,false,0,0,false,Metal,Apple M5 Pro,0
cjk,dense_novel_text,explicit_rows,40,12,19,3667,610042,6500,Menlo,16,1,release,8,24,3,false,0,0,false,Metal,Apple M5 Pro,0
cjk,dense_novel_text,explicit_rows,40,12,20,3666,611792,6541,Menlo,16,1,release,8,24,3,false,0,0,false,Metal,Apple M5 Pro,0
cjk,dense_novel_text,explicit_rows,40,12,21,3708,606833,6459,Menlo,16,1,release,8,24,3,false,0,0,false,Metal,Apple M5 Pro,0
cjk,dense_novel_text,explicit_rows,40,12,22,3834,608416,6542,Menlo,16,1,release,8,24,3,false,0,0,false,Metal,Apple M5 Pro,0
cjk,dense_novel_text,explicit_rows,40,12,23,3625,607000,6500,Menlo,16,1,release,8,24,3,false,0,0,false,Metal,Apple M5 Pro,0
cjk,dense_novel_text,softwrap,40,12,0,5917,1440250,6125,Menlo,16,1,release,8,24,3,false,1410,0,false,Metal,Apple M5 Pro,0
cjk,dense_novel_text,softwrap,40,12,1,6375,1513417,6042,Menlo,16,1,release,8,24,3,false,1410,0,false,Metal,Apple M5 Pro,0
cjk,dense_novel_text,softwrap,40,12,2,5958,1495583,6042,Menlo,16,1,release,8,24,3,false,1410,0,false,Metal,Apple M5 Pro,0
cjk,dense_novel_text,softwrap,40,12,3,5917,1469750,6083,Menlo,16,1,release,8,24,3,false,1410,0,false,Metal,Apple M5 Pro,0
cjk,dense_novel_text,softwrap,40,12,4,5833,1481541,6042,Menlo,16,1,release,8,24,3,false,1410,0,false,Metal,Apple M5 Pro,0
cjk,dense_novel_text,softwrap,40,12,5,5833,1454209,6042,Menlo,16,1,release,8,24,3,false,1410,0,false,Metal,Apple M5 Pro,0
cjk,dense_novel_text,softwrap,40,12,6,5792,1476084,6208,Menlo,16,1,release,8,24,3,false,1410,0,false,Metal,Apple M5 Pro,0
cjk,dense_novel_text,softwrap,40,12,7,5833,1491792,6125,Menlo,16,1,release,8,24,3,false,1410,0,false,Metal,Apple M5 Pro,0
cjk,dense_novel_text,softwrap,40,12,8,6250,1480709,6041,Menlo,16,1,release,8,24,3,false,1410,0,false,Metal,Apple M5 Pro,0
cjk,dense_novel_text,softwrap,40,12,9,6000,1456125,6125,Menlo,16,1,release,8,24,3,false,1410,0,false,Metal,Apple M5 Pro,0
cjk,dense_novel_text,softwrap,40,12,10,5959,1466666,6042,Menlo,16,1,release,8,24,3,false,1410,0,false,Metal,Apple M5 Pro,0
cjk,dense_novel_text,softwrap,40,12,11,6042,1456792,6042,Menlo,16,1,release,8,24,3,false,1410,0,false,Metal,Apple M5 Pro,0
cjk,dense_novel_text,softwrap,40,12,12,5917,1452291,6042,Menlo,16,1,release,8,24,3,false,1410,0,false,Metal,Apple M5 Pro,0
cjk,dense_novel_text,softwrap,40,12,13,6000,1473458,6125,Menlo,16,1,release,8,24,3,false,1410,0,false,Metal,Apple M5 Pro,0
cjk,dense_novel_text,softwrap,40,12,14,6292,1454292,6083,Menlo,16,1,release,8,24,3,false,1410,0,false,Metal,Apple M5 Pro,0
cjk,dense_novel_text,softwrap,40,12,15,6000,1463791,6083,Menlo,16,1,release,8,24,3,false,1410,0,false,Metal,Apple M5 Pro,0
cjk,dense_novel_text,softwrap,40,12,16,5958,1469083,6083,Menlo,16,1,release,8,24,3,false,1410,0,false,Metal,Apple M5 Pro,0
cjk,dense_novel_text,softwrap,40,12,17,5875,1457375,6083,Menlo,16,1,release,8,24,3,false,1410,0,false,Metal,Apple M5 Pro,0
cjk,dense_novel_text,softwrap,40,12,18,5917,1459916,6042,Menlo,16,1,release,8,24,3,false,1410,0,false,Metal,Apple M5 Pro,0
cjk,dense_novel_text,softwrap,40,12,19,5958,1463000,6000,Menlo,16,1,release,8,24,3,false,1410,0,false,Metal,Apple M5 Pro,0
cjk,dense_novel_text,softwrap,40,12,20,5917,1489666,6042,Menlo,16,1,release,8,24,3,false,1410,0,false,Metal,Apple M5 Pro,0
cjk,dense_novel_text,softwrap,40,12,21,6875,1461041,6042,Menlo,16,1,release,8,24,3,false,1410,0,false,Metal,Apple M5 Pro,0
cjk,dense_novel_text,softwrap,40,12,22,6333,1469833,6042,Menlo,16,1,release,8,24,3,false,1410,0,false,Metal,Apple M5 Pro,0
cjk,dense_novel_text,softwrap,40,12,23,6083,1505500,5958,Menlo,16,1,release,8,24,3,false,1410,0,false,Metal,Apple M5 Pro,0
arabic,sparse_novel_counter,explicit_rows,40,12,0,3625,30625,959,Menlo,16,1,release,8,24,3,false,0,0,false,Metal,Apple M5 Pro,0
arabic,sparse_novel_counter,explicit_rows,40,12,1,3750,31500,958,Menlo,16,1,release,8,24,3,false,0,0,false,Metal,Apple M5 Pro,0
arabic,sparse_novel_counter,explicit_rows,40,12,2,3709,31750,958,Menlo,16,1,release,8,24,3,false,0,0,false,Metal,Apple M5 Pro,0
arabic,sparse_novel_counter,explicit_rows,40,12,3,3708,30750,958,Menlo,16,1,release,8,24,3,false,0,0,false,Metal,Apple M5 Pro,0
arabic,sparse_novel_counter,explicit_rows,40,12,4,3708,30666,917,Menlo,16,1,release,8,24,3,false,0,0,false,Metal,Apple M5 Pro,0
arabic,sparse_novel_counter,explicit_rows,40,12,5,3708,30542,958,Menlo,16,1,release,8,24,3,false,0,0,false,Metal,Apple M5 Pro,0
arabic,sparse_novel_counter,explicit_rows,40,12,6,3750,30750,959,Menlo,16,1,release,8,24,3,false,0,0,false,Metal,Apple M5 Pro,0
arabic,sparse_novel_counter,explicit_rows,40,12,7,3667,30708,958,Menlo,16,1,release,8,24,3,false,0,0,false,Metal,Apple M5 Pro,0
arabic,sparse_novel_counter,explicit_rows,40,12,8,3709,31083,958,Menlo,16,1,release,8,24,3,false,0,0,false,Metal,Apple M5 Pro,0
arabic,sparse_novel_counter,explicit_rows,40,12,9,3625,38500,958,Menlo,16,1,release,8,24,3,false,0,0,false,Metal,Apple M5 Pro,0
arabic,sparse_novel_counter,explicit_rows,40,12,10,3666,31000,959,Menlo,16,1,release,8,24,3,false,0,0,false,Metal,Apple M5 Pro,0
arabic,sparse_novel_counter,explicit_rows,40,12,11,3709,30625,958,Menlo,16,1,release,8,24,3,false,0,0,false,Metal,Apple M5 Pro,0
arabic,sparse_novel_counter,explicit_rows,40,12,12,3709,30834,917,Menlo,16,1,release,8,24,3,false,0,0,false,Metal,Apple M5 Pro,0
arabic,sparse_novel_counter,explicit_rows,40,12,13,3667,30916,958,Menlo,16,1,release,8,24,3,false,0,0,false,Metal,Apple M5 Pro,0
arabic,sparse_novel_counter,explicit_rows,40,12,14,3708,31000,958,Menlo,16,1,release,8,24,3,false,0,0,false,Metal,Apple M5 Pro,0
arabic,sparse_novel_counter,explicit_rows,40,12,15,3708,30625,917,Menlo,16,1,release,8,24,3,false,0,0,false,Metal,Apple M5 Pro,0
arabic,sparse_novel_counter,explicit_rows,40,12,16,3708,30334,917,Menlo,16,1,release,8,24,3,false,0,0,false,Metal,Apple M5 Pro,0
arabic,sparse_novel_counter,explicit_rows,40,12,17,3708,30791,917,Menlo,16,1,release,8,24,3,false,0,0,false,Metal,Apple M5 Pro,0
arabic,sparse_novel_counter,explicit_rows,40,12,18,3667,30667,959,Menlo,16,1,release,8,24,3,false,0,0,false,Metal,Apple M5 Pro,0
arabic,sparse_novel_counter,explicit_rows,40,12,19,3667,30583,959,Menlo,16,1,release,8,24,3,false,0,0,false,Metal,Apple M5 Pro,0
arabic,sparse_novel_counter,explicit_rows,40,12,20,3708,30167,959,Menlo,16,1,release,8,24,3,false,0,0,false,Metal,Apple M5 Pro,0
arabic,sparse_novel_counter,explicit_rows,40,12,21,3833,30667,958,Menlo,16,1,release,8,24,3,false,0,0,false,Metal,Apple M5 Pro,0
arabic,sparse_novel_counter,explicit_rows,40,12,22,3834,31083,958,Menlo,16,1,release,8,24,3,false,0,0,false,Metal,Apple M5 Pro,0
arabic,sparse_novel_counter,explicit_rows,40,12,23,3750,30625,958,Menlo,16,1,release,8,24,3,false,0,0,false,Metal,Apple M5 Pro,0
arabic,sparse_novel_counter,softwrap,40,12,0,7000,1024042,10583,Menlo,16,1,release,8,24,3,false,1814,0,false,Metal,Apple M5 Pro,0
arabic,sparse_novel_counter,softwrap,40,12,1,8625,1039250,10459,Menlo,16,1,release,8,24,3,false,1814,0,false,Metal,Apple M5 Pro,0
arabic,sparse_novel_counter,softwrap,40,12,2,7583,988250,10500,Menlo,16,1,release,8,24,3,false,1814,0,false,Metal,Apple M5 Pro,0
arabic,sparse_novel_counter,softwrap,40,12,3,7375,964500,10416,Menlo,16,1,release,8,24,3,false,1814,0,false,Metal,Apple M5 Pro,0
arabic,sparse_novel_counter,softwrap,40,12,4,7333,973708,10417,Menlo,16,1,release,8,24,3,false,1814,0,false,Metal,Apple M5 Pro,0
arabic,sparse_novel_counter,softwrap,40,12,5,7250,962916,10375,Menlo,16,1,release,8,24,3,false,1814,0,false,Metal,Apple M5 Pro,0
arabic,sparse_novel_counter,softwrap,40,12,6,7125,989166,10542,Menlo,16,1,release,8,24,3,false,1814,0,false,Metal,Apple M5 Pro,0
arabic,sparse_novel_counter,softwrap,40,12,7,7250,957958,10458,Menlo,16,1,release,8,24,3,false,1814,0,false,Metal,Apple M5 Pro,0
arabic,sparse_novel_counter,softwrap,40,12,8,7041,959333,10458,Menlo,16,1,release,8,24,3,false,1814,0,false,Metal,Apple M5 Pro,0
arabic,sparse_novel_counter,softwrap,40,12,9,7083,968959,10416,Menlo,16,1,release,8,24,3,false,1814,0,false,Metal,Apple M5 Pro,0
arabic,sparse_novel_counter,softwrap,40,12,10,6958,1030542,10625,Menlo,16,1,release,8,24,3,false,1814,0,false,Metal,Apple M5 Pro,0
arabic,sparse_novel_counter,softwrap,40,12,11,8792,994750,10625,Menlo,16,1,release,8,24,3,false,1814,0,false,Metal,Apple M5 Pro,0
arabic,sparse_novel_counter,softwrap,40,12,12,7666,985750,10583,Menlo,16,1,release,8,24,3,false,1814,0,false,Metal,Apple M5 Pro,0
arabic,sparse_novel_counter,softwrap,40,12,13,7541,980959,10459,Menlo,16,1,release,8,24,3,false,1814,0,false,Metal,Apple M5 Pro,0
arabic,sparse_novel_counter,softwrap,40,12,14,7333,961292,10458,Menlo,16,1,release,8,24,3,false,1814,0,false,Metal,Apple M5 Pro,0
arabic,sparse_novel_counter,softwrap,40,12,15,7333,961416,10417,Menlo,16,1,release,8,24,3,false,1814,0,false,Metal,Apple M5 Pro,0
arabic,sparse_novel_counter,softwrap,40,12,16,7125,959542,10416,Menlo,16,1,release,8,24,3,false,1814,0,false,Metal,Apple M5 Pro,0
arabic,sparse_novel_counter,softwrap,40,12,17,7208,959500,10459,Menlo,16,1,release,8,24,3,false,1814,0,false,Metal,Apple M5 Pro,0
arabic,sparse_novel_counter,softwrap,40,12,18,7042,958167,10375,Menlo,16,1,release,8,24,3,false,1814,0,false,Metal,Apple M5 Pro,0
arabic,sparse_novel_counter,softwrap,40,12,19,7041,959208,10458,Menlo,16,1,release,8,24,3,false,1814,0,false,Metal,Apple M5 Pro,0
arabic,sparse_novel_counter,softwrap,40,12,20,6958,1033708,10542,Menlo,16,1,release,8,24,3,false,1814,0,false,Metal,Apple M5 Pro,0
arabic,sparse_novel_counter,softwrap,40,12,21,8708,1002375,10417,Menlo,16,1,release,8,24,3,false,1814,0,false,Metal,Apple M5 Pro,0
arabic,sparse_novel_counter,softwrap,40,12,22,7709,973500,10416,Menlo,16,1,release,8,24,3,false,1814,0,false,Metal,Apple M5 Pro,0
arabic,sparse_novel_counter,softwrap,40,12,23,7375,976000,10417,Menlo,16,1,release,8,24,3,false,1814,0,false,Metal,Apple M5 Pro,0
arabic,scroll_cycle,explicit_rows,40,12,0,3750,4167,10333,Menlo,16,1,release,8,24,3,false,0,0,false,Metal,Apple M5 Pro,3
arabic,scroll_cycle,explicit_rows,40,12,1,3667,4041,10333,Menlo,16,1,release,8,24,3,false,0,0,false,Metal,Apple M5 Pro,6
arabic,scroll_cycle,explicit_rows,40,12,2,3750,4083,10125,Menlo,16,1,release,8,24,3,false,0,0,false,Metal,Apple M5 Pro,9
arabic,scroll_cycle,explicit_rows,40,12,3,3709,4041,10209,Menlo,16,1,release,8,24,3,false,0,0,false,Metal,Apple M5 Pro,12
arabic,scroll_cycle,explicit_rows,40,12,4,3666,4125,10250,Menlo,16,1,release,8,24,3,false,0,0,false,Metal,Apple M5 Pro,9
arabic,scroll_cycle,explicit_rows,40,12,5,3625,4000,10208,Menlo,16,1,release,8,24,3,false,0,0,false,Metal,Apple M5 Pro,6
arabic,scroll_cycle,explicit_rows,40,12,6,3667,4125,10208,Menlo,16,1,release,8,24,3,false,0,0,false,Metal,Apple M5 Pro,3
arabic,scroll_cycle,explicit_rows,40,12,7,3584,4083,10208,Menlo,16,1,release,8,24,3,false,0,0,false,Metal,Apple M5 Pro,0
arabic,scroll_cycle,explicit_rows,40,12,8,3750,4083,9750,Menlo,16,1,release,8,24,3,false,0,0,false,Metal,Apple M5 Pro,3
arabic,scroll_cycle,explicit_rows,40,12,9,3625,4042,9750,Menlo,16,1,release,8,24,3,false,0,0,false,Metal,Apple M5 Pro,6
arabic,scroll_cycle,explicit_rows,40,12,10,3666,4167,9792,Menlo,16,1,release,8,24,3,false,0,0,false,Metal,Apple M5 Pro,9
arabic,scroll_cycle,explicit_rows,40,12,11,3667,4083,9625,Menlo,16,1,release,8,24,3,false,0,0,false,Metal,Apple M5 Pro,12
arabic,scroll_cycle,explicit_rows,40,12,12,3625,4083,9750,Menlo,16,1,release,8,24,3,false,0,0,false,Metal,Apple M5 Pro,9
arabic,scroll_cycle,explicit_rows,40,12,13,3666,4084,9584,Menlo,16,1,release,8,24,3,false,0,0,false,Metal,Apple M5 Pro,6
arabic,scroll_cycle,explicit_rows,40,12,14,3625,4000,9708,Menlo,16,1,release,8,24,3,false,0,0,false,Metal,Apple M5 Pro,3
arabic,scroll_cycle,explicit_rows,40,12,15,3667,4083,9625,Menlo,16,1,release,8,24,3,false,0,0,false,Metal,Apple M5 Pro,0
arabic,scroll_cycle,explicit_rows,40,12,16,3667,4083,9625,Menlo,16,1,release,8,24,3,false,0,0,false,Metal,Apple M5 Pro,3
arabic,scroll_cycle,explicit_rows,40,12,17,3667,4125,9708,Menlo,16,1,release,8,24,3,false,0,0,false,Metal,Apple M5 Pro,6
arabic,scroll_cycle,explicit_rows,40,12,18,3667,4333,9625,Menlo,16,1,release,8,24,3,false,0,0,false,Metal,Apple M5 Pro,9
arabic,scroll_cycle,explicit_rows,40,12,19,3667,4042,9750,Menlo,16,1,release,8,24,3,false,0,0,false,Metal,Apple M5 Pro,12
arabic,scroll_cycle,explicit_rows,40,12,20,3625,4041,9667,Menlo,16,1,release,8,24,3,false,0,0,false,Metal,Apple M5 Pro,9
arabic,scroll_cycle,explicit_rows,40,12,21,3667,4125,9666,Menlo,16,1,release,8,24,3,false,0,0,false,Metal,Apple M5 Pro,6
arabic,scroll_cycle,explicit_rows,40,12,22,3625,4125,9625,Menlo,16,1,release,8,24,3,false,0,0,false,Metal,Apple M5 Pro,3
arabic,scroll_cycle,explicit_rows,40,12,23,3667,4125,9666,Menlo,16,1,release,8,24,3,false,0,0,false,Metal,Apple M5 Pro,0
arabic,scroll_cycle,softwrap,40,12,0,7625,4583,11084,Menlo,16,1,release,8,24,3,false,1605,206,false,Metal,Apple M5 Pro,3
arabic,scroll_cycle,softwrap,40,12,1,7250,4542,11375,Menlo,16,1,release,8,24,3,false,1396,412,false,Metal,Apple M5 Pro,6
arabic,scroll_cycle,softwrap,40,12,2,7208,4375,11291,Menlo,16,1,release,8,24,3,false,1186,618,false,Metal,Apple M5 Pro,9
arabic,scroll_cycle,softwrap,40,12,3,7541,4417,11375,Menlo,16,1,release,8,24,3,false,977,824,false,Metal,Apple M5 Pro,12
arabic,scroll_cycle,softwrap,40,12,4,7167,4417,11250,Menlo,16,1,release,8,24,3,false,1186,618,false,Metal,Apple M5 Pro,9
arabic,scroll_cycle,softwrap,40,12,5,7041,4542,11250,Menlo,16,1,release,8,24,3,false,1396,412,false,Metal,Apple M5 Pro,6
arabic,scroll_cycle,softwrap,40,12,6,6958,4542,10750,Menlo,16,1,release,8,24,3,false,1605,206,false,Metal,Apple M5 Pro,3
arabic,scroll_cycle,softwrap,40,12,7,6750,4542,10458,Menlo,16,1,release,8,24,3,false,1814,0,false,Metal,Apple M5 Pro,0
arabic,scroll_cycle,softwrap,40,12,8,6667,4459,10750,Menlo,16,1,release,8,24,3,false,1605,206,false,Metal,Apple M5 Pro,3
arabic,scroll_cycle,softwrap,40,12,9,6875,4417,10708,Menlo,16,1,release,8,24,3,false,1396,412,false,Metal,Apple M5 Pro,6
arabic,scroll_cycle,softwrap,40,12,10,7083,4417,10750,Menlo,16,1,release,8,24,3,false,1186,618,false,Metal,Apple M5 Pro,9
arabic,scroll_cycle,softwrap,40,12,11,7166,4375,11250,Menlo,16,1,release,8,24,3,false,977,824,false,Metal,Apple M5 Pro,12
arabic,scroll_cycle,softwrap,40,12,12,7042,4416,10958,Menlo,16,1,release,8,24,3,false,1186,618,false,Metal,Apple M5 Pro,9
arabic,scroll_cycle,softwrap,40,12,13,6917,4375,10917,Menlo,16,1,release,8,24,3,false,1396,412,false,Metal,Apple M5 Pro,6
arabic,scroll_cycle,softwrap,40,12,14,6750,4334,10584,Menlo,16,1,release,8,24,3,false,1605,206,false,Metal,Apple M5 Pro,3
arabic,scroll_cycle,softwrap,40,12,15,6708,4375,10333,Menlo,16,1,release,8,24,3,false,1814,0,false,Metal,Apple M5 Pro,0
arabic,scroll_cycle,softwrap,40,12,16,6667,4416,10917,Menlo,16,1,release,8,24,3,false,1605,206,false,Metal,Apple M5 Pro,3
arabic,scroll_cycle,softwrap,40,12,17,6791,4375,10917,Menlo,16,1,release,8,24,3,false,1396,412,false,Metal,Apple M5 Pro,6
arabic,scroll_cycle,softwrap,40,12,18,6917,4416,11084,Menlo,16,1,release,8,24,3,false,1186,618,false,Metal,Apple M5 Pro,9
arabic,scroll_cycle,softwrap,40,12,19,7125,4458,11167,Menlo,16,1,release,8,24,3,false,977,824,false,Metal,Apple M5 Pro,12
arabic,scroll_cycle,softwrap,40,12,20,6875,4417,11125,Menlo,16,1,release,8,24,3,false,1186,618,false,Metal,Apple M5 Pro,9
arabic,scroll_cycle,softwrap,40,12,21,6709,4375,10708,Menlo,16,1,release,8,24,3,false,1396,412,false,Metal,Apple M5 Pro,6
arabic,scroll_cycle,softwrap,40,12,22,6625,4375,10625,Menlo,16,1,release,8,24,3,false,1605,206,false,Metal,Apple M5 Pro,3
arabic,scroll_cycle,softwrap,40,12,23,6583,4375,10375,Menlo,16,1,release,8,24,3,false,1814,0,false,Metal,Apple M5 Pro,0
arabic,dense_novel_text,explicit_rows,40,12,0,3667,312167,10209,Menlo,16,1,release,8,24,3,false,0,0,false,Metal,Apple M5 Pro,0
arabic,dense_novel_text,explicit_rows,40,12,1,3709,344750,10250,Menlo,16,1,release,8,24,3,false,0,0,false,Metal,Apple M5 Pro,0
arabic,dense_novel_text,explicit_rows,40,12,2,3708,311417,10208,Menlo,16,1,release,8,24,3,false,0,0,false,Metal,Apple M5 Pro,0
arabic,dense_novel_text,explicit_rows,40,12,3,3666,312334,10167,Menlo,16,1,release,8,24,3,false,0,0,false,Metal,Apple M5 Pro,0
arabic,dense_novel_text,explicit_rows,40,12,4,3709,343416,10375,Menlo,16,1,release,8,24,3,false,0,0,false,Metal,Apple M5 Pro,0
arabic,dense_novel_text,explicit_rows,40,12,5,4000,312584,10375,Menlo,16,1,release,8,24,3,false,0,0,false,Metal,Apple M5 Pro,0
arabic,dense_novel_text,explicit_rows,40,12,6,3667,311125,10250,Menlo,16,1,release,8,24,3,false,0,0,false,Metal,Apple M5 Pro,0
arabic,dense_novel_text,explicit_rows,40,12,7,3708,310000,10291,Menlo,16,1,release,8,24,3,false,0,0,false,Metal,Apple M5 Pro,0
arabic,dense_novel_text,explicit_rows,40,12,8,3708,309500,10250,Menlo,16,1,release,8,24,3,false,0,0,false,Metal,Apple M5 Pro,0
arabic,dense_novel_text,explicit_rows,40,12,9,3708,310000,10167,Menlo,16,1,release,8,24,3,false,0,0,false,Metal,Apple M5 Pro,0
arabic,dense_novel_text,explicit_rows,40,12,10,3708,375667,10208,Menlo,16,1,release,8,24,3,false,0,0,false,Metal,Apple M5 Pro,0
arabic,dense_novel_text,explicit_rows,40,12,11,3708,310417,10250,Menlo,16,1,release,8,24,3,false,0,0,false,Metal,Apple M5 Pro,0
arabic,dense_novel_text,explicit_rows,40,12,12,3709,310666,10209,Menlo,16,1,release,8,24,3,false,0,0,false,Metal,Apple M5 Pro,0
arabic,dense_novel_text,explicit_rows,40,12,13,3667,314709,10250,Menlo,16,1,release,8,24,3,false,0,0,false,Metal,Apple M5 Pro,0
arabic,dense_novel_text,explicit_rows,40,12,14,3625,313916,10167,Menlo,16,1,release,8,24,3,false,0,0,false,Metal,Apple M5 Pro,0
arabic,dense_novel_text,explicit_rows,40,12,15,3708,313917,10250,Menlo,16,1,release,8,24,3,false,0,0,false,Metal,Apple M5 Pro,0
arabic,dense_novel_text,explicit_rows,40,12,16,3667,313125,10250,Menlo,16,1,release,8,24,3,false,0,0,false,Metal,Apple M5 Pro,0
arabic,dense_novel_text,explicit_rows,40,12,17,3709,312916,10209,Menlo,16,1,release,8,24,3,false,0,0,false,Metal,Apple M5 Pro,0
arabic,dense_novel_text,explicit_rows,40,12,18,3708,312875,10209,Menlo,16,1,release,8,24,3,false,0,0,false,Metal,Apple M5 Pro,0
arabic,dense_novel_text,explicit_rows,40,12,19,3750,314958,10250,Menlo,16,1,release,8,24,3,false,0,0,false,Metal,Apple M5 Pro,0
arabic,dense_novel_text,explicit_rows,40,12,20,3666,312792,10208,Menlo,16,1,release,8,24,3,false,0,0,false,Metal,Apple M5 Pro,0
arabic,dense_novel_text,explicit_rows,40,12,21,3667,313000,10250,Menlo,16,1,release,8,24,3,false,0,0,false,Metal,Apple M5 Pro,0
arabic,dense_novel_text,explicit_rows,40,12,22,3708,312958,10250,Menlo,16,1,release,8,24,3,false,0,0,false,Metal,Apple M5 Pro,0
arabic,dense_novel_text,explicit_rows,40,12,23,3708,320917,10166,Menlo,16,1,release,8,24,3,false,0,0,false,Metal,Apple M5 Pro,0
arabic,dense_novel_text,softwrap,40,12,0,6667,958250,10417,Menlo,16,1,release,8,24,3,false,1814,0,false,Metal,Apple M5 Pro,0
arabic,dense_novel_text,softwrap,40,12,1,6625,983209,10084,Menlo,16,1,release,8,24,3,false,1814,0,false,Metal,Apple M5 Pro,0
arabic,dense_novel_text,softwrap,40,12,2,6708,961166,10000,Menlo,16,1,release,8,24,3,false,1814,0,false,Metal,Apple M5 Pro,0
arabic,dense_novel_text,softwrap,40,12,3,6750,995291,10542,Menlo,16,1,release,8,24,3,false,1814,0,false,Metal,Apple M5 Pro,0
arabic,dense_novel_text,softwrap,40,12,4,7791,943250,10417,Menlo,16,1,release,8,24,3,false,1814,0,false,Metal,Apple M5 Pro,0
arabic,dense_novel_text,softwrap,40,12,5,7292,936500,10417,Menlo,16,1,release,8,24,3,false,1814,0,false,Metal,Apple M5 Pro,0
arabic,dense_novel_text,softwrap,40,12,6,7167,967166,10459,Menlo,16,1,release,8,24,3,false,1814,0,false,Metal,Apple M5 Pro,0
arabic,dense_novel_text,softwrap,40,12,7,6958,931250,10375,Menlo,16,1,release,8,24,3,false,1814,0,false,Metal,Apple M5 Pro,0
arabic,dense_novel_text,softwrap,40,12,8,7084,936625,10334,Menlo,16,1,release,8,24,3,false,1814,0,false,Metal,Apple M5 Pro,0
arabic,dense_novel_text,softwrap,40,12,9,6917,930458,10541,Menlo,16,1,release,8,24,3,false,1814,0,false,Metal,Apple M5 Pro,0
arabic,dense_novel_text,softwrap,40,12,10,7000,932667,10375,Menlo,16,1,release,8,24,3,false,1814,0,false,Metal,Apple M5 Pro,0
arabic,dense_novel_text,softwrap,40,12,11,6917,929583,10375,Menlo,16,1,release,8,24,3,false,1814,0,false,Metal,Apple M5 Pro,0
arabic,dense_novel_text,softwrap,40,12,12,6875,943792,10375,Menlo,16,1,release,8,24,3,false,1814,0,false,Metal,Apple M5 Pro,0
arabic,dense_novel_text,softwrap,40,12,13,29583,979541,10417,Menlo,16,1,release,8,24,3,false,1814,0,false,Metal,Apple M5 Pro,0
arabic,dense_novel_text,softwrap,40,12,14,6916,976375,10334,Menlo,16,1,release,8,24,3,false,1814,0,false,Metal,Apple M5 Pro,0
arabic,dense_novel_text,softwrap,40,12,15,6791,964417,10334,Menlo,16,1,release,8,24,3,false,1814,0,false,Metal,Apple M5 Pro,0
arabic,dense_novel_text,softwrap,40,12,16,6750,960000,10417,Menlo,16,1,release,8,24,3,false,1814,0,false,Metal,Apple M5 Pro,0
arabic,dense_novel_text,softwrap,40,12,17,6708,961625,10416,Menlo,16,1,release,8,24,3,false,1814,0,false,Metal,Apple M5 Pro,0
arabic,dense_novel_text,softwrap,40,12,18,6750,957291,10375,Menlo,16,1,release,8,24,3,false,1814,0,false,Metal,Apple M5 Pro,0
arabic,dense_novel_text,softwrap,40,12,19,6709,958208,10500,Menlo,16,1,release,8,24,3,false,1814,0,false,Metal,Apple M5 Pro,0
arabic,dense_novel_text,softwrap,40,12,20,6708,959209,10459,Menlo,16,1,release,8,24,3,false,1814,0,false,Metal,Apple M5 Pro,0
arabic,dense_novel_text,softwrap,40,12,21,6750,968333,10292,Menlo,16,1,release,8,24,3,false,1814,0,false,Metal,Apple M5 Pro,0
arabic,dense_novel_text,softwrap,40,12,22,6792,984459,10458,Menlo,16,1,release,8,24,3,false,1814,0,false,Metal,Apple M5 Pro,0
arabic,dense_novel_text,softwrap,40,12,23,7291,964375,10333,Menlo,16,1,release,8,24,3,false,1814,0,false,Metal,Apple M5 Pro,0
rtl_context_ltr_viewport,sparse_novel_counter,explicit_rows,40,12,0,3625,4833,667,Menlo,16,1,release,8,24,3,false,0,0,false,Metal,Apple M5 Pro,0
rtl_context_ltr_viewport,sparse_novel_counter,explicit_rows,40,12,1,3667,5125,43208,Menlo,16,1,release,8,24,3,false,0,0,false,Metal,Apple M5 Pro,0
rtl_context_ltr_viewport,sparse_novel_counter,explicit_rows,40,12,2,3709,5584,750,Menlo,16,1,release,8,24,3,false,0,0,false,Metal,Apple M5 Pro,0
rtl_context_ltr_viewport,sparse_novel_counter,explicit_rows,40,12,3,3667,5292,667,Menlo,16,1,release,8,24,3,false,0,0,false,Metal,Apple M5 Pro,0
rtl_context_ltr_viewport,sparse_novel_counter,explicit_rows,40,12,4,3625,5834,625,Menlo,16,1,release,8,24,3,false,0,0,false,Metal,Apple M5 Pro,0
rtl_context_ltr_viewport,sparse_novel_counter,explicit_rows,40,12,5,3666,5458,667,Menlo,16,1,release,8,24,3,false,0,0,false,Metal,Apple M5 Pro,0
rtl_context_ltr_viewport,sparse_novel_counter,explicit_rows,40,12,6,3625,5500,667,Menlo,16,1,release,8,24,3,false,0,0,false,Metal,Apple M5 Pro,0
rtl_context_ltr_viewport,sparse_novel_counter,explicit_rows,40,12,7,3625,5208,667,Menlo,16,1,release,8,24,3,false,0,0,false,Metal,Apple M5 Pro,0
rtl_context_ltr_viewport,sparse_novel_counter,explicit_rows,40,12,8,3625,5125,625,Menlo,16,1,release,8,24,3,false,0,0,false,Metal,Apple M5 Pro,0
rtl_context_ltr_viewport,sparse_novel_counter,explicit_rows,40,12,9,3667,13291,667,Menlo,16,1,release,8,24,3,false,0,0,false,Metal,Apple M5 Pro,0
rtl_context_ltr_viewport,sparse_novel_counter,explicit_rows,40,12,10,3750,5958,667,Menlo,16,1,release,8,24,3,false,0,0,false,Metal,Apple M5 Pro,0
rtl_context_ltr_viewport,sparse_novel_counter,explicit_rows,40,12,11,3666,5500,21959,Menlo,16,1,release,8,24,3,false,0,0,false,Metal,Apple M5 Pro,0
rtl_context_ltr_viewport,sparse_novel_counter,explicit_rows,40,12,12,3667,5166,667,Menlo,16,1,release,8,24,3,false,0,0,false,Metal,Apple M5 Pro,0
rtl_context_ltr_viewport,sparse_novel_counter,explicit_rows,40,12,13,3666,5417,666,Menlo,16,1,release,8,24,3,false,0,0,false,Metal,Apple M5 Pro,0
rtl_context_ltr_viewport,sparse_novel_counter,explicit_rows,40,12,14,3625,5625,667,Menlo,16,1,release,8,24,3,false,0,0,false,Metal,Apple M5 Pro,0
rtl_context_ltr_viewport,sparse_novel_counter,explicit_rows,40,12,15,3667,5083,667,Menlo,16,1,release,8,24,3,false,0,0,false,Metal,Apple M5 Pro,0
rtl_context_ltr_viewport,sparse_novel_counter,explicit_rows,40,12,16,3625,5959,666,Menlo,16,1,release,8,24,3,false,0,0,false,Metal,Apple M5 Pro,0
rtl_context_ltr_viewport,sparse_novel_counter,explicit_rows,40,12,17,3750,5166,667,Menlo,16,1,release,8,24,3,false,0,0,false,Metal,Apple M5 Pro,0
rtl_context_ltr_viewport,sparse_novel_counter,explicit_rows,40,12,18,3625,5334,666,Menlo,16,1,release,8,24,3,false,0,0,false,Metal,Apple M5 Pro,0
rtl_context_ltr_viewport,sparse_novel_counter,explicit_rows,40,12,19,3625,5250,666,Menlo,16,1,release,8,24,3,false,0,0,false,Metal,Apple M5 Pro,0
rtl_context_ltr_viewport,sparse_novel_counter,explicit_rows,40,12,20,3625,5167,625,Menlo,16,1,release,8,24,3,false,0,0,false,Metal,Apple M5 Pro,0
rtl_context_ltr_viewport,sparse_novel_counter,explicit_rows,40,12,21,3625,5292,21416,Menlo,16,1,release,8,24,3,false,0,0,false,Metal,Apple M5 Pro,0
rtl_context_ltr_viewport,sparse_novel_counter,explicit_rows,40,12,22,3666,8958,709,Menlo,16,1,release,8,24,3,false,0,0,false,Metal,Apple M5 Pro,0
rtl_context_ltr_viewport,sparse_novel_counter,explicit_rows,40,12,23,3625,5250,709,Menlo,16,1,release,8,24,3,false,0,0,false,Metal,Apple M5 Pro,0
rtl_context_ltr_viewport,sparse_novel_counter,softwrap,40,12,0,6916,344875,9833,Menlo,16,1,release,8,24,3,false,1081,0,false,Metal,Apple M5 Pro,0
rtl_context_ltr_viewport,sparse_novel_counter,softwrap,40,12,1,6834,344000,9917,Menlo,16,1,release,8,24,3,false,1081,0,false,Metal,Apple M5 Pro,0
rtl_context_ltr_viewport,sparse_novel_counter,softwrap,40,12,2,6834,347417,9875,Menlo,16,1,release,8,24,3,false,1081,0,false,Metal,Apple M5 Pro,0
rtl_context_ltr_viewport,sparse_novel_counter,softwrap,40,12,3,6834,345542,10000,Menlo,16,1,release,8,24,3,false,1081,0,false,Metal,Apple M5 Pro,0
rtl_context_ltr_viewport,sparse_novel_counter,softwrap,40,12,4,6666,349750,9875,Menlo,16,1,release,8,24,3,false,1081,0,false,Metal,Apple M5 Pro,0
rtl_context_ltr_viewport,sparse_novel_counter,softwrap,40,12,5,6625,354375,9875,Menlo,16,1,release,8,24,3,false,1081,0,false,Metal,Apple M5 Pro,0
rtl_context_ltr_viewport,sparse_novel_counter,softwrap,40,12,6,6750,394625,10209,Menlo,16,1,release,8,24,3,false,1081,0,false,Metal,Apple M5 Pro,0
rtl_context_ltr_viewport,sparse_novel_counter,softwrap,40,12,7,7667,371250,10000,Menlo,16,1,release,8,24,3,false,1081,0,false,Metal,Apple M5 Pro,0
rtl_context_ltr_viewport,sparse_novel_counter,softwrap,40,12,8,6833,363458,9875,Menlo,16,1,release,8,24,3,false,1081,0,false,Metal,Apple M5 Pro,0
rtl_context_ltr_viewport,sparse_novel_counter,softwrap,40,12,9,6583,348333,9958,Menlo,16,1,release,8,24,3,false,1081,0,false,Metal,Apple M5 Pro,0
rtl_context_ltr_viewport,sparse_novel_counter,softwrap,40,12,10,6459,344458,9916,Menlo,16,1,release,8,24,3,false,1081,0,false,Metal,Apple M5 Pro,0
rtl_context_ltr_viewport,sparse_novel_counter,softwrap,40,12,11,6458,344667,9875,Menlo,16,1,release,8,24,3,false,1081,0,false,Metal,Apple M5 Pro,0
rtl_context_ltr_viewport,sparse_novel_counter,softwrap,40,12,12,6458,345875,10041,Menlo,16,1,release,8,24,3,false,1081,0,false,Metal,Apple M5 Pro,0
rtl_context_ltr_viewport,sparse_novel_counter,softwrap,40,12,13,6375,347333,10000,Menlo,16,1,release,8,24,3,false,1081,0,false,Metal,Apple M5 Pro,0
rtl_context_ltr_viewport,sparse_novel_counter,softwrap,40,12,14,6417,346375,10083,Menlo,16,1,release,8,24,3,false,1081,0,false,Metal,Apple M5 Pro,0
rtl_context_ltr_viewport,sparse_novel_counter,softwrap,40,12,15,6417,345416,9917,Menlo,16,1,release,8,24,3,false,1081,0,false,Metal,Apple M5 Pro,0
rtl_context_ltr_viewport,sparse_novel_counter,softwrap,40,12,16,6417,347250,9917,Menlo,16,1,release,8,24,3,false,1081,0,false,Metal,Apple M5 Pro,0
rtl_context_ltr_viewport,sparse_novel_counter,softwrap,40,12,17,6417,343667,9959,Menlo,16,1,release,8,24,3,false,1081,0,false,Metal,Apple M5 Pro,0
rtl_context_ltr_viewport,sparse_novel_counter,softwrap,40,12,18,6375,344250,9875,Menlo,16,1,release,8,24,3,false,1081,0,false,Metal,Apple M5 Pro,0
rtl_context_ltr_viewport,sparse_novel_counter,softwrap,40,12,19,6458,346417,9875,Menlo,16,1,release,8,24,3,false,1081,0,false,Metal,Apple M5 Pro,0
rtl_context_ltr_viewport,sparse_novel_counter,softwrap,40,12,20,6625,346334,9916,Menlo,16,1,release,8,24,3,false,1081,0,false,Metal,Apple M5 Pro,0
rtl_context_ltr_viewport,sparse_novel_counter,softwrap,40,12,21,6667,342750,9875,Menlo,16,1,release,8,24,3,false,1081,0,false,Metal,Apple M5 Pro,0
rtl_context_ltr_viewport,sparse_novel_counter,softwrap,40,12,22,6375,345500,9917,Menlo,16,1,release,8,24,3,false,1081,0,false,Metal,Apple M5 Pro,0
rtl_context_ltr_viewport,sparse_novel_counter,softwrap,40,12,23,6458,344459,9916,Menlo,16,1,release,8,24,3,false,1081,0,false,Metal,Apple M5 Pro,0
rtl_context_ltr_viewport,scroll_cycle,explicit_rows,40,12,0,3709,4167,7167,Menlo,16,1,release,8,24,3,false,0,0,false,Metal,Apple M5 Pro,3
rtl_context_ltr_viewport,scroll_cycle,explicit_rows,40,12,1,3708,4292,7042,Menlo,16,1,release,8,24,3,false,0,0,false,Metal,Apple M5 Pro,6
rtl_context_ltr_viewport,scroll_cycle,explicit_rows,40,12,2,3666,4250,7333,Menlo,16,1,release,8,24,3,false,0,0,false,Metal,Apple M5 Pro,9
rtl_context_ltr_viewport,scroll_cycle,explicit_rows,40,12,3,3709,4166,7333,Menlo,16,1,release,8,24,3,false,0,0,false,Metal,Apple M5 Pro,12
rtl_context_ltr_viewport,scroll_cycle,explicit_rows,40,12,4,3625,4167,7291,Menlo,16,1,release,8,24,3,false,0,0,false,Metal,Apple M5 Pro,9
rtl_context_ltr_viewport,scroll_cycle,explicit_rows,40,12,5,3709,4333,7292,Menlo,16,1,release,8,24,3,false,0,0,false,Metal,Apple M5 Pro,6
rtl_context_ltr_viewport,scroll_cycle,explicit_rows,40,12,6,3667,4250,7250,Menlo,16,1,release,8,24,3,false,0,0,false,Metal,Apple M5 Pro,3
rtl_context_ltr_viewport,scroll_cycle,explicit_rows,40,12,7,3666,4292,7250,Menlo,16,1,release,8,24,3,false,0,0,false,Metal,Apple M5 Pro,0
rtl_context_ltr_viewport,scroll_cycle,explicit_rows,40,12,8,3666,4209,7250,Menlo,16,1,release,8,24,3,false,0,0,false,Metal,Apple M5 Pro,3
rtl_context_ltr_viewport,scroll_cycle,explicit_rows,40,12,9,3750,4375,7125,Menlo,16,1,release,8,24,3,false,0,0,false,Metal,Apple M5 Pro,6
rtl_context_ltr_viewport,scroll_cycle,explicit_rows,40,12,10,3875,4250,7291,Menlo,16,1,release,8,24,3,false,0,0,false,Metal,Apple M5 Pro,9
rtl_context_ltr_viewport,scroll_cycle,explicit_rows,40,12,11,3666,4250,7167,Menlo,16,1,release,8,24,3,false,0,0,false,Metal,Apple M5 Pro,12
rtl_context_ltr_viewport,scroll_cycle,explicit_rows,40,12,12,3667,4291,7083,Menlo,16,1,release,8,24,3,false,0,0,false,Metal,Apple M5 Pro,9
rtl_context_ltr_viewport,scroll_cycle,explicit_rows,40,12,13,3666,4250,7000,Menlo,16,1,release,8,24,3,false,0,0,false,Metal,Apple M5 Pro,6
rtl_context_ltr_viewport,scroll_cycle,explicit_rows,40,12,14,3625,4250,6917,Menlo,16,1,release,8,24,3,false,0,0,false,Metal,Apple M5 Pro,3
rtl_context_ltr_viewport,scroll_cycle,explicit_rows,40,12,15,3666,4292,7125,Menlo,16,1,release,8,24,3,false,0,0,false,Metal,Apple M5 Pro,0
rtl_context_ltr_viewport,scroll_cycle,explicit_rows,40,12,16,4042,4208,7208,Menlo,16,1,release,8,24,3,false,0,0,false,Metal,Apple M5 Pro,3
rtl_context_ltr_viewport,scroll_cycle,explicit_rows,40,12,17,3666,4292,7208,Menlo,16,1,release,8,24,3,false,0,0,false,Metal,Apple M5 Pro,6
rtl_context_ltr_viewport,scroll_cycle,explicit_rows,40,12,18,3625,4167,7292,Menlo,16,1,release,8,24,3,false,0,0,false,Metal,Apple M5 Pro,9
rtl_context_ltr_viewport,scroll_cycle,explicit_rows,40,12,19,3667,4250,7209,Menlo,16,1,release,8,24,3,false,0,0,false,Metal,Apple M5 Pro,12
rtl_context_ltr_viewport,scroll_cycle,explicit_rows,40,12,20,3833,4250,7334,Menlo,16,1,release,8,24,3,false,0,0,false,Metal,Apple M5 Pro,9
rtl_context_ltr_viewport,scroll_cycle,explicit_rows,40,12,21,3666,4292,7250,Menlo,16,1,release,8,24,3,false,0,0,false,Metal,Apple M5 Pro,6
rtl_context_ltr_viewport,scroll_cycle,explicit_rows,40,12,22,3666,4250,7000,Menlo,16,1,release,8,24,3,false,0,0,false,Metal,Apple M5 Pro,3
rtl_context_ltr_viewport,scroll_cycle,explicit_rows,40,12,23,3709,4250,7042,Menlo,16,1,release,8,24,3,false,0,0,false,Metal,Apple M5 Pro,0
rtl_context_ltr_viewport,scroll_cycle,softwrap,40,12,0,6583,4416,10750,Menlo,16,1,release,8,24,3,false,959,122,false,Metal,Apple M5 Pro,3
rtl_context_ltr_viewport,scroll_cycle,softwrap,40,12,1,6584,4375,10875,Menlo,16,1,release,8,24,3,false,837,243,false,Metal,Apple M5 Pro,6
rtl_context_ltr_viewport,scroll_cycle,softwrap,40,12,2,6958,4417,10458,Menlo,16,1,release,8,24,3,false,715,365,false,Metal,Apple M5 Pro,9
rtl_context_ltr_viewport,scroll_cycle,softwrap,40,12,3,6667,4417,10417,Menlo,16,1,release,8,24,3,false,593,487,false,Metal,Apple M5 Pro,12
rtl_context_ltr_viewport,scroll_cycle,softwrap,40,12,4,6500,4375,10250,Menlo,16,1,release,8,24,3,false,715,365,false,Metal,Apple M5 Pro,9
rtl_context_ltr_viewport,scroll_cycle,softwrap,40,12,5,6375,4375,10167,Menlo,16,1,release,8,24,3,false,837,243,false,Metal,Apple M5 Pro,6
rtl_context_ltr_viewport,scroll_cycle,softwrap,40,12,6,6500,4375,10250,Menlo,16,1,release,8,24,3,false,959,122,false,Metal,Apple M5 Pro,3
rtl_context_ltr_viewport,scroll_cycle,softwrap,40,12,7,6625,4417,9292,Menlo,16,1,release,8,24,3,false,1081,0,false,Metal,Apple M5 Pro,0
rtl_context_ltr_viewport,scroll_cycle,softwrap,40,12,8,6375,4417,10375,Menlo,16,1,release,8,24,3,false,959,122,false,Metal,Apple M5 Pro,3
rtl_context_ltr_viewport,scroll_cycle,softwrap,40,12,9,6458,4417,10333,Menlo,16,1,release,8,24,3,false,837,243,false,Metal,Apple M5 Pro,6
rtl_context_ltr_viewport,scroll_cycle,softwrap,40,12,10,6416,4375,10291,Menlo,16,1,release,8,24,3,false,715,365,false,Metal,Apple M5 Pro,9
rtl_context_ltr_viewport,scroll_cycle,softwrap,40,12,11,6417,4541,10333,Menlo,16,1,release,8,24,3,false,593,487,false,Metal,Apple M5 Pro,12
rtl_context_ltr_viewport,scroll_cycle,softwrap,40,12,12,6459,4416,10125,Menlo,16,1,release,8,24,3,false,715,365,false,Metal,Apple M5 Pro,9
rtl_context_ltr_viewport,scroll_cycle,softwrap,40,12,13,6416,4375,10125,Menlo,16,1,release,8,24,3,false,837,243,false,Metal,Apple M5 Pro,6
rtl_context_ltr_viewport,scroll_cycle,softwrap,40,12,14,6417,4375,10084,Menlo,16,1,release,8,24,3,false,959,122,false,Metal,Apple M5 Pro,3
rtl_context_ltr_viewport,scroll_cycle,softwrap,40,12,15,6500,4416,9417,Menlo,16,1,release,8,24,3,false,1081,0,false,Metal,Apple M5 Pro,0
rtl_context_ltr_viewport,scroll_cycle,softwrap,40,12,16,6417,4375,10083,Menlo,16,1,release,8,24,3,false,959,122,false,Metal,Apple M5 Pro,3
rtl_context_ltr_viewport,scroll_cycle,softwrap,40,12,17,6459,4417,10208,Menlo,16,1,release,8,24,3,false,837,243,false,Metal,Apple M5 Pro,6
rtl_context_ltr_viewport,scroll_cycle,softwrap,40,12,18,6375,4375,10166,Menlo,16,1,release,8,24,3,false,715,365,false,Metal,Apple M5 Pro,9
rtl_context_ltr_viewport,scroll_cycle,softwrap,40,12,19,6417,4375,10292,Menlo,16,1,release,8,24,3,false,593,487,false,Metal,Apple M5 Pro,12
rtl_context_ltr_viewport,scroll_cycle,softwrap,40,12,20,6416,4375,10084,Menlo,16,1,release,8,24,3,false,715,365,false,Metal,Apple M5 Pro,9
rtl_context_ltr_viewport,scroll_cycle,softwrap,40,12,21,6334,4334,10250,Menlo,16,1,release,8,24,3,false,837,243,false,Metal,Apple M5 Pro,6
rtl_context_ltr_viewport,scroll_cycle,softwrap,40,12,22,6333,4375,10000,Menlo,16,1,release,8,24,3,false,959,122,false,Metal,Apple M5 Pro,3
rtl_context_ltr_viewport,scroll_cycle,softwrap,40,12,23,6334,4375,9209,Menlo,16,1,release,8,24,3,false,1081,0,false,Metal,Apple M5 Pro,0
rtl_context_ltr_viewport,dense_novel_text,explicit_rows,40,12,0,3708,20583,7209,Menlo,16,1,release,8,24,3,false,0,0,false,Metal,Apple M5 Pro,0
rtl_context_ltr_viewport,dense_novel_text,explicit_rows,40,12,1,3750,46083,20917,Menlo,16,1,release,8,24,3,false,0,0,false,Metal,Apple M5 Pro,0
rtl_context_ltr_viewport,dense_novel_text,explicit_rows,40,12,2,3709,17167,7208,Menlo,16,1,release,8,24,3,false,0,0,false,Metal,Apple M5 Pro,0
rtl_context_ltr_viewport,dense_novel_text,explicit_rows,40,12,3,3792,16125,7167,Menlo,16,1,release,8,24,3,false,0,0,false,Metal,Apple M5 Pro,0
rtl_context_ltr_viewport,dense_novel_text,explicit_rows,40,12,4,3667,17333,6875,Menlo,16,1,release,8,24,3,false,0,0,false,Metal,Apple M5 Pro,0
rtl_context_ltr_viewport,dense_novel_text,explicit_rows,40,12,5,3667,15875,6834,Menlo,16,1,release,8,24,3,false,0,0,false,Metal,Apple M5 Pro,0
rtl_context_ltr_viewport,dense_novel_text,explicit_rows,40,12,6,3667,15875,6875,Menlo,16,1,release,8,24,3,false,0,0,false,Metal,Apple M5 Pro,0
rtl_context_ltr_viewport,dense_novel_text,explicit_rows,40,12,7,3666,15834,7209,Menlo,16,1,release,8,24,3,false,0,0,false,Metal,Apple M5 Pro,0
rtl_context_ltr_viewport,dense_novel_text,explicit_rows,40,12,8,3667,17041,7208,Menlo,16,1,release,8,24,3,false,0,0,false,Metal,Apple M5 Pro,0
rtl_context_ltr_viewport,dense_novel_text,explicit_rows,40,12,9,3666,16584,6834,Menlo,16,1,release,8,24,3,false,0,0,false,Metal,Apple M5 Pro,0
rtl_context_ltr_viewport,dense_novel_text,explicit_rows,40,12,10,3625,75334,6750,Menlo,16,1,release,8,24,3,false,0,0,false,Metal,Apple M5 Pro,0
rtl_context_ltr_viewport,dense_novel_text,explicit_rows,40,12,11,3667,15833,19542,Menlo,16,1,release,8,24,3,false,0,0,false,Metal,Apple M5 Pro,0
rtl_context_ltr_viewport,dense_novel_text,explicit_rows,40,12,12,3708,16459,6875,Menlo,16,1,release,8,24,3,false,0,0,false,Metal,Apple M5 Pro,0
rtl_context_ltr_viewport,dense_novel_text,explicit_rows,40,12,13,3709,17334,7208,Menlo,16,1,release,8,24,3,false,0,0,false,Metal,Apple M5 Pro,0
rtl_context_ltr_viewport,dense_novel_text,explicit_rows,40,12,14,3667,18667,7208,Menlo,16,1,release,8,24,3,false,0,0,false,Metal,Apple M5 Pro,0
rtl_context_ltr_viewport,dense_novel_text,explicit_rows,40,12,15,3625,18042,7167,Menlo,16,1,release,8,24,3,false,0,0,false,Metal,Apple M5 Pro,0
rtl_context_ltr_viewport,dense_novel_text,explicit_rows,40,12,16,3667,18083,7208,Menlo,16,1,release,8,24,3,false,0,0,false,Metal,Apple M5 Pro,0
rtl_context_ltr_viewport,dense_novel_text,explicit_rows,40,12,17,3666,18375,7250,Menlo,16,1,release,8,24,3,false,0,0,false,Metal,Apple M5 Pro,0
rtl_context_ltr_viewport,dense_novel_text,explicit_rows,40,12,18,3667,18458,7250,Menlo,16,1,release,8,24,3,false,0,0,false,Metal,Apple M5 Pro,0
rtl_context_ltr_viewport,dense_novel_text,explicit_rows,40,12,19,3583,18166,7167,Menlo,16,1,release,8,24,3,false,0,0,false,Metal,Apple M5 Pro,0
rtl_context_ltr_viewport,dense_novel_text,explicit_rows,40,12,20,3667,18458,7208,Menlo,16,1,release,8,24,3,false,0,0,false,Metal,Apple M5 Pro,0
rtl_context_ltr_viewport,dense_novel_text,explicit_rows,40,12,21,3625,18041,18250,Menlo,16,1,release,8,24,3,false,0,0,false,Metal,Apple M5 Pro,0
rtl_context_ltr_viewport,dense_novel_text,explicit_rows,40,12,22,3667,18292,7250,Menlo,16,1,release,8,24,3,false,0,0,false,Metal,Apple M5 Pro,0
rtl_context_ltr_viewport,dense_novel_text,explicit_rows,40,12,23,3833,18500,7292,Menlo,16,1,release,8,24,3,false,0,0,false,Metal,Apple M5 Pro,0
rtl_context_ltr_viewport,dense_novel_text,softwrap,40,12,0,6500,345959,9917,Menlo,16,1,release,8,24,3,false,1081,0,false,Metal,Apple M5 Pro,0
rtl_context_ltr_viewport,dense_novel_text,softwrap,40,12,1,6541,379792,10042,Menlo,16,1,release,8,24,3,false,1081,0,false,Metal,Apple M5 Pro,0
rtl_context_ltr_viewport,dense_novel_text,softwrap,40,12,2,6750,349750,9916,Menlo,16,1,release,8,24,3,false,1081,0,false,Metal,Apple M5 Pro,0
rtl_context_ltr_viewport,dense_novel_text,softwrap,40,12,3,6375,349333,10000,Menlo,16,1,release,8,24,3,false,1081,0,false,Metal,Apple M5 Pro,0
rtl_context_ltr_viewport,dense_novel_text,softwrap,40,12,4,6375,347709,9958,Menlo,16,1,release,8,24,3,false,1081,0,false,Metal,Apple M5 Pro,0
rtl_context_ltr_viewport,dense_novel_text,softwrap,40,12,5,6292,353292,10041,Menlo,16,1,release,8,24,3,false,1081,0,false,Metal,Apple M5 Pro,0
rtl_context_ltr_viewport,dense_novel_text,softwrap,40,12,6,6375,365208,9958,Menlo,16,1,release,8,24,3,false,1081,0,false,Metal,Apple M5 Pro,0
rtl_context_ltr_viewport,dense_novel_text,softwrap,40,12,7,6292,343333,9959,Menlo,16,1,release,8,24,3,false,1081,0,false,Metal,Apple M5 Pro,0
rtl_context_ltr_viewport,dense_novel_text,softwrap,40,12,8,6250,343500,10041,Menlo,16,1,release,8,24,3,false,1081,0,false,Metal,Apple M5 Pro,0
rtl_context_ltr_viewport,dense_novel_text,softwrap,40,12,9,6333,347000,9917,Menlo,16,1,release,8,24,3,false,1081,0,false,Metal,Apple M5 Pro,0
rtl_context_ltr_viewport,dense_novel_text,softwrap,40,12,10,6208,346000,9916,Menlo,16,1,release,8,24,3,false,1081,0,false,Metal,Apple M5 Pro,0
rtl_context_ltr_viewport,dense_novel_text,softwrap,40,12,11,6333,349084,9916,Menlo,16,1,release,8,24,3,false,1081,0,false,Metal,Apple M5 Pro,0
rtl_context_ltr_viewport,dense_novel_text,softwrap,40,12,12,6291,344833,9917,Menlo,16,1,release,8,24,3,false,1081,0,false,Metal,Apple M5 Pro,0
rtl_context_ltr_viewport,dense_novel_text,softwrap,40,12,13,6291,352125,9875,Menlo,16,1,release,8,24,3,false,1081,0,false,Metal,Apple M5 Pro,0
rtl_context_ltr_viewport,dense_novel_text,softwrap,40,12,14,6375,348042,9959,Menlo,16,1,release,8,24,3,false,1081,0,false,Metal,Apple M5 Pro,0
rtl_context_ltr_viewport,dense_novel_text,softwrap,40,12,15,6334,348000,9750,Menlo,16,1,release,8,24,3,false,1081,0,false,Metal,Apple M5 Pro,0
rtl_context_ltr_viewport,dense_novel_text,softwrap,40,12,16,6375,347500,9959,Menlo,16,1,release,8,24,3,false,1081,0,false,Metal,Apple M5 Pro,0
rtl_context_ltr_viewport,dense_novel_text,softwrap,40,12,17,6291,346000,10000,Menlo,16,1,release,8,24,3,false,1081,0,false,Metal,Apple M5 Pro,0
rtl_context_ltr_viewport,dense_novel_text,softwrap,40,12,18,6292,347416,9917,Menlo,16,1,release,8,24,3,false,1081,0,false,Metal,Apple M5 Pro,0
rtl_context_ltr_viewport,dense_novel_text,softwrap,40,12,19,6416,346667,9875,Menlo,16,1,release,8,24,3,false,1081,0,false,Metal,Apple M5 Pro,0
rtl_context_ltr_viewport,dense_novel_text,softwrap,40,12,20,6292,345083,9959,Menlo,16,1,release,8,24,3,false,1081,0,false,Metal,Apple M5 Pro,0
rtl_context_ltr_viewport,dense_novel_text,softwrap,40,12,21,6291,346875,9917,Menlo,16,1,release,8,24,3,false,1081,0,false,Metal,Apple M5 Pro,0
rtl_context_ltr_viewport,dense_novel_text,softwrap,40,12,22,6500,349917,9875,Menlo,16,1,release,8,24,3,false,1081,0,false,Metal,Apple M5 Pro,0
rtl_context_ltr_viewport,dense_novel_text,softwrap,40,12,23,6291,348042,9917,Menlo,16,1,release,8,24,3,false,1081,0,false,Metal,Apple M5 Pro,0
latin_accents,sparse_novel_counter,explicit_rows,81,25,0,16000,43042,2000,Menlo,16,1,release,8,24,3,false,0,0,false,Metal,Apple M5 Pro,0
latin_accents,sparse_novel_counter,explicit_rows,81,25,1,16125,42250,2000,Menlo,16,1,release,8,24,3,false,0,0,false,Metal,Apple M5 Pro,0
latin_accents,sparse_novel_counter,explicit_rows,81,25,2,16791,44167,2000,Menlo,16,1,release,8,24,3,false,0,0,false,Metal,Apple M5 Pro,0
latin_accents,sparse_novel_counter,explicit_rows,81,25,3,15916,49000,2042,Menlo,16,1,release,8,24,3,false,0,0,false,Metal,Apple M5 Pro,0
latin_accents,sparse_novel_counter,explicit_rows,81,25,4,15750,42875,2000,Menlo,16,1,release,8,24,3,false,0,0,false,Metal,Apple M5 Pro,0
latin_accents,sparse_novel_counter,explicit_rows,81,25,5,15917,42042,1958,Menlo,16,1,release,8,24,3,false,0,0,false,Metal,Apple M5 Pro,0
latin_accents,sparse_novel_counter,explicit_rows,81,25,6,15875,43333,1958,Menlo,16,1,release,8,24,3,false,0,0,false,Metal,Apple M5 Pro,0
latin_accents,sparse_novel_counter,explicit_rows,81,25,7,15833,42792,2000,Menlo,16,1,release,8,24,3,false,0,0,false,Metal,Apple M5 Pro,0
latin_accents,sparse_novel_counter,explicit_rows,81,25,8,15792,43167,2000,Menlo,16,1,release,8,24,3,false,0,0,false,Metal,Apple M5 Pro,0
latin_accents,sparse_novel_counter,explicit_rows,81,25,9,15833,41458,2000,Menlo,16,1,release,8,24,3,false,0,0,false,Metal,Apple M5 Pro,0
latin_accents,sparse_novel_counter,explicit_rows,81,25,10,15791,43209,1958,Menlo,16,1,release,8,24,3,false,0,0,false,Metal,Apple M5 Pro,0
latin_accents,sparse_novel_counter,explicit_rows,81,25,11,15667,41625,1958,Menlo,16,1,release,8,24,3,false,0,0,false,Metal,Apple M5 Pro,0
latin_accents,sparse_novel_counter,explicit_rows,81,25,12,15750,43500,1959,Menlo,16,1,release,8,24,3,false,0,0,false,Metal,Apple M5 Pro,0
latin_accents,sparse_novel_counter,explicit_rows,81,25,13,15917,41708,1958,Menlo,16,1,release,8,24,3,false,0,0,false,Metal,Apple M5 Pro,0
latin_accents,sparse_novel_counter,explicit_rows,81,25,14,15750,42750,2000,Menlo,16,1,release,8,24,3,false,0,0,false,Metal,Apple M5 Pro,0
latin_accents,sparse_novel_counter,explicit_rows,81,25,15,15875,41500,1958,Menlo,16,1,release,8,24,3,false,0,0,false,Metal,Apple M5 Pro,0
latin_accents,sparse_novel_counter,explicit_rows,81,25,16,15750,43042,1958,Menlo,16,1,release,8,24,3,false,0,0,false,Metal,Apple M5 Pro,0
latin_accents,sparse_novel_counter,explicit_rows,81,25,17,15834,42541,1959,Menlo,16,1,release,8,24,3,false,0,0,false,Metal,Apple M5 Pro,0
latin_accents,sparse_novel_counter,explicit_rows,81,25,18,15833,42250,1959,Menlo,16,1,release,8,24,3,false,0,0,false,Metal,Apple M5 Pro,0
latin_accents,sparse_novel_counter,explicit_rows,81,25,19,15875,46750,2000,Menlo,16,1,release,8,24,3,false,0,0,false,Metal,Apple M5 Pro,0
latin_accents,sparse_novel_counter,explicit_rows,81,25,20,15917,42958,1958,Menlo,16,1,release,8,24,3,false,0,0,false,Metal,Apple M5 Pro,0
latin_accents,sparse_novel_counter,explicit_rows,81,25,21,15791,41917,1958,Menlo,16,1,release,8,24,3,false,0,0,false,Metal,Apple M5 Pro,0
latin_accents,sparse_novel_counter,explicit_rows,81,25,22,15750,43833,1958,Menlo,16,1,release,8,24,3,false,0,0,false,Metal,Apple M5 Pro,0
latin_accents,sparse_novel_counter,explicit_rows,81,25,23,15792,42042,2000,Menlo,16,1,release,8,24,3,false,0,0,false,Metal,Apple M5 Pro,0
latin_accents,sparse_novel_counter,softwrap,81,25,0,27916,1228000,44458,Menlo,16,1,release,8,24,3,false,4677,0,false,Metal,Apple M5 Pro,0
latin_accents,sparse_novel_counter,softwrap,81,25,1,28417,1223708,44208,Menlo,16,1,release,8,24,3,false,4677,0,false,Metal,Apple M5 Pro,0
latin_accents,sparse_novel_counter,softwrap,81,25,2,27875,1230625,43708,Menlo,16,1,release,8,24,3,false,4677,0,false,Metal,Apple M5 Pro,0
latin_accents,sparse_novel_counter,softwrap,81,25,3,27666,1263167,44041,Menlo,16,1,release,8,24,3,false,4677,0,false,Metal,Apple M5 Pro,0
latin_accents,sparse_novel_counter,softwrap,81,25,4,28833,1246542,44333,Menlo,16,1,release,8,24,3,false,4677,0,false,Metal,Apple M5 Pro,0
latin_accents,sparse_novel_counter,softwrap,81,25,5,27875,1232875,44291,Menlo,16,1,release,8,24,3,false,4677,0,false,Metal,Apple M5 Pro,0
latin_accents,sparse_novel_counter,softwrap,81,25,6,27791,1276167,43959,Menlo,16,1,release,8,24,3,false,4677,0,false,Metal,Apple M5 Pro,0
latin_accents,sparse_novel_counter,softwrap,81,25,7,28292,1244958,58791,Menlo,16,1,release,8,24,3,false,4677,0,false,Metal,Apple M5 Pro,0
latin_accents,sparse_novel_counter,softwrap,81,25,8,37250,1237042,44041,Menlo,16,1,release,8,24,3,false,4677,0,false,Metal,Apple M5 Pro,0
latin_accents,sparse_novel_counter,softwrap,81,25,9,31208,1231125,44250,Menlo,16,1,release,8,24,3,false,4677,0,false,Metal,Apple M5 Pro,0
latin_accents,sparse_novel_counter,softwrap,81,25,10,27625,1234375,61542,Menlo,16,1,release,8,24,3,false,4677,0,false,Metal,Apple M5 Pro,0
latin_accents,sparse_novel_counter,softwrap,81,25,11,28416,1247042,44041,Menlo,16,1,release,8,24,3,false,4677,0,false,Metal,Apple M5 Pro,0
latin_accents,sparse_novel_counter,softwrap,81,25,12,28291,1255459,44209,Menlo,16,1,release,8,24,3,false,4677,0,false,Metal,Apple M5 Pro,0
latin_accents,sparse_novel_counter,softwrap,81,25,13,27834,1240041,44125,Menlo,16,1,release,8,24,3,false,4677,0,false,Metal,Apple M5 Pro,0
latin_accents,sparse_novel_counter,softwrap,81,25,14,27750,1222583,44125,Menlo,16,1,release,8,24,3,false,4677,0,false,Metal,Apple M5 Pro,0
latin_accents,sparse_novel_counter,softwrap,81,25,15,27417,1244500,44042,Menlo,16,1,release,8,24,3,false,4677,0,false,Metal,Apple M5 Pro,0
latin_accents,sparse_novel_counter,softwrap,81,25,16,27458,1230709,44125,Menlo,16,1,release,8,24,3,false,4677,0,false,Metal,Apple M5 Pro,0
latin_accents,sparse_novel_counter,softwrap,81,25,17,27334,1229666,44667,Menlo,16,1,release,8,24,3,false,4677,0,false,Metal,Apple M5 Pro,0
latin_accents,sparse_novel_counter,softwrap,81,25,18,27375,1278167,44458,Menlo,16,1,release,8,24,3,false,4677,0,false,Metal,Apple M5 Pro,0
latin_accents,sparse_novel_counter,softwrap,81,25,19,29292,1258542,44708,Menlo,16,1,release,8,24,3,false,4677,0,false,Metal,Apple M5 Pro,0
latin_accents,sparse_novel_counter,softwrap,81,25,20,28167,1238584,44917,Menlo,16,1,release,8,24,3,false,4677,0,false,Metal,Apple M5 Pro,0
latin_accents,sparse_novel_counter,softwrap,81,25,21,27791,1239292,44125,Menlo,16,1,release,8,24,3,false,4677,0,false,Metal,Apple M5 Pro,0
latin_accents,sparse_novel_counter,softwrap,81,25,22,27792,1228458,44500,Menlo,16,1,release,8,24,3,false,4677,0,false,Metal,Apple M5 Pro,0
latin_accents,sparse_novel_counter,softwrap,81,25,23,28000,1234167,44417,Menlo,16,1,release,8,24,3,false,4677,0,false,Metal,Apple M5 Pro,0
latin_accents,scroll_cycle,explicit_rows,81,25,0,15917,16916,43917,Menlo,16,1,release,8,24,3,false,0,0,false,Metal,Apple M5 Pro,6
latin_accents,scroll_cycle,explicit_rows,81,25,1,15875,16625,43125,Menlo,16,1,release,8,24,3,false,0,0,false,Metal,Apple M5 Pro,12
latin_accents,scroll_cycle,explicit_rows,81,25,2,15750,16834,42875,Menlo,16,1,release,8,24,3,false,0,0,false,Metal,Apple M5 Pro,18
latin_accents,scroll_cycle,explicit_rows,81,25,3,15917,17250,42625,Menlo,16,1,release,8,24,3,false,0,0,false,Metal,Apple M5 Pro,25
latin_accents,scroll_cycle,explicit_rows,81,25,4,16042,16750,42333,Menlo,16,1,release,8,24,3,false,0,0,false,Metal,Apple M5 Pro,18
latin_accents,scroll_cycle,explicit_rows,81,25,5,16041,17042,42167,Menlo,16,1,release,8,24,3,false,0,0,false,Metal,Apple M5 Pro,12
latin_accents,scroll_cycle,explicit_rows,81,25,6,15834,16959,42625,Menlo,16,1,release,8,24,3,false,0,0,false,Metal,Apple M5 Pro,6
latin_accents,scroll_cycle,explicit_rows,81,25,7,15709,16667,42208,Menlo,16,1,release,8,24,3,false,0,0,false,Metal,Apple M5 Pro,0
latin_accents,scroll_cycle,explicit_rows,81,25,8,15667,16708,42084,Menlo,16,1,release,8,24,3,false,0,0,false,Metal,Apple M5 Pro,6
latin_accents,scroll_cycle,explicit_rows,81,25,9,15667,16625,42250,Menlo,16,1,release,8,24,3,false,0,0,false,Metal,Apple M5 Pro,12
latin_accents,scroll_cycle,explicit_rows,81,25,10,15625,16875,42375,Menlo,16,1,release,8,24,3,false,0,0,false,Metal,Apple M5 Pro,18
latin_accents,scroll_cycle,explicit_rows,81,25,11,15625,16792,42708,Menlo,16,1,release,8,24,3,false,0,0,false,Metal,Apple M5 Pro,25
latin_accents,scroll_cycle,explicit_rows,81,25,12,16041,17209,42208,Menlo,16,1,release,8,24,3,false,0,0,false,Metal,Apple M5 Pro,18
latin_accents,scroll_cycle,explicit_rows,81,25,13,15625,16917,42875,Menlo,16,1,release,8,24,3,false,0,0,false,Metal,Apple M5 Pro,12
latin_accents,scroll_cycle,explicit_rows,81,25,14,15667,17125,42833,Menlo,16,1,release,8,24,3,false,0,0,false,Metal,Apple M5 Pro,6
latin_accents,scroll_cycle,explicit_rows,81,25,15,15750,16667,42666,Menlo,16,1,release,8,24,3,false,0,0,false,Metal,Apple M5 Pro,0
latin_accents,scroll_cycle,explicit_rows,81,25,16,15625,16750,46000,Menlo,16,1,release,8,24,3,false,0,0,false,Metal,Apple M5 Pro,6
latin_accents,scroll_cycle,explicit_rows,81,25,17,16083,16667,42583,Menlo,16,1,release,8,24,3,false,0,0,false,Metal,Apple M5 Pro,12
latin_accents,scroll_cycle,explicit_rows,81,25,18,15958,16625,43417,Menlo,16,1,release,8,24,3,false,0,0,false,Metal,Apple M5 Pro,18
latin_accents,scroll_cycle,explicit_rows,81,25,19,16042,16584,42041,Menlo,16,1,release,8,24,3,false,0,0,false,Metal,Apple M5 Pro,25
latin_accents,scroll_cycle,explicit_rows,81,25,20,15583,16583,44125,Menlo,16,1,release,8,24,3,false,0,0,false,Metal,Apple M5 Pro,18
latin_accents,scroll_cycle,explicit_rows,81,25,21,15667,16791,42750,Menlo,16,1,release,8,24,3,false,0,0,false,Metal,Apple M5 Pro,12
latin_accents,scroll_cycle,explicit_rows,81,25,22,15666,16667,43041,Menlo,16,1,release,8,24,3,false,0,0,false,Metal,Apple M5 Pro,6
latin_accents,scroll_cycle,explicit_rows,81,25,23,15750,16666,42750,Menlo,16,1,release,8,24,3,false,0,0,false,Metal,Apple M5 Pro,0
latin_accents,scroll_cycle,softwrap,81,25,0,28458,1250750,45500,Menlo,16,1,release,8,24,3,false,4127,542,false,Metal,Apple M5 Pro,6
latin_accents,scroll_cycle,softwrap,81,25,1,27834,1238792,53291,Menlo,16,1,release,8,24,3,false,3577,1092,false,Metal,Apple M5 Pro,12
latin_accents,scroll_cycle,softwrap,81,25,2,28542,1265958,45709,Menlo,16,1,release,8,24,3,false,3024,1642,false,Metal,Apple M5 Pro,18
latin_accents,scroll_cycle,softwrap,81,25,3,29458,1251500,45667,Menlo,16,1,release,8,24,3,false,2385,2284,false,Metal,Apple M5 Pro,25
latin_accents,scroll_cycle,softwrap,81,25,4,28167,18291,48375,Menlo,16,1,release,8,24,3,false,3024,1642,false,Metal,Apple M5 Pro,18
latin_accents,scroll_cycle,softwrap,81,25,5,27417,18000,46167,Menlo,16,1,release,8,24,3,false,3577,1092,false,Metal,Apple M5 Pro,12
latin_accents,scroll_cycle,softwrap,81,25,6,26792,18500,45125,Menlo,16,1,release,8,24,3,false,4127,542,false,Metal,Apple M5 Pro,6
latin_accents,scroll_cycle,softwrap,81,25,7,27000,1232084,45084,Menlo,16,1,release,8,24,3,false,4677,0,false,Metal,Apple M5 Pro,0
latin_accents,scroll_cycle,softwrap,81,25,8,28250,1244584,45459,Menlo,16,1,release,8,24,3,false,4127,542,false,Metal,Apple M5 Pro,6
latin_accents,scroll_cycle,softwrap,81,25,9,28000,1268792,45583,Menlo,16,1,release,8,24,3,false,3577,1092,false,Metal,Apple M5 Pro,12
latin_accents,scroll_cycle,softwrap,81,25,10,28625,1244709,46084,Menlo,16,1,release,8,24,3,false,3024,1642,false,Metal,Apple M5 Pro,18
latin_accents,scroll_cycle,softwrap,81,25,11,28042,1243542,45875,Menlo,16,1,release,8,24,3,false,2385,2284,false,Metal,Apple M5 Pro,25
latin_accents,scroll_cycle,softwrap,81,25,12,27500,17750,45458,Menlo,16,1,release,8,24,3,false,3024,1642,false,Metal,Apple M5 Pro,18
latin_accents,scroll_cycle,softwrap,81,25,13,27042,17250,44916,Menlo,16,1,release,8,24,3,false,3577,1092,false,Metal,Apple M5 Pro,12
latin_accents,scroll_cycle,softwrap,81,25,14,26917,17167,45083,Menlo,16,1,release,8,24,3,false,4127,542,false,Metal,Apple M5 Pro,6
latin_accents,scroll_cycle,softwrap,81,25,15,26709,1233709,45125,Menlo,16,1,release,8,24,3,false,4677,0,false,Metal,Apple M5 Pro,0
latin_accents,scroll_cycle,softwrap,81,25,16,28042,1241958,45292,Menlo,16,1,release,8,24,3,false,4127,542,false,Metal,Apple M5 Pro,6
latin_accents,scroll_cycle,softwrap,81,25,17,28042,1251542,45625,Menlo,16,1,release,8,24,3,false,3577,1092,false,Metal,Apple M5 Pro,12
latin_accents,scroll_cycle,softwrap,81,25,18,27875,1283708,45750,Menlo,16,1,release,8,24,3,false,3024,1642,false,Metal,Apple M5 Pro,18
latin_accents,scroll_cycle,softwrap,81,25,19,27917,1271792,46375,Menlo,16,1,release,8,24,3,false,2385,2284,false,Metal,Apple M5 Pro,25
latin_accents,scroll_cycle,softwrap,81,25,20,28708,17708,45959,Menlo,16,1,release,8,24,3,false,3024,1642,false,Metal,Apple M5 Pro,18
latin_accents,scroll_cycle,softwrap,81,25,21,27792,17625,45750,Menlo,16,1,release,8,24,3,false,3577,1092,false,Metal,Apple M5 Pro,12
latin_accents,scroll_cycle,softwrap,81,25,22,27542,17542,46667,Menlo,16,1,release,8,24,3,false,4127,542,false,Metal,Apple M5 Pro,6
latin_accents,scroll_cycle,softwrap,81,25,23,27375,1267875,45000,Menlo,16,1,release,8,24,3,false,4677,0,false,Metal,Apple M5 Pro,0
latin_accents,dense_novel_text,explicit_rows,81,25,0,16084,639042,45250,Menlo,16,1,release,8,24,3,false,0,0,false,Metal,Apple M5 Pro,0
latin_accents,dense_novel_text,explicit_rows,81,25,1,15959,639208,45166,Menlo,16,1,release,8,24,3,false,0,0,false,Metal,Apple M5 Pro,0
latin_accents,dense_novel_text,explicit_rows,81,25,2,15875,640291,45084,Menlo,16,1,release,8,24,3,false,0,0,false,Metal,Apple M5 Pro,0
latin_accents,dense_novel_text,explicit_rows,81,25,3,15792,640750,45209,Menlo,16,1,release,8,24,3,false,0,0,false,Metal,Apple M5 Pro,0
latin_accents,dense_novel_text,explicit_rows,81,25,4,15958,636458,47834,Menlo,16,1,release,8,24,3,false,0,0,false,Metal,Apple M5 Pro,0
latin_accents,dense_novel_text,explicit_rows,81,25,5,15667,654542,45291,Menlo,16,1,release,8,24,3,false,0,0,false,Metal,Apple M5 Pro,0
latin_accents,dense_novel_text,explicit_rows,81,25,6,15792,659417,45041,Menlo,16,1,release,8,24,3,false,0,0,false,Metal,Apple M5 Pro,0
latin_accents,dense_novel_text,explicit_rows,81,25,7,15916,659667,45375,Menlo,16,1,release,8,24,3,false,0,0,false,Metal,Apple M5 Pro,0
latin_accents,dense_novel_text,explicit_rows,81,25,8,15875,638875,44833,Menlo,16,1,release,8,24,3,false,0,0,false,Metal,Apple M5 Pro,0
latin_accents,dense_novel_text,explicit_rows,81,25,9,15667,637334,45000,Menlo,16,1,release,8,24,3,false,0,0,false,Metal,Apple M5 Pro,0
latin_accents,dense_novel_text,explicit_rows,81,25,10,15875,639250,45000,Menlo,16,1,release,8,24,3,false,0,0,false,Metal,Apple M5 Pro,0
latin_accents,dense_novel_text,explicit_rows,81,25,11,15875,639500,45125,Menlo,16,1,release,8,24,3,false,0,0,false,Metal,Apple M5 Pro,0
latin_accents,dense_novel_text,explicit_rows,81,25,12,16250,733375,45250,Menlo,16,1,release,8,24,3,false,0,0,false,Metal,Apple M5 Pro,0
latin_accents,dense_novel_text,explicit_rows,81,25,13,16083,638333,45083,Menlo,16,1,release,8,24,3,false,0,0,false,Metal,Apple M5 Pro,0
latin_accents,dense_novel_text,explicit_rows,81,25,14,15959,672334,45000,Menlo,16,1,release,8,24,3,false,0,0,false,Metal,Apple M5 Pro,0
latin_accents,dense_novel_text,explicit_rows,81,25,15,15833,664250,45042,Menlo,16,1,release,8,24,3,false,0,0,false,Metal,Apple M5 Pro,0
latin_accents,dense_novel_text,explicit_rows,81,25,16,15833,640375,44833,Menlo,16,1,release,8,24,3,false,0,0,false,Metal,Apple M5 Pro,0
latin_accents,dense_novel_text,explicit_rows,81,25,17,15833,638834,44916,Menlo,16,1,release,8,24,3,false,0,0,false,Metal,Apple M5 Pro,0
latin_accents,dense_novel_text,explicit_rows,81,25,18,15917,647916,45084,Menlo,16,1,release,8,24,3,false,0,0,false,Metal,Apple M5 Pro,0
latin_accents,dense_novel_text,explicit_rows,81,25,19,15833,644000,47833,Menlo,16,1,release,8,24,3,false,0,0,false,Metal,Apple M5 Pro,0
latin_accents,dense_novel_text,explicit_rows,81,25,20,15834,635041,44959,Menlo,16,1,release,8,24,3,false,0,0,false,Metal,Apple M5 Pro,0
latin_accents,dense_novel_text,explicit_rows,81,25,21,15875,636125,44458,Menlo,16,1,release,8,24,3,false,0,0,false,Metal,Apple M5 Pro,0
latin_accents,dense_novel_text,explicit_rows,81,25,22,15875,639875,44917,Menlo,16,1,release,8,24,3,false,0,0,false,Metal,Apple M5 Pro,0
latin_accents,dense_novel_text,explicit_rows,81,25,23,15709,638583,44958,Menlo,16,1,release,8,24,3,false,0,0,false,Metal,Apple M5 Pro,0
latin_accents,dense_novel_text,softwrap,81,25,0,27083,1235958,44875,Menlo,16,1,release,8,24,3,false,4677,0,false,Metal,Apple M5 Pro,0
latin_accents,dense_novel_text,softwrap,81,25,1,27166,1222542,44583,Menlo,16,1,release,8,24,3,false,4677,0,false,Metal,Apple M5 Pro,0
latin_accents,dense_novel_text,softwrap,81,25,2,27125,1234041,44042,Menlo,16,1,release,8,24,3,false,4677,0,false,Metal,Apple M5 Pro,0
latin_accents,dense_novel_text,softwrap,81,25,3,27000,1255125,44375,Menlo,16,1,release,8,24,3,false,4677,0,false,Metal,Apple M5 Pro,0
latin_accents,dense_novel_text,softwrap,81,25,4,27041,1236167,44375,Menlo,16,1,release,8,24,3,false,4677,0,false,Metal,Apple M5 Pro,0
latin_accents,dense_novel_text,softwrap,81,25,5,26875,1248792,47375,Menlo,16,1,release,8,24,3,false,4677,0,false,Metal,Apple M5 Pro,0
latin_accents,dense_novel_text,softwrap,81,25,6,27000,1269208,44084,Menlo,16,1,release,8,24,3,false,4677,0,false,Metal,Apple M5 Pro,0
latin_accents,dense_novel_text,softwrap,81,25,7,27209,1239083,44292,Menlo,16,1,release,8,24,3,false,4677,0,false,Metal,Apple M5 Pro,0
latin_accents,dense_novel_text,softwrap,81,25,8,27000,1236792,44583,Menlo,16,1,release,8,24,3,false,4677,0,false,Metal,Apple M5 Pro,0
latin_accents,dense_novel_text,softwrap,81,25,9,27625,1265417,47333,Menlo,16,1,release,8,24,3,false,4677,0,false,Metal,Apple M5 Pro,0
latin_accents,dense_novel_text,softwrap,81,25,10,27208,1256500,44541,Menlo,16,1,release,8,24,3,false,4677,0,false,Metal,Apple M5 Pro,0
latin_accents,dense_novel_text,softwrap,81,25,11,27125,1232000,44500,Menlo,16,1,release,8,24,3,false,4677,0,false,Metal,Apple M5 Pro,0
latin_accents,dense_novel_text,softwrap,81,25,12,27250,1234000,44167,Menlo,16,1,release,8,24,3,false,4677,0,false,Metal,Apple M5 Pro,0
latin_accents,dense_novel_text,softwrap,81,25,13,27000,1257709,43958,Menlo,16,1,release,8,24,3,false,4677,0,false,Metal,Apple M5 Pro,0
latin_accents,dense_novel_text,softwrap,81,25,14,28000,1240792,44208,Menlo,16,1,release,8,24,3,false,4677,0,false,Metal,Apple M5 Pro,0
latin_accents,dense_novel_text,softwrap,81,25,15,27459,1235916,43500,Menlo,16,1,release,8,24,3,false,4677,0,false,Metal,Apple M5 Pro,0
latin_accents,dense_novel_text,softwrap,81,25,16,27458,1235792,51750,Menlo,16,1,release,8,24,3,false,4677,0,false,Metal,Apple M5 Pro,0
latin_accents,dense_novel_text,softwrap,81,25,17,27334,1244917,43917,Menlo,16,1,release,8,24,3,false,4677,0,false,Metal,Apple M5 Pro,0
latin_accents,dense_novel_text,softwrap,81,25,18,26833,1232833,43750,Menlo,16,1,release,8,24,3,false,4677,0,false,Metal,Apple M5 Pro,0
latin_accents,dense_novel_text,softwrap,81,25,19,27041,1227417,44166,Menlo,16,1,release,8,24,3,false,4677,0,false,Metal,Apple M5 Pro,0
latin_accents,dense_novel_text,softwrap,81,25,20,26917,1255291,44250,Menlo,16,1,release,8,24,3,false,4677,0,false,Metal,Apple M5 Pro,0
latin_accents,dense_novel_text,softwrap,81,25,21,27667,1246875,44375,Menlo,16,1,release,8,24,3,false,4677,0,false,Metal,Apple M5 Pro,0
latin_accents,dense_novel_text,softwrap,81,25,22,27208,1232959,43916,Menlo,16,1,release,8,24,3,false,4677,0,false,Metal,Apple M5 Pro,0
latin_accents,dense_novel_text,softwrap,81,25,23,26916,1230750,44209,Menlo,16,1,release,8,24,3,false,4677,0,false,Metal,Apple M5 Pro,0
cyrillic,sparse_novel_counter,explicit_rows,81,25,0,15333,40292,1792,Menlo,16,1,release,8,24,3,false,0,0,false,Metal,Apple M5 Pro,0
cyrillic,sparse_novel_counter,explicit_rows,81,25,1,15417,41125,1875,Menlo,16,1,release,8,24,3,false,0,0,false,Metal,Apple M5 Pro,0
cyrillic,sparse_novel_counter,explicit_rows,81,25,2,15417,40417,1834,Menlo,16,1,release,8,24,3,false,0,0,false,Metal,Apple M5 Pro,0
cyrillic,sparse_novel_counter,explicit_rows,81,25,3,15250,40500,1792,Menlo,16,1,release,8,24,3,false,0,0,false,Metal,Apple M5 Pro,0
cyrillic,sparse_novel_counter,explicit_rows,81,25,4,15208,40542,1791,Menlo,16,1,release,8,24,3,false,0,0,false,Metal,Apple M5 Pro,0
cyrillic,sparse_novel_counter,explicit_rows,81,25,5,15208,40417,1833,Menlo,16,1,release,8,24,3,false,0,0,false,Metal,Apple M5 Pro,0
cyrillic,sparse_novel_counter,explicit_rows,81,25,6,15208,41084,1916,Menlo,16,1,release,8,24,3,false,0,0,false,Metal,Apple M5 Pro,0
cyrillic,sparse_novel_counter,explicit_rows,81,25,7,15167,40958,1916,Menlo,16,1,release,8,24,3,false,0,0,false,Metal,Apple M5 Pro,0
cyrillic,sparse_novel_counter,explicit_rows,81,25,8,15333,40417,1916,Menlo,16,1,release,8,24,3,false,0,0,false,Metal,Apple M5 Pro,0
cyrillic,sparse_novel_counter,explicit_rows,81,25,9,15375,40375,1834,Menlo,16,1,release,8,24,3,false,0,0,false,Metal,Apple M5 Pro,0
cyrillic,sparse_novel_counter,explicit_rows,81,25,10,15250,40500,1791,Menlo,16,1,release,8,24,3,false,0,0,false,Metal,Apple M5 Pro,0
cyrillic,sparse_novel_counter,explicit_rows,81,25,11,15542,40584,1792,Menlo,16,1,release,8,24,3,false,0,0,false,Metal,Apple M5 Pro,0
cyrillic,sparse_novel_counter,explicit_rows,81,25,12,15292,40958,1792,Menlo,16,1,release,8,24,3,false,0,0,false,Metal,Apple M5 Pro,0
cyrillic,sparse_novel_counter,explicit_rows,81,25,13,15541,54417,1791,Menlo,16,1,release,8,24,3,false,0,0,false,Metal,Apple M5 Pro,0
cyrillic,sparse_novel_counter,explicit_rows,81,25,14,15333,40250,1792,Menlo,16,1,release,8,24,3,false,0,0,false,Metal,Apple M5 Pro,0
cyrillic,sparse_novel_counter,explicit_rows,81,25,15,15292,41208,1833,Menlo,16,1,release,8,24,3,false,0,0,false,Metal,Apple M5 Pro,0
cyrillic,sparse_novel_counter,explicit_rows,81,25,16,15250,40375,1792,Menlo,16,1,release,8,24,3,false,0,0,false,Metal,Apple M5 Pro,0
cyrillic,sparse_novel_counter,explicit_rows,81,25,17,15291,40584,1792,Menlo,16,1,release,8,24,3,false,0,0,false,Metal,Apple M5 Pro,0
cyrillic,sparse_novel_counter,explicit_rows,81,25,18,15167,39959,1833,Menlo,16,1,release,8,24,3,false,0,0,false,Metal,Apple M5 Pro,0
cyrillic,sparse_novel_counter,explicit_rows,81,25,19,15375,40875,1791,Menlo,16,1,release,8,24,3,false,0,0,false,Metal,Apple M5 Pro,0
cyrillic,sparse_novel_counter,explicit_rows,81,25,20,15250,40791,1834,Menlo,16,1,release,8,24,3,false,0,0,false,Metal,Apple M5 Pro,0
cyrillic,sparse_novel_counter,explicit_rows,81,25,21,15334,40666,1792,Menlo,16,1,release,8,24,3,false,0,0,false,Metal,Apple M5 Pro,0
cyrillic,sparse_novel_counter,explicit_rows,81,25,22,15166,40875,1791,Menlo,16,1,release,8,24,3,false,0,0,false,Metal,Apple M5 Pro,0
cyrillic,sparse_novel_counter,explicit_rows,81,25,23,15417,40334,1792,Menlo,16,1,release,8,24,3,false,0,0,false,Metal,Apple M5 Pro,0
cyrillic,sparse_novel_counter,softwrap,81,25,0,29000,1197834,43292,Menlo,16,1,release,8,24,3,false,6756,0,false,Metal,Apple M5 Pro,0
cyrillic,sparse_novel_counter,softwrap,81,25,1,28334,1175916,43084,Menlo,16,1,release,8,24,3,false,6756,0,false,Metal,Apple M5 Pro,0
cyrillic,sparse_novel_counter,softwrap,81,25,2,27417,1171916,46167,Menlo,16,1,release,8,24,3,false,6756,0,false,Metal,Apple M5 Pro,0
cyrillic,sparse_novel_counter,softwrap,81,25,3,27375,1165208,42917,Menlo,16,1,release,8,24,3,false,6756,0,false,Metal,Apple M5 Pro,0
cyrillic,sparse_novel_counter,softwrap,81,25,4,27167,1157833,42917,Menlo,16,1,release,8,24,3,false,6756,0,false,Metal,Apple M5 Pro,0
cyrillic,sparse_novel_counter,softwrap,81,25,5,26667,1161625,41917,Menlo,16,1,release,8,24,3,false,6756,0,false,Metal,Apple M5 Pro,0
cyrillic,sparse_novel_counter,softwrap,81,25,6,26750,1164791,43333,Menlo,16,1,release,8,24,3,false,6756,0,false,Metal,Apple M5 Pro,0
cyrillic,sparse_novel_counter,softwrap,81,25,7,26583,1200791,45208,Menlo,16,1,release,8,24,3,false,6756,0,false,Metal,Apple M5 Pro,0
cyrillic,sparse_novel_counter,softwrap,81,25,8,28875,1204917,43125,Menlo,16,1,release,8,24,3,false,6756,0,false,Metal,Apple M5 Pro,0
cyrillic,sparse_novel_counter,softwrap,81,25,9,27708,1171500,42958,Menlo,16,1,release,8,24,3,false,6756,0,false,Metal,Apple M5 Pro,0
cyrillic,sparse_novel_counter,softwrap,81,25,10,26667,1161084,43167,Menlo,16,1,release,8,24,3,false,6756,0,false,Metal,Apple M5 Pro,0
cyrillic,sparse_novel_counter,softwrap,81,25,11,27125,1162291,42042,Menlo,16,1,release,8,24,3,false,6756,0,false,Metal,Apple M5 Pro,0
cyrillic,sparse_novel_counter,softwrap,81,25,12,26959,1163959,43125,Menlo,16,1,release,8,24,3,false,6756,0,false,Metal,Apple M5 Pro,0
cyrillic,sparse_novel_counter,softwrap,81,25,13,26875,1165000,42916,Menlo,16,1,release,8,24,3,false,6756,0,false,Metal,Apple M5 Pro,0
cyrillic,sparse_novel_counter,softwrap,81,25,14,26584,1198875,42708,Menlo,16,1,release,8,24,3,false,6756,0,false,Metal,Apple M5 Pro,0
cyrillic,sparse_novel_counter,softwrap,81,25,15,26792,1196750,41291,Menlo,16,1,release,8,24,3,false,6756,0,false,Metal,Apple M5 Pro,0
cyrillic,sparse_novel_counter,softwrap,81,25,16,29625,1177375,43084,Menlo,16,1,release,8,24,3,false,6756,0,false,Metal,Apple M5 Pro,0
cyrillic,sparse_novel_counter,softwrap,81,25,17,28292,1187917,42583,Menlo,16,1,release,8,24,3,false,6756,0,false,Metal,Apple M5 Pro,0
cyrillic,sparse_novel_counter,softwrap,81,25,18,27708,1173833,42875,Menlo,16,1,release,8,24,3,false,6756,0,false,Metal,Apple M5 Pro,0
cyrillic,sparse_novel_counter,softwrap,81,25,19,26917,1160542,43041,Menlo,16,1,release,8,24,3,false,6756,0,false,Metal,Apple M5 Pro,0
cyrillic,sparse_novel_counter,softwrap,81,25,20,26958,1192125,43042,Menlo,16,1,release,8,24,3,false,6756,0,false,Metal,Apple M5 Pro,0
cyrillic,sparse_novel_counter,softwrap,81,25,21,27209,1171333,43000,Menlo,16,1,release,8,24,3,false,6756,0,false,Metal,Apple M5 Pro,0
cyrillic,sparse_novel_counter,softwrap,81,25,22,26833,1192542,42917,Menlo,16,1,release,8,24,3,false,6756,0,false,Metal,Apple M5 Pro,0
cyrillic,sparse_novel_counter,softwrap,81,25,23,47750,1166292,43000,Menlo,16,1,release,8,24,3,false,6756,0,false,Metal,Apple M5 Pro,0
cyrillic,scroll_cycle,explicit_rows,81,25,0,15791,16584,42667,Menlo,16,1,release,8,24,3,false,0,0,false,Metal,Apple M5 Pro,6
cyrillic,scroll_cycle,explicit_rows,81,25,1,15500,16291,40542,Menlo,16,1,release,8,24,3,false,0,0,false,Metal,Apple M5 Pro,12
cyrillic,scroll_cycle,explicit_rows,81,25,2,15416,16125,40584,Menlo,16,1,release,8,24,3,false,0,0,false,Metal,Apple M5 Pro,18
cyrillic,scroll_cycle,explicit_rows,81,25,3,15625,16166,40167,Menlo,16,1,release,8,24,3,false,0,0,false,Metal,Apple M5 Pro,25
cyrillic,scroll_cycle,explicit_rows,81,25,4,15500,22250,40208,Menlo,16,1,release,8,24,3,false,0,0,false,Metal,Apple M5 Pro,18
cyrillic,scroll_cycle,explicit_rows,81,25,5,15666,16709,40333,Menlo,16,1,release,8,24,3,false,0,0,false,Metal,Apple M5 Pro,12
cyrillic,scroll_cycle,explicit_rows,81,25,6,15375,16250,40500,Menlo,16,1,release,8,24,3,false,0,0,false,Metal,Apple M5 Pro,6
cyrillic,scroll_cycle,explicit_rows,81,25,7,15417,16041,40542,Menlo,16,1,release,8,24,3,false,0,0,false,Metal,Apple M5 Pro,0
cyrillic,scroll_cycle,explicit_rows,81,25,8,15250,16209,40459,Menlo,16,1,release,8,24,3,false,0,0,false,Metal,Apple M5 Pro,6
cyrillic,scroll_cycle,explicit_rows,81,25,9,15333,15917,40333,Menlo,16,1,release,8,24,3,false,0,0,false,Metal,Apple M5 Pro,12
cyrillic,scroll_cycle,explicit_rows,81,25,10,15292,15958,40208,Menlo,16,1,release,8,24,3,false,0,0,false,Metal,Apple M5 Pro,18
cyrillic,scroll_cycle,explicit_rows,81,25,11,15208,15750,40166,Menlo,16,1,release,8,24,3,false,0,0,false,Metal,Apple M5 Pro,25
cyrillic,scroll_cycle,explicit_rows,81,25,12,15667,16125,40208,Menlo,16,1,release,8,24,3,false,0,0,false,Metal,Apple M5 Pro,18
cyrillic,scroll_cycle,explicit_rows,81,25,13,20834,16125,40334,Menlo,16,1,release,8,24,3,false,0,0,false,Metal,Apple M5 Pro,12
cyrillic,scroll_cycle,explicit_rows,81,25,14,15750,16000,40709,Menlo,16,1,release,8,24,3,false,0,0,false,Metal,Apple M5 Pro,6
cyrillic,scroll_cycle,explicit_rows,81,25,15,15209,16083,40500,Menlo,16,1,release,8,24,3,false,0,0,false,Metal,Apple M5 Pro,0
cyrillic,scroll_cycle,explicit_rows,81,25,16,15583,15875,51792,Menlo,16,1,release,8,24,3,false,0,0,false,Metal,Apple M5 Pro,6
cyrillic,scroll_cycle,explicit_rows,81,25,17,15291,16500,40208,Menlo,16,1,release,8,24,3,false,0,0,false,Metal,Apple M5 Pro,12
cyrillic,scroll_cycle,explicit_rows,81,25,18,15125,16334,40167,Menlo,16,1,release,8,24,3,false,0,0,false,Metal,Apple M5 Pro,18
cyrillic,scroll_cycle,explicit_rows,81,25,19,15334,15875,51209,Menlo,16,1,release,8,24,3,false,0,0,false,Metal,Apple M5 Pro,25
cyrillic,scroll_cycle,explicit_rows,81,25,20,15375,15958,40084,Menlo,16,1,release,8,24,3,false,0,0,false,Metal,Apple M5 Pro,18
cyrillic,scroll_cycle,explicit_rows,81,25,21,15333,15958,40000,Menlo,16,1,release,8,24,3,false,0,0,false,Metal,Apple M5 Pro,12
cyrillic,scroll_cycle,explicit_rows,81,25,22,15333,15917,40375,Menlo,16,1,release,8,24,3,false,0,0,false,Metal,Apple M5 Pro,6
cyrillic,scroll_cycle,explicit_rows,81,25,23,15375,16083,40542,Menlo,16,1,release,8,24,3,false,0,0,false,Metal,Apple M5 Pro,0
cyrillic,scroll_cycle,softwrap,81,25,0,27209,1168000,44500,Menlo,16,1,release,8,24,3,false,5960,766,false,Metal,Apple M5 Pro,6
cyrillic,scroll_cycle,softwrap,81,25,1,27709,1166000,44416,Menlo,16,1,release,8,24,3,false,5167,1563,false,Metal,Apple M5 Pro,12
cyrillic,scroll_cycle,softwrap,81,25,2,28042,1176083,44375,Menlo,16,1,release,8,24,3,false,4373,2356,false,Metal,Apple M5 Pro,18
cyrillic,scroll_cycle,softwrap,81,25,3,29167,1173500,44417,Menlo,16,1,release,8,24,3,false,3442,3285,false,Metal,Apple M5 Pro,25
cyrillic,scroll_cycle,softwrap,81,25,4,27959,17541,43625,Menlo,16,1,release,8,24,3,false,4373,2356,false,Metal,Apple M5 Pro,18
cyrillic,scroll_cycle,softwrap,81,25,5,27084,17334,42791,Menlo,16,1,release,8,24,3,false,5167,1563,false,Metal,Apple M5 Pro,12
cyrillic,scroll_cycle,softwrap,81,25,6,26625,17834,42084,Menlo,16,1,release,8,24,3,false,5960,766,false,Metal,Apple M5 Pro,6
cyrillic,scroll_cycle,softwrap,81,25,7,26334,1202875,44292,Menlo,16,1,release,8,24,3,false,6756,0,false,Metal,Apple M5 Pro,0
cyrillic,scroll_cycle,softwrap,81,25,8,27917,1187209,47042,Menlo,16,1,release,8,24,3,false,5960,766,false,Metal,Apple M5 Pro,6
cyrillic,scroll_cycle,softwrap,81,25,9,27791,1191708,44125,Menlo,16,1,release,8,24,3,false,5167,1563,false,Metal,Apple M5 Pro,12
cyrillic,scroll_cycle,softwrap,81,25,10,28709,1172000,43916,Menlo,16,1,release,8,24,3,false,4373,2356,false,Metal,Apple M5 Pro,18
cyrillic,scroll_cycle,softwrap,81,25,11,28667,1170583,44125,Menlo,16,1,release,8,24,3,false,3442,3285,false,Metal,Apple M5 Pro,25
cyrillic,scroll_cycle,softwrap,81,25,12,27958,17375,44208,Menlo,16,1,release,8,24,3,false,4373,2356,false,Metal,Apple M5 Pro,18
cyrillic,scroll_cycle,softwrap,81,25,13,27416,17125,47209,Menlo,16,1,release,8,24,3,false,5167,1563,false,Metal,Apple M5 Pro,12
cyrillic,scroll_cycle,softwrap,81,25,14,29750,17542,43208,Menlo,16,1,release,8,24,3,false,5960,766,false,Metal,Apple M5 Pro,6
cyrillic,scroll_cycle,softwrap,81,25,15,26500,1159708,44125,Menlo,16,1,release,8,24,3,false,6756,0,false,Metal,Apple M5 Pro,0
cyrillic,scroll_cycle,softwrap,81,25,16,27584,1206709,44416,Menlo,16,1,release,8,24,3,false,5960,766,false,Metal,Apple M5 Pro,6
cyrillic,scroll_cycle,softwrap,81,25,17,34791,1213792,47291,Menlo,16,1,release,8,24,3,false,5167,1563,false,Metal,Apple M5 Pro,12
cyrillic,scroll_cycle,softwrap,81,25,18,28834,1178459,44125,Menlo,16,1,release,8,24,3,false,4373,2356,false,Metal,Apple M5 Pro,18
cyrillic,scroll_cycle,softwrap,81,25,19,28833,1159458,44292,Menlo,16,1,release,8,24,3,false,3442,3285,false,Metal,Apple M5 Pro,25
cyrillic,scroll_cycle,softwrap,81,25,20,27875,17625,43416,Menlo,16,1,release,8,24,3,false,4373,2356,false,Metal,Apple M5 Pro,18
cyrillic,scroll_cycle,softwrap,81,25,21,27584,17500,42625,Menlo,16,1,release,8,24,3,false,5167,1563,false,Metal,Apple M5 Pro,12
cyrillic,scroll_cycle,softwrap,81,25,22,26875,17375,42125,Menlo,16,1,release,8,24,3,false,5960,766,false,Metal,Apple M5 Pro,6
cyrillic,scroll_cycle,softwrap,81,25,23,26500,1167625,44250,Menlo,16,1,release,8,24,3,false,6756,0,false,Metal,Apple M5 Pro,0
cyrillic,dense_novel_text,explicit_rows,81,25,0,15417,609500,42666,Menlo,16,1,release,8,24,3,false,0,0,false,Metal,Apple M5 Pro,0
cyrillic,dense_novel_text,explicit_rows,81,25,1,15250,613542,42792,Menlo,16,1,release,8,24,3,false,0,0,false,Metal,Apple M5 Pro,0
cyrillic,dense_novel_text,explicit_rows,81,25,2,15541,610125,42584,Menlo,16,1,release,8,24,3,false,0,0,false,Metal,Apple M5 Pro,0
cyrillic,dense_novel_text,explicit_rows,81,25,3,15375,612417,42666,Menlo,16,1,release,8,24,3,false,0,0,false,Metal,Apple M5 Pro,0
cyrillic,dense_novel_text,explicit_rows,81,25,4,15334,611166,42709,Menlo,16,1,release,8,24,3,false,0,0,false,Metal,Apple M5 Pro,0
cyrillic,dense_novel_text,explicit_rows,81,25,5,15458,610167,42667,Menlo,16,1,release,8,24,3,false,0,0,false,Metal,Apple M5 Pro,0
cyrillic,dense_novel_text,explicit_rows,81,25,6,15625,611208,42833,Menlo,16,1,release,8,24,3,false,0,0,false,Metal,Apple M5 Pro,0
cyrillic,dense_novel_text,explicit_rows,81,25,7,15375,610041,42500,Menlo,16,1,release,8,24,3,false,0,0,false,Metal,Apple M5 Pro,0
cyrillic,dense_novel_text,explicit_rows,81,25,8,15459,611542,42791,Menlo,16,1,release,8,24,3,false,0,0,false,Metal,Apple M5 Pro,0
cyrillic,dense_novel_text,explicit_rows,81,25,9,15375,614292,41875,Menlo,16,1,release,8,24,3,false,0,0,false,Metal,Apple M5 Pro,0
cyrillic,dense_novel_text,explicit_rows,81,25,10,32750,637625,51625,Menlo,16,1,release,8,24,3,false,0,0,false,Metal,Apple M5 Pro,0
cyrillic,dense_novel_text,explicit_rows,81,25,11,15375,712542,42958,Menlo,16,1,release,8,24,3,false,0,0,false,Metal,Apple M5 Pro,0
cyrillic,dense_novel_text,explicit_rows,81,25,12,15667,612750,43000,Menlo,16,1,release,8,24,3,false,0,0,false,Metal,Apple M5 Pro,0
cyrillic,dense_novel_text,explicit_rows,81,25,13,15458,634000,42833,Menlo,16,1,release,8,24,3,false,0,0,false,Metal,Apple M5 Pro,0
cyrillic,dense_novel_text,explicit_rows,81,25,14,15708,628500,43000,Menlo,16,1,release,8,24,3,false,0,0,false,Metal,Apple M5 Pro,0
cyrillic,dense_novel_text,explicit_rows,81,25,15,15375,613583,42750,Menlo,16,1,release,8,24,3,false,0,0,false,Metal,Apple M5 Pro,0
cyrillic,dense_novel_text,explicit_rows,81,25,16,15334,609291,42667,Menlo,16,1,release,8,24,3,false,0,0,false,Metal,Apple M5 Pro,0
cyrillic,dense_novel_text,explicit_rows,81,25,17,15334,610041,42542,Menlo,16,1,release,8,24,3,false,0,0,false,Metal,Apple M5 Pro,0
cyrillic,dense_novel_text,explicit_rows,81,25,18,15292,611250,42541,Menlo,16,1,release,8,24,3,false,0,0,false,Metal,Apple M5 Pro,0
cyrillic,dense_novel_text,explicit_rows,81,25,19,15458,619208,42750,Menlo,16,1,release,8,24,3,false,0,0,false,Metal,Apple M5 Pro,0
cyrillic,dense_novel_text,explicit_rows,81,25,20,15291,610792,42542,Menlo,16,1,release,8,24,3,false,0,0,false,Metal,Apple M5 Pro,0
cyrillic,dense_novel_text,explicit_rows,81,25,21,15459,610083,42416,Menlo,16,1,release,8,24,3,false,0,0,false,Metal,Apple M5 Pro,0
cyrillic,dense_novel_text,explicit_rows,81,25,22,15375,610083,64292,Menlo,16,1,release,8,24,3,false,0,0,false,Metal,Apple M5 Pro,0
cyrillic,dense_novel_text,explicit_rows,81,25,23,15834,619625,42584,Menlo,16,1,release,8,24,3,false,0,0,false,Metal,Apple M5 Pro,0
cyrillic,dense_novel_text,softwrap,81,25,0,26333,1158333,43000,Menlo,16,1,release,8,24,3,false,6756,0,false,Metal,Apple M5 Pro,0
cyrillic,dense_novel_text,softwrap,81,25,1,26584,1174791,43209,Menlo,16,1,release,8,24,3,false,6756,0,false,Metal,Apple M5 Pro,0
cyrillic,dense_novel_text,softwrap,81,25,2,26250,1163833,44416,Menlo,16,1,release,8,24,3,false,6756,0,false,Metal,Apple M5 Pro,0
cyrillic,dense_novel_text,softwrap,81,25,3,26875,1160042,42916,Menlo,16,1,release,8,24,3,false,6756,0,false,Metal,Apple M5 Pro,0
cyrillic,dense_novel_text,softwrap,81,25,4,26458,1165292,45916,Menlo,16,1,release,8,24,3,false,6756,0,false,Metal,Apple M5 Pro,0
cyrillic,dense_novel_text,softwrap,81,25,5,26708,1172709,43208,Menlo,16,1,release,8,24,3,false,6756,0,false,Metal,Apple M5 Pro,0
cyrillic,dense_novel_text,softwrap,81,25,6,31291,1169958,43209,Menlo,16,1,release,8,24,3,false,6756,0,false,Metal,Apple M5 Pro,0
cyrillic,dense_novel_text,softwrap,81,25,7,27417,1145875,43167,Menlo,16,1,release,8,24,3,false,6756,0,false,Metal,Apple M5 Pro,0
cyrillic,dense_novel_text,softwrap,81,25,8,27000,1142583,43209,Menlo,16,1,release,8,24,3,false,6756,0,false,Metal,Apple M5 Pro,0
cyrillic,dense_novel_text,softwrap,81,25,9,27167,1157000,43083,Menlo,16,1,release,8,24,3,false,6756,0,false,Metal,Apple M5 Pro,0
cyrillic,dense_novel_text,softwrap,81,25,10,26667,1180167,43167,Menlo,16,1,release,8,24,3,false,6756,0,false,Metal,Apple M5 Pro,0
cyrillic,dense_novel_text,softwrap,81,25,11,26875,1158167,43375,Menlo,16,1,release,8,24,3,false,6756,0,false,Metal,Apple M5 Pro,0
cyrillic,dense_novel_text,softwrap,81,25,12,26750,1148625,43250,Menlo,16,1,release,8,24,3,false,6756,0,false,Metal,Apple M5 Pro,0
cyrillic,dense_novel_text,softwrap,81,25,13,26792,1174375,43084,Menlo,16,1,release,8,24,3,false,6756,0,false,Metal,Apple M5 Pro,0
cyrillic,dense_novel_text,softwrap,81,25,14,28375,1159125,43292,Menlo,16,1,release,8,24,3,false,6756,0,false,Metal,Apple M5 Pro,0
cyrillic,dense_novel_text,softwrap,81,25,15,27250,1155375,43208,Menlo,16,1,release,8,24,3,false,6756,0,false,Metal,Apple M5 Pro,0
cyrillic,dense_novel_text,softwrap,81,25,16,27042,1164208,42542,Menlo,16,1,release,8,24,3,false,6756,0,false,Metal,Apple M5 Pro,0
cyrillic,dense_novel_text,softwrap,81,25,17,26667,1157792,43209,Menlo,16,1,release,8,24,3,false,6756,0,false,Metal,Apple M5 Pro,0
cyrillic,dense_novel_text,softwrap,81,25,18,26458,1160625,43000,Menlo,16,1,release,8,24,3,false,6756,0,false,Metal,Apple M5 Pro,0
cyrillic,dense_novel_text,softwrap,81,25,19,26291,1158500,46250,Menlo,16,1,release,8,24,3,false,6756,0,false,Metal,Apple M5 Pro,0
cyrillic,dense_novel_text,softwrap,81,25,20,26500,1154333,43333,Menlo,16,1,release,8,24,3,false,6756,0,false,Metal,Apple M5 Pro,0
cyrillic,dense_novel_text,softwrap,81,25,21,27042,1176041,43084,Menlo,16,1,release,8,24,3,false,6756,0,false,Metal,Apple M5 Pro,0
cyrillic,dense_novel_text,softwrap,81,25,22,26833,1165542,43459,Menlo,16,1,release,8,24,3,false,6756,0,false,Metal,Apple M5 Pro,0
cyrillic,dense_novel_text,softwrap,81,25,23,26708,1163958,43250,Menlo,16,1,release,8,24,3,false,6756,0,false,Metal,Apple M5 Pro,0
cjk,sparse_novel_counter,explicit_rows,81,25,0,15833,107792,1208,Menlo,16,1,release,8,24,3,false,0,0,false,Metal,Apple M5 Pro,0
cjk,sparse_novel_counter,explicit_rows,81,25,1,15708,107417,1250,Menlo,16,1,release,8,24,3,false,0,0,false,Metal,Apple M5 Pro,0
cjk,sparse_novel_counter,explicit_rows,81,25,2,15917,107000,1250,Menlo,16,1,release,8,24,3,false,0,0,false,Metal,Apple M5 Pro,0
cjk,sparse_novel_counter,explicit_rows,81,25,3,15958,106834,1250,Menlo,16,1,release,8,24,3,false,0,0,false,Metal,Apple M5 Pro,0
cjk,sparse_novel_counter,explicit_rows,81,25,4,15625,106375,1209,Menlo,16,1,release,8,24,3,false,0,0,false,Metal,Apple M5 Pro,0
cjk,sparse_novel_counter,explicit_rows,81,25,5,15833,106958,1250,Menlo,16,1,release,8,24,3,false,0,0,false,Metal,Apple M5 Pro,0
cjk,sparse_novel_counter,explicit_rows,81,25,6,15500,107208,1208,Menlo,16,1,release,8,24,3,false,0,0,false,Metal,Apple M5 Pro,0
cjk,sparse_novel_counter,explicit_rows,81,25,7,15375,107291,1208,Menlo,16,1,release,8,24,3,false,0,0,false,Metal,Apple M5 Pro,0
cjk,sparse_novel_counter,explicit_rows,81,25,8,15625,133625,1334,Menlo,16,1,release,8,24,3,false,0,0,false,Metal,Apple M5 Pro,0
cjk,sparse_novel_counter,explicit_rows,81,25,9,15834,119042,1250,Menlo,16,1,release,8,24,3,false,0,0,false,Metal,Apple M5 Pro,0
cjk,sparse_novel_counter,explicit_rows,81,25,10,15417,114125,1250,Menlo,16,1,release,8,24,3,false,0,0,false,Metal,Apple M5 Pro,0
cjk,sparse_novel_counter,explicit_rows,81,25,11,15625,106791,1250,Menlo,16,1,release,8,24,3,false,0,0,false,Metal,Apple M5 Pro,0
cjk,sparse_novel_counter,explicit_rows,81,25,12,15625,106667,1208,Menlo,16,1,release,8,24,3,false,0,0,false,Metal,Apple M5 Pro,0
cjk,sparse_novel_counter,explicit_rows,81,25,13,15458,106542,1250,Menlo,16,1,release,8,24,3,false,0,0,false,Metal,Apple M5 Pro,0
cjk,sparse_novel_counter,explicit_rows,81,25,14,15500,106500,1250,Menlo,16,1,release,8,24,3,false,0,0,false,Metal,Apple M5 Pro,0
cjk,sparse_novel_counter,explicit_rows,81,25,15,15458,106792,1209,Menlo,16,1,release,8,24,3,false,0,0,false,Metal,Apple M5 Pro,0
cjk,sparse_novel_counter,explicit_rows,81,25,16,15375,106208,1292,Menlo,16,1,release,8,24,3,false,0,0,false,Metal,Apple M5 Pro,0
cjk,sparse_novel_counter,explicit_rows,81,25,17,15500,105916,1292,Menlo,16,1,release,8,24,3,false,0,0,false,Metal,Apple M5 Pro,0
cjk,sparse_novel_counter,explicit_rows,81,25,18,15416,105709,1250,Menlo,16,1,release,8,24,3,false,0,0,false,Metal,Apple M5 Pro,0
cjk,sparse_novel_counter,explicit_rows,81,25,19,15541,105834,1250,Menlo,16,1,release,8,24,3,false,0,0,false,Metal,Apple M5 Pro,0
cjk,sparse_novel_counter,explicit_rows,81,25,20,15542,106333,1208,Menlo,16,1,release,8,24,3,false,0,0,false,Metal,Apple M5 Pro,0
cjk,sparse_novel_counter,explicit_rows,81,25,21,15625,106291,1209,Menlo,16,1,release,8,24,3,false,0,0,false,Metal,Apple M5 Pro,0
cjk,sparse_novel_counter,explicit_rows,81,25,22,15666,106625,1166,Menlo,16,1,release,8,24,3,false,0,0,false,Metal,Apple M5 Pro,0
cjk,sparse_novel_counter,explicit_rows,81,25,23,15458,107375,1250,Menlo,16,1,release,8,24,3,false,0,0,false,Metal,Apple M5 Pro,0
cjk,sparse_novel_counter,softwrap,81,25,0,24959,6027542,26500,Menlo,16,1,release,8,24,3,false,5641,0,false,Metal,Apple M5 Pro,0
cjk,sparse_novel_counter,softwrap,81,25,1,24542,6060791,26500,Menlo,16,1,release,8,24,3,false,5641,0,false,Metal,Apple M5 Pro,0
cjk,sparse_novel_counter,softwrap,81,25,2,23917,6060000,26416,Menlo,16,1,release,8,24,3,false,5641,0,false,Metal,Apple M5 Pro,0
cjk,sparse_novel_counter,softwrap,81,25,3,25000,6050042,26416,Menlo,16,1,release,8,24,3,false,5641,0,false,Metal,Apple M5 Pro,0
cjk,sparse_novel_counter,softwrap,81,25,4,24250,6077459,26542,Menlo,16,1,release,8,24,3,false,5641,0,false,Metal,Apple M5 Pro,0
cjk,sparse_novel_counter,softwrap,81,25,5,23709,5987666,26458,Menlo,16,1,release,8,24,3,false,5641,0,false,Metal,Apple M5 Pro,0
cjk,sparse_novel_counter,softwrap,81,25,6,23542,5747000,26500,Menlo,16,1,release,8,24,3,false,5641,0,false,Metal,Apple M5 Pro,0
cjk,sparse_novel_counter,softwrap,81,25,7,23542,5723333,26417,Menlo,16,1,release,8,24,3,false,5641,0,false,Metal,Apple M5 Pro,0
cjk,sparse_novel_counter,softwrap,81,25,8,23542,6017708,26416,Menlo,16,1,release,8,24,3,false,5641,0,false,Metal,Apple M5 Pro,0
cjk,sparse_novel_counter,softwrap,81,25,9,23583,6035709,26541,Menlo,16,1,release,8,24,3,false,5641,0,false,Metal,Apple M5 Pro,0
cjk,sparse_novel_counter,softwrap,81,25,10,23542,5997125,26375,Menlo,16,1,release,8,24,3,false,5641,0,false,Metal,Apple M5 Pro,0
cjk,sparse_novel_counter,softwrap,81,25,11,23125,6028875,25625,Menlo,16,1,release,8,24,3,false,5641,0,false,Metal,Apple M5 Pro,0
cjk,sparse_novel_counter,softwrap,81,25,12,23542,6045791,25750,Menlo,16,1,release,8,24,3,false,5641,0,false,Metal,Apple M5 Pro,0
cjk,sparse_novel_counter,softwrap,81,25,13,23333,6027583,25583,Menlo,16,1,release,8,24,3,false,5641,0,false,Metal,Apple M5 Pro,0
cjk,sparse_novel_counter,softwrap,81,25,14,23584,6014541,26042,Menlo,16,1,release,8,24,3,false,5641,0,false,Metal,Apple M5 Pro,0
cjk,sparse_novel_counter,softwrap,81,25,15,23292,6000084,26416,Menlo,16,1,release,8,24,3,false,5641,0,false,Metal,Apple M5 Pro,0
cjk,sparse_novel_counter,softwrap,81,25,16,23667,5715792,26084,Menlo,16,1,release,8,24,3,false,5641,0,false,Metal,Apple M5 Pro,0
cjk,sparse_novel_counter,softwrap,81,25,17,27833,5793708,26542,Menlo,16,1,release,8,24,3,false,5641,0,false,Metal,Apple M5 Pro,0
cjk,sparse_novel_counter,softwrap,81,25,18,23167,6040083,26333,Menlo,16,1,release,8,24,3,false,5641,0,false,Metal,Apple M5 Pro,0
cjk,sparse_novel_counter,softwrap,81,25,19,23084,6074000,26583,Menlo,16,1,release,8,24,3,false,5641,0,false,Metal,Apple M5 Pro,0
cjk,sparse_novel_counter,softwrap,81,25,20,23500,6122500,26459,Menlo,16,1,release,8,24,3,false,5641,0,false,Metal,Apple M5 Pro,0
cjk,sparse_novel_counter,softwrap,81,25,21,23917,6048958,26500,Menlo,16,1,release,8,24,3,false,5641,0,false,Metal,Apple M5 Pro,0
cjk,sparse_novel_counter,softwrap,81,25,22,23500,6016125,26458,Menlo,16,1,release,8,24,3,false,5641,0,false,Metal,Apple M5 Pro,0
cjk,sparse_novel_counter,softwrap,81,25,23,23250,6032792,25166,Menlo,16,1,release,8,24,3,false,5641,0,false,Metal,Apple M5 Pro,0
cjk,scroll_cycle,explicit_rows,81,25,0,15417,16125,27375,Menlo,16,1,release,8,24,3,false,0,0,false,Metal,Apple M5 Pro,6
cjk,scroll_cycle,explicit_rows,81,25,1,15792,16125,27416,Menlo,16,1,release,8,24,3,false,0,0,false,Metal,Apple M5 Pro,12
cjk,scroll_cycle,explicit_rows,81,25,2,15583,16084,27708,Menlo,16,1,release,8,24,3,false,0,0,false,Metal,Apple M5 Pro,18
cjk,scroll_cycle,explicit_rows,81,25,3,15625,16416,27583,Menlo,16,1,release,8,24,3,false,0,0,false,Metal,Apple M5 Pro,25
cjk,scroll_cycle,explicit_rows,81,25,4,15875,16083,27583,Menlo,16,1,release,8,24,3,false,0,0,false,Metal,Apple M5 Pro,18
cjk,scroll_cycle,explicit_rows,81,25,5,15375,16166,27417,Menlo,16,1,release,8,24,3,false,0,0,false,Metal,Apple M5 Pro,12
cjk,scroll_cycle,explicit_rows,81,25,6,15375,16041,27417,Menlo,16,1,release,8,24,3,false,0,0,false,Metal,Apple M5 Pro,6
cjk,scroll_cycle,explicit_rows,81,25,7,15375,16125,27375,Menlo,16,1,release,8,24,3,false,0,0,false,Metal,Apple M5 Pro,0
cjk,scroll_cycle,explicit_rows,81,25,8,15375,16125,27375,Menlo,16,1,release,8,24,3,false,0,0,false,Metal,Apple M5 Pro,6
cjk,scroll_cycle,explicit_rows,81,25,9,15375,16084,27375,Menlo,16,1,release,8,24,3,false,0,0,false,Metal,Apple M5 Pro,12
cjk,scroll_cycle,explicit_rows,81,25,10,15375,15958,27625,Menlo,16,1,release,8,24,3,false,0,0,false,Metal,Apple M5 Pro,18
cjk,scroll_cycle,explicit_rows,81,25,11,15417,16208,27292,Menlo,16,1,release,8,24,3,false,0,0,false,Metal,Apple M5 Pro,25
cjk,scroll_cycle,explicit_rows,81,25,12,15375,15958,27417,Menlo,16,1,release,8,24,3,false,0,0,false,Metal,Apple M5 Pro,18
cjk,scroll_cycle,explicit_rows,81,25,13,15375,15959,27292,Menlo,16,1,release,8,24,3,false,0,0,false,Metal,Apple M5 Pro,12
cjk,scroll_cycle,explicit_rows,81,25,14,15375,16292,27500,Menlo,16,1,release,8,24,3,false,0,0,false,Metal,Apple M5 Pro,6
cjk,scroll_cycle,explicit_rows,81,25,15,15375,16250,27667,Menlo,16,1,release,8,24,3,false,0,0,false,Metal,Apple M5 Pro,0
cjk,scroll_cycle,explicit_rows,81,25,16,15375,16083,27667,Menlo,16,1,release,8,24,3,false,0,0,false,Metal,Apple M5 Pro,6
cjk,scroll_cycle,explicit_rows,81,25,17,15416,15917,27667,Menlo,16,1,release,8,24,3,false,0,0,false,Metal,Apple M5 Pro,12
cjk,scroll_cycle,explicit_rows,81,25,18,15333,16083,27375,Menlo,16,1,release,8,24,3,false,0,0,false,Metal,Apple M5 Pro,18
cjk,scroll_cycle,explicit_rows,81,25,19,15375,16167,27375,Menlo,16,1,release,8,24,3,false,0,0,false,Metal,Apple M5 Pro,25
cjk,scroll_cycle,explicit_rows,81,25,20,15375,16166,27459,Menlo,16,1,release,8,24,3,false,0,0,false,Metal,Apple M5 Pro,18
cjk,scroll_cycle,explicit_rows,81,25,21,15375,16166,27208,Menlo,16,1,release,8,24,3,false,0,0,false,Metal,Apple M5 Pro,12
cjk,scroll_cycle,explicit_rows,81,25,22,15375,16125,27333,Menlo,16,1,release,8,24,3,false,0,0,false,Metal,Apple M5 Pro,6
cjk,scroll_cycle,explicit_rows,81,25,23,15375,16208,27417,Menlo,16,1,release,8,24,3,false,0,0,false,Metal,Apple M5 Pro,0
cjk,scroll_cycle,softwrap,81,25,0,25292,17333,26000,Menlo,16,1,release,8,24,3,false,4977,638,false,Metal,Apple M5 Pro,6
cjk,scroll_cycle,softwrap,81,25,1,24083,17250,26250,Menlo,16,1,release,8,24,3,false,4314,1301,false,Metal,Apple M5 Pro,12
cjk,scroll_cycle,softwrap,81,25,2,24125,17125,26541,Menlo,16,1,release,8,24,3,false,3650,1965,false,Metal,Apple M5 Pro,18
cjk,scroll_cycle,softwrap,81,25,3,24250,17416,26750,Menlo,16,1,release,8,24,3,false,2877,2743,false,Metal,Apple M5 Pro,25
cjk,scroll_cycle,softwrap,81,25,4,23750,17792,27250,Menlo,16,1,release,8,24,3,false,3650,1965,false,Metal,Apple M5 Pro,18
cjk,scroll_cycle,softwrap,81,25,5,23250,17375,27125,Menlo,16,1,release,8,24,3,false,4314,1301,false,Metal,Apple M5 Pro,12
cjk,scroll_cycle,softwrap,81,25,6,23416,17334,27000,Menlo,16,1,release,8,24,3,false,4977,638,false,Metal,Apple M5 Pro,6
cjk,scroll_cycle,softwrap,81,25,7,23042,17375,24583,Menlo,16,1,release,8,24,3,false,5641,0,false,Metal,Apple M5 Pro,0
cjk,scroll_cycle,softwrap,81,25,8,23333,17333,25625,Menlo,16,1,release,8,24,3,false,4977,638,false,Metal,Apple M5 Pro,6
cjk,scroll_cycle,softwrap,81,25,9,23291,17292,25291,Menlo,16,1,release,8,24,3,false,4314,1301,false,Metal,Apple M5 Pro,12
cjk,scroll_cycle,softwrap,81,25,10,23500,17084,26166,Menlo,16,1,release,8,24,3,false,3650,1965,false,Metal,Apple M5 Pro,18
cjk,scroll_cycle,softwrap,81,25,11,23625,17208,26208,Menlo,16,1,release,8,24,3,false,2877,2743,false,Metal,Apple M5 Pro,25
cjk,scroll_cycle,softwrap,81,25,12,23333,17250,25583,Menlo,16,1,release,8,24,3,false,3650,1965,false,Metal,Apple M5 Pro,18
cjk,scroll_cycle,softwrap,81,25,13,23083,16792,25541,Menlo,16,1,release,8,24,3,false,4314,1301,false,Metal,Apple M5 Pro,12
cjk,scroll_cycle,softwrap,81,25,14,40375,20000,27667,Menlo,16,1,release,8,24,3,false,4977,638,false,Metal,Apple M5 Pro,6
cjk,scroll_cycle,softwrap,81,25,15,23500,17459,26458,Menlo,16,1,release,8,24,3,false,5641,0,false,Metal,Apple M5 Pro,0
cjk,scroll_cycle,softwrap,81,25,16,23834,17125,27291,Menlo,16,1,release,8,24,3,false,4977,638,false,Metal,Apple M5 Pro,6
cjk,scroll_cycle,softwrap,81,25,17,24000,17000,27291,Menlo,16,1,release,8,24,3,false,4314,1301,false,Metal,Apple M5 Pro,12
cjk,scroll_cycle,softwrap,81,25,18,24084,17375,26583,Menlo,16,1,release,8,24,3,false,3650,1965,false,Metal,Apple M5 Pro,18
cjk,scroll_cycle,softwrap,81,25,19,24084,17209,26375,Menlo,16,1,release,8,24,3,false,2877,2743,false,Metal,Apple M5 Pro,25
cjk,scroll_cycle,softwrap,81,25,20,23667,17209,29334,Menlo,16,1,release,8,24,3,false,3650,1965,false,Metal,Apple M5 Pro,18
cjk,scroll_cycle,softwrap,81,25,21,35584,22250,33291,Menlo,16,1,release,8,24,3,false,4314,1301,false,Metal,Apple M5 Pro,12
cjk,scroll_cycle,softwrap,81,25,22,23667,17167,26208,Menlo,16,1,release,8,24,3,false,4977,638,false,Metal,Apple M5 Pro,6
cjk,scroll_cycle,softwrap,81,25,23,22833,16875,25208,Menlo,16,1,release,8,24,3,false,5641,0,false,Metal,Apple M5 Pro,0
cjk,dense_novel_text,explicit_rows,81,25,0,16250,2269083,27625,Menlo,16,1,release,8,24,3,false,0,0,false,Metal,Apple M5 Pro,0
cjk,dense_novel_text,explicit_rows,81,25,1,15625,2268000,27459,Menlo,16,1,release,8,24,3,false,0,0,false,Metal,Apple M5 Pro,0
cjk,dense_novel_text,explicit_rows,81,25,2,15458,2248667,27542,Menlo,16,1,release,8,24,3,false,0,0,false,Metal,Apple M5 Pro,0
cjk,dense_novel_text,explicit_rows,81,25,3,15458,2289875,27666,Menlo,16,1,release,8,24,3,false,0,0,false,Metal,Apple M5 Pro,0
cjk,dense_novel_text,explicit_rows,81,25,4,15833,2247000,27125,Menlo,16,1,release,8,24,3,false,0,0,false,Metal,Apple M5 Pro,0
cjk,dense_novel_text,explicit_rows,81,25,5,15541,2248084,27541,Menlo,16,1,release,8,24,3,false,0,0,false,Metal,Apple M5 Pro,0
cjk,dense_novel_text,explicit_rows,81,25,6,15500,2345667,27583,Menlo,16,1,release,8,24,3,false,0,0,false,Metal,Apple M5 Pro,0
cjk,dense_novel_text,explicit_rows,81,25,7,15541,2303250,27791,Menlo,16,1,release,8,24,3,false,0,0,false,Metal,Apple M5 Pro,0
cjk,dense_novel_text,explicit_rows,81,25,8,15792,2288208,27625,Menlo,16,1,release,8,24,3,false,0,0,false,Metal,Apple M5 Pro,0
cjk,dense_novel_text,explicit_rows,81,25,9,15500,2236709,27541,Menlo,16,1,release,8,24,3,false,0,0,false,Metal,Apple M5 Pro,0
cjk,dense_novel_text,explicit_rows,81,25,10,15458,2263083,27500,Menlo,16,1,release,8,24,3,false,0,0,false,Metal,Apple M5 Pro,0
cjk,dense_novel_text,explicit_rows,81,25,11,15542,2234584,27292,Menlo,16,1,release,8,24,3,false,0,0,false,Metal,Apple M5 Pro,0
cjk,dense_novel_text,explicit_rows,81,25,12,15792,2274917,27625,Menlo,16,1,release,8,24,3,false,0,0,false,Metal,Apple M5 Pro,0
cjk,dense_novel_text,explicit_rows,81,25,13,15416,2257542,27500,Menlo,16,1,release,8,24,3,false,0,0,false,Metal,Apple M5 Pro,0
cjk,dense_novel_text,explicit_rows,81,25,14,15584,2247791,27417,Menlo,16,1,release,8,24,3,false,0,0,false,Metal,Apple M5 Pro,0
cjk,dense_novel_text,explicit_rows,81,25,15,15791,2259250,27667,Menlo,16,1,release,8,24,3,false,0,0,false,Metal,Apple M5 Pro,0
cjk,dense_novel_text,explicit_rows,81,25,16,15667,2184250,27667,Menlo,16,1,release,8,24,3,false,0,0,false,Metal,Apple M5 Pro,0
cjk,dense_novel_text,explicit_rows,81,25,17,15750,2127833,27792,Menlo,16,1,release,8,24,3,false,0,0,false,Metal,Apple M5 Pro,0
cjk,dense_novel_text,explicit_rows,81,25,18,15417,2163625,27708,Menlo,16,1,release,8,24,3,false,0,0,false,Metal,Apple M5 Pro,0
cjk,dense_novel_text,explicit_rows,81,25,19,15500,2151000,31750,Menlo,16,1,release,8,24,3,false,0,0,false,Metal,Apple M5 Pro,0
cjk,dense_novel_text,explicit_rows,81,25,20,15416,2205750,27750,Menlo,16,1,release,8,24,3,false,0,0,false,Metal,Apple M5 Pro,0
cjk,dense_novel_text,explicit_rows,81,25,21,15958,2263334,27583,Menlo,16,1,release,8,24,3,false,0,0,false,Metal,Apple M5 Pro,0
cjk,dense_novel_text,explicit_rows,81,25,22,15625,2246875,27875,Menlo,16,1,release,8,24,3,false,0,0,false,Metal,Apple M5 Pro,0
cjk,dense_novel_text,explicit_rows,81,25,23,15459,2246834,27709,Menlo,16,1,release,8,24,3,false,0,0,false,Metal,Apple M5 Pro,0
cjk,dense_novel_text,softwrap,81,25,0,22917,6045833,26709,Menlo,16,1,release,8,24,3,false,5641,0,false,Metal,Apple M5 Pro,0
cjk,dense_novel_text,softwrap,81,25,1,23375,6061166,29750,Menlo,16,1,release,8,24,3,false,5641,0,false,Metal,Apple M5 Pro,0
cjk,dense_novel_text,softwrap,81,25,2,23375,6026583,34667,Menlo,16,1,release,8,24,3,false,5641,0,false,Metal,Apple M5 Pro,0
cjk,dense_novel_text,softwrap,81,25,3,23208,6064125,26375,Menlo,16,1,release,8,24,3,false,5641,0,false,Metal,Apple M5 Pro,0
cjk,dense_novel_text,softwrap,81,25,4,23667,5999167,26417,Menlo,16,1,release,8,24,3,false,5641,0,false,Metal,Apple M5 Pro,0
cjk,dense_novel_text,softwrap,81,25,5,23209,6001625,26125,Menlo,16,1,release,8,24,3,false,5641,0,false,Metal,Apple M5 Pro,0
cjk,dense_novel_text,softwrap,81,25,6,23250,5963875,25791,Menlo,16,1,release,8,24,3,false,5641,0,false,Metal,Apple M5 Pro,0
cjk,dense_novel_text,softwrap,81,25,7,23333,5685000,26458,Menlo,16,1,release,8,24,3,false,5641,0,false,Metal,Apple M5 Pro,0
cjk,dense_novel_text,softwrap,81,25,8,23000,5927125,26500,Menlo,16,1,release,8,24,3,false,5641,0,false,Metal,Apple M5 Pro,0
cjk,dense_novel_text,softwrap,81,25,9,23208,6102916,26500,Menlo,16,1,release,8,24,3,false,5641,0,false,Metal,Apple M5 Pro,0
cjk,dense_novel_text,softwrap,81,25,10,23166,6075292,26459,Menlo,16,1,release,8,24,3,false,5641,0,false,Metal,Apple M5 Pro,0
cjk,dense_novel_text,softwrap,81,25,11,23292,6010792,26375,Menlo,16,1,release,8,24,3,false,5641,0,false,Metal,Apple M5 Pro,0
cjk,dense_novel_text,softwrap,81,25,12,23167,6002083,26375,Menlo,16,1,release,8,24,3,false,5641,0,false,Metal,Apple M5 Pro,0
cjk,dense_novel_text,softwrap,81,25,13,23084,6031375,26459,Menlo,16,1,release,8,24,3,false,5641,0,false,Metal,Apple M5 Pro,0
cjk,dense_novel_text,softwrap,81,25,14,23083,6023708,26334,Menlo,16,1,release,8,24,3,false,5641,0,false,Metal,Apple M5 Pro,0
cjk,dense_novel_text,softwrap,81,25,15,22959,6052375,26541,Menlo,16,1,release,8,24,3,false,5641,0,false,Metal,Apple M5 Pro,0
cjk,dense_novel_text,softwrap,81,25,16,23167,5937041,26209,Menlo,16,1,release,8,24,3,false,5641,0,false,Metal,Apple M5 Pro,0
cjk,dense_novel_text,softwrap,81,25,17,23167,5699083,26625,Menlo,16,1,release,8,24,3,false,5641,0,false,Metal,Apple M5 Pro,0
cjk,dense_novel_text,softwrap,81,25,18,23000,5889625,26500,Menlo,16,1,release,8,24,3,false,5641,0,false,Metal,Apple M5 Pro,0
cjk,dense_novel_text,softwrap,81,25,19,23417,6053750,26417,Menlo,16,1,release,8,24,3,false,5641,0,false,Metal,Apple M5 Pro,0
cjk,dense_novel_text,softwrap,81,25,20,23542,6007625,26375,Menlo,16,1,release,8,24,3,false,5641,0,false,Metal,Apple M5 Pro,0
cjk,dense_novel_text,softwrap,81,25,21,22958,6024625,25708,Menlo,16,1,release,8,24,3,false,5641,0,false,Metal,Apple M5 Pro,0
cjk,dense_novel_text,softwrap,81,25,22,23000,6001875,26500,Menlo,16,1,release,8,24,3,false,5641,0,false,Metal,Apple M5 Pro,0
cjk,dense_novel_text,softwrap,81,25,23,22958,5992833,26375,Menlo,16,1,release,8,24,3,false,5641,0,false,Metal,Apple M5 Pro,0
arabic,sparse_novel_counter,explicit_rows,81,25,0,15250,70791,1833,Menlo,16,1,release,8,24,3,false,0,0,false,Metal,Apple M5 Pro,0
arabic,sparse_novel_counter,explicit_rows,81,25,1,15459,70875,1875,Menlo,16,1,release,8,24,3,false,0,0,false,Metal,Apple M5 Pro,0
arabic,sparse_novel_counter,explicit_rows,81,25,2,15250,70958,1875,Menlo,16,1,release,8,24,3,false,0,0,false,Metal,Apple M5 Pro,0
arabic,sparse_novel_counter,explicit_rows,81,25,3,15292,71166,1833,Menlo,16,1,release,8,24,3,false,0,0,false,Metal,Apple M5 Pro,0
arabic,sparse_novel_counter,explicit_rows,81,25,4,15292,70708,1875,Menlo,16,1,release,8,24,3,false,0,0,false,Metal,Apple M5 Pro,0
arabic,sparse_novel_counter,explicit_rows,81,25,5,15375,71167,1834,Menlo,16,1,release,8,24,3,false,0,0,false,Metal,Apple M5 Pro,0
arabic,sparse_novel_counter,explicit_rows,81,25,6,15291,70209,1875,Menlo,16,1,release,8,24,3,false,0,0,false,Metal,Apple M5 Pro,0
arabic,sparse_novel_counter,explicit_rows,81,25,7,15500,70250,1834,Menlo,16,1,release,8,24,3,false,0,0,false,Metal,Apple M5 Pro,0
arabic,sparse_novel_counter,explicit_rows,81,25,8,15625,70166,1875,Menlo,16,1,release,8,24,3,false,0,0,false,Metal,Apple M5 Pro,0
arabic,sparse_novel_counter,explicit_rows,81,25,9,15334,70959,1916,Menlo,16,1,release,8,24,3,false,0,0,false,Metal,Apple M5 Pro,0
arabic,sparse_novel_counter,explicit_rows,81,25,10,15292,78959,1875,Menlo,16,1,release,8,24,3,false,0,0,false,Metal,Apple M5 Pro,0
arabic,sparse_novel_counter,explicit_rows,81,25,11,15333,70375,1875,Menlo,16,1,release,8,24,3,false,0,0,false,Metal,Apple M5 Pro,0
arabic,sparse_novel_counter,explicit_rows,81,25,12,15625,84709,2000,Menlo,16,1,release,8,24,3,false,0,0,false,Metal,Apple M5 Pro,0
arabic,sparse_novel_counter,explicit_rows,81,25,13,15416,72875,1917,Menlo,16,1,release,8,24,3,false,0,0,false,Metal,Apple M5 Pro,0
arabic,sparse_novel_counter,explicit_rows,81,25,14,15416,70500,1917,Menlo,16,1,release,8,24,3,false,0,0,false,Metal,Apple M5 Pro,0
arabic,sparse_novel_counter,explicit_rows,81,25,15,15333,70333,1917,Menlo,16,1,release,8,24,3,false,0,0,false,Metal,Apple M5 Pro,0
arabic,sparse_novel_counter,explicit_rows,81,25,16,15333,69667,1916,Menlo,16,1,release,8,24,3,false,0,0,false,Metal,Apple M5 Pro,0
arabic,sparse_novel_counter,explicit_rows,81,25,17,15334,70000,1916,Menlo,16,1,release,8,24,3,false,0,0,false,Metal,Apple M5 Pro,0
arabic,sparse_novel_counter,explicit_rows,81,25,18,15250,68875,1917,Menlo,16,1,release,8,24,3,false,0,0,false,Metal,Apple M5 Pro,0
arabic,sparse_novel_counter,explicit_rows,81,25,19,15208,68667,1875,Menlo,16,1,release,8,24,3,false,0,0,false,Metal,Apple M5 Pro,0
arabic,sparse_novel_counter,explicit_rows,81,25,20,15334,69167,1875,Menlo,16,1,release,8,24,3,false,0,0,false,Metal,Apple M5 Pro,0
arabic,sparse_novel_counter,explicit_rows,81,25,21,15166,69708,1875,Menlo,16,1,release,8,24,3,false,0,0,false,Metal,Apple M5 Pro,0
arabic,sparse_novel_counter,explicit_rows,81,25,22,15375,68625,1875,Menlo,16,1,release,8,24,3,false,0,0,false,Metal,Apple M5 Pro,0
arabic,sparse_novel_counter,explicit_rows,81,25,23,15250,68583,1875,Menlo,16,1,release,8,24,3,false,0,0,false,Metal,Apple M5 Pro,0
arabic,sparse_novel_counter,softwrap,81,25,0,29417,3981625,45833,Menlo,16,1,release,8,24,3,false,7475,0,false,Metal,Apple M5 Pro,0
arabic,sparse_novel_counter,softwrap,81,25,1,30375,4015542,46166,Menlo,16,1,release,8,24,3,false,7475,0,false,Metal,Apple M5 Pro,0
arabic,sparse_novel_counter,softwrap,81,25,2,28958,3999250,45708,Menlo,16,1,release,8,24,3,false,7475,0,false,Metal,Apple M5 Pro,0
arabic,sparse_novel_counter,softwrap,81,25,3,34292,3981708,45917,Menlo,16,1,release,8,24,3,false,7475,0,false,Metal,Apple M5 Pro,0
arabic,sparse_novel_counter,softwrap,81,25,4,30083,3872250,46125,Menlo,16,1,release,8,24,3,false,7475,0,false,Metal,Apple M5 Pro,0
arabic,sparse_novel_counter,softwrap,81,25,5,28917,3892666,45917,Menlo,16,1,release,8,24,3,false,7475,0,false,Metal,Apple M5 Pro,0
arabic,sparse_novel_counter,softwrap,81,25,6,28459,3970750,45834,Menlo,16,1,release,8,24,3,false,7475,0,false,Metal,Apple M5 Pro,0
arabic,sparse_novel_counter,softwrap,81,25,7,27709,3951834,45292,Menlo,16,1,release,8,24,3,false,7475,0,false,Metal,Apple M5 Pro,0
arabic,sparse_novel_counter,softwrap,81,25,8,27583,3980292,45500,Menlo,16,1,release,8,24,3,false,7475,0,false,Metal,Apple M5 Pro,0
arabic,sparse_novel_counter,softwrap,81,25,9,28459,3937333,45542,Menlo,16,1,release,8,24,3,false,7475,0,false,Metal,Apple M5 Pro,0
arabic,sparse_novel_counter,softwrap,81,25,10,27958,3962916,45667,Menlo,16,1,release,8,24,3,false,7475,0,false,Metal,Apple M5 Pro,0
arabic,sparse_novel_counter,softwrap,81,25,11,28125,3974708,48375,Menlo,16,1,release,8,24,3,false,7475,0,false,Metal,Apple M5 Pro,0
arabic,sparse_novel_counter,softwrap,81,25,12,27792,4252916,51208,Menlo,16,1,release,8,24,3,false,7475,0,false,Metal,Apple M5 Pro,0
arabic,sparse_novel_counter,softwrap,81,25,13,33209,4381375,50958,Menlo,16,1,release,8,24,3,false,7475,0,false,Metal,Apple M5 Pro,0
arabic,sparse_novel_counter,softwrap,81,25,14,36542,4348916,50417,Menlo,16,1,release,8,24,3,false,7475,0,false,Metal,Apple M5 Pro,0
arabic,sparse_novel_counter,softwrap,81,25,15,36208,4355792,54084,Menlo,16,1,release,8,24,3,false,7475,0,false,Metal,Apple M5 Pro,0
arabic,sparse_novel_counter,softwrap,81,25,16,35041,4331042,48750,Menlo,16,1,release,8,24,3,false,7475,0,false,Metal,Apple M5 Pro,0
arabic,sparse_novel_counter,softwrap,81,25,17,34667,4135000,47041,Menlo,16,1,release,8,24,3,false,7475,0,false,Metal,Apple M5 Pro,0
arabic,sparse_novel_counter,softwrap,81,25,18,31417,4123500,46250,Menlo,16,1,release,8,24,3,false,7475,0,false,Metal,Apple M5 Pro,0
arabic,sparse_novel_counter,softwrap,81,25,19,29625,4064666,46208,Menlo,16,1,release,8,24,3,false,7475,0,false,Metal,Apple M5 Pro,0
arabic,sparse_novel_counter,softwrap,81,25,20,29417,4391875,47458,Menlo,16,1,release,8,24,3,false,7475,0,false,Metal,Apple M5 Pro,0
arabic,sparse_novel_counter,softwrap,81,25,21,32208,4378042,50209,Menlo,16,1,release,8,24,3,false,7475,0,false,Metal,Apple M5 Pro,0
arabic,sparse_novel_counter,softwrap,81,25,22,34708,4222292,47292,Menlo,16,1,release,8,24,3,false,7475,0,false,Metal,Apple M5 Pro,0
arabic,sparse_novel_counter,softwrap,81,25,23,33000,3988334,47708,Menlo,16,1,release,8,24,3,false,7475,0,false,Metal,Apple M5 Pro,0
arabic,scroll_cycle,explicit_rows,81,25,0,15709,17541,43750,Menlo,16,1,release,8,24,3,false,0,0,false,Metal,Apple M5 Pro,6
arabic,scroll_cycle,explicit_rows,81,25,1,15959,16916,41333,Menlo,16,1,release,8,24,3,false,0,0,false,Metal,Apple M5 Pro,12
arabic,scroll_cycle,explicit_rows,81,25,2,16458,17500,43208,Menlo,16,1,release,8,24,3,false,0,0,false,Metal,Apple M5 Pro,18
arabic,scroll_cycle,explicit_rows,81,25,3,16625,17667,41916,Menlo,16,1,release,8,24,3,false,0,0,false,Metal,Apple M5 Pro,25
arabic,scroll_cycle,explicit_rows,81,25,4,15709,17541,43292,Menlo,16,1,release,8,24,3,false,0,0,false,Metal,Apple M5 Pro,18
arabic,scroll_cycle,explicit_rows,81,25,5,16416,17792,42916,Menlo,16,1,release,8,24,3,false,0,0,false,Metal,Apple M5 Pro,12
arabic,scroll_cycle,explicit_rows,81,25,6,15750,17000,41458,Menlo,16,1,release,8,24,3,false,0,0,false,Metal,Apple M5 Pro,6
arabic,scroll_cycle,explicit_rows,81,25,7,16042,17792,43625,Menlo,16,1,release,8,24,3,false,0,0,false,Metal,Apple M5 Pro,0
arabic,scroll_cycle,explicit_rows,81,25,8,15625,16750,41875,Menlo,16,1,release,8,24,3,false,0,0,false,Metal,Apple M5 Pro,6
arabic,scroll_cycle,explicit_rows,81,25,9,16416,17542,43666,Menlo,16,1,release,8,24,3,false,0,0,false,Metal,Apple M5 Pro,12
arabic,scroll_cycle,explicit_rows,81,25,10,16375,17375,41417,Menlo,16,1,release,8,24,3,false,0,0,false,Metal,Apple M5 Pro,18
arabic,scroll_cycle,explicit_rows,81,25,11,16000,17750,43500,Menlo,16,1,release,8,24,3,false,0,0,false,Metal,Apple M5 Pro,25
arabic,scroll_cycle,explicit_rows,81,25,12,16375,18125,42667,Menlo,16,1,release,8,24,3,false,0,0,false,Metal,Apple M5 Pro,18
arabic,scroll_cycle,explicit_rows,81,25,13,15708,17292,43000,Menlo,16,1,release,8,24,3,false,0,0,false,Metal,Apple M5 Pro,12
arabic,scroll_cycle,explicit_rows,81,25,14,16542,18125,43333,Menlo,16,1,release,8,24,3,false,0,0,false,Metal,Apple M5 Pro,6
arabic,scroll_cycle,explicit_rows,81,25,15,15666,16792,41750,Menlo,16,1,release,8,24,3,false,0,0,false,Metal,Apple M5 Pro,0
arabic,scroll_cycle,explicit_rows,81,25,16,15625,17583,43208,Menlo,16,1,release,8,24,3,false,0,0,false,Metal,Apple M5 Pro,6
arabic,scroll_cycle,explicit_rows,81,25,17,15625,16917,41416,Menlo,16,1,release,8,24,3,false,0,0,false,Metal,Apple M5 Pro,12
arabic,scroll_cycle,explicit_rows,81,25,18,16333,17750,43125,Menlo,16,1,release,8,24,3,false,0,0,false,Metal,Apple M5 Pro,18
arabic,scroll_cycle,explicit_rows,81,25,19,16458,17875,41209,Menlo,16,1,release,8,24,3,false,0,0,false,Metal,Apple M5 Pro,25
arabic,scroll_cycle,explicit_rows,81,25,20,15583,17667,43084,Menlo,16,1,release,8,24,3,false,0,0,false,Metal,Apple M5 Pro,18
arabic,scroll_cycle,explicit_rows,81,25,21,16458,17625,42542,Menlo,16,1,release,8,24,3,false,0,0,false,Metal,Apple M5 Pro,12
arabic,scroll_cycle,explicit_rows,81,25,22,15666,16875,42500,Menlo,16,1,release,8,24,3,false,0,0,false,Metal,Apple M5 Pro,6
arabic,scroll_cycle,explicit_rows,81,25,23,16459,17584,43041,Menlo,16,1,release,8,24,3,false,0,0,false,Metal,Apple M5 Pro,0
arabic,scroll_cycle,softwrap,81,25,0,31209,3992375,48584,Menlo,16,1,release,8,24,3,false,6631,811,false,Metal,Apple M5 Pro,6
arabic,scroll_cycle,softwrap,81,25,1,28917,4029375,46583,Menlo,16,1,release,8,24,3,false,5783,1660,false,Metal,Apple M5 Pro,12
arabic,scroll_cycle,softwrap,81,25,2,31459,4043875,46416,Menlo,16,1,release,8,24,3,false,4934,2496,false,Metal,Apple M5 Pro,18
arabic,scroll_cycle,softwrap,81,25,3,32000,4006209,47666,Menlo,16,1,release,8,24,3,false,3948,3487,false,Metal,Apple M5 Pro,25
arabic,scroll_cycle,softwrap,81,25,4,30000,18459,44125,Menlo,16,1,release,8,24,3,false,4934,2496,false,Metal,Apple M5 Pro,18
arabic,scroll_cycle,softwrap,81,25,5,29459,19209,46583,Menlo,16,1,release,8,24,3,false,5783,1660,false,Metal,Apple M5 Pro,12
arabic,scroll_cycle,softwrap,81,25,6,28208,19666,47208,Menlo,16,1,release,8,24,3,false,6631,811,false,Metal,Apple M5 Pro,6
arabic,scroll_cycle,softwrap,81,25,7,27875,3957625,46584,Menlo,16,1,release,8,24,3,false,7475,0,false,Metal,Apple M5 Pro,0
arabic,scroll_cycle,softwrap,81,25,8,30459,4011709,47042,Menlo,16,1,release,8,24,3,false,6631,811,false,Metal,Apple M5 Pro,6
arabic,scroll_cycle,softwrap,81,25,9,28916,4055208,49000,Menlo,16,1,release,8,24,3,false,5783,1660,false,Metal,Apple M5 Pro,12
arabic,scroll_cycle,softwrap,81,25,10,31709,4076084,48917,Menlo,16,1,release,8,24,3,false,4934,2496,false,Metal,Apple M5 Pro,18
arabic,scroll_cycle,softwrap,81,25,11,31667,4011666,47750,Menlo,16,1,release,8,24,3,false,3948,3487,false,Metal,Apple M5 Pro,25
arabic,scroll_cycle,softwrap,81,25,12,29417,19291,48042,Menlo,16,1,release,8,24,3,false,4934,2496,false,Metal,Apple M5 Pro,18
arabic,scroll_cycle,softwrap,81,25,13,28875,19250,45292,Menlo,16,1,release,8,24,3,false,5783,1660,false,Metal,Apple M5 Pro,12
arabic,scroll_cycle,softwrap,81,25,14,28500,19792,48417,Menlo,16,1,release,8,24,3,false,6631,811,false,Metal,Apple M5 Pro,6
arabic,scroll_cycle,softwrap,81,25,15,28833,4034375,47000,Menlo,16,1,release,8,24,3,false,7475,0,false,Metal,Apple M5 Pro,0
arabic,scroll_cycle,softwrap,81,25,16,37500,4043500,48834,Menlo,16,1,release,8,24,3,false,6631,811,false,Metal,Apple M5 Pro,6
arabic,scroll_cycle,softwrap,81,25,17,32041,4006250,46125,Menlo,16,1,release,8,24,3,false,5783,1660,false,Metal,Apple M5 Pro,12
arabic,scroll_cycle,softwrap,81,25,18,30834,4197333,45208,Menlo,16,1,release,8,24,3,false,4934,2496,false,Metal,Apple M5 Pro,18
arabic,scroll_cycle,softwrap,81,25,19,31917,4181750,45250,Menlo,16,1,release,8,24,3,false,3948,3487,false,Metal,Apple M5 Pro,25
arabic,scroll_cycle,softwrap,81,25,20,30375,19250,45625,Menlo,16,1,release,8,24,3,false,4934,2496,false,Metal,Apple M5 Pro,18
arabic,scroll_cycle,softwrap,81,25,21,28875,19542,46666,Menlo,16,1,release,8,24,3,false,5783,1660,false,Metal,Apple M5 Pro,12
arabic,scroll_cycle,softwrap,81,25,22,28042,19708,46625,Menlo,16,1,release,8,24,3,false,6631,811,false,Metal,Apple M5 Pro,6
arabic,scroll_cycle,softwrap,81,25,23,28083,4050042,44500,Menlo,16,1,release,8,24,3,false,7475,0,false,Metal,Apple M5 Pro,0
arabic,dense_novel_text,explicit_rows,81,25,0,15250,1393292,43250,Menlo,16,1,release,8,24,3,false,0,0,false,Metal,Apple M5 Pro,0
arabic,dense_novel_text,explicit_rows,81,25,1,15667,1355166,43208,Menlo,16,1,release,8,24,3,false,0,0,false,Metal,Apple M5 Pro,0
arabic,dense_novel_text,explicit_rows,81,25,2,15459,1345958,42916,Menlo,16,1,release,8,24,3,false,0,0,false,Metal,Apple M5 Pro,0
arabic,dense_novel_text,explicit_rows,81,25,3,15500,1345917,42500,Menlo,16,1,release,8,24,3,false,0,0,false,Metal,Apple M5 Pro,0
arabic,dense_novel_text,explicit_rows,81,25,4,15417,1348458,43000,Menlo,16,1,release,8,24,3,false,0,0,false,Metal,Apple M5 Pro,0
arabic,dense_novel_text,explicit_rows,81,25,5,15416,1349000,42708,Menlo,16,1,release,8,24,3,false,0,0,false,Metal,Apple M5 Pro,0
arabic,dense_novel_text,explicit_rows,81,25,6,15375,1346333,42000,Menlo,16,1,release,8,24,3,false,0,0,false,Metal,Apple M5 Pro,0
arabic,dense_novel_text,explicit_rows,81,25,7,15292,1387500,42958,Menlo,16,1,release,8,24,3,false,0,0,false,Metal,Apple M5 Pro,0
arabic,dense_novel_text,explicit_rows,81,25,8,15709,1351500,42875,Menlo,16,1,release,8,24,3,false,0,0,false,Metal,Apple M5 Pro,0
arabic,dense_novel_text,explicit_rows,81,25,9,15375,1349708,42875,Menlo,16,1,release,8,24,3,false,0,0,false,Metal,Apple M5 Pro,0
arabic,dense_novel_text,explicit_rows,81,25,10,15459,1349500,43000,Menlo,16,1,release,8,24,3,false,0,0,false,Metal,Apple M5 Pro,0
arabic,dense_novel_text,explicit_rows,81,25,11,15291,1442750,52958,Menlo,16,1,release,8,24,3,false,0,0,false,Metal,Apple M5 Pro,0
arabic,dense_novel_text,explicit_rows,81,25,12,15333,1390292,43166,Menlo,16,1,release,8,24,3,false,0,0,false,Metal,Apple M5 Pro,0
arabic,dense_novel_text,explicit_rows,81,25,13,15292,1425291,43375,Menlo,16,1,release,8,24,3,false,0,0,false,Metal,Apple M5 Pro,0
arabic,dense_novel_text,explicit_rows,81,25,14,16083,1382083,42959,Menlo,16,1,release,8,24,3,false,0,0,false,Metal,Apple M5 Pro,0
arabic,dense_novel_text,explicit_rows,81,25,15,15375,1360916,42459,Menlo,16,1,release,8,24,3,false,0,0,false,Metal,Apple M5 Pro,0
arabic,dense_novel_text,explicit_rows,81,25,16,15584,1374334,42416,Menlo,16,1,release,8,24,3,false,0,0,false,Metal,Apple M5 Pro,0
arabic,dense_novel_text,explicit_rows,81,25,17,15333,1360416,42833,Menlo,16,1,release,8,24,3,false,0,0,false,Metal,Apple M5 Pro,0
arabic,dense_novel_text,explicit_rows,81,25,18,15333,1353583,42709,Menlo,16,1,release,8,24,3,false,0,0,false,Metal,Apple M5 Pro,0
arabic,dense_novel_text,explicit_rows,81,25,19,15375,1392625,43958,Menlo,16,1,release,8,24,3,false,0,0,false,Metal,Apple M5 Pro,0
arabic,dense_novel_text,explicit_rows,81,25,20,19291,1414625,43958,Menlo,16,1,release,8,24,3,false,0,0,false,Metal,Apple M5 Pro,0
arabic,dense_novel_text,explicit_rows,81,25,21,15833,1357208,42459,Menlo,16,1,release,8,24,3,false,0,0,false,Metal,Apple M5 Pro,0
arabic,dense_novel_text,explicit_rows,81,25,22,15500,1318375,42709,Menlo,16,1,release,8,24,3,false,0,0,false,Metal,Apple M5 Pro,0
arabic,dense_novel_text,explicit_rows,81,25,23,15417,1332625,43041,Menlo,16,1,release,8,24,3,false,0,0,false,Metal,Apple M5 Pro,0
arabic,dense_novel_text,softwrap,81,25,0,29209,3976083,45167,Menlo,16,1,release,8,24,3,false,7475,0,false,Metal,Apple M5 Pro,0
arabic,dense_novel_text,softwrap,81,25,1,28333,3866750,44666,Menlo,16,1,release,8,24,3,false,7475,0,false,Metal,Apple M5 Pro,0
arabic,dense_novel_text,softwrap,81,25,2,28250,4026791,45084,Menlo,16,1,release,8,24,3,false,7475,0,false,Metal,Apple M5 Pro,0
arabic,dense_novel_text,softwrap,81,25,3,28250,3953083,44333,Menlo,16,1,release,8,24,3,false,7475,0,false,Metal,Apple M5 Pro,0
arabic,dense_novel_text,softwrap,81,25,4,27792,3978083,44708,Menlo,16,1,release,8,24,3,false,7475,0,false,Metal,Apple M5 Pro,0
arabic,dense_novel_text,softwrap,81,25,5,28000,3947542,45208,Menlo,16,1,release,8,24,3,false,7475,0,false,Metal,Apple M5 Pro,0
arabic,dense_novel_text,softwrap,81,25,6,27917,3978583,44542,Menlo,16,1,release,8,24,3,false,7475,0,false,Metal,Apple M5 Pro,0
arabic,dense_novel_text,softwrap,81,25,7,27708,3950083,44917,Menlo,16,1,release,8,24,3,false,7475,0,false,Metal,Apple M5 Pro,0
arabic,dense_novel_text,softwrap,81,25,8,27333,4037541,45417,Menlo,16,1,release,8,24,3,false,7475,0,false,Metal,Apple M5 Pro,0
arabic,dense_novel_text,softwrap,81,25,9,28625,4022833,45459,Menlo,16,1,release,8,24,3,false,7475,0,false,Metal,Apple M5 Pro,0
arabic,dense_novel_text,softwrap,81,25,10,27833,4009667,51541,Menlo,16,1,release,8,24,3,false,7475,0,false,Metal,Apple M5 Pro,0
arabic,dense_novel_text,softwrap,81,25,11,27334,4021833,43541,Menlo,16,1,release,8,24,3,false,7475,0,false,Metal,Apple M5 Pro,0
arabic,dense_novel_text,softwrap,81,25,12,28083,3927041,44459,Menlo,16,1,release,8,24,3,false,7475,0,false,Metal,Apple M5 Pro,0
arabic,dense_novel_text,softwrap,81,25,13,27375,3852416,44375,Menlo,16,1,release,8,24,3,false,7475,0,false,Metal,Apple M5 Pro,0
arabic,dense_novel_text,softwrap,81,25,14,27708,4019209,44459,Menlo,16,1,release,8,24,3,false,7475,0,false,Metal,Apple M5 Pro,0
arabic,dense_novel_text,softwrap,81,25,15,27791,3958667,45042,Menlo,16,1,release,8,24,3,false,7475,0,false,Metal,Apple M5 Pro,0
arabic,dense_novel_text,softwrap,81,25,16,27542,4016583,44625,Menlo,16,1,release,8,24,3,false,7475,0,false,Metal,Apple M5 Pro,0
arabic,dense_novel_text,softwrap,81,25,17,28292,3987125,44583,Menlo,16,1,release,8,24,3,false,7475,0,false,Metal,Apple M5 Pro,0
arabic,dense_novel_text,softwrap,81,25,18,27666,3960208,44334,Menlo,16,1,release,8,24,3,false,7475,0,false,Metal,Apple M5 Pro,0
arabic,dense_novel_text,softwrap,81,25,19,27416,4010917,44667,Menlo,16,1,release,8,24,3,false,7475,0,false,Metal,Apple M5 Pro,0
arabic,dense_novel_text,softwrap,81,25,20,27208,3948792,44375,Menlo,16,1,release,8,24,3,false,7475,0,false,Metal,Apple M5 Pro,0
arabic,dense_novel_text,softwrap,81,25,21,28125,3931791,44334,Menlo,16,1,release,8,24,3,false,7475,0,false,Metal,Apple M5 Pro,0
arabic,dense_novel_text,softwrap,81,25,22,27458,3855667,44541,Menlo,16,1,release,8,24,3,false,7475,0,false,Metal,Apple M5 Pro,0
arabic,dense_novel_text,softwrap,81,25,23,27584,3851416,64000,Menlo,16,1,release,8,24,3,false,7475,0,false,Metal,Apple M5 Pro,0
rtl_context_ltr_viewport,sparse_novel_counter,explicit_rows,81,25,0,15292,41125,1875,Menlo,16,1,release,8,24,3,false,0,0,false,Metal,Apple M5 Pro,0
rtl_context_ltr_viewport,sparse_novel_counter,explicit_rows,81,25,1,15250,41125,1917,Menlo,16,1,release,8,24,3,false,0,0,false,Metal,Apple M5 Pro,0
rtl_context_ltr_viewport,sparse_novel_counter,explicit_rows,81,25,2,15167,40750,1875,Menlo,16,1,release,8,24,3,false,0,0,false,Metal,Apple M5 Pro,0
rtl_context_ltr_viewport,sparse_novel_counter,explicit_rows,81,25,3,15375,40208,1959,Menlo,16,1,release,8,24,3,false,0,0,false,Metal,Apple M5 Pro,0
rtl_context_ltr_viewport,sparse_novel_counter,explicit_rows,81,25,4,15208,41125,1875,Menlo,16,1,release,8,24,3,false,0,0,false,Metal,Apple M5 Pro,0
rtl_context_ltr_viewport,sparse_novel_counter,explicit_rows,81,25,5,15375,40167,1875,Menlo,16,1,release,8,24,3,false,0,0,false,Metal,Apple M5 Pro,0
rtl_context_ltr_viewport,sparse_novel_counter,explicit_rows,81,25,6,15333,41208,1875,Menlo,16,1,release,8,24,3,false,0,0,false,Metal,Apple M5 Pro,0
rtl_context_ltr_viewport,sparse_novel_counter,explicit_rows,81,25,7,15208,40750,1875,Menlo,16,1,release,8,24,3,false,0,0,false,Metal,Apple M5 Pro,0
rtl_context_ltr_viewport,sparse_novel_counter,explicit_rows,81,25,8,15375,40208,1875,Menlo,16,1,release,8,24,3,false,0,0,false,Metal,Apple M5 Pro,0
rtl_context_ltr_viewport,sparse_novel_counter,explicit_rows,81,25,9,15458,40291,1833,Menlo,16,1,release,8,24,3,false,0,0,false,Metal,Apple M5 Pro,0
rtl_context_ltr_viewport,sparse_novel_counter,explicit_rows,81,25,10,15375,40917,1834,Menlo,16,1,release,8,24,3,false,0,0,false,Metal,Apple M5 Pro,0
rtl_context_ltr_viewport,sparse_novel_counter,explicit_rows,81,25,11,15458,40166,1917,Menlo,16,1,release,8,24,3,false,0,0,false,Metal,Apple M5 Pro,0
rtl_context_ltr_viewport,sparse_novel_counter,explicit_rows,81,25,12,15208,40750,1875,Menlo,16,1,release,8,24,3,false,0,0,false,Metal,Apple M5 Pro,0
rtl_context_ltr_viewport,sparse_novel_counter,explicit_rows,81,25,13,15458,40167,1875,Menlo,16,1,release,8,24,3,false,0,0,false,Metal,Apple M5 Pro,0
rtl_context_ltr_viewport,sparse_novel_counter,explicit_rows,81,25,14,15625,40792,1875,Menlo,16,1,release,8,24,3,false,0,0,false,Metal,Apple M5 Pro,0
rtl_context_ltr_viewport,sparse_novel_counter,explicit_rows,81,25,15,15167,40625,1875,Menlo,16,1,release,8,24,3,false,0,0,false,Metal,Apple M5 Pro,0
rtl_context_ltr_viewport,sparse_novel_counter,explicit_rows,81,25,16,15292,40500,1916,Menlo,16,1,release,8,24,3,false,0,0,false,Metal,Apple M5 Pro,0
rtl_context_ltr_viewport,sparse_novel_counter,explicit_rows,81,25,17,15375,40791,1875,Menlo,16,1,release,8,24,3,false,0,0,false,Metal,Apple M5 Pro,0
rtl_context_ltr_viewport,sparse_novel_counter,explicit_rows,81,25,18,15167,40500,1875,Menlo,16,1,release,8,24,3,false,0,0,false,Metal,Apple M5 Pro,0
rtl_context_ltr_viewport,sparse_novel_counter,explicit_rows,81,25,19,15416,40708,1875,Menlo,16,1,release,8,24,3,false,0,0,false,Metal,Apple M5 Pro,0
rtl_context_ltr_viewport,sparse_novel_counter,explicit_rows,81,25,20,15208,40500,1875,Menlo,16,1,release,8,24,3,false,0,0,false,Metal,Apple M5 Pro,0
rtl_context_ltr_viewport,sparse_novel_counter,explicit_rows,81,25,21,15375,41167,1875,Menlo,16,1,release,8,24,3,false,0,0,false,Metal,Apple M5 Pro,0
rtl_context_ltr_viewport,sparse_novel_counter,explicit_rows,81,25,22,15292,40625,1917,Menlo,16,1,release,8,24,3,false,0,0,false,Metal,Apple M5 Pro,0
rtl_context_ltr_viewport,sparse_novel_counter,explicit_rows,81,25,23,15375,40417,1916,Menlo,16,1,release,8,24,3,false,0,0,false,Metal,Apple M5 Pro,0
rtl_context_ltr_viewport,sparse_novel_counter,softwrap,81,25,0,25709,1357459,44333,Menlo,16,1,release,8,24,3,false,4221,0,false,Metal,Apple M5 Pro,0
rtl_context_ltr_viewport,sparse_novel_counter,softwrap,81,25,1,25750,1413667,44666,Menlo,16,1,release,8,24,3,false,4221,0,false,Metal,Apple M5 Pro,0
rtl_context_ltr_viewport,sparse_novel_counter,softwrap,81,25,2,26625,1352792,44792,Menlo,16,1,release,8,24,3,false,4221,0,false,Metal,Apple M5 Pro,0
rtl_context_ltr_viewport,sparse_novel_counter,softwrap,81,25,3,26375,1372542,44625,Menlo,16,1,release,8,24,3,false,4221,0,false,Metal,Apple M5 Pro,0
rtl_context_ltr_viewport,sparse_novel_counter,softwrap,81,25,4,25791,1389625,47417,Menlo,16,1,release,8,24,3,false,4221,0,false,Metal,Apple M5 Pro,0
rtl_context_ltr_viewport,sparse_novel_counter,softwrap,81,25,5,25917,1379459,44459,Menlo,16,1,release,8,24,3,false,4221,0,false,Metal,Apple M5 Pro,0
rtl_context_ltr_viewport,sparse_novel_counter,softwrap,81,25,6,26292,1362916,44542,Menlo,16,1,release,8,24,3,false,4221,0,false,Metal,Apple M5 Pro,0
rtl_context_ltr_viewport,sparse_novel_counter,softwrap,81,25,7,26541,1373000,44667,Menlo,16,1,release,8,24,3,false,4221,0,false,Metal,Apple M5 Pro,0
rtl_context_ltr_viewport,sparse_novel_counter,softwrap,81,25,8,26667,1380167,46750,Menlo,16,1,release,8,24,3,false,4221,0,false,Metal,Apple M5 Pro,0
rtl_context_ltr_viewport,sparse_novel_counter,softwrap,81,25,9,26708,1355542,44292,Menlo,16,1,release,8,24,3,false,4221,0,false,Metal,Apple M5 Pro,0
rtl_context_ltr_viewport,sparse_novel_counter,softwrap,81,25,10,26167,1346000,44458,Menlo,16,1,release,8,24,3,false,4221,0,false,Metal,Apple M5 Pro,0
rtl_context_ltr_viewport,sparse_novel_counter,softwrap,81,25,11,26291,1352542,44542,Menlo,16,1,release,8,24,3,false,4221,0,false,Metal,Apple M5 Pro,0
rtl_context_ltr_viewport,sparse_novel_counter,softwrap,81,25,12,25750,1346666,44417,Menlo,16,1,release,8,24,3,false,4221,0,false,Metal,Apple M5 Pro,0
rtl_context_ltr_viewport,sparse_novel_counter,softwrap,81,25,13,25916,1356875,44208,Menlo,16,1,release,8,24,3,false,4221,0,false,Metal,Apple M5 Pro,0
rtl_context_ltr_viewport,sparse_novel_counter,softwrap,81,25,14,25750,1388375,44125,Menlo,16,1,release,8,24,3,false,4221,0,false,Metal,Apple M5 Pro,0
rtl_context_ltr_viewport,sparse_novel_counter,softwrap,81,25,15,26666,1379125,44667,Menlo,16,1,release,8,24,3,false,4221,0,false,Metal,Apple M5 Pro,0
rtl_context_ltr_viewport,sparse_novel_counter,softwrap,81,25,16,26208,1353333,44667,Menlo,16,1,release,8,24,3,false,4221,0,false,Metal,Apple M5 Pro,0
rtl_context_ltr_viewport,sparse_novel_counter,softwrap,81,25,17,26333,1347917,44458,Menlo,16,1,release,8,24,3,false,4221,0,false,Metal,Apple M5 Pro,0
rtl_context_ltr_viewport,sparse_novel_counter,softwrap,81,25,18,25583,1365500,44833,Menlo,16,1,release,8,24,3,false,4221,0,false,Metal,Apple M5 Pro,0
rtl_context_ltr_viewport,sparse_novel_counter,softwrap,81,25,19,25875,1347541,44459,Menlo,16,1,release,8,24,3,false,4221,0,false,Metal,Apple M5 Pro,0
rtl_context_ltr_viewport,sparse_novel_counter,softwrap,81,25,20,26041,1363167,44458,Menlo,16,1,release,8,24,3,false,4221,0,false,Metal,Apple M5 Pro,0
rtl_context_ltr_viewport,sparse_novel_counter,softwrap,81,25,21,26875,1404667,44791,Menlo,16,1,release,8,24,3,false,4221,0,false,Metal,Apple M5 Pro,0
rtl_context_ltr_viewport,sparse_novel_counter,softwrap,81,25,22,25875,1373500,44667,Menlo,16,1,release,8,24,3,false,4221,0,false,Metal,Apple M5 Pro,0
rtl_context_ltr_viewport,sparse_novel_counter,softwrap,81,25,23,25834,1359583,44792,Menlo,16,1,release,8,24,3,false,4221,0,false,Metal,Apple M5 Pro,0
rtl_context_ltr_viewport,scroll_cycle,explicit_rows,81,25,0,15334,17083,44125,Menlo,16,1,release,8,24,3,false,0,0,false,Metal,Apple M5 Pro,6
rtl_context_ltr_viewport,scroll_cycle,explicit_rows,81,25,1,15375,17084,42583,Menlo,16,1,release,8,24,3,false,0,0,false,Metal,Apple M5 Pro,12
rtl_context_ltr_viewport,scroll_cycle,explicit_rows,81,25,2,15375,17125,42125,Menlo,16,1,release,8,24,3,false,0,0,false,Metal,Apple M5 Pro,18
rtl_context_ltr_viewport,scroll_cycle,explicit_rows,81,25,3,15417,17125,42208,Menlo,16,1,release,8,24,3,false,0,0,false,Metal,Apple M5 Pro,25
rtl_context_ltr_viewport,scroll_cycle,explicit_rows,81,25,4,15291,16625,42000,Menlo,16,1,release,8,24,3,false,0,0,false,Metal,Apple M5 Pro,18
rtl_context_ltr_viewport,scroll_cycle,explicit_rows,81,25,5,15417,16917,42167,Menlo,16,1,release,8,24,3,false,0,0,false,Metal,Apple M5 Pro,12
rtl_context_ltr_viewport,scroll_cycle,explicit_rows,81,25,6,15541,16709,42291,Menlo,16,1,release,8,24,3,false,0,0,false,Metal,Apple M5 Pro,6
rtl_context_ltr_viewport,scroll_cycle,explicit_rows,81,25,7,15292,16708,42209,Menlo,16,1,release,8,24,3,false,0,0,false,Metal,Apple M5 Pro,0
rtl_context_ltr_viewport,scroll_cycle,explicit_rows,81,25,8,15375,17042,41500,Menlo,16,1,release,8,24,3,false,0,0,false,Metal,Apple M5 Pro,6
rtl_context_ltr_viewport,scroll_cycle,explicit_rows,81,25,9,15166,16958,41625,Menlo,16,1,release,8,24,3,false,0,0,false,Metal,Apple M5 Pro,12
rtl_context_ltr_viewport,scroll_cycle,explicit_rows,81,25,10,15292,16666,41667,Menlo,16,1,release,8,24,3,false,0,0,false,Metal,Apple M5 Pro,18
rtl_context_ltr_viewport,scroll_cycle,explicit_rows,81,25,11,15250,16916,41875,Menlo,16,1,release,8,24,3,false,0,0,false,Metal,Apple M5 Pro,25
rtl_context_ltr_viewport,scroll_cycle,explicit_rows,81,25,12,15291,16708,41375,Menlo,16,1,release,8,24,3,false,0,0,false,Metal,Apple M5 Pro,18
rtl_context_ltr_viewport,scroll_cycle,explicit_rows,81,25,13,15292,16708,41625,Menlo,16,1,release,8,24,3,false,0,0,false,Metal,Apple M5 Pro,12
rtl_context_ltr_viewport,scroll_cycle,explicit_rows,81,25,14,15500,17000,41667,Menlo,16,1,release,8,24,3,false,0,0,false,Metal,Apple M5 Pro,6
rtl_context_ltr_viewport,scroll_cycle,explicit_rows,81,25,15,15291,16917,41500,Menlo,16,1,release,8,24,3,false,0,0,false,Metal,Apple M5 Pro,0
rtl_context_ltr_viewport,scroll_cycle,explicit_rows,81,25,16,15417,17625,41417,Menlo,16,1,release,8,24,3,false,0,0,false,Metal,Apple M5 Pro,6
rtl_context_ltr_viewport,scroll_cycle,explicit_rows,81,25,17,15750,17000,41292,Menlo,16,1,release,8,24,3,false,0,0,false,Metal,Apple M5 Pro,12
rtl_context_ltr_viewport,scroll_cycle,explicit_rows,81,25,18,15542,16958,41500,Menlo,16,1,release,8,24,3,false,0,0,false,Metal,Apple M5 Pro,18
rtl_context_ltr_viewport,scroll_cycle,explicit_rows,81,25,19,15417,16916,41625,Menlo,16,1,release,8,24,3,false,0,0,false,Metal,Apple M5 Pro,25
rtl_context_ltr_viewport,scroll_cycle,explicit_rows,81,25,20,15333,17084,44500,Menlo,16,1,release,8,24,3,false,0,0,false,Metal,Apple M5 Pro,18
rtl_context_ltr_viewport,scroll_cycle,explicit_rows,81,25,21,15291,16917,41541,Menlo,16,1,release,8,24,3,false,0,0,false,Metal,Apple M5 Pro,12
rtl_context_ltr_viewport,scroll_cycle,explicit_rows,81,25,22,15250,17167,41500,Menlo,16,1,release,8,24,3,false,0,0,false,Metal,Apple M5 Pro,6
rtl_context_ltr_viewport,scroll_cycle,explicit_rows,81,25,23,15291,17125,41708,Menlo,16,1,release,8,24,3,false,0,0,false,Metal,Apple M5 Pro,0
rtl_context_ltr_viewport,scroll_cycle,softwrap,81,25,0,26666,1357584,44750,Menlo,16,1,release,8,24,3,false,3727,494,false,Metal,Apple M5 Pro,6
rtl_context_ltr_viewport,scroll_cycle,softwrap,81,25,1,26000,1364792,44958,Menlo,16,1,release,8,24,3,false,3233,987,false,Metal,Apple M5 Pro,12
rtl_context_ltr_viewport,scroll_cycle,softwrap,81,25,2,26333,1345750,44084,Menlo,16,1,release,8,24,3,false,2740,1481,false,Metal,Apple M5 Pro,18
rtl_context_ltr_viewport,scroll_cycle,softwrap,81,25,3,26333,1346625,44791,Menlo,16,1,release,8,24,3,false,2164,2057,false,Metal,Apple M5 Pro,25
rtl_context_ltr_viewport,scroll_cycle,softwrap,81,25,4,25792,17125,44834,Menlo,16,1,release,8,24,3,false,2740,1481,false,Metal,Apple M5 Pro,18
rtl_context_ltr_viewport,scroll_cycle,softwrap,81,25,5,25208,17125,45083,Menlo,16,1,release,8,24,3,false,3233,987,false,Metal,Apple M5 Pro,12
rtl_context_ltr_viewport,scroll_cycle,softwrap,81,25,6,25125,17250,44625,Menlo,16,1,release,8,24,3,false,3727,494,false,Metal,Apple M5 Pro,6
rtl_context_ltr_viewport,scroll_cycle,softwrap,81,25,7,25167,1355917,45541,Menlo,16,1,release,8,24,3,false,4221,0,false,Metal,Apple M5 Pro,0
rtl_context_ltr_viewport,scroll_cycle,softwrap,81,25,8,25708,1352208,44792,Menlo,16,1,release,8,24,3,false,3727,494,false,Metal,Apple M5 Pro,6
rtl_context_ltr_viewport,scroll_cycle,softwrap,81,25,9,25708,1356875,44625,Menlo,16,1,release,8,24,3,false,3233,987,false,Metal,Apple M5 Pro,12
rtl_context_ltr_viewport,scroll_cycle,softwrap,81,25,10,26292,1386458,45292,Menlo,16,1,release,8,24,3,false,2740,1481,false,Metal,Apple M5 Pro,18
rtl_context_ltr_viewport,scroll_cycle,softwrap,81,25,11,26667,1381375,44709,Menlo,16,1,release,8,24,3,false,2164,2057,false,Metal,Apple M5 Pro,25
rtl_context_ltr_viewport,scroll_cycle,softwrap,81,25,12,25959,17000,44125,Menlo,16,1,release,8,24,3,false,2740,1481,false,Metal,Apple M5 Pro,18
rtl_context_ltr_viewport,scroll_cycle,softwrap,81,25,13,25208,17250,42167,Menlo,16,1,release,8,24,3,false,3233,987,false,Metal,Apple M5 Pro,12
rtl_context_ltr_viewport,scroll_cycle,softwrap,81,25,14,25041,17250,42208,Menlo,16,1,release,8,24,3,false,3727,494,false,Metal,Apple M5 Pro,6
rtl_context_ltr_viewport,scroll_cycle,softwrap,81,25,15,25417,1349291,44417,Menlo,16,1,release,8,24,3,false,4221,0,false,Metal,Apple M5 Pro,0
rtl_context_ltr_viewport,scroll_cycle,softwrap,81,25,16,26083,1352584,44666,Menlo,16,1,release,8,24,3,false,3727,494,false,Metal,Apple M5 Pro,6
rtl_context_ltr_viewport,scroll_cycle,softwrap,81,25,17,26917,1352125,45000,Menlo,16,1,release,8,24,3,false,3233,987,false,Metal,Apple M5 Pro,12
rtl_context_ltr_viewport,scroll_cycle,softwrap,81,25,18,25959,1351333,44500,Menlo,16,1,release,8,24,3,false,2740,1481,false,Metal,Apple M5 Pro,18
rtl_context_ltr_viewport,scroll_cycle,softwrap,81,25,19,25792,1342791,43042,Menlo,16,1,release,8,24,3,false,2164,2057,false,Metal,Apple M5 Pro,25
rtl_context_ltr_viewport,scroll_cycle,softwrap,81,25,20,25958,17166,41917,Menlo,16,1,release,8,24,3,false,2740,1481,false,Metal,Apple M5 Pro,18
rtl_context_ltr_viewport,scroll_cycle,softwrap,81,25,21,25041,17000,41917,Menlo,16,1,release,8,24,3,false,3233,987,false,Metal,Apple M5 Pro,12
rtl_context_ltr_viewport,scroll_cycle,softwrap,81,25,22,24875,17125,42042,Menlo,16,1,release,8,24,3,false,3727,494,false,Metal,Apple M5 Pro,6
rtl_context_ltr_viewport,scroll_cycle,softwrap,81,25,23,24917,1396042,45333,Menlo,16,1,release,8,24,3,false,4221,0,false,Metal,Apple M5 Pro,0
rtl_context_ltr_viewport,dense_novel_text,explicit_rows,81,25,0,15333,617292,43709,Menlo,16,1,release,8,24,3,false,0,0,false,Metal,Apple M5 Pro,0
rtl_context_ltr_viewport,dense_novel_text,explicit_rows,81,25,1,15458,645084,45166,Menlo,16,1,release,8,24,3,false,0,0,false,Metal,Apple M5 Pro,0
rtl_context_ltr_viewport,dense_novel_text,explicit_rows,81,25,2,15708,620500,44750,Menlo,16,1,release,8,24,3,false,0,0,false,Metal,Apple M5 Pro,0
rtl_context_ltr_viewport,dense_novel_text,explicit_rows,81,25,3,15416,622125,45833,Menlo,16,1,release,8,24,3,false,0,0,false,Metal,Apple M5 Pro,0
rtl_context_ltr_viewport,dense_novel_text,explicit_rows,81,25,4,15375,631500,44791,Menlo,16,1,release,8,24,3,false,0,0,false,Metal,Apple M5 Pro,0
rtl_context_ltr_viewport,dense_novel_text,explicit_rows,81,25,5,15542,618334,44625,Menlo,16,1,release,8,24,3,false,0,0,false,Metal,Apple M5 Pro,0
rtl_context_ltr_viewport,dense_novel_text,explicit_rows,81,25,6,15250,618666,44584,Menlo,16,1,release,8,24,3,false,0,0,false,Metal,Apple M5 Pro,0
rtl_context_ltr_viewport,dense_novel_text,explicit_rows,81,25,7,15334,639916,44792,Menlo,16,1,release,8,24,3,false,0,0,false,Metal,Apple M5 Pro,0
rtl_context_ltr_viewport,dense_novel_text,explicit_rows,81,25,8,15458,626500,44458,Menlo,16,1,release,8,24,3,false,0,0,false,Metal,Apple M5 Pro,0
rtl_context_ltr_viewport,dense_novel_text,explicit_rows,81,25,9,15250,617292,44458,Menlo,16,1,release,8,24,3,false,0,0,false,Metal,Apple M5 Pro,0
rtl_context_ltr_viewport,dense_novel_text,explicit_rows,81,25,10,15459,620375,44750,Menlo,16,1,release,8,24,3,false,0,0,false,Metal,Apple M5 Pro,0
rtl_context_ltr_viewport,dense_novel_text,explicit_rows,81,25,11,15375,617458,44667,Menlo,16,1,release,8,24,3,false,0,0,false,Metal,Apple M5 Pro,0
rtl_context_ltr_viewport,dense_novel_text,explicit_rows,81,25,12,15292,620041,44750,Menlo,16,1,release,8,24,3,false,0,0,false,Metal,Apple M5 Pro,0
rtl_context_ltr_viewport,dense_novel_text,explicit_rows,81,25,13,15292,623542,44750,Menlo,16,1,release,8,24,3,false,0,0,false,Metal,Apple M5 Pro,0
rtl_context_ltr_viewport,dense_novel_text,explicit_rows,81,25,14,15250,731209,57541,Menlo,16,1,release,8,24,3,false,0,0,false,Metal,Apple M5 Pro,0
rtl_context_ltr_viewport,dense_novel_text,explicit_rows,81,25,15,15667,631833,44708,Menlo,16,1,release,8,24,3,false,0,0,false,Metal,Apple M5 Pro,0
rtl_context_ltr_viewport,dense_novel_text,explicit_rows,81,25,16,15458,618417,44541,Menlo,16,1,release,8,24,3,false,0,0,false,Metal,Apple M5 Pro,0
rtl_context_ltr_viewport,dense_novel_text,explicit_rows,81,25,17,15375,615458,44625,Menlo,16,1,release,8,24,3,false,0,0,false,Metal,Apple M5 Pro,0
rtl_context_ltr_viewport,dense_novel_text,explicit_rows,81,25,18,15583,615500,44375,Menlo,16,1,release,8,24,3,false,0,0,false,Metal,Apple M5 Pro,0
rtl_context_ltr_viewport,dense_novel_text,explicit_rows,81,25,19,15334,638000,44583,Menlo,16,1,release,8,24,3,false,0,0,false,Metal,Apple M5 Pro,0
rtl_context_ltr_viewport,dense_novel_text,explicit_rows,81,25,20,15250,617042,45167,Menlo,16,1,release,8,24,3,false,0,0,false,Metal,Apple M5 Pro,0
rtl_context_ltr_viewport,dense_novel_text,explicit_rows,81,25,21,15458,615833,44334,Menlo,16,1,release,8,24,3,false,0,0,false,Metal,Apple M5 Pro,0
rtl_context_ltr_viewport,dense_novel_text,explicit_rows,81,25,22,15625,616375,43834,Menlo,16,1,release,8,24,3,false,0,0,false,Metal,Apple M5 Pro,0
rtl_context_ltr_viewport,dense_novel_text,explicit_rows,81,25,23,15375,615917,44500,Menlo,16,1,release,8,24,3,false,0,0,false,Metal,Apple M5 Pro,0
rtl_context_ltr_viewport,dense_novel_text,softwrap,81,25,0,25167,1396459,44542,Menlo,16,1,release,8,24,3,false,4221,0,false,Metal,Apple M5 Pro,0
rtl_context_ltr_viewport,dense_novel_text,softwrap,81,25,1,25791,1363917,47291,Menlo,16,1,release,8,24,3,false,4221,0,false,Metal,Apple M5 Pro,0
rtl_context_ltr_viewport,dense_novel_text,softwrap,81,25,2,33208,1367959,53083,Menlo,16,1,release,8,24,3,false,4221,0,false,Metal,Apple M5 Pro,0
rtl_context_ltr_viewport,dense_novel_text,softwrap,81,25,3,25333,1389250,44459,Menlo,16,1,release,8,24,3,false,4221,0,false,Metal,Apple M5 Pro,0
rtl_context_ltr_viewport,dense_novel_text,softwrap,81,25,4,25167,1366709,44417,Menlo,16,1,release,8,24,3,false,4221,0,false,Metal,Apple M5 Pro,0
rtl_context_ltr_viewport,dense_novel_text,softwrap,81,25,5,25709,1350167,44708,Menlo,16,1,release,8,24,3,false,4221,0,false,Metal,Apple M5 Pro,0
rtl_context_ltr_viewport,dense_novel_text,softwrap,81,25,6,26041,1375542,44333,Menlo,16,1,release,8,24,3,false,4221,0,false,Metal,Apple M5 Pro,0
rtl_context_ltr_viewport,dense_novel_text,softwrap,81,25,7,25375,1360042,44750,Menlo,16,1,release,8,24,3,false,4221,0,false,Metal,Apple M5 Pro,0
rtl_context_ltr_viewport,dense_novel_text,softwrap,81,25,8,25333,1347792,44459,Menlo,16,1,release,8,24,3,false,4221,0,false,Metal,Apple M5 Pro,0
rtl_context_ltr_viewport,dense_novel_text,softwrap,81,25,9,25459,1350500,44625,Menlo,16,1,release,8,24,3,false,4221,0,false,Metal,Apple M5 Pro,0
rtl_context_ltr_viewport,dense_novel_text,softwrap,81,25,10,25041,1358750,44541,Menlo,16,1,release,8,24,3,false,4221,0,false,Metal,Apple M5 Pro,0
rtl_context_ltr_viewport,dense_novel_text,softwrap,81,25,11,25125,1352625,44417,Menlo,16,1,release,8,24,3,false,4221,0,false,Metal,Apple M5 Pro,0
rtl_context_ltr_viewport,dense_novel_text,softwrap,81,25,12,25459,1353666,44542,Menlo,16,1,release,8,24,3,false,4221,0,false,Metal,Apple M5 Pro,0
rtl_context_ltr_viewport,dense_novel_text,softwrap,81,25,13,25708,1374250,44500,Menlo,16,1,release,8,24,3,false,4221,0,false,Metal,Apple M5 Pro,0
rtl_context_ltr_viewport,dense_novel_text,softwrap,81,25,14,25541,1352542,45458,Menlo,16,1,release,8,24,3,false,4221,0,false,Metal,Apple M5 Pro,0
rtl_context_ltr_viewport,dense_novel_text,softwrap,81,25,15,25667,1352750,45208,Menlo,16,1,release,8,24,3,false,4221,0,false,Metal,Apple M5 Pro,0
rtl_context_ltr_viewport,dense_novel_text,softwrap,81,25,16,25500,1357542,45500,Menlo,16,1,release,8,24,3,false,4221,0,false,Metal,Apple M5 Pro,0
rtl_context_ltr_viewport,dense_novel_text,softwrap,81,25,17,25292,1353166,45125,Menlo,16,1,release,8,24,3,false,4221,0,false,Metal,Apple M5 Pro,0
rtl_context_ltr_viewport,dense_novel_text,softwrap,81,25,18,25708,1343750,44500,Menlo,16,1,release,8,24,3,false,4221,0,false,Metal,Apple M5 Pro,0
rtl_context_ltr_viewport,dense_novel_text,softwrap,81,25,19,25417,1370875,44667,Menlo,16,1,release,8,24,3,false,4221,0,false,Metal,Apple M5 Pro,0
rtl_context_ltr_viewport,dense_novel_text,softwrap,81,25,20,25667,1403500,44917,Menlo,16,1,release,8,24,3,false,4221,0,false,Metal,Apple M5 Pro,0
rtl_context_ltr_viewport,dense_novel_text,softwrap,81,25,21,25875,1348708,44916,Menlo,16,1,release,8,24,3,false,4221,0,false,Metal,Apple M5 Pro,0
rtl_context_ltr_viewport,dense_novel_text,softwrap,81,25,22,25542,1376042,44583,Menlo,16,1,release,8,24,3,false,4221,0,false,Metal,Apple M5 Pro,0
rtl_context_ltr_viewport,dense_novel_text,softwrap,81,25,23,25791,1353584,44208,Menlo,16,1,release,8,24,3,false,4221,0,false,Metal,Apple M5 Pro,0
latin_accents,sparse_novel_counter,explicit_rows,121,42,0,39792,80291,2833,Menlo,16,1,release,8,24,3,false,0,0,false,Metal,Apple M5 Pro,0
latin_accents,sparse_novel_counter,explicit_rows,121,42,1,40292,87542,2875,Menlo,16,1,release,8,24,3,false,0,0,false,Metal,Apple M5 Pro,0
latin_accents,sparse_novel_counter,explicit_rows,121,42,2,40084,79084,2875,Menlo,16,1,release,8,24,3,false,0,0,false,Metal,Apple M5 Pro,0
latin_accents,sparse_novel_counter,explicit_rows,121,42,3,39666,78959,2834,Menlo,16,1,release,8,24,3,false,0,0,false,Metal,Apple M5 Pro,0
latin_accents,sparse_novel_counter,explicit_rows,121,42,4,39709,79375,2833,Menlo,16,1,release,8,24,3,false,0,0,false,Metal,Apple M5 Pro,0
latin_accents,sparse_novel_counter,explicit_rows,121,42,5,39833,78708,2875,Menlo,16,1,release,8,24,3,false,0,0,false,Metal,Apple M5 Pro,0
latin_accents,sparse_novel_counter,explicit_rows,121,42,6,39750,78583,2875,Menlo,16,1,release,8,24,3,false,0,0,false,Metal,Apple M5 Pro,0
latin_accents,sparse_novel_counter,explicit_rows,121,42,7,39208,124458,2875,Menlo,16,1,release,8,24,3,false,0,0,false,Metal,Apple M5 Pro,0
latin_accents,sparse_novel_counter,explicit_rows,121,42,8,39208,79875,2875,Menlo,16,1,release,8,24,3,false,0,0,false,Metal,Apple M5 Pro,0
latin_accents,sparse_novel_counter,explicit_rows,121,42,9,39500,78458,2875,Menlo,16,1,release,8,24,3,false,0,0,false,Metal,Apple M5 Pro,0
latin_accents,sparse_novel_counter,explicit_rows,121,42,10,39417,78250,2958,Menlo,16,1,release,8,24,3,false,0,0,false,Metal,Apple M5 Pro,0
latin_accents,sparse_novel_counter,explicit_rows,121,42,11,39583,78167,2875,Menlo,16,1,release,8,24,3,false,0,0,false,Metal,Apple M5 Pro,0
latin_accents,sparse_novel_counter,explicit_rows,121,42,12,39541,79208,2875,Menlo,16,1,release,8,24,3,false,0,0,false,Metal,Apple M5 Pro,0
latin_accents,sparse_novel_counter,explicit_rows,121,42,13,40041,78208,2875,Menlo,16,1,release,8,24,3,false,0,0,false,Metal,Apple M5 Pro,0
latin_accents,sparse_novel_counter,explicit_rows,121,42,14,39666,78542,2875,Menlo,16,1,release,8,24,3,false,0,0,false,Metal,Apple M5 Pro,0
latin_accents,sparse_novel_counter,explicit_rows,121,42,15,39792,80500,2834,Menlo,16,1,release,8,24,3,false,0,0,false,Metal,Apple M5 Pro,0
latin_accents,sparse_novel_counter,explicit_rows,121,42,16,39500,78500,2834,Menlo,16,1,release,8,24,3,false,0,0,false,Metal,Apple M5 Pro,0
latin_accents,sparse_novel_counter,explicit_rows,121,42,17,39542,77625,2833,Menlo,16,1,release,8,24,3,false,0,0,false,Metal,Apple M5 Pro,0
latin_accents,sparse_novel_counter,explicit_rows,121,42,18,39292,84958,2875,Menlo,16,1,release,8,24,3,false,0,0,false,Metal,Apple M5 Pro,0
latin_accents,sparse_novel_counter,explicit_rows,121,42,19,39458,83708,2833,Menlo,16,1,release,8,24,3,false,0,0,false,Metal,Apple M5 Pro,0
latin_accents,sparse_novel_counter,explicit_rows,121,42,20,39667,78708,2875,Menlo,16,1,release,8,24,3,false,0,0,false,Metal,Apple M5 Pro,0
latin_accents,sparse_novel_counter,explicit_rows,121,42,21,39542,78375,2875,Menlo,16,1,release,8,24,3,false,0,0,false,Metal,Apple M5 Pro,0
latin_accents,sparse_novel_counter,explicit_rows,121,42,22,39416,78667,2875,Menlo,16,1,release,8,24,3,false,0,0,false,Metal,Apple M5 Pro,0
latin_accents,sparse_novel_counter,explicit_rows,121,42,23,39875,82625,2875,Menlo,16,1,release,8,24,3,false,0,0,false,Metal,Apple M5 Pro,0
latin_accents,sparse_novel_counter,softwrap,121,42,0,69708,3139000,121291,Menlo,16,1,release,8,24,3,false,11643,0,false,Metal,Apple M5 Pro,0
latin_accents,sparse_novel_counter,softwrap,121,42,1,69583,3087334,114084,Menlo,16,1,release,8,24,3,false,11643,0,false,Metal,Apple M5 Pro,0
latin_accents,sparse_novel_counter,softwrap,121,42,2,67625,3082375,112167,Menlo,16,1,release,8,24,3,false,11643,0,false,Metal,Apple M5 Pro,0
latin_accents,sparse_novel_counter,softwrap,121,42,3,67959,3053708,108792,Menlo,16,1,release,8,24,3,false,11643,0,false,Metal,Apple M5 Pro,0
latin_accents,sparse_novel_counter,softwrap,121,42,4,65875,3038667,113458,Menlo,16,1,release,8,24,3,false,11643,0,false,Metal,Apple M5 Pro,0
latin_accents,sparse_novel_counter,softwrap,121,42,5,69458,3096417,111250,Menlo,16,1,release,8,24,3,false,11643,0,false,Metal,Apple M5 Pro,0
latin_accents,sparse_novel_counter,softwrap,121,42,6,67958,3083833,112750,Menlo,16,1,release,8,24,3,false,11643,0,false,Metal,Apple M5 Pro,0
latin_accents,sparse_novel_counter,softwrap,121,42,7,67709,3057833,113208,Menlo,16,1,release,8,24,3,false,11643,0,false,Metal,Apple M5 Pro,0
latin_accents,sparse_novel_counter,softwrap,121,42,8,67458,3112375,113250,Menlo,16,1,release,8,24,3,false,11643,0,false,Metal,Apple M5 Pro,0
latin_accents,sparse_novel_counter,softwrap,121,42,9,67459,3079416,113583,Menlo,16,1,release,8,24,3,false,11643,0,false,Metal,Apple M5 Pro,0
latin_accents,sparse_novel_counter,softwrap,121,42,10,68417,3125125,130625,Menlo,16,1,release,8,24,3,false,11643,0,false,Metal,Apple M5 Pro,0
latin_accents,sparse_novel_counter,softwrap,121,42,11,68417,3087833,111792,Menlo,16,1,release,8,24,3,false,11643,0,false,Metal,Apple M5 Pro,0
latin_accents,sparse_novel_counter,softwrap,121,42,12,67959,3071750,113542,Menlo,16,1,release,8,24,3,false,11643,0,false,Metal,Apple M5 Pro,0
latin_accents,sparse_novel_counter,softwrap,121,42,13,68708,3097583,113625,Menlo,16,1,release,8,24,3,false,11643,0,false,Metal,Apple M5 Pro,0
latin_accents,sparse_novel_counter,softwrap,121,42,14,67458,3050208,112792,Menlo,16,1,release,8,24,3,false,11643,0,false,Metal,Apple M5 Pro,0
latin_accents,sparse_novel_counter,softwrap,121,42,15,67459,3015000,112000,Menlo,16,1,release,8,24,3,false,11643,0,false,Metal,Apple M5 Pro,0
latin_accents,sparse_novel_counter,softwrap,121,42,16,68542,3049458,114000,Menlo,16,1,release,8,24,3,false,11643,0,false,Metal,Apple M5 Pro,0
latin_accents,sparse_novel_counter,softwrap,121,42,17,68875,3122000,113292,Menlo,16,1,release,8,24,3,false,11643,0,false,Metal,Apple M5 Pro,0
latin_accents,sparse_novel_counter,softwrap,121,42,18,68125,3071500,115292,Menlo,16,1,release,8,24,3,false,11643,0,false,Metal,Apple M5 Pro,0
latin_accents,sparse_novel_counter,softwrap,121,42,19,67666,3099875,114500,Menlo,16,1,release,8,24,3,false,11643,0,false,Metal,Apple M5 Pro,0
latin_accents,sparse_novel_counter,softwrap,121,42,20,67458,3167958,112958,Menlo,16,1,release,8,24,3,false,11643,0,false,Metal,Apple M5 Pro,0
latin_accents,sparse_novel_counter,softwrap,121,42,21,83708,3069125,109666,Menlo,16,1,release,8,24,3,false,11643,0,false,Metal,Apple M5 Pro,0
latin_accents,sparse_novel_counter,softwrap,121,42,22,67792,3073125,119625,Menlo,16,1,release,8,24,3,false,11643,0,false,Metal,Apple M5 Pro,0
latin_accents,sparse_novel_counter,softwrap,121,42,23,67041,3093417,112833,Menlo,16,1,release,8,24,3,false,11643,0,false,Metal,Apple M5 Pro,0
latin_accents,scroll_cycle,explicit_rows,121,42,0,39875,1585333,115125,Menlo,16,1,release,8,24,3,false,0,0,false,Metal,Apple M5 Pro,10
latin_accents,scroll_cycle,explicit_rows,121,42,1,40208,442125,113875,Menlo,16,1,release,8,24,3,false,0,0,false,Metal,Apple M5 Pro,21
latin_accents,scroll_cycle,explicit_rows,121,42,2,39917,406416,111542,Menlo,16,1,release,8,24,3,false,0,0,false,Metal,Apple M5 Pro,31
latin_accents,scroll_cycle,explicit_rows,121,42,3,39834,439709,112917,Menlo,16,1,release,8,24,3,false,0,0,false,Metal,Apple M5 Pro,42
latin_accents,scroll_cycle,explicit_rows,121,42,4,39917,40750,108916,Menlo,16,1,release,8,24,3,false,0,0,false,Metal,Apple M5 Pro,31
latin_accents,scroll_cycle,explicit_rows,121,42,5,39791,41209,113250,Menlo,16,1,release,8,24,3,false,0,0,false,Metal,Apple M5 Pro,21
latin_accents,scroll_cycle,explicit_rows,121,42,6,39375,40875,108125,Menlo,16,1,release,8,24,3,false,0,0,false,Metal,Apple M5 Pro,10
latin_accents,scroll_cycle,explicit_rows,121,42,7,55125,406750,114000,Menlo,16,1,release,8,24,3,false,0,0,false,Metal,Apple M5 Pro,0
latin_accents,scroll_cycle,explicit_rows,121,42,8,45500,1581583,113625,Menlo,16,1,release,8,24,3,false,0,0,false,Metal,Apple M5 Pro,10
latin_accents,scroll_cycle,explicit_rows,121,42,9,40291,440167,110708,Menlo,16,1,release,8,24,3,false,0,0,false,Metal,Apple M5 Pro,21
latin_accents,scroll_cycle,explicit_rows,121,42,10,39916,403458,110292,Menlo,16,1,release,8,24,3,false,0,0,false,Metal,Apple M5 Pro,31
latin_accents,scroll_cycle,explicit_rows,121,42,11,40209,440375,111750,Menlo,16,1,release,8,24,3,false,0,0,false,Metal,Apple M5 Pro,42
latin_accents,scroll_cycle,explicit_rows,121,42,12,40000,40708,110417,Menlo,16,1,release,8,24,3,false,0,0,false,Metal,Apple M5 Pro,31
latin_accents,scroll_cycle,explicit_rows,121,42,13,39959,43917,109458,Menlo,16,1,release,8,24,3,false,0,0,false,Metal,Apple M5 Pro,21
latin_accents,scroll_cycle,explicit_rows,121,42,14,39792,41083,112166,Menlo,16,1,release,8,24,3,false,0,0,false,Metal,Apple M5 Pro,10
latin_accents,scroll_cycle,explicit_rows,121,42,15,39666,405875,137667,Menlo,16,1,release,8,24,3,false,0,0,false,Metal,Apple M5 Pro,0
latin_accents,scroll_cycle,explicit_rows,121,42,16,40417,1573416,115125,Menlo,16,1,release,8,24,3,false,0,0,false,Metal,Apple M5 Pro,10
latin_accents,scroll_cycle,explicit_rows,121,42,17,39541,436792,113250,Menlo,16,1,release,8,24,3,false,0,0,false,Metal,Apple M5 Pro,21
latin_accents,scroll_cycle,explicit_rows,121,42,18,39959,401250,112291,Menlo,16,1,release,8,24,3,false,0,0,false,Metal,Apple M5 Pro,31
latin_accents,scroll_cycle,explicit_rows,121,42,19,40333,438333,122125,Menlo,16,1,release,8,24,3,false,0,0,false,Metal,Apple M5 Pro,42
latin_accents,scroll_cycle,explicit_rows,121,42,20,40458,41458,111333,Menlo,16,1,release,8,24,3,false,0,0,false,Metal,Apple M5 Pro,31
latin_accents,scroll_cycle,explicit_rows,121,42,21,40041,40667,115416,Menlo,16,1,release,8,24,3,false,0,0,false,Metal,Apple M5 Pro,21
latin_accents,scroll_cycle,explicit_rows,121,42,22,39709,40709,110917,Menlo,16,1,release,8,24,3,false,0,0,false,Metal,Apple M5 Pro,10
latin_accents,scroll_cycle,explicit_rows,121,42,23,39583,410667,114333,Menlo,16,1,release,8,24,3,false,0,0,false,Metal,Apple M5 Pro,0
latin_accents,scroll_cycle,softwrap,121,42,0,69041,3093708,113000,Menlo,16,1,release,8,24,3,false,10272,1357,false,Metal,Apple M5 Pro,10
latin_accents,scroll_cycle,softwrap,121,42,1,68916,3077834,111250,Menlo,16,1,release,8,24,3,false,8766,2863,false,Metal,Apple M5 Pro,21
latin_accents,scroll_cycle,softwrap,121,42,2,69750,3156500,111541,Menlo,16,1,release,8,24,3,false,7395,4234,false,Metal,Apple M5 Pro,31
latin_accents,scroll_cycle,softwrap,121,42,3,68792,3119541,113833,Menlo,16,1,release,8,24,3,false,5889,5740,false,Metal,Apple M5 Pro,42
latin_accents,scroll_cycle,softwrap,121,42,4,68750,3121667,113334,Menlo,16,1,release,8,24,3,false,7395,4234,false,Metal,Apple M5 Pro,31
latin_accents,scroll_cycle,softwrap,121,42,5,68125,3126959,116750,Menlo,16,1,release,8,24,3,false,8766,2863,false,Metal,Apple M5 Pro,21
latin_accents,scroll_cycle,softwrap,121,42,6,69125,3091416,115917,Menlo,16,1,release,8,24,3,false,10272,1357,false,Metal,Apple M5 Pro,10
latin_accents,scroll_cycle,softwrap,121,42,7,68375,3067000,116333,Menlo,16,1,release,8,24,3,false,11643,0,false,Metal,Apple M5 Pro,0
latin_accents,scroll_cycle,softwrap,121,42,8,69583,3147500,116792,Menlo,16,1,release,8,24,3,false,10272,1357,false,Metal,Apple M5 Pro,10
latin_accents,scroll_cycle,softwrap,121,42,9,67792,3103125,116542,Menlo,16,1,release,8,24,3,false,8766,2863,false,Metal,Apple M5 Pro,21
latin_accents,scroll_cycle,softwrap,121,42,10,69791,3124000,116208,Menlo,16,1,release,8,24,3,false,7395,4234,false,Metal,Apple M5 Pro,31
latin_accents,scroll_cycle,softwrap,121,42,11,69125,3151958,112959,Menlo,16,1,release,8,24,3,false,5889,5740,false,Metal,Apple M5 Pro,42
latin_accents,scroll_cycle,softwrap,121,42,12,68125,3121834,116375,Menlo,16,1,release,8,24,3,false,7395,4234,false,Metal,Apple M5 Pro,31
latin_accents,scroll_cycle,softwrap,121,42,13,69542,3152834,118334,Menlo,16,1,release,8,24,3,false,8766,2863,false,Metal,Apple M5 Pro,21
latin_accents,scroll_cycle,softwrap,121,42,14,76875,3126292,113250,Menlo,16,1,release,8,24,3,false,10272,1357,false,Metal,Apple M5 Pro,10
latin_accents,scroll_cycle,softwrap,121,42,15,67791,3122250,129000,Menlo,16,1,release,8,24,3,false,11643,0,false,Metal,Apple M5 Pro,0
latin_accents,scroll_cycle,softwrap,121,42,16,68500,3092417,116208,Menlo,16,1,release,8,24,3,false,10272,1357,false,Metal,Apple M5 Pro,10
latin_accents,scroll_cycle,softwrap,121,42,17,68875,3149667,116750,Menlo,16,1,release,8,24,3,false,8766,2863,false,Metal,Apple M5 Pro,21
latin_accents,scroll_cycle,softwrap,121,42,18,69750,3092750,111750,Menlo,16,1,release,8,24,3,false,7395,4234,false,Metal,Apple M5 Pro,31
latin_accents,scroll_cycle,softwrap,121,42,19,69375,3105625,116334,Menlo,16,1,release,8,24,3,false,5889,5740,false,Metal,Apple M5 Pro,42
latin_accents,scroll_cycle,softwrap,121,42,20,69250,3122709,113875,Menlo,16,1,release,8,24,3,false,7395,4234,false,Metal,Apple M5 Pro,31
latin_accents,scroll_cycle,softwrap,121,42,21,67042,3096667,112250,Menlo,16,1,release,8,24,3,false,8766,2863,false,Metal,Apple M5 Pro,21
latin_accents,scroll_cycle,softwrap,121,42,22,67958,3092834,115083,Menlo,16,1,release,8,24,3,false,10272,1357,false,Metal,Apple M5 Pro,10
latin_accents,scroll_cycle,softwrap,121,42,23,67750,3047584,112708,Menlo,16,1,release,8,24,3,false,11643,0,false,Metal,Apple M5 Pro,0
latin_accents,dense_novel_text,explicit_rows,121,42,0,39500,1582666,112875,Menlo,16,1,release,8,24,3,false,0,0,false,Metal,Apple M5 Pro,0
latin_accents,dense_novel_text,explicit_rows,121,42,1,39625,1583834,113250,Menlo,16,1,release,8,24,3,false,0,0,false,Metal,Apple M5 Pro,0
latin_accents,dense_novel_text,explicit_rows,121,42,2,39542,1588000,122708,Menlo,16,1,release,8,24,3,false,0,0,false,Metal,Apple M5 Pro,0
latin_accents,dense_novel_text,explicit_rows,121,42,3,39750,1590625,113500,Menlo,16,1,release,8,24,3,false,0,0,false,Metal,Apple M5 Pro,0
latin_accents,dense_novel_text,explicit_rows,121,42,4,39417,1571583,111458,Menlo,16,1,release,8,24,3,false,0,0,false,Metal,Apple M5 Pro,0
latin_accents,dense_novel_text,explicit_rows,121,42,5,39250,1618167,113042,Menlo,16,1,release,8,24,3,false,0,0,false,Metal,Apple M5 Pro,0
latin_accents,dense_novel_text,explicit_rows,121,42,6,39625,1597917,124958,Menlo,16,1,release,8,24,3,false,0,0,false,Metal,Apple M5 Pro,0
latin_accents,dense_novel_text,explicit_rows,121,42,7,39375,1587458,111958,Menlo,16,1,release,8,24,3,false,0,0,false,Metal,Apple M5 Pro,0
latin_accents,dense_novel_text,explicit_rows,121,42,8,39791,1570625,113250,Menlo,16,1,release,8,24,3,false,0,0,false,Metal,Apple M5 Pro,0
latin_accents,dense_novel_text,explicit_rows,121,42,9,39833,1578583,122792,Menlo,16,1,release,8,24,3,false,0,0,false,Metal,Apple M5 Pro,0
latin_accents,dense_novel_text,explicit_rows,121,42,10,42417,1603625,113041,Menlo,16,1,release,8,24,3,false,0,0,false,Metal,Apple M5 Pro,0
latin_accents,dense_novel_text,explicit_rows,121,42,11,39666,1586625,120333,Menlo,16,1,release,8,24,3,false,0,0,false,Metal,Apple M5 Pro,0
latin_accents,dense_novel_text,explicit_rows,121,42,12,39750,1574916,113750,Menlo,16,1,release,8,24,3,false,0,0,false,Metal,Apple M5 Pro,0
latin_accents,dense_novel_text,explicit_rows,121,42,13,39500,1573083,113167,Menlo,16,1,release,8,24,3,false,0,0,false,Metal,Apple M5 Pro,0
latin_accents,dense_novel_text,explicit_rows,121,42,14,39250,1565417,114292,Menlo,16,1,release,8,24,3,false,0,0,false,Metal,Apple M5 Pro,0
latin_accents,dense_novel_text,explicit_rows,121,42,15,39583,1595583,114000,Menlo,16,1,release,8,24,3,false,0,0,false,Metal,Apple M5 Pro,0
latin_accents,dense_novel_text,explicit_rows,121,42,16,39708,1554750,110333,Menlo,16,1,release,8,24,3,false,0,0,false,Metal,Apple M5 Pro,0
latin_accents,dense_novel_text,explicit_rows,121,42,17,39542,1566000,119042,Menlo,16,1,release,8,24,3,false,0,0,false,Metal,Apple M5 Pro,0
latin_accents,dense_novel_text,explicit_rows,121,42,18,39458,1554709,113667,Menlo,16,1,release,8,24,3,false,0,0,false,Metal,Apple M5 Pro,0
latin_accents,dense_novel_text,explicit_rows,121,42,19,40083,1549708,113333,Menlo,16,1,release,8,24,3,false,0,0,false,Metal,Apple M5 Pro,0
latin_accents,dense_novel_text,explicit_rows,121,42,20,39708,1546792,113833,Menlo,16,1,release,8,24,3,false,0,0,false,Metal,Apple M5 Pro,0
latin_accents,dense_novel_text,explicit_rows,121,42,21,39667,1583333,112875,Menlo,16,1,release,8,24,3,false,0,0,false,Metal,Apple M5 Pro,0
latin_accents,dense_novel_text,explicit_rows,121,42,22,39500,1574875,113459,Menlo,16,1,release,8,24,3,false,0,0,false,Metal,Apple M5 Pro,0
latin_accents,dense_novel_text,explicit_rows,121,42,23,39417,1606250,114083,Menlo,16,1,release,8,24,3,false,0,0,false,Metal,Apple M5 Pro,0
latin_accents,dense_novel_text,softwrap,121,42,0,66375,3146959,116000,Menlo,16,1,release,8,24,3,false,11643,0,false,Metal,Apple M5 Pro,0
latin_accents,dense_novel_text,softwrap,121,42,1,66792,3113500,111791,Menlo,16,1,release,8,24,3,false,11643,0,false,Metal,Apple M5 Pro,0
latin_accents,dense_novel_text,softwrap,121,42,2,66166,3053875,113292,Menlo,16,1,release,8,24,3,false,11643,0,false,Metal,Apple M5 Pro,0
latin_accents,dense_novel_text,softwrap,121,42,3,66167,3052333,112292,Menlo,16,1,release,8,24,3,false,11643,0,false,Metal,Apple M5 Pro,0
latin_accents,dense_novel_text,softwrap,121,42,4,65667,3095250,114291,Menlo,16,1,release,8,24,3,false,11643,0,false,Metal,Apple M5 Pro,0
latin_accents,dense_novel_text,softwrap,121,42,5,66708,3097958,113584,Menlo,16,1,release,8,24,3,false,11643,0,false,Metal,Apple M5 Pro,0
latin_accents,dense_novel_text,softwrap,121,42,6,66500,3112417,115083,Menlo,16,1,release,8,24,3,false,11643,0,false,Metal,Apple M5 Pro,0
latin_accents,dense_novel_text,softwrap,121,42,7,65875,3179416,125917,Menlo,16,1,release,8,24,3,false,11643,0,false,Metal,Apple M5 Pro,0
latin_accents,dense_novel_text,softwrap,121,42,8,67250,3132375,111917,Menlo,16,1,release,8,24,3,false,11643,0,false,Metal,Apple M5 Pro,0
latin_accents,dense_novel_text,softwrap,121,42,9,66375,3103792,113542,Menlo,16,1,release,8,24,3,false,11643,0,false,Metal,Apple M5 Pro,0
latin_accents,dense_novel_text,softwrap,121,42,10,66584,3121959,110042,Menlo,16,1,release,8,24,3,false,11643,0,false,Metal,Apple M5 Pro,0
latin_accents,dense_novel_text,softwrap,121,42,11,66167,3094375,110791,Menlo,16,1,release,8,24,3,false,11643,0,false,Metal,Apple M5 Pro,0
latin_accents,dense_novel_text,softwrap,121,42,12,66500,3115541,114000,Menlo,16,1,release,8,24,3,false,11643,0,false,Metal,Apple M5 Pro,0
latin_accents,dense_novel_text,softwrap,121,42,13,65917,3144916,114000,Menlo,16,1,release,8,24,3,false,11643,0,false,Metal,Apple M5 Pro,0
latin_accents,dense_novel_text,softwrap,121,42,14,66917,3095708,113750,Menlo,16,1,release,8,24,3,false,11643,0,false,Metal,Apple M5 Pro,0
latin_accents,dense_novel_text,softwrap,121,42,15,66583,3089417,113750,Menlo,16,1,release,8,24,3,false,11643,0,false,Metal,Apple M5 Pro,0
latin_accents,dense_novel_text,softwrap,121,42,16,66583,3123375,113166,Menlo,16,1,release,8,24,3,false,11643,0,false,Metal,Apple M5 Pro,0
latin_accents,dense_novel_text,softwrap,121,42,17,65792,3115458,113250,Menlo,16,1,release,8,24,3,false,11643,0,false,Metal,Apple M5 Pro,0
latin_accents,dense_novel_text,softwrap,121,42,18,66000,3115333,113416,Menlo,16,1,release,8,24,3,false,11643,0,false,Metal,Apple M5 Pro,0
latin_accents,dense_novel_text,softwrap,121,42,19,66208,3106875,108167,Menlo,16,1,release,8,24,3,false,11643,0,false,Metal,Apple M5 Pro,0
latin_accents,dense_novel_text,softwrap,121,42,20,66042,3070166,127583,Menlo,16,1,release,8,24,3,false,11643,0,false,Metal,Apple M5 Pro,0
latin_accents,dense_novel_text,softwrap,121,42,21,66084,3045250,113375,Menlo,16,1,release,8,24,3,false,11643,0,false,Metal,Apple M5 Pro,0
latin_accents,dense_novel_text,softwrap,121,42,22,66083,3121458,114125,Menlo,16,1,release,8,24,3,false,11643,0,false,Metal,Apple M5 Pro,0
latin_accents,dense_novel_text,softwrap,121,42,23,65584,3119041,111625,Menlo,16,1,release,8,24,3,false,11643,0,false,Metal,Apple M5 Pro,0
cyrillic,sparse_novel_counter,explicit_rows,121,42,0,38375,75333,2708,Menlo,16,1,release,8,24,3,false,0,0,false,Metal,Apple M5 Pro,0
cyrillic,sparse_novel_counter,explicit_rows,121,42,1,38542,76084,2750,Menlo,16,1,release,8,24,3,false,0,0,false,Metal,Apple M5 Pro,0
cyrillic,sparse_novel_counter,explicit_rows,121,42,2,38250,75250,2750,Menlo,16,1,release,8,24,3,false,0,0,false,Metal,Apple M5 Pro,0
cyrillic,sparse_novel_counter,explicit_rows,121,42,3,38625,75167,2750,Menlo,16,1,release,8,24,3,false,0,0,false,Metal,Apple M5 Pro,0
cyrillic,sparse_novel_counter,explicit_rows,121,42,4,37958,75333,2750,Menlo,16,1,release,8,24,3,false,0,0,false,Metal,Apple M5 Pro,0
cyrillic,sparse_novel_counter,explicit_rows,121,42,5,38000,75500,2750,Menlo,16,1,release,8,24,3,false,0,0,false,Metal,Apple M5 Pro,0
cyrillic,sparse_novel_counter,explicit_rows,121,42,6,38416,75459,2750,Menlo,16,1,release,8,24,3,false,0,0,false,Metal,Apple M5 Pro,0
cyrillic,sparse_novel_counter,explicit_rows,121,42,7,38375,125875,2708,Menlo,16,1,release,8,24,3,false,0,0,false,Metal,Apple M5 Pro,0
cyrillic,sparse_novel_counter,explicit_rows,121,42,8,38541,75375,2708,Menlo,16,1,release,8,24,3,false,0,0,false,Metal,Apple M5 Pro,0
cyrillic,sparse_novel_counter,explicit_rows,121,42,9,38250,75417,2708,Menlo,16,1,release,8,24,3,false,0,0,false,Metal,Apple M5 Pro,0
cyrillic,sparse_novel_counter,explicit_rows,121,42,10,38209,75583,2750,Menlo,16,1,release,8,24,3,false,0,0,false,Metal,Apple M5 Pro,0
cyrillic,sparse_novel_counter,explicit_rows,121,42,11,38083,75333,2708,Menlo,16,1,release,8,24,3,false,0,0,false,Metal,Apple M5 Pro,0
cyrillic,sparse_novel_counter,explicit_rows,121,42,12,38458,75708,2708,Menlo,16,1,release,8,24,3,false,0,0,false,Metal,Apple M5 Pro,0
cyrillic,sparse_novel_counter,explicit_rows,121,42,13,37959,76375,2709,Menlo,16,1,release,8,24,3,false,0,0,false,Metal,Apple M5 Pro,0
cyrillic,sparse_novel_counter,explicit_rows,121,42,14,37959,75334,2709,Menlo,16,1,release,8,24,3,false,0,0,false,Metal,Apple M5 Pro,0
cyrillic,sparse_novel_counter,explicit_rows,121,42,15,38084,75916,2708,Menlo,16,1,release,8,24,3,false,0,0,false,Metal,Apple M5 Pro,0
cyrillic,sparse_novel_counter,explicit_rows,121,42,16,38209,75166,2708,Menlo,16,1,release,8,24,3,false,0,0,false,Metal,Apple M5 Pro,0
cyrillic,sparse_novel_counter,explicit_rows,121,42,17,38208,75292,2750,Menlo,16,1,release,8,24,3,false,0,0,false,Metal,Apple M5 Pro,0
cyrillic,sparse_novel_counter,explicit_rows,121,42,18,38583,75042,2750,Menlo,16,1,release,8,24,3,false,0,0,false,Metal,Apple M5 Pro,0
cyrillic,sparse_novel_counter,explicit_rows,121,42,19,38167,74542,2709,Menlo,16,1,release,8,24,3,false,0,0,false,Metal,Apple M5 Pro,0
cyrillic,sparse_novel_counter,explicit_rows,121,42,20,38208,75417,2750,Menlo,16,1,release,8,24,3,false,0,0,false,Metal,Apple M5 Pro,0
cyrillic,sparse_novel_counter,explicit_rows,121,42,21,38083,75042,2792,Menlo,16,1,release,8,24,3,false,0,0,false,Metal,Apple M5 Pro,0
cyrillic,sparse_novel_counter,explicit_rows,121,42,22,38084,74250,2708,Menlo,16,1,release,8,24,3,false,0,0,false,Metal,Apple M5 Pro,0
cyrillic,sparse_novel_counter,explicit_rows,121,42,23,38167,75958,2708,Menlo,16,1,release,8,24,3,false,0,0,false,Metal,Apple M5 Pro,0
cyrillic,sparse_novel_counter,softwrap,121,42,0,66792,2900041,110209,Menlo,16,1,release,8,24,3,false,16830,0,false,Metal,Apple M5 Pro,0
cyrillic,sparse_novel_counter,softwrap,121,42,1,65500,2898042,110458,Menlo,16,1,release,8,24,3,false,16830,0,false,Metal,Apple M5 Pro,0
cyrillic,sparse_novel_counter,softwrap,121,42,2,65791,2938458,112834,Menlo,16,1,release,8,24,3,false,16830,0,false,Metal,Apple M5 Pro,0
cyrillic,sparse_novel_counter,softwrap,121,42,3,68541,2916000,112000,Menlo,16,1,release,8,24,3,false,16830,0,false,Metal,Apple M5 Pro,0
cyrillic,sparse_novel_counter,softwrap,121,42,4,66666,2922834,116167,Menlo,16,1,release,8,24,3,false,16830,0,false,Metal,Apple M5 Pro,0
cyrillic,sparse_novel_counter,softwrap,121,42,5,67083,2944458,108334,Menlo,16,1,release,8,24,3,false,16830,0,false,Metal,Apple M5 Pro,0
cyrillic,sparse_novel_counter,softwrap,121,42,6,67584,2922709,118417,Menlo,16,1,release,8,24,3,false,16830,0,false,Metal,Apple M5 Pro,0
cyrillic,sparse_novel_counter,softwrap,121,42,7,82583,2936125,109958,Menlo,16,1,release,8,24,3,false,16830,0,false,Metal,Apple M5 Pro,0
cyrillic,sparse_novel_counter,softwrap,121,42,8,74542,2908584,109584,Menlo,16,1,release,8,24,3,false,16830,0,false,Metal,Apple M5 Pro,0
cyrillic,sparse_novel_counter,softwrap,121,42,9,65875,2947083,114167,Menlo,16,1,release,8,24,3,false,16830,0,false,Metal,Apple M5 Pro,0
cyrillic,sparse_novel_counter,softwrap,121,42,10,67250,2906334,111083,Menlo,16,1,release,8,24,3,false,16830,0,false,Metal,Apple M5 Pro,0
cyrillic,sparse_novel_counter,softwrap,121,42,11,65250,2883959,108083,Menlo,16,1,release,8,24,3,false,16830,0,false,Metal,Apple M5 Pro,0
cyrillic,sparse_novel_counter,softwrap,121,42,12,65750,2942917,121708,Menlo,16,1,release,8,24,3,false,16830,0,false,Metal,Apple M5 Pro,0
cyrillic,sparse_novel_counter,softwrap,121,42,13,66208,2959833,110708,Menlo,16,1,release,8,24,3,false,16830,0,false,Metal,Apple M5 Pro,0
cyrillic,sparse_novel_counter,softwrap,121,42,14,66834,2945875,109875,Menlo,16,1,release,8,24,3,false,16830,0,false,Metal,Apple M5 Pro,0
cyrillic,sparse_novel_counter,softwrap,121,42,15,68583,2937542,110583,Menlo,16,1,release,8,24,3,false,16830,0,false,Metal,Apple M5 Pro,0
cyrillic,sparse_novel_counter,softwrap,121,42,16,66166,2865875,108708,Menlo,16,1,release,8,24,3,false,16830,0,false,Metal,Apple M5 Pro,0
cyrillic,sparse_novel_counter,softwrap,121,42,17,64833,2849333,111166,Menlo,16,1,release,8,24,3,false,16830,0,false,Metal,Apple M5 Pro,0
cyrillic,sparse_novel_counter,softwrap,121,42,18,66041,2893000,110541,Menlo,16,1,release,8,24,3,false,16830,0,false,Metal,Apple M5 Pro,0
cyrillic,sparse_novel_counter,softwrap,121,42,19,68208,2925792,110084,Menlo,16,1,release,8,24,3,false,16830,0,false,Metal,Apple M5 Pro,0
cyrillic,sparse_novel_counter,softwrap,121,42,20,65292,2937750,110666,Menlo,16,1,release,8,24,3,false,16830,0,false,Metal,Apple M5 Pro,0
cyrillic,sparse_novel_counter,softwrap,121,42,21,65250,2947000,110334,Menlo,16,1,release,8,24,3,false,16830,0,false,Metal,Apple M5 Pro,0
cyrillic,sparse_novel_counter,softwrap,121,42,22,65292,2912250,108083,Menlo,16,1,release,8,24,3,false,16830,0,false,Metal,Apple M5 Pro,0
cyrillic,sparse_novel_counter,softwrap,121,42,23,64833,2987792,110375,Menlo,16,1,release,8,24,3,false,16830,0,false,Metal,Apple M5 Pro,0
cyrillic,scroll_cycle,explicit_rows,121,42,0,38666,1516792,108958,Menlo,16,1,release,8,24,3,false,0,0,false,Metal,Apple M5 Pro,10
cyrillic,scroll_cycle,explicit_rows,121,42,1,39000,425250,115125,Menlo,16,1,release,8,24,3,false,0,0,false,Metal,Apple M5 Pro,21
cyrillic,scroll_cycle,explicit_rows,121,42,2,38625,397792,106416,Menlo,16,1,release,8,24,3,false,0,0,false,Metal,Apple M5 Pro,31
cyrillic,scroll_cycle,explicit_rows,121,42,3,38708,426958,106666,Menlo,16,1,release,8,24,3,false,0,0,false,Metal,Apple M5 Pro,42
cyrillic,scroll_cycle,explicit_rows,121,42,4,38750,40041,102709,Menlo,16,1,release,8,24,3,false,0,0,false,Metal,Apple M5 Pro,31
cyrillic,scroll_cycle,explicit_rows,121,42,5,38375,40083,101917,Menlo,16,1,release,8,24,3,false,0,0,false,Metal,Apple M5 Pro,21
cyrillic,scroll_cycle,explicit_rows,121,42,6,38375,39875,101458,Menlo,16,1,release,8,24,3,false,0,0,false,Metal,Apple M5 Pro,10
cyrillic,scroll_cycle,explicit_rows,121,42,7,38667,391083,106334,Menlo,16,1,release,8,24,3,false,0,0,false,Metal,Apple M5 Pro,0
cyrillic,scroll_cycle,explicit_rows,121,42,8,38917,1535209,109833,Menlo,16,1,release,8,24,3,false,0,0,false,Metal,Apple M5 Pro,10
cyrillic,scroll_cycle,explicit_rows,121,42,9,38250,426791,107500,Menlo,16,1,release,8,24,3,false,0,0,false,Metal,Apple M5 Pro,21
cyrillic,scroll_cycle,explicit_rows,121,42,10,38292,395166,107959,Menlo,16,1,release,8,24,3,false,0,0,false,Metal,Apple M5 Pro,31
cyrillic,scroll_cycle,explicit_rows,121,42,11,38750,422166,107750,Menlo,16,1,release,8,24,3,false,0,0,false,Metal,Apple M5 Pro,42
cyrillic,scroll_cycle,explicit_rows,121,42,12,39209,41333,101250,Menlo,16,1,release,8,24,3,false,0,0,false,Metal,Apple M5 Pro,31
cyrillic,scroll_cycle,explicit_rows,121,42,13,38750,40166,101542,Menlo,16,1,release,8,24,3,false,0,0,false,Metal,Apple M5 Pro,21
cyrillic,scroll_cycle,explicit_rows,121,42,14,38667,40208,102000,Menlo,16,1,release,8,24,3,false,0,0,false,Metal,Apple M5 Pro,10
cyrillic,scroll_cycle,explicit_rows,121,42,15,39416,389625,107792,Menlo,16,1,release,8,24,3,false,0,0,false,Metal,Apple M5 Pro,0
cyrillic,scroll_cycle,explicit_rows,121,42,16,38625,1499583,108542,Menlo,16,1,release,8,24,3,false,0,0,false,Metal,Apple M5 Pro,10
cyrillic,scroll_cycle,explicit_rows,121,42,17,39042,422584,107375,Menlo,16,1,release,8,24,3,false,0,0,false,Metal,Apple M5 Pro,21
cyrillic,scroll_cycle,explicit_rows,121,42,18,38834,389875,102625,Menlo,16,1,release,8,24,3,false,0,0,false,Metal,Apple M5 Pro,31
cyrillic,scroll_cycle,explicit_rows,121,42,19,41875,437417,105834,Menlo,16,1,release,8,24,3,false,0,0,false,Metal,Apple M5 Pro,42
cyrillic,scroll_cycle,explicit_rows,121,42,20,38917,40209,107750,Menlo,16,1,release,8,24,3,false,0,0,false,Metal,Apple M5 Pro,31
cyrillic,scroll_cycle,explicit_rows,121,42,21,38625,46542,101417,Menlo,16,1,release,8,24,3,false,0,0,false,Metal,Apple M5 Pro,21
cyrillic,scroll_cycle,explicit_rows,121,42,22,38458,40375,105708,Menlo,16,1,release,8,24,3,false,0,0,false,Metal,Apple M5 Pro,10
cyrillic,scroll_cycle,explicit_rows,121,42,23,38333,395375,109083,Menlo,16,1,release,8,24,3,false,0,0,false,Metal,Apple M5 Pro,0
cyrillic,scroll_cycle,softwrap,121,42,0,67083,2949500,110000,Menlo,16,1,release,8,24,3,false,14850,1934,false,Metal,Apple M5 Pro,10
cyrillic,scroll_cycle,softwrap,121,42,1,67000,2930209,111291,Menlo,16,1,release,8,24,3,false,12671,4115,false,Metal,Apple M5 Pro,21
cyrillic,scroll_cycle,softwrap,121,42,2,67500,2946583,119625,Menlo,16,1,release,8,24,3,false,10691,6095,false,Metal,Apple M5 Pro,31
cyrillic,scroll_cycle,softwrap,121,42,3,68375,2955042,112625,Menlo,16,1,release,8,24,3,false,8513,8267,false,Metal,Apple M5 Pro,42
cyrillic,scroll_cycle,softwrap,121,42,4,67458,2966167,109959,Menlo,16,1,release,8,24,3,false,10691,6095,false,Metal,Apple M5 Pro,31
cyrillic,scroll_cycle,softwrap,121,42,5,68041,2935709,114375,Menlo,16,1,release,8,24,3,false,12671,4115,false,Metal,Apple M5 Pro,21
cyrillic,scroll_cycle,softwrap,121,42,6,67125,2877708,112375,Menlo,16,1,release,8,24,3,false,14850,1934,false,Metal,Apple M5 Pro,10
cyrillic,scroll_cycle,softwrap,121,42,7,66167,2907583,109417,Menlo,16,1,release,8,24,3,false,16830,0,false,Metal,Apple M5 Pro,0
cyrillic,scroll_cycle,softwrap,121,42,8,87791,2897208,112750,Menlo,16,1,release,8,24,3,false,14850,1934,false,Metal,Apple M5 Pro,10
cyrillic,scroll_cycle,softwrap,121,42,9,66875,2965709,113125,Menlo,16,1,release,8,24,3,false,12671,4115,false,Metal,Apple M5 Pro,21
cyrillic,scroll_cycle,softwrap,121,42,10,66709,2940583,111041,Menlo,16,1,release,8,24,3,false,10691,6095,false,Metal,Apple M5 Pro,31
cyrillic,scroll_cycle,softwrap,121,42,11,67792,2928666,112459,Menlo,16,1,release,8,24,3,false,8513,8267,false,Metal,Apple M5 Pro,42
cyrillic,scroll_cycle,softwrap,121,42,12,65834,2896667,110750,Menlo,16,1,release,8,24,3,false,10691,6095,false,Metal,Apple M5 Pro,31
cyrillic,scroll_cycle,softwrap,121,42,13,64917,2882167,111333,Menlo,16,1,release,8,24,3,false,12671,4115,false,Metal,Apple M5 Pro,21
cyrillic,scroll_cycle,softwrap,121,42,14,65416,2916625,112500,Menlo,16,1,release,8,24,3,false,14850,1934,false,Metal,Apple M5 Pro,10
cyrillic,scroll_cycle,softwrap,121,42,15,64417,2919958,112792,Menlo,16,1,release,8,24,3,false,16830,0,false,Metal,Apple M5 Pro,0
cyrillic,scroll_cycle,softwrap,121,42,16,66209,2939916,110250,Menlo,16,1,release,8,24,3,false,14850,1934,false,Metal,Apple M5 Pro,10
cyrillic,scroll_cycle,softwrap,121,42,17,66083,2966584,115416,Menlo,16,1,release,8,24,3,false,12671,4115,false,Metal,Apple M5 Pro,21
cyrillic,scroll_cycle,softwrap,121,42,18,66417,2963541,112375,Menlo,16,1,release,8,24,3,false,10691,6095,false,Metal,Apple M5 Pro,31
cyrillic,scroll_cycle,softwrap,121,42,19,67458,2971833,109917,Menlo,16,1,release,8,24,3,false,8513,8267,false,Metal,Apple M5 Pro,42
cyrillic,scroll_cycle,softwrap,121,42,20,69334,2977750,109875,Menlo,16,1,release,8,24,3,false,10691,6095,false,Metal,Apple M5 Pro,31
cyrillic,scroll_cycle,softwrap,121,42,21,65417,2961708,109000,Menlo,16,1,release,8,24,3,false,12671,4115,false,Metal,Apple M5 Pro,21
cyrillic,scroll_cycle,softwrap,121,42,22,66875,2928917,109667,Menlo,16,1,release,8,24,3,false,14850,1934,false,Metal,Apple M5 Pro,10
cyrillic,scroll_cycle,softwrap,121,42,23,65250,2942458,111417,Menlo,16,1,release,8,24,3,false,16830,0,false,Metal,Apple M5 Pro,0
cyrillic,dense_novel_text,explicit_rows,121,42,0,38125,1514417,108917,Menlo,16,1,release,8,24,3,false,0,0,false,Metal,Apple M5 Pro,0
cyrillic,dense_novel_text,explicit_rows,121,42,1,38500,1535833,108333,Menlo,16,1,release,8,24,3,false,0,0,false,Metal,Apple M5 Pro,0
cyrillic,dense_novel_text,explicit_rows,121,42,2,38167,1508125,109541,Menlo,16,1,release,8,24,3,false,0,0,false,Metal,Apple M5 Pro,0
cyrillic,dense_novel_text,explicit_rows,121,42,3,38208,1514583,111125,Menlo,16,1,release,8,24,3,false,0,0,false,Metal,Apple M5 Pro,0
cyrillic,dense_novel_text,explicit_rows,121,42,4,38041,1503333,108875,Menlo,16,1,release,8,24,3,false,0,0,false,Metal,Apple M5 Pro,0
cyrillic,dense_novel_text,explicit_rows,121,42,5,38500,1504959,105916,Menlo,16,1,release,8,24,3,false,0,0,false,Metal,Apple M5 Pro,0
cyrillic,dense_novel_text,explicit_rows,121,42,6,38208,1501417,109250,Menlo,16,1,release,8,24,3,false,0,0,false,Metal,Apple M5 Pro,0
cyrillic,dense_novel_text,explicit_rows,121,42,7,38292,1519583,109333,Menlo,16,1,release,8,24,3,false,0,0,false,Metal,Apple M5 Pro,0
cyrillic,dense_novel_text,explicit_rows,121,42,8,38458,1511250,108959,Menlo,16,1,release,8,24,3,false,0,0,false,Metal,Apple M5 Pro,0
cyrillic,dense_novel_text,explicit_rows,121,42,9,38167,1511625,107292,Menlo,16,1,release,8,24,3,false,0,0,false,Metal,Apple M5 Pro,0
cyrillic,dense_novel_text,explicit_rows,121,42,10,38042,1510541,109375,Menlo,16,1,release,8,24,3,false,0,0,false,Metal,Apple M5 Pro,0
cyrillic,dense_novel_text,explicit_rows,121,42,11,38458,1517208,109083,Menlo,16,1,release,8,24,3,false,0,0,false,Metal,Apple M5 Pro,0
cyrillic,dense_novel_text,explicit_rows,121,42,12,38375,1537625,107792,Menlo,16,1,release,8,24,3,false,0,0,false,Metal,Apple M5 Pro,0
cyrillic,dense_novel_text,explicit_rows,121,42,13,38167,1510375,108625,Menlo,16,1,release,8,24,3,false,0,0,false,Metal,Apple M5 Pro,0
cyrillic,dense_novel_text,explicit_rows,121,42,14,38334,1519833,114625,Menlo,16,1,release,8,24,3,false,0,0,false,Metal,Apple M5 Pro,0
cyrillic,dense_novel_text,explicit_rows,121,42,15,38292,1552916,109584,Menlo,16,1,release,8,24,3,false,0,0,false,Metal,Apple M5 Pro,0
cyrillic,dense_novel_text,explicit_rows,121,42,16,38125,1530125,107833,Menlo,16,1,release,8,24,3,false,0,0,false,Metal,Apple M5 Pro,0
cyrillic,dense_novel_text,explicit_rows,121,42,17,38250,1538792,107792,Menlo,16,1,release,8,24,3,false,0,0,false,Metal,Apple M5 Pro,0
cyrillic,dense_novel_text,explicit_rows,121,42,18,38583,1506417,109500,Menlo,16,1,release,8,24,3,false,0,0,false,Metal,Apple M5 Pro,0
cyrillic,dense_novel_text,explicit_rows,121,42,19,38041,1503333,108917,Menlo,16,1,release,8,24,3,false,0,0,false,Metal,Apple M5 Pro,0
cyrillic,dense_novel_text,explicit_rows,121,42,20,38250,1498792,105625,Menlo,16,1,release,8,24,3,false,0,0,false,Metal,Apple M5 Pro,0
cyrillic,dense_novel_text,explicit_rows,121,42,21,38250,1505250,108333,Menlo,16,1,release,8,24,3,false,0,0,false,Metal,Apple M5 Pro,0
cyrillic,dense_novel_text,explicit_rows,121,42,22,38208,1503709,106459,Menlo,16,1,release,8,24,3,false,0,0,false,Metal,Apple M5 Pro,0
cyrillic,dense_novel_text,explicit_rows,121,42,23,38541,1533000,108417,Menlo,16,1,release,8,24,3,false,0,0,false,Metal,Apple M5 Pro,0
cyrillic,dense_novel_text,softwrap,121,42,0,64458,2943417,116416,Menlo,16,1,release,8,24,3,false,16830,0,false,Metal,Apple M5 Pro,0
cyrillic,dense_novel_text,softwrap,121,42,1,64709,3000250,111959,Menlo,16,1,release,8,24,3,false,16830,0,false,Metal,Apple M5 Pro,0
cyrillic,dense_novel_text,softwrap,121,42,2,64125,2948584,113125,Menlo,16,1,release,8,24,3,false,16830,0,false,Metal,Apple M5 Pro,0
cyrillic,dense_novel_text,softwrap,121,42,3,64125,3009708,112041,Menlo,16,1,release,8,24,3,false,16830,0,false,Metal,Apple M5 Pro,0
cyrillic,dense_novel_text,softwrap,121,42,4,65041,2939000,112084,Menlo,16,1,release,8,24,3,false,16830,0,false,Metal,Apple M5 Pro,0
cyrillic,dense_novel_text,softwrap,121,42,5,65041,2912375,113375,Menlo,16,1,release,8,24,3,false,16830,0,false,Metal,Apple M5 Pro,0
cyrillic,dense_novel_text,softwrap,121,42,6,65042,2956292,111541,Menlo,16,1,release,8,24,3,false,16830,0,false,Metal,Apple M5 Pro,0
cyrillic,dense_novel_text,softwrap,121,42,7,65125,2938667,111208,Menlo,16,1,release,8,24,3,false,16830,0,false,Metal,Apple M5 Pro,0
cyrillic,dense_novel_text,softwrap,121,42,8,64917,2945583,114000,Menlo,16,1,release,8,24,3,false,16830,0,false,Metal,Apple M5 Pro,0
cyrillic,dense_novel_text,softwrap,121,42,9,64500,2939416,112042,Menlo,16,1,release,8,24,3,false,16830,0,false,Metal,Apple M5 Pro,0
cyrillic,dense_novel_text,softwrap,121,42,10,63875,2886667,113375,Menlo,16,1,release,8,24,3,false,16830,0,false,Metal,Apple M5 Pro,0
cyrillic,dense_novel_text,softwrap,121,42,11,64084,2874166,116667,Menlo,16,1,release,8,24,3,false,16830,0,false,Metal,Apple M5 Pro,0
cyrillic,dense_novel_text,softwrap,121,42,12,64084,2896375,110625,Menlo,16,1,release,8,24,3,false,16830,0,false,Metal,Apple M5 Pro,0
cyrillic,dense_novel_text,softwrap,121,42,13,64208,2905167,111833,Menlo,16,1,release,8,24,3,false,16830,0,false,Metal,Apple M5 Pro,0
cyrillic,dense_novel_text,softwrap,121,42,14,64208,2978084,112375,Menlo,16,1,release,8,24,3,false,16830,0,false,Metal,Apple M5 Pro,0
cyrillic,dense_novel_text,softwrap,121,42,15,64416,2916375,115000,Menlo,16,1,release,8,24,3,false,16830,0,false,Metal,Apple M5 Pro,0
cyrillic,dense_novel_text,softwrap,121,42,16,64250,2931042,113375,Menlo,16,1,release,8,24,3,false,16830,0,false,Metal,Apple M5 Pro,0
cyrillic,dense_novel_text,softwrap,121,42,17,64042,2926667,112458,Menlo,16,1,release,8,24,3,false,16830,0,false,Metal,Apple M5 Pro,0
cyrillic,dense_novel_text,softwrap,121,42,18,64208,2922417,112541,Menlo,16,1,release,8,24,3,false,16830,0,false,Metal,Apple M5 Pro,0
cyrillic,dense_novel_text,softwrap,121,42,19,64584,2964459,112916,Menlo,16,1,release,8,24,3,false,16830,0,false,Metal,Apple M5 Pro,0
cyrillic,dense_novel_text,softwrap,121,42,20,64459,2921791,113125,Menlo,16,1,release,8,24,3,false,16830,0,false,Metal,Apple M5 Pro,0
cyrillic,dense_novel_text,softwrap,121,42,21,64417,2963458,113250,Menlo,16,1,release,8,24,3,false,16830,0,false,Metal,Apple M5 Pro,0
cyrillic,dense_novel_text,softwrap,121,42,22,64583,2920084,113542,Menlo,16,1,release,8,24,3,false,16830,0,false,Metal,Apple M5 Pro,0
cyrillic,dense_novel_text,softwrap,121,42,23,64375,2914000,113375,Menlo,16,1,release,8,24,3,false,16830,0,false,Metal,Apple M5 Pro,0
cjk,sparse_novel_counter,explicit_rows,121,42,0,38583,156958,1792,Menlo,16,1,release,8,24,3,false,0,0,false,Metal,Apple M5 Pro,0
cjk,sparse_novel_counter,explicit_rows,121,42,1,38583,158167,1791,Menlo,16,1,release,8,24,3,false,0,0,false,Metal,Apple M5 Pro,0
cjk,sparse_novel_counter,explicit_rows,121,42,2,38500,158083,1791,Menlo,16,1,release,8,24,3,false,0,0,false,Metal,Apple M5 Pro,0
cjk,sparse_novel_counter,explicit_rows,121,42,3,38458,157875,1792,Menlo,16,1,release,8,24,3,false,0,0,false,Metal,Apple M5 Pro,0
cjk,sparse_novel_counter,explicit_rows,121,42,4,38750,158167,1792,Menlo,16,1,release,8,24,3,false,0,0,false,Metal,Apple M5 Pro,0
cjk,sparse_novel_counter,explicit_rows,121,42,5,38459,157666,1792,Menlo,16,1,release,8,24,3,false,0,0,false,Metal,Apple M5 Pro,0
cjk,sparse_novel_counter,explicit_rows,121,42,6,38542,156791,1792,Menlo,16,1,release,8,24,3,false,0,0,false,Metal,Apple M5 Pro,0
cjk,sparse_novel_counter,explicit_rows,121,42,7,38375,206291,1875,Menlo,16,1,release,8,24,3,false,0,0,false,Metal,Apple M5 Pro,0
cjk,sparse_novel_counter,explicit_rows,121,42,8,38542,157916,1792,Menlo,16,1,release,8,24,3,false,0,0,false,Metal,Apple M5 Pro,0
cjk,sparse_novel_counter,explicit_rows,121,42,9,38583,158208,1792,Menlo,16,1,release,8,24,3,false,0,0,false,Metal,Apple M5 Pro,0
cjk,sparse_novel_counter,explicit_rows,121,42,10,38708,157500,1792,Menlo,16,1,release,8,24,3,false,0,0,false,Metal,Apple M5 Pro,0
cjk,sparse_novel_counter,explicit_rows,121,42,11,38792,157458,1792,Menlo,16,1,release,8,24,3,false,0,0,false,Metal,Apple M5 Pro,0
cjk,sparse_novel_counter,explicit_rows,121,42,12,38625,158209,1791,Menlo,16,1,release,8,24,3,false,0,0,false,Metal,Apple M5 Pro,0
cjk,sparse_novel_counter,explicit_rows,121,42,13,38667,157500,1792,Menlo,16,1,release,8,24,3,false,0,0,false,Metal,Apple M5 Pro,0
cjk,sparse_novel_counter,explicit_rows,121,42,14,38375,158042,1792,Menlo,16,1,release,8,24,3,false,0,0,false,Metal,Apple M5 Pro,0
cjk,sparse_novel_counter,explicit_rows,121,42,15,39542,158375,1875,Menlo,16,1,release,8,24,3,false,0,0,false,Metal,Apple M5 Pro,0
cjk,sparse_novel_counter,explicit_rows,121,42,16,39000,195042,1875,Menlo,16,1,release,8,24,3,false,0,0,false,Metal,Apple M5 Pro,0
cjk,sparse_novel_counter,explicit_rows,121,42,17,38834,166416,1875,Menlo,16,1,release,8,24,3,false,0,0,false,Metal,Apple M5 Pro,0
cjk,sparse_novel_counter,explicit_rows,121,42,18,39833,164250,1834,Menlo,16,1,release,8,24,3,false,0,0,false,Metal,Apple M5 Pro,0
cjk,sparse_novel_counter,explicit_rows,121,42,19,39166,162334,1791,Menlo,16,1,release,8,24,3,false,0,0,false,Metal,Apple M5 Pro,0
cjk,sparse_novel_counter,explicit_rows,121,42,20,39250,161750,1791,Menlo,16,1,release,8,24,3,false,0,0,false,Metal,Apple M5 Pro,0
cjk,sparse_novel_counter,explicit_rows,121,42,21,38958,161958,1792,Menlo,16,1,release,8,24,3,false,0,0,false,Metal,Apple M5 Pro,0
cjk,sparse_novel_counter,explicit_rows,121,42,22,38833,161416,1792,Menlo,16,1,release,8,24,3,false,0,0,false,Metal,Apple M5 Pro,0
cjk,sparse_novel_counter,explicit_rows,121,42,23,39208,162000,1750,Menlo,16,1,release,8,24,3,false,0,0,false,Metal,Apple M5 Pro,0
cjk,sparse_novel_counter,softwrap,121,42,0,58125,15161083,68125,Menlo,16,1,release,8,24,3,false,14016,0,false,Metal,Apple M5 Pro,0
cjk,sparse_novel_counter,softwrap,121,42,1,58167,14654375,68125,Menlo,16,1,release,8,24,3,false,14016,0,false,Metal,Apple M5 Pro,0
cjk,sparse_novel_counter,softwrap,121,42,2,59042,14743625,75542,Menlo,16,1,release,8,24,3,false,14016,0,false,Metal,Apple M5 Pro,0
cjk,sparse_novel_counter,softwrap,121,42,3,67084,15300958,74750,Menlo,16,1,release,8,24,3,false,14016,0,false,Metal,Apple M5 Pro,0
cjk,sparse_novel_counter,softwrap,121,42,4,59875,15129541,68000,Menlo,16,1,release,8,24,3,false,14016,0,false,Metal,Apple M5 Pro,0
cjk,sparse_novel_counter,softwrap,121,42,5,76792,14544417,68208,Menlo,16,1,release,8,24,3,false,14016,0,false,Metal,Apple M5 Pro,0
cjk,sparse_novel_counter,softwrap,121,42,6,58208,14673500,68125,Menlo,16,1,release,8,24,3,false,14016,0,false,Metal,Apple M5 Pro,0
cjk,sparse_novel_counter,softwrap,121,42,7,57500,15277417,66792,Menlo,16,1,release,8,24,3,false,14016,0,false,Metal,Apple M5 Pro,0
cjk,sparse_novel_counter,softwrap,121,42,8,58250,15242250,68250,Menlo,16,1,release,8,24,3,false,14016,0,false,Metal,Apple M5 Pro,0
cjk,sparse_novel_counter,softwrap,121,42,9,58625,14647542,66917,Menlo,16,1,release,8,24,3,false,14016,0,false,Metal,Apple M5 Pro,0
cjk,sparse_novel_counter,softwrap,121,42,10,64875,14606042,65583,Menlo,16,1,release,8,24,3,false,14016,0,false,Metal,Apple M5 Pro,0
cjk,sparse_novel_counter,softwrap,121,42,11,76709,15148750,68125,Menlo,16,1,release,8,24,3,false,14016,0,false,Metal,Apple M5 Pro,0
cjk,sparse_novel_counter,softwrap,121,42,12,59000,15267333,68417,Menlo,16,1,release,8,24,3,false,14016,0,false,Metal,Apple M5 Pro,0
cjk,sparse_novel_counter,softwrap,121,42,13,58583,14664083,67042,Menlo,16,1,release,8,24,3,false,14016,0,false,Metal,Apple M5 Pro,0
cjk,sparse_novel_counter,softwrap,121,42,14,58250,14579834,79709,Menlo,16,1,release,8,24,3,false,14016,0,false,Metal,Apple M5 Pro,0
cjk,sparse_novel_counter,softwrap,121,42,15,59875,15242167,68292,Menlo,16,1,release,8,24,3,false,14016,0,false,Metal,Apple M5 Pro,0
cjk,sparse_novel_counter,softwrap,121,42,16,58541,15173792,68208,Menlo,16,1,release,8,24,3,false,14016,0,false,Metal,Apple M5 Pro,0
cjk,sparse_novel_counter,softwrap,121,42,17,58292,14672000,66834,Menlo,16,1,release,8,24,3,false,14016,0,false,Metal,Apple M5 Pro,0
cjk,sparse_novel_counter,softwrap,121,42,18,58083,14557042,67625,Menlo,16,1,release,8,24,3,false,14016,0,false,Metal,Apple M5 Pro,0
cjk,sparse_novel_counter,softwrap,121,42,19,58500,15267625,68250,Menlo,16,1,release,8,24,3,false,14016,0,false,Metal,Apple M5 Pro,0
cjk,sparse_novel_counter,softwrap,121,42,20,57750,15141666,68250,Menlo,16,1,release,8,24,3,false,14016,0,false,Metal,Apple M5 Pro,0
cjk,sparse_novel_counter,softwrap,121,42,21,57458,14654667,67792,Menlo,16,1,release,8,24,3,false,14016,0,false,Metal,Apple M5 Pro,0
cjk,sparse_novel_counter,softwrap,121,42,22,58667,14679250,68625,Menlo,16,1,release,8,24,3,false,14016,0,false,Metal,Apple M5 Pro,0
cjk,sparse_novel_counter,softwrap,121,42,23,58458,15209042,66833,Menlo,16,1,release,8,24,3,false,14016,0,false,Metal,Apple M5 Pro,0
cjk,scroll_cycle,explicit_rows,121,42,0,39083,40417,66958,Menlo,16,1,release,8,24,3,false,0,0,false,Metal,Apple M5 Pro,10
cjk,scroll_cycle,explicit_rows,121,42,1,38334,40625,66125,Menlo,16,1,release,8,24,3,false,0,0,false,Metal,Apple M5 Pro,21
cjk,scroll_cycle,explicit_rows,121,42,2,38750,40375,65583,Menlo,16,1,release,8,24,3,false,0,0,false,Metal,Apple M5 Pro,31
cjk,scroll_cycle,explicit_rows,121,42,3,39250,39750,64750,Menlo,16,1,release,8,24,3,false,0,0,false,Metal,Apple M5 Pro,42
cjk,scroll_cycle,explicit_rows,121,42,4,38542,39667,63666,Menlo,16,1,release,8,24,3,false,0,0,false,Metal,Apple M5 Pro,31
cjk,scroll_cycle,explicit_rows,121,42,5,38834,40375,63834,Menlo,16,1,release,8,24,3,false,0,0,false,Metal,Apple M5 Pro,21
cjk,scroll_cycle,explicit_rows,121,42,6,38875,40000,63708,Menlo,16,1,release,8,24,3,false,0,0,false,Metal,Apple M5 Pro,10
cjk,scroll_cycle,explicit_rows,121,42,7,39208,39792,64042,Menlo,16,1,release,8,24,3,false,0,0,false,Metal,Apple M5 Pro,0
cjk,scroll_cycle,explicit_rows,121,42,8,38958,39625,63792,Menlo,16,1,release,8,24,3,false,0,0,false,Metal,Apple M5 Pro,10
cjk,scroll_cycle,explicit_rows,121,42,9,38708,40000,64042,Menlo,16,1,release,8,24,3,false,0,0,false,Metal,Apple M5 Pro,21
cjk,scroll_cycle,explicit_rows,121,42,10,39125,39959,64708,Menlo,16,1,release,8,24,3,false,0,0,false,Metal,Apple M5 Pro,31
cjk,scroll_cycle,explicit_rows,121,42,11,39709,39791,64667,Menlo,16,1,release,8,24,3,false,0,0,false,Metal,Apple M5 Pro,42
cjk,scroll_cycle,explicit_rows,121,42,12,38459,40250,64625,Menlo,16,1,release,8,24,3,false,0,0,false,Metal,Apple M5 Pro,31
cjk,scroll_cycle,explicit_rows,121,42,13,38583,39917,64250,Menlo,16,1,release,8,24,3,false,0,0,false,Metal,Apple M5 Pro,21
cjk,scroll_cycle,explicit_rows,121,42,14,39125,40417,64083,Menlo,16,1,release,8,24,3,false,0,0,false,Metal,Apple M5 Pro,10
cjk,scroll_cycle,explicit_rows,121,42,15,39292,39875,65125,Menlo,16,1,release,8,24,3,false,0,0,false,Metal,Apple M5 Pro,0
cjk,scroll_cycle,explicit_rows,121,42,16,38959,39625,65250,Menlo,16,1,release,8,24,3,false,0,0,false,Metal,Apple M5 Pro,10
cjk,scroll_cycle,explicit_rows,121,42,17,38625,39834,65375,Menlo,16,1,release,8,24,3,false,0,0,false,Metal,Apple M5 Pro,21
cjk,scroll_cycle,explicit_rows,121,42,18,38625,39750,65125,Menlo,16,1,release,8,24,3,false,0,0,false,Metal,Apple M5 Pro,31
cjk,scroll_cycle,explicit_rows,121,42,19,38792,40208,65375,Menlo,16,1,release,8,24,3,false,0,0,false,Metal,Apple M5 Pro,42
cjk,scroll_cycle,explicit_rows,121,42,20,38375,39708,65375,Menlo,16,1,release,8,24,3,false,0,0,false,Metal,Apple M5 Pro,31
cjk,scroll_cycle,explicit_rows,121,42,21,39000,39667,65250,Menlo,16,1,release,8,24,3,false,0,0,false,Metal,Apple M5 Pro,21
cjk,scroll_cycle,explicit_rows,121,42,22,38667,39833,65167,Menlo,16,1,release,8,24,3,false,0,0,false,Metal,Apple M5 Pro,10
cjk,scroll_cycle,explicit_rows,121,42,23,38750,39959,65000,Menlo,16,1,release,8,24,3,false,0,0,false,Metal,Apple M5 Pro,0
cjk,scroll_cycle,softwrap,121,42,0,64333,47792,71042,Menlo,16,1,release,8,24,3,false,12369,1639,false,Metal,Apple M5 Pro,10
cjk,scroll_cycle,softwrap,121,42,1,67667,14748333,70625,Menlo,16,1,release,8,24,3,false,10554,3453,false,Metal,Apple M5 Pro,21
cjk,scroll_cycle,softwrap,121,42,2,59167,15104541,67708,Menlo,16,1,release,8,24,3,false,8907,5105,false,Metal,Apple M5 Pro,31
cjk,scroll_cycle,softwrap,121,42,3,59042,15269500,70250,Menlo,16,1,release,8,24,3,false,7092,6920,false,Metal,Apple M5 Pro,42
cjk,scroll_cycle,softwrap,121,42,4,60334,44292,69750,Menlo,16,1,release,8,24,3,false,8907,5105,false,Metal,Apple M5 Pro,31
cjk,scroll_cycle,softwrap,121,42,5,58583,14600417,70083,Menlo,16,1,release,8,24,3,false,10554,3453,false,Metal,Apple M5 Pro,21
cjk,scroll_cycle,softwrap,121,42,6,57875,14714333,66625,Menlo,16,1,release,8,24,3,false,12369,1639,false,Metal,Apple M5 Pro,10
cjk,scroll_cycle,softwrap,121,42,7,58167,15046125,65709,Menlo,16,1,release,8,24,3,false,14016,0,false,Metal,Apple M5 Pro,0
cjk,scroll_cycle,softwrap,121,42,8,59167,42708,67500,Menlo,16,1,release,8,24,3,false,12369,1639,false,Metal,Apple M5 Pro,10
cjk,scroll_cycle,softwrap,121,42,9,57250,15257500,70417,Menlo,16,1,release,8,24,3,false,10554,3453,false,Metal,Apple M5 Pro,21
cjk,scroll_cycle,softwrap,121,42,10,58750,14569666,69334,Menlo,16,1,release,8,24,3,false,8907,5105,false,Metal,Apple M5 Pro,31
cjk,scroll_cycle,softwrap,121,42,11,59167,14710833,69542,Menlo,16,1,release,8,24,3,false,7092,6920,false,Metal,Apple M5 Pro,42
cjk,scroll_cycle,softwrap,121,42,12,58791,43459,65542,Menlo,16,1,release,8,24,3,false,8907,5105,false,Metal,Apple M5 Pro,31
cjk,scroll_cycle,softwrap,121,42,13,58000,15088292,72125,Menlo,16,1,release,8,24,3,false,10554,3453,false,Metal,Apple M5 Pro,21
cjk,scroll_cycle,softwrap,121,42,14,57875,15123500,67333,Menlo,16,1,release,8,24,3,false,12369,1639,false,Metal,Apple M5 Pro,10
cjk,scroll_cycle,softwrap,121,42,15,63416,14576000,66709,Menlo,16,1,release,8,24,3,false,14016,0,false,Metal,Apple M5 Pro,0
cjk,scroll_cycle,softwrap,121,42,16,58875,42500,64333,Menlo,16,1,release,8,24,3,false,12369,1639,false,Metal,Apple M5 Pro,10
cjk,scroll_cycle,softwrap,121,42,17,58208,14640375,73709,Menlo,16,1,release,8,24,3,false,10554,3453,false,Metal,Apple M5 Pro,21
cjk,scroll_cycle,softwrap,121,42,18,58166,15206500,69042,Menlo,16,1,release,8,24,3,false,8907,5105,false,Metal,Apple M5 Pro,31
cjk,scroll_cycle,softwrap,121,42,19,64667,15126834,70291,Menlo,16,1,release,8,24,3,false,7092,6920,false,Metal,Apple M5 Pro,42
cjk,scroll_cycle,softwrap,121,42,20,58125,43792,66292,Menlo,16,1,release,8,24,3,false,8907,5105,false,Metal,Apple M5 Pro,31
cjk,scroll_cycle,softwrap,121,42,21,56875,14565625,73334,Menlo,16,1,release,8,24,3,false,10554,3453,false,Metal,Apple M5 Pro,21
cjk,scroll_cycle,softwrap,121,42,22,58834,14604167,67458,Menlo,16,1,release,8,24,3,false,12369,1639,false,Metal,Apple M5 Pro,10
cjk,scroll_cycle,softwrap,121,42,23,56167,15213500,68083,Menlo,16,1,release,8,24,3,false,14016,0,false,Metal,Apple M5 Pro,0
cjk,dense_novel_text,explicit_rows,121,42,0,38542,5206750,68667,Menlo,16,1,release,8,24,3,false,0,0,false,Metal,Apple M5 Pro,0
cjk,dense_novel_text,explicit_rows,121,42,1,38709,5248916,67667,Menlo,16,1,release,8,24,3,false,0,0,false,Metal,Apple M5 Pro,0
cjk,dense_novel_text,explicit_rows,121,42,2,38500,5135417,69125,Menlo,16,1,release,8,24,3,false,0,0,false,Metal,Apple M5 Pro,0
cjk,dense_novel_text,explicit_rows,121,42,3,38708,5120292,68625,Menlo,16,1,release,8,24,3,false,0,0,false,Metal,Apple M5 Pro,0
cjk,dense_novel_text,explicit_rows,121,42,4,38625,4881875,68000,Menlo,16,1,release,8,24,3,false,0,0,false,Metal,Apple M5 Pro,0
cjk,dense_novel_text,explicit_rows,121,42,5,38375,4965875,68584,Menlo,16,1,release,8,24,3,false,0,0,false,Metal,Apple M5 Pro,0
cjk,dense_novel_text,explicit_rows,121,42,6,39125,5106791,68500,Menlo,16,1,release,8,24,3,false,0,0,false,Metal,Apple M5 Pro,0
cjk,dense_novel_text,explicit_rows,121,42,7,38292,5097250,66958,Menlo,16,1,release,8,24,3,false,0,0,false,Metal,Apple M5 Pro,0
cjk,dense_novel_text,explicit_rows,121,42,8,38500,4857375,67042,Menlo,16,1,release,8,24,3,false,0,0,false,Metal,Apple M5 Pro,0
cjk,dense_novel_text,explicit_rows,121,42,9,38250,5000625,68500,Menlo,16,1,release,8,24,3,false,0,0,false,Metal,Apple M5 Pro,0
cjk,dense_novel_text,explicit_rows,121,42,10,38375,5141333,69000,Menlo,16,1,release,8,24,3,false,0,0,false,Metal,Apple M5 Pro,0
cjk,dense_novel_text,explicit_rows,121,42,11,38667,5134875,68458,Menlo,16,1,release,8,24,3,false,0,0,false,Metal,Apple M5 Pro,0
cjk,dense_novel_text,explicit_rows,121,42,12,38292,5116375,65833,Menlo,16,1,release,8,24,3,false,0,0,false,Metal,Apple M5 Pro,0
cjk,dense_novel_text,explicit_rows,121,42,13,38792,5196000,82375,Menlo,16,1,release,8,24,3,false,0,0,false,Metal,Apple M5 Pro,0
cjk,dense_novel_text,explicit_rows,121,42,14,38542,5216958,68375,Menlo,16,1,release,8,24,3,false,0,0,false,Metal,Apple M5 Pro,0
cjk,dense_novel_text,explicit_rows,121,42,15,38375,4917625,68541,Menlo,16,1,release,8,24,3,false,0,0,false,Metal,Apple M5 Pro,0
cjk,dense_novel_text,explicit_rows,121,42,16,38500,4884541,67209,Menlo,16,1,release,8,24,3,false,0,0,false,Metal,Apple M5 Pro,0
cjk,dense_novel_text,explicit_rows,121,42,17,56333,5178292,67458,Menlo,16,1,release,8,24,3,false,0,0,false,Metal,Apple M5 Pro,0
cjk,dense_novel_text,explicit_rows,121,42,18,38625,5251792,68833,Menlo,16,1,release,8,24,3,false,0,0,false,Metal,Apple M5 Pro,0
cjk,dense_novel_text,explicit_rows,121,42,19,38583,5147334,71292,Menlo,16,1,release,8,24,3,false,0,0,false,Metal,Apple M5 Pro,0
cjk,dense_novel_text,explicit_rows,121,42,20,38208,5095083,68584,Menlo,16,1,release,8,24,3,false,0,0,false,Metal,Apple M5 Pro,0
cjk,dense_novel_text,explicit_rows,121,42,21,38375,4850666,66750,Menlo,16,1,release,8,24,3,false,0,0,false,Metal,Apple M5 Pro,0
cjk,dense_novel_text,explicit_rows,121,42,22,38167,4983042,68792,Menlo,16,1,release,8,24,3,false,0,0,false,Metal,Apple M5 Pro,0
cjk,dense_novel_text,explicit_rows,121,42,23,38458,5141708,68333,Menlo,16,1,release,8,24,3,false,0,0,false,Metal,Apple M5 Pro,0
cjk,dense_novel_text,softwrap,121,42,0,56625,14555334,69000,Menlo,16,1,release,8,24,3,false,14016,0,false,Metal,Apple M5 Pro,0
cjk,dense_novel_text,softwrap,121,42,1,55875,14536917,89541,Menlo,16,1,release,8,24,3,false,14016,0,false,Metal,Apple M5 Pro,0
cjk,dense_novel_text,softwrap,121,42,2,56208,15156292,67625,Menlo,16,1,release,8,24,3,false,14016,0,false,Metal,Apple M5 Pro,0
cjk,dense_novel_text,softwrap,121,42,3,56458,15179208,66958,Menlo,16,1,release,8,24,3,false,14016,0,false,Metal,Apple M5 Pro,0
cjk,dense_novel_text,softwrap,121,42,4,56084,14607291,69834,Menlo,16,1,release,8,24,3,false,14016,0,false,Metal,Apple M5 Pro,0
cjk,dense_novel_text,softwrap,121,42,5,56625,14491625,67292,Menlo,16,1,release,8,24,3,false,14016,0,false,Metal,Apple M5 Pro,0
cjk,dense_novel_text,softwrap,121,42,6,56083,15177708,68958,Menlo,16,1,release,8,24,3,false,14016,0,false,Metal,Apple M5 Pro,0
cjk,dense_novel_text,softwrap,121,42,7,56083,15125375,68083,Menlo,16,1,release,8,24,3,false,14016,0,false,Metal,Apple M5 Pro,0
cjk,dense_novel_text,softwrap,121,42,8,56250,14692833,66541,Menlo,16,1,release,8,24,3,false,14016,0,false,Metal,Apple M5 Pro,0
cjk,dense_novel_text,softwrap,121,42,9,56084,15118709,68583,Menlo,16,1,release,8,24,3,false,14016,0,false,Metal,Apple M5 Pro,0
cjk,dense_novel_text,softwrap,121,42,10,55833,14646500,68708,Menlo,16,1,release,8,24,3,false,14016,0,false,Metal,Apple M5 Pro,0
cjk,dense_novel_text,softwrap,121,42,11,56459,15084625,67709,Menlo,16,1,release,8,24,3,false,14016,0,false,Metal,Apple M5 Pro,0
cjk,dense_novel_text,softwrap,121,42,12,55792,14623125,68584,Menlo,16,1,release,8,24,3,false,14016,0,false,Metal,Apple M5 Pro,0
cjk,dense_novel_text,softwrap,121,42,13,67292,15129333,68541,Menlo,16,1,release,8,24,3,false,14016,0,false,Metal,Apple M5 Pro,0
cjk,dense_novel_text,softwrap,121,42,14,55875,14628417,70583,Menlo,16,1,release,8,24,3,false,14016,0,false,Metal,Apple M5 Pro,0
cjk,dense_novel_text,softwrap,121,42,15,55833,15136375,68750,Menlo,16,1,release,8,24,3,false,14016,0,false,Metal,Apple M5 Pro,0
cjk,dense_novel_text,softwrap,121,42,16,56375,14726000,68459,Menlo,16,1,release,8,24,3,false,14016,0,false,Metal,Apple M5 Pro,0
cjk,dense_novel_text,softwrap,121,42,17,56292,15080625,68542,Menlo,16,1,release,8,24,3,false,14016,0,false,Metal,Apple M5 Pro,0
cjk,dense_novel_text,softwrap,121,42,18,55917,14669541,68917,Menlo,16,1,release,8,24,3,false,14016,0,false,Metal,Apple M5 Pro,0
cjk,dense_novel_text,softwrap,121,42,19,55791,15121709,67625,Menlo,16,1,release,8,24,3,false,14016,0,false,Metal,Apple M5 Pro,0
cjk,dense_novel_text,softwrap,121,42,20,56792,14719375,68666,Menlo,16,1,release,8,24,3,false,14016,0,false,Metal,Apple M5 Pro,0
cjk,dense_novel_text,softwrap,121,42,21,55625,15050750,70625,Menlo,16,1,release,8,24,3,false,14016,0,false,Metal,Apple M5 Pro,0
cjk,dense_novel_text,softwrap,121,42,22,55834,14710209,70375,Menlo,16,1,release,8,24,3,false,14016,0,false,Metal,Apple M5 Pro,0
cjk,dense_novel_text,softwrap,121,42,23,55916,15089875,70000,Menlo,16,1,release,8,24,3,false,14016,0,false,Metal,Apple M5 Pro,0
arabic,sparse_novel_counter,explicit_rows,121,42,0,38125,129334,2916,Menlo,16,1,release,8,24,3,false,0,0,false,Metal,Apple M5 Pro,0
arabic,sparse_novel_counter,explicit_rows,121,42,1,38541,129667,2917,Menlo,16,1,release,8,24,3,false,0,0,false,Metal,Apple M5 Pro,0
arabic,sparse_novel_counter,explicit_rows,121,42,2,38583,131333,2833,Menlo,16,1,release,8,24,3,false,0,0,false,Metal,Apple M5 Pro,0
arabic,sparse_novel_counter,explicit_rows,121,42,3,38125,133958,2833,Menlo,16,1,release,8,24,3,false,0,0,false,Metal,Apple M5 Pro,0
arabic,sparse_novel_counter,explicit_rows,121,42,4,38375,129125,2875,Menlo,16,1,release,8,24,3,false,0,0,false,Metal,Apple M5 Pro,0
arabic,sparse_novel_counter,explicit_rows,121,42,5,38083,130250,2833,Menlo,16,1,release,8,24,3,false,0,0,false,Metal,Apple M5 Pro,0
arabic,sparse_novel_counter,explicit_rows,121,42,6,38625,129125,2875,Menlo,16,1,release,8,24,3,false,0,0,false,Metal,Apple M5 Pro,0
arabic,sparse_novel_counter,explicit_rows,121,42,7,38125,174667,2916,Menlo,16,1,release,8,24,3,false,0,0,false,Metal,Apple M5 Pro,0
arabic,sparse_novel_counter,explicit_rows,121,42,8,38375,130709,2875,Menlo,16,1,release,8,24,3,false,0,0,false,Metal,Apple M5 Pro,0
arabic,sparse_novel_counter,explicit_rows,121,42,9,38417,129875,2875,Menlo,16,1,release,8,24,3,false,0,0,false,Metal,Apple M5 Pro,0
arabic,sparse_novel_counter,explicit_rows,121,42,10,38208,129750,2833,Menlo,16,1,release,8,24,3,false,0,0,false,Metal,Apple M5 Pro,0
arabic,sparse_novel_counter,explicit_rows,121,42,11,41458,129333,2833,Menlo,16,1,release,8,24,3,false,0,0,false,Metal,Apple M5 Pro,0
arabic,sparse_novel_counter,explicit_rows,121,42,12,38167,129750,2875,Menlo,16,1,release,8,24,3,false,0,0,false,Metal,Apple M5 Pro,0
arabic,sparse_novel_counter,explicit_rows,121,42,13,38084,129000,2833,Menlo,16,1,release,8,24,3,false,0,0,false,Metal,Apple M5 Pro,0
arabic,sparse_novel_counter,explicit_rows,121,42,14,38667,129375,2833,Menlo,16,1,release,8,24,3,false,0,0,false,Metal,Apple M5 Pro,0
arabic,sparse_novel_counter,explicit_rows,121,42,15,38084,128959,2834,Menlo,16,1,release,8,24,3,false,0,0,false,Metal,Apple M5 Pro,0
arabic,sparse_novel_counter,explicit_rows,121,42,16,38417,129375,2833,Menlo,16,1,release,8,24,3,false,0,0,false,Metal,Apple M5 Pro,0
arabic,sparse_novel_counter,explicit_rows,121,42,17,38334,129833,2875,Menlo,16,1,release,8,24,3,false,0,0,false,Metal,Apple M5 Pro,0
arabic,sparse_novel_counter,explicit_rows,121,42,18,38083,129375,2875,Menlo,16,1,release,8,24,3,false,0,0,false,Metal,Apple M5 Pro,0
arabic,sparse_novel_counter,explicit_rows,121,42,19,37833,129333,2875,Menlo,16,1,release,8,24,3,false,0,0,false,Metal,Apple M5 Pro,0
arabic,sparse_novel_counter,explicit_rows,121,42,20,38125,130042,2833,Menlo,16,1,release,8,24,3,false,0,0,false,Metal,Apple M5 Pro,0
arabic,sparse_novel_counter,explicit_rows,121,42,21,37875,128208,2875,Menlo,16,1,release,8,24,3,false,0,0,false,Metal,Apple M5 Pro,0
arabic,sparse_novel_counter,explicit_rows,121,42,22,38084,129167,2875,Menlo,16,1,release,8,24,3,false,0,0,false,Metal,Apple M5 Pro,0
arabic,sparse_novel_counter,explicit_rows,121,42,23,37875,129708,2875,Menlo,16,1,release,8,24,3,false,0,0,false,Metal,Apple M5 Pro,0
arabic,sparse_novel_counter,softwrap,121,42,0,91334,9609083,116125,Menlo,16,1,release,8,24,3,false,18333,0,false,Metal,Apple M5 Pro,0
arabic,sparse_novel_counter,softwrap,121,42,1,69000,9917750,118125,Menlo,16,1,release,8,24,3,false,18333,0,false,Metal,Apple M5 Pro,0
arabic,sparse_novel_counter,softwrap,121,42,2,87292,9862042,136125,Menlo,16,1,release,8,24,3,false,18333,0,false,Metal,Apple M5 Pro,0
arabic,sparse_novel_counter,softwrap,121,42,3,69333,9556750,116959,Menlo,16,1,release,8,24,3,false,18333,0,false,Metal,Apple M5 Pro,0
arabic,sparse_novel_counter,softwrap,121,42,4,79250,9930875,141000,Menlo,16,1,release,8,24,3,false,18333,0,false,Metal,Apple M5 Pro,0
arabic,sparse_novel_counter,softwrap,121,42,5,69584,9920750,115917,Menlo,16,1,release,8,24,3,false,18333,0,false,Metal,Apple M5 Pro,0
arabic,sparse_novel_counter,softwrap,121,42,6,68417,9728000,117625,Menlo,16,1,release,8,24,3,false,18333,0,false,Metal,Apple M5 Pro,0
arabic,sparse_novel_counter,softwrap,121,42,7,71583,9895500,118166,Menlo,16,1,release,8,24,3,false,18333,0,false,Metal,Apple M5 Pro,0
arabic,sparse_novel_counter,softwrap,121,42,8,70125,9989542,117959,Menlo,16,1,release,8,24,3,false,18333,0,false,Metal,Apple M5 Pro,0
arabic,sparse_novel_counter,softwrap,121,42,9,68542,9588875,117000,Menlo,16,1,release,8,24,3,false,18333,0,false,Metal,Apple M5 Pro,0
arabic,sparse_novel_counter,softwrap,121,42,10,73333,9884208,116958,Menlo,16,1,release,8,24,3,false,18333,0,false,Metal,Apple M5 Pro,0
arabic,sparse_novel_counter,softwrap,121,42,11,69834,9886416,117917,Menlo,16,1,release,8,24,3,false,18333,0,false,Metal,Apple M5 Pro,0
arabic,sparse_novel_counter,softwrap,121,42,12,69542,9681917,116875,Menlo,16,1,release,8,24,3,false,18333,0,false,Metal,Apple M5 Pro,0
arabic,sparse_novel_counter,softwrap,121,42,13,69500,9916083,116834,Menlo,16,1,release,8,24,3,false,18333,0,false,Metal,Apple M5 Pro,0
arabic,sparse_novel_counter,softwrap,121,42,14,70292,9858875,119000,Menlo,16,1,release,8,24,3,false,18333,0,false,Metal,Apple M5 Pro,0
arabic,sparse_novel_counter,softwrap,121,42,15,67458,9588708,117125,Menlo,16,1,release,8,24,3,false,18333,0,false,Metal,Apple M5 Pro,0
arabic,sparse_novel_counter,softwrap,121,42,16,68958,9905083,116041,Menlo,16,1,release,8,24,3,false,18333,0,false,Metal,Apple M5 Pro,0
arabic,sparse_novel_counter,softwrap,121,42,17,68459,9928459,121125,Menlo,16,1,release,8,24,3,false,18333,0,false,Metal,Apple M5 Pro,0
arabic,sparse_novel_counter,softwrap,121,42,18,68917,9647375,117208,Menlo,16,1,release,8,24,3,false,18333,0,false,Metal,Apple M5 Pro,0
arabic,sparse_novel_counter,softwrap,121,42,19,69250,9878417,118125,Menlo,16,1,release,8,24,3,false,18333,0,false,Metal,Apple M5 Pro,0
arabic,sparse_novel_counter,softwrap,121,42,20,68500,9850917,118291,Menlo,16,1,release,8,24,3,false,18333,0,false,Metal,Apple M5 Pro,0
arabic,sparse_novel_counter,softwrap,121,42,21,67000,9517292,116292,Menlo,16,1,release,8,24,3,false,18333,0,false,Metal,Apple M5 Pro,0
arabic,sparse_novel_counter,softwrap,121,42,22,68792,9864625,115083,Menlo,16,1,release,8,24,3,false,18333,0,false,Metal,Apple M5 Pro,0
arabic,sparse_novel_counter,softwrap,121,42,23,68375,10037166,116167,Menlo,16,1,release,8,24,3,false,18333,0,false,Metal,Apple M5 Pro,0
arabic,scroll_cycle,explicit_rows,121,42,0,38584,3802208,111667,Menlo,16,1,release,8,24,3,false,0,0,false,Metal,Apple M5 Pro,10
arabic,scroll_cycle,explicit_rows,121,42,1,39292,1018792,110584,Menlo,16,1,release,8,24,3,false,0,0,false,Metal,Apple M5 Pro,21
arabic,scroll_cycle,explicit_rows,121,42,2,39000,921583,105291,Menlo,16,1,release,8,24,3,false,0,0,false,Metal,Apple M5 Pro,31
arabic,scroll_cycle,explicit_rows,121,42,3,38583,1044916,109375,Menlo,16,1,release,8,24,3,false,0,0,false,Metal,Apple M5 Pro,42
arabic,scroll_cycle,explicit_rows,121,42,4,39625,40792,106291,Menlo,16,1,release,8,24,3,false,0,0,false,Metal,Apple M5 Pro,31
arabic,scroll_cycle,explicit_rows,121,42,5,38083,41708,105666,Menlo,16,1,release,8,24,3,false,0,0,false,Metal,Apple M5 Pro,21
arabic,scroll_cycle,explicit_rows,121,42,6,38375,41500,105792,Menlo,16,1,release,8,24,3,false,0,0,false,Metal,Apple M5 Pro,10
arabic,scroll_cycle,explicit_rows,121,42,7,38375,900917,109166,Menlo,16,1,release,8,24,3,false,0,0,false,Metal,Apple M5 Pro,0
arabic,scroll_cycle,explicit_rows,121,42,8,38208,3618792,112292,Menlo,16,1,release,8,24,3,false,0,0,false,Metal,Apple M5 Pro,10
arabic,scroll_cycle,explicit_rows,121,42,9,38208,984625,109042,Menlo,16,1,release,8,24,3,false,0,0,false,Metal,Apple M5 Pro,21
arabic,scroll_cycle,explicit_rows,121,42,10,38458,897208,109042,Menlo,16,1,release,8,24,3,false,0,0,false,Metal,Apple M5 Pro,31
arabic,scroll_cycle,explicit_rows,121,42,11,38583,987875,112625,Menlo,16,1,release,8,24,3,false,0,0,false,Metal,Apple M5 Pro,42
arabic,scroll_cycle,explicit_rows,121,42,12,38416,40500,104709,Menlo,16,1,release,8,24,3,false,0,0,false,Metal,Apple M5 Pro,31
arabic,scroll_cycle,explicit_rows,121,42,13,38000,41667,108625,Menlo,16,1,release,8,24,3,false,0,0,false,Metal,Apple M5 Pro,21
arabic,scroll_cycle,explicit_rows,121,42,14,59833,40333,108708,Menlo,16,1,release,8,24,3,false,0,0,false,Metal,Apple M5 Pro,10
arabic,scroll_cycle,explicit_rows,121,42,15,38292,937708,111875,Menlo,16,1,release,8,24,3,false,0,0,false,Metal,Apple M5 Pro,0
arabic,scroll_cycle,explicit_rows,121,42,16,38250,3730208,110292,Menlo,16,1,release,8,24,3,false,0,0,false,Metal,Apple M5 Pro,10
arabic,scroll_cycle,explicit_rows,121,42,17,38334,1017417,107208,Menlo,16,1,release,8,24,3,false,0,0,false,Metal,Apple M5 Pro,21
arabic,scroll_cycle,explicit_rows,121,42,18,39542,927750,109666,Menlo,16,1,release,8,24,3,false,0,0,false,Metal,Apple M5 Pro,31
arabic,scroll_cycle,explicit_rows,121,42,19,38791,1014458,109250,Menlo,16,1,release,8,24,3,false,0,0,false,Metal,Apple M5 Pro,42
arabic,scroll_cycle,explicit_rows,121,42,20,38291,40292,105083,Menlo,16,1,release,8,24,3,false,0,0,false,Metal,Apple M5 Pro,31
arabic,scroll_cycle,explicit_rows,121,42,21,38375,40416,104667,Menlo,16,1,release,8,24,3,false,0,0,false,Metal,Apple M5 Pro,21
arabic,scroll_cycle,explicit_rows,121,42,22,39125,39916,107083,Menlo,16,1,release,8,24,3,false,0,0,false,Metal,Apple M5 Pro,10
arabic,scroll_cycle,explicit_rows,121,42,23,39041,953792,111291,Menlo,16,1,release,8,24,3,false,0,0,false,Metal,Apple M5 Pro,0
arabic,scroll_cycle,softwrap,121,42,0,72375,9760750,112708,Menlo,16,1,release,8,24,3,false,16220,2065,false,Metal,Apple M5 Pro,10
arabic,scroll_cycle,softwrap,121,42,1,72375,9757125,110875,Menlo,16,1,release,8,24,3,false,13909,4377,false,Metal,Apple M5 Pro,21
arabic,scroll_cycle,softwrap,121,42,2,72375,9909792,112916,Menlo,16,1,release,8,24,3,false,11796,6489,false,Metal,Apple M5 Pro,31
arabic,scroll_cycle,softwrap,121,42,3,73666,9932500,111791,Menlo,16,1,release,8,24,3,false,9485,8800,false,Metal,Apple M5 Pro,42
arabic,scroll_cycle,softwrap,121,42,4,73417,9787333,113500,Menlo,16,1,release,8,24,3,false,11796,6489,false,Metal,Apple M5 Pro,31
arabic,scroll_cycle,softwrap,121,42,5,72459,9925208,110333,Menlo,16,1,release,8,24,3,false,13909,4377,false,Metal,Apple M5 Pro,21
arabic,scroll_cycle,softwrap,121,42,6,70750,9785625,111750,Menlo,16,1,release,8,24,3,false,16220,2065,false,Metal,Apple M5 Pro,10
arabic,scroll_cycle,softwrap,121,42,7,69375,9709792,111666,Menlo,16,1,release,8,24,3,false,18333,0,false,Metal,Apple M5 Pro,0
arabic,scroll_cycle,softwrap,121,42,8,82791,9932375,110833,Menlo,16,1,release,8,24,3,false,16220,2065,false,Metal,Apple M5 Pro,10
arabic,scroll_cycle,softwrap,121,42,9,77958,9809833,109584,Menlo,16,1,release,8,24,3,false,13909,4377,false,Metal,Apple M5 Pro,21
arabic,scroll_cycle,softwrap,121,42,10,72459,9784375,109917,Menlo,16,1,release,8,24,3,false,11796,6489,false,Metal,Apple M5 Pro,31
arabic,scroll_cycle,softwrap,121,42,11,73583,9879250,114042,Menlo,16,1,release,8,24,3,false,9485,8800,false,Metal,Apple M5 Pro,42
arabic,scroll_cycle,softwrap,121,42,12,72542,9764542,111750,Menlo,16,1,release,8,24,3,false,11796,6489,false,Metal,Apple M5 Pro,31
arabic,scroll_cycle,softwrap,121,42,13,79417,9789667,113000,Menlo,16,1,release,8,24,3,false,13909,4377,false,Metal,Apple M5 Pro,21
arabic,scroll_cycle,softwrap,121,42,14,71916,9928708,113417,Menlo,16,1,release,8,24,3,false,16220,2065,false,Metal,Apple M5 Pro,10
arabic,scroll_cycle,softwrap,121,42,15,71083,9767417,109917,Menlo,16,1,release,8,24,3,false,18333,0,false,Metal,Apple M5 Pro,0
arabic,scroll_cycle,softwrap,121,42,16,70667,9793792,119958,Menlo,16,1,release,8,24,3,false,16220,2065,false,Metal,Apple M5 Pro,10
arabic,scroll_cycle,softwrap,121,42,17,72209,9981125,110459,Menlo,16,1,release,8,24,3,false,13909,4377,false,Metal,Apple M5 Pro,21
arabic,scroll_cycle,softwrap,121,42,18,72375,9724083,113083,Menlo,16,1,release,8,24,3,false,11796,6489,false,Metal,Apple M5 Pro,31
arabic,scroll_cycle,softwrap,121,42,19,72958,9797917,109459,Menlo,16,1,release,8,24,3,false,9485,8800,false,Metal,Apple M5 Pro,42
arabic,scroll_cycle,softwrap,121,42,20,70333,9926209,109000,Menlo,16,1,release,8,24,3,false,11796,6489,false,Metal,Apple M5 Pro,31
arabic,scroll_cycle,softwrap,121,42,21,69083,9738417,111584,Menlo,16,1,release,8,24,3,false,13909,4377,false,Metal,Apple M5 Pro,21
arabic,scroll_cycle,softwrap,121,42,22,70209,9811708,110083,Menlo,16,1,release,8,24,3,false,16220,2065,false,Metal,Apple M5 Pro,10
arabic,scroll_cycle,softwrap,121,42,23,69166,9914750,109125,Menlo,16,1,release,8,24,3,false,18333,0,false,Metal,Apple M5 Pro,0
arabic,dense_novel_text,explicit_rows,121,42,0,38334,3779541,106875,Menlo,16,1,release,8,24,3,false,0,0,false,Metal,Apple M5 Pro,0
arabic,dense_novel_text,explicit_rows,121,42,1,38167,3757708,107959,Menlo,16,1,release,8,24,3,false,0,0,false,Metal,Apple M5 Pro,0
arabic,dense_novel_text,explicit_rows,121,42,2,37917,3830084,118291,Menlo,16,1,release,8,24,3,false,0,0,false,Metal,Apple M5 Pro,0
arabic,dense_novel_text,explicit_rows,121,42,3,38416,3734750,107083,Menlo,16,1,release,8,24,3,false,0,0,false,Metal,Apple M5 Pro,0
arabic,dense_novel_text,explicit_rows,121,42,4,38583,3713333,105417,Menlo,16,1,release,8,24,3,false,0,0,false,Metal,Apple M5 Pro,0
arabic,dense_novel_text,explicit_rows,121,42,5,38708,3667417,107250,Menlo,16,1,release,8,24,3,false,0,0,false,Metal,Apple M5 Pro,0
arabic,dense_novel_text,explicit_rows,121,42,6,38250,3631417,109083,Menlo,16,1,release,8,24,3,false,0,0,false,Metal,Apple M5 Pro,0
arabic,dense_novel_text,explicit_rows,121,42,7,41042,3753833,108542,Menlo,16,1,release,8,24,3,false,0,0,false,Metal,Apple M5 Pro,0
arabic,dense_novel_text,explicit_rows,121,42,8,43875,3734500,106042,Menlo,16,1,release,8,24,3,false,0,0,false,Metal,Apple M5 Pro,0
arabic,dense_novel_text,explicit_rows,121,42,9,38167,3763500,108458,Menlo,16,1,release,8,24,3,false,0,0,false,Metal,Apple M5 Pro,0
arabic,dense_novel_text,explicit_rows,121,42,10,40625,3813166,108917,Menlo,16,1,release,8,24,3,false,0,0,false,Metal,Apple M5 Pro,0
arabic,dense_novel_text,explicit_rows,121,42,11,41083,3762708,105417,Menlo,16,1,release,8,24,3,false,0,0,false,Metal,Apple M5 Pro,0
arabic,dense_novel_text,explicit_rows,121,42,12,38084,3718250,107083,Menlo,16,1,release,8,24,3,false,0,0,false,Metal,Apple M5 Pro,0
arabic,dense_novel_text,explicit_rows,121,42,13,38250,3724291,105917,Menlo,16,1,release,8,24,3,false,0,0,false,Metal,Apple M5 Pro,0
arabic,dense_novel_text,explicit_rows,121,42,14,37875,3794125,108917,Menlo,16,1,release,8,24,3,false,0,0,false,Metal,Apple M5 Pro,0
arabic,dense_novel_text,explicit_rows,121,42,15,38334,3719416,108959,Menlo,16,1,release,8,24,3,false,0,0,false,Metal,Apple M5 Pro,0
arabic,dense_novel_text,explicit_rows,121,42,16,38250,3774833,107208,Menlo,16,1,release,8,24,3,false,0,0,false,Metal,Apple M5 Pro,0
arabic,dense_novel_text,explicit_rows,121,42,17,38333,3753458,106417,Menlo,16,1,release,8,24,3,false,0,0,false,Metal,Apple M5 Pro,0
arabic,dense_novel_text,explicit_rows,121,42,18,38542,3787625,107375,Menlo,16,1,release,8,24,3,false,0,0,false,Metal,Apple M5 Pro,0
arabic,dense_novel_text,explicit_rows,121,42,19,38625,3720667,109208,Menlo,16,1,release,8,24,3,false,0,0,false,Metal,Apple M5 Pro,0
arabic,dense_novel_text,explicit_rows,121,42,20,41208,3627125,109167,Menlo,16,1,release,8,24,3,false,0,0,false,Metal,Apple M5 Pro,0
arabic,dense_novel_text,explicit_rows,121,42,21,38416,3671958,114667,Menlo,16,1,release,8,24,3,false,0,0,false,Metal,Apple M5 Pro,0
arabic,dense_novel_text,explicit_rows,121,42,22,38291,3737125,107375,Menlo,16,1,release,8,24,3,false,0,0,false,Metal,Apple M5 Pro,0
arabic,dense_novel_text,explicit_rows,121,42,23,38250,3743208,106083,Menlo,16,1,release,8,24,3,false,0,0,false,Metal,Apple M5 Pro,0
arabic,dense_novel_text,softwrap,121,42,0,67292,9844833,115292,Menlo,16,1,release,8,24,3,false,18333,0,false,Metal,Apple M5 Pro,0
arabic,dense_novel_text,softwrap,121,42,1,66459,9662208,115625,Menlo,16,1,release,8,24,3,false,18333,0,false,Metal,Apple M5 Pro,0
arabic,dense_novel_text,softwrap,121,42,2,66958,9886958,115417,Menlo,16,1,release,8,24,3,false,18333,0,false,Metal,Apple M5 Pro,0
arabic,dense_novel_text,softwrap,121,42,3,67667,9893125,117125,Menlo,16,1,release,8,24,3,false,18333,0,false,Metal,Apple M5 Pro,0
arabic,dense_novel_text,softwrap,121,42,4,66250,9670458,118209,Menlo,16,1,release,8,24,3,false,18333,0,false,Metal,Apple M5 Pro,0
arabic,dense_novel_text,softwrap,121,42,5,67291,10040500,114750,Menlo,16,1,release,8,24,3,false,18333,0,false,Metal,Apple M5 Pro,0
arabic,dense_novel_text,softwrap,121,42,6,69958,9866375,117666,Menlo,16,1,release,8,24,3,false,18333,0,false,Metal,Apple M5 Pro,0
arabic,dense_novel_text,softwrap,121,42,7,71083,9624750,114333,Menlo,16,1,release,8,24,3,false,18333,0,false,Metal,Apple M5 Pro,0
arabic,dense_novel_text,softwrap,121,42,8,66709,9899709,118959,Menlo,16,1,release,8,24,3,false,18333,0,false,Metal,Apple M5 Pro,0
arabic,dense_novel_text,softwrap,121,42,9,66542,9896375,117333,Menlo,16,1,release,8,24,3,false,18333,0,false,Metal,Apple M5 Pro,0
arabic,dense_novel_text,softwrap,121,42,10,67333,9732917,115667,Menlo,16,1,release,8,24,3,false,18333,0,false,Metal,Apple M5 Pro,0
arabic,dense_novel_text,softwrap,121,42,11,75542,9876209,115625,Menlo,16,1,release,8,24,3,false,18333,0,false,Metal,Apple M5 Pro,0
arabic,dense_novel_text,softwrap,121,42,12,66417,9789959,115375,Menlo,16,1,release,8,24,3,false,18333,0,false,Metal,Apple M5 Pro,0
arabic,dense_novel_text,softwrap,121,42,13,66916,9728334,118417,Menlo,16,1,release,8,24,3,false,18333,0,false,Metal,Apple M5 Pro,0
arabic,dense_novel_text,softwrap,121,42,14,78708,9964708,133375,Menlo,16,1,release,8,24,3,false,18333,0,false,Metal,Apple M5 Pro,0
arabic,dense_novel_text,softwrap,121,42,15,67083,9894250,115542,Menlo,16,1,release,8,24,3,false,18333,0,false,Metal,Apple M5 Pro,0
arabic,dense_novel_text,softwrap,121,42,16,67250,9817000,118166,Menlo,16,1,release,8,24,3,false,18333,0,false,Metal,Apple M5 Pro,0
arabic,dense_novel_text,softwrap,121,42,17,67333,9897042,112708,Menlo,16,1,release,8,24,3,false,18333,0,false,Metal,Apple M5 Pro,0
arabic,dense_novel_text,softwrap,121,42,18,67083,9705167,115417,Menlo,16,1,release,8,24,3,false,18333,0,false,Metal,Apple M5 Pro,0
arabic,dense_novel_text,softwrap,121,42,19,66625,9790833,114667,Menlo,16,1,release,8,24,3,false,18333,0,false,Metal,Apple M5 Pro,0
arabic,dense_novel_text,softwrap,121,42,20,66875,9888917,117458,Menlo,16,1,release,8,24,3,false,18333,0,false,Metal,Apple M5 Pro,0
arabic,dense_novel_text,softwrap,121,42,21,66250,9755917,115833,Menlo,16,1,release,8,24,3,false,18333,0,false,Metal,Apple M5 Pro,0
arabic,dense_novel_text,softwrap,121,42,22,67125,9743791,118125,Menlo,16,1,release,8,24,3,false,18333,0,false,Metal,Apple M5 Pro,0
arabic,dense_novel_text,softwrap,121,42,23,81458,9962458,116375,Menlo,16,1,release,8,24,3,false,18333,0,false,Metal,Apple M5 Pro,0
rtl_context_ltr_viewport,sparse_novel_counter,explicit_rows,121,42,0,38333,75167,2959,Menlo,16,1,release,8,24,3,false,0,0,false,Metal,Apple M5 Pro,0
rtl_context_ltr_viewport,sparse_novel_counter,explicit_rows,121,42,1,38584,83291,2959,Menlo,16,1,release,8,24,3,false,0,0,false,Metal,Apple M5 Pro,0
rtl_context_ltr_viewport,sparse_novel_counter,explicit_rows,121,42,2,38417,75292,2958,Menlo,16,1,release,8,24,3,false,0,0,false,Metal,Apple M5 Pro,0
rtl_context_ltr_viewport,sparse_novel_counter,explicit_rows,121,42,3,44708,76167,3000,Menlo,16,1,release,8,24,3,false,0,0,false,Metal,Apple M5 Pro,0
rtl_context_ltr_viewport,sparse_novel_counter,explicit_rows,121,42,4,38417,75791,3000,Menlo,16,1,release,8,24,3,false,0,0,false,Metal,Apple M5 Pro,0
rtl_context_ltr_viewport,sparse_novel_counter,explicit_rows,121,42,5,46625,79042,3000,Menlo,16,1,release,8,24,3,false,0,0,false,Metal,Apple M5 Pro,0
rtl_context_ltr_viewport,sparse_novel_counter,explicit_rows,121,42,6,38084,76208,3042,Menlo,16,1,release,8,24,3,false,0,0,false,Metal,Apple M5 Pro,0
rtl_context_ltr_viewport,sparse_novel_counter,explicit_rows,121,42,7,38333,129417,3000,Menlo,16,1,release,8,24,3,false,0,0,false,Metal,Apple M5 Pro,0
rtl_context_ltr_viewport,sparse_novel_counter,explicit_rows,121,42,8,49333,88667,3000,Menlo,16,1,release,8,24,3,false,0,0,false,Metal,Apple M5 Pro,0
rtl_context_ltr_viewport,sparse_novel_counter,explicit_rows,121,42,9,37959,75541,2958,Menlo,16,1,release,8,24,3,false,0,0,false,Metal,Apple M5 Pro,0
rtl_context_ltr_viewport,sparse_novel_counter,explicit_rows,121,42,10,38167,77375,2958,Menlo,16,1,release,8,24,3,false,0,0,false,Metal,Apple M5 Pro,0
rtl_context_ltr_viewport,sparse_novel_counter,explicit_rows,121,42,11,38084,76000,2917,Menlo,16,1,release,8,24,3,false,0,0,false,Metal,Apple M5 Pro,0
rtl_context_ltr_viewport,sparse_novel_counter,explicit_rows,121,42,12,38542,75333,2958,Menlo,16,1,release,8,24,3,false,0,0,false,Metal,Apple M5 Pro,0
rtl_context_ltr_viewport,sparse_novel_counter,explicit_rows,121,42,13,38542,75375,3000,Menlo,16,1,release,8,24,3,false,0,0,false,Metal,Apple M5 Pro,0
rtl_context_ltr_viewport,sparse_novel_counter,explicit_rows,121,42,14,38583,76792,2959,Menlo,16,1,release,8,24,3,false,0,0,false,Metal,Apple M5 Pro,0
rtl_context_ltr_viewport,sparse_novel_counter,explicit_rows,121,42,15,41667,76125,2959,Menlo,16,1,release,8,24,3,false,0,0,false,Metal,Apple M5 Pro,0
rtl_context_ltr_viewport,sparse_novel_counter,explicit_rows,121,42,16,38167,87000,3000,Menlo,16,1,release,8,24,3,false,0,0,false,Metal,Apple M5 Pro,0
rtl_context_ltr_viewport,sparse_novel_counter,explicit_rows,121,42,17,37750,75458,3000,Menlo,16,1,release,8,24,3,false,0,0,false,Metal,Apple M5 Pro,0
rtl_context_ltr_viewport,sparse_novel_counter,explicit_rows,121,42,18,38209,79625,3000,Menlo,16,1,release,8,24,3,false,0,0,false,Metal,Apple M5 Pro,0
rtl_context_ltr_viewport,sparse_novel_counter,explicit_rows,121,42,19,38292,75083,3000,Menlo,16,1,release,8,24,3,false,0,0,false,Metal,Apple M5 Pro,0
rtl_context_ltr_viewport,sparse_novel_counter,explicit_rows,121,42,20,38709,75292,2958,Menlo,16,1,release,8,24,3,false,0,0,false,Metal,Apple M5 Pro,0
rtl_context_ltr_viewport,sparse_novel_counter,explicit_rows,121,42,21,41041,77208,2959,Menlo,16,1,release,8,24,3,false,0,0,false,Metal,Apple M5 Pro,0
rtl_context_ltr_viewport,sparse_novel_counter,explicit_rows,121,42,22,38167,75000,2958,Menlo,16,1,release,8,24,3,false,0,0,false,Metal,Apple M5 Pro,0
rtl_context_ltr_viewport,sparse_novel_counter,explicit_rows,121,42,23,38084,75291,2958,Menlo,16,1,release,8,24,3,false,0,0,false,Metal,Apple M5 Pro,0
rtl_context_ltr_viewport,sparse_novel_counter,softwrap,121,42,0,64000,3389208,113042,Menlo,16,1,release,8,24,3,false,10472,0,false,Metal,Apple M5 Pro,0
rtl_context_ltr_viewport,sparse_novel_counter,softwrap,121,42,1,63375,3405708,112791,Menlo,16,1,release,8,24,3,false,10472,0,false,Metal,Apple M5 Pro,0
rtl_context_ltr_viewport,sparse_novel_counter,softwrap,121,42,2,68083,3311625,112209,Menlo,16,1,release,8,24,3,false,10472,0,false,Metal,Apple M5 Pro,0
rtl_context_ltr_viewport,sparse_novel_counter,softwrap,121,42,3,63208,3379125,111417,Menlo,16,1,release,8,24,3,false,10472,0,false,Metal,Apple M5 Pro,0
rtl_context_ltr_viewport,sparse_novel_counter,softwrap,121,42,4,63625,3402125,112125,Menlo,16,1,release,8,24,3,false,10472,0,false,Metal,Apple M5 Pro,0
rtl_context_ltr_viewport,sparse_novel_counter,softwrap,121,42,5,64250,3405417,111333,Menlo,16,1,release,8,24,3,false,10472,0,false,Metal,Apple M5 Pro,0
rtl_context_ltr_viewport,sparse_novel_counter,softwrap,121,42,6,62750,3416542,112542,Menlo,16,1,release,8,24,3,false,10472,0,false,Metal,Apple M5 Pro,0
rtl_context_ltr_viewport,sparse_novel_counter,softwrap,121,42,7,65375,3416333,112083,Menlo,16,1,release,8,24,3,false,10472,0,false,Metal,Apple M5 Pro,0
rtl_context_ltr_viewport,sparse_novel_counter,softwrap,121,42,8,64750,3425583,110583,Menlo,16,1,release,8,24,3,false,10472,0,false,Metal,Apple M5 Pro,0
rtl_context_ltr_viewport,sparse_novel_counter,softwrap,121,42,9,65041,3428750,113042,Menlo,16,1,release,8,24,3,false,10472,0,false,Metal,Apple M5 Pro,0
rtl_context_ltr_viewport,sparse_novel_counter,softwrap,121,42,10,62333,3399041,110083,Menlo,16,1,release,8,24,3,false,10472,0,false,Metal,Apple M5 Pro,0
rtl_context_ltr_viewport,sparse_novel_counter,softwrap,121,42,11,63500,3425708,111000,Menlo,16,1,release,8,24,3,false,10472,0,false,Metal,Apple M5 Pro,0
rtl_context_ltr_viewport,sparse_novel_counter,softwrap,121,42,12,64042,3418458,111667,Menlo,16,1,release,8,24,3,false,10472,0,false,Metal,Apple M5 Pro,0
rtl_context_ltr_viewport,sparse_novel_counter,softwrap,121,42,13,64584,3426292,110208,Menlo,16,1,release,8,24,3,false,10472,0,false,Metal,Apple M5 Pro,0
rtl_context_ltr_viewport,sparse_novel_counter,softwrap,121,42,14,63584,3403417,115708,Menlo,16,1,release,8,24,3,false,10472,0,false,Metal,Apple M5 Pro,0
rtl_context_ltr_viewport,sparse_novel_counter,softwrap,121,42,15,63625,3374458,109292,Menlo,16,1,release,8,24,3,false,10472,0,false,Metal,Apple M5 Pro,0
rtl_context_ltr_viewport,sparse_novel_counter,softwrap,121,42,16,62250,3388833,109500,Menlo,16,1,release,8,24,3,false,10472,0,false,Metal,Apple M5 Pro,0
rtl_context_ltr_viewport,sparse_novel_counter,softwrap,121,42,17,63917,3459791,112084,Menlo,16,1,release,8,24,3,false,10472,0,false,Metal,Apple M5 Pro,0
rtl_context_ltr_viewport,sparse_novel_counter,softwrap,121,42,18,63500,3390375,112000,Menlo,16,1,release,8,24,3,false,10472,0,false,Metal,Apple M5 Pro,0
rtl_context_ltr_viewport,sparse_novel_counter,softwrap,121,42,19,62083,3355584,113000,Menlo,16,1,release,8,24,3,false,10472,0,false,Metal,Apple M5 Pro,0
rtl_context_ltr_viewport,sparse_novel_counter,softwrap,121,42,20,62916,3391958,119375,Menlo,16,1,release,8,24,3,false,10472,0,false,Metal,Apple M5 Pro,0
rtl_context_ltr_viewport,sparse_novel_counter,softwrap,121,42,21,61458,3388125,112458,Menlo,16,1,release,8,24,3,false,10472,0,false,Metal,Apple M5 Pro,0
rtl_context_ltr_viewport,sparse_novel_counter,softwrap,121,42,22,62000,3368042,109709,Menlo,16,1,release,8,24,3,false,10472,0,false,Metal,Apple M5 Pro,0
rtl_context_ltr_viewport,sparse_novel_counter,softwrap,121,42,23,61833,3381042,112417,Menlo,16,1,release,8,24,3,false,10472,0,false,Metal,Apple M5 Pro,0
rtl_context_ltr_viewport,scroll_cycle,explicit_rows,121,42,0,38500,1519000,108625,Menlo,16,1,release,8,24,3,false,0,0,false,Metal,Apple M5 Pro,10
rtl_context_ltr_viewport,scroll_cycle,explicit_rows,121,42,1,42000,427083,109417,Menlo,16,1,release,8,24,3,false,0,0,false,Metal,Apple M5 Pro,21
rtl_context_ltr_viewport,scroll_cycle,explicit_rows,121,42,2,40125,390750,109958,Menlo,16,1,release,8,24,3,false,0,0,false,Metal,Apple M5 Pro,31
rtl_context_ltr_viewport,scroll_cycle,explicit_rows,121,42,3,39209,427959,109750,Menlo,16,1,release,8,24,3,false,0,0,false,Metal,Apple M5 Pro,42
rtl_context_ltr_viewport,scroll_cycle,explicit_rows,121,42,4,38792,40000,107292,Menlo,16,1,release,8,24,3,false,0,0,false,Metal,Apple M5 Pro,31
rtl_context_ltr_viewport,scroll_cycle,explicit_rows,121,42,5,38042,39750,105375,Menlo,16,1,release,8,24,3,false,0,0,false,Metal,Apple M5 Pro,21
rtl_context_ltr_viewport,scroll_cycle,explicit_rows,121,42,6,38333,40458,105708,Menlo,16,1,release,8,24,3,false,0,0,false,Metal,Apple M5 Pro,10
rtl_context_ltr_viewport,scroll_cycle,explicit_rows,121,42,7,38834,392708,106875,Menlo,16,1,release,8,24,3,false,0,0,false,Metal,Apple M5 Pro,0
rtl_context_ltr_viewport,scroll_cycle,explicit_rows,121,42,8,38875,1527667,109917,Menlo,16,1,release,8,24,3,false,0,0,false,Metal,Apple M5 Pro,10
rtl_context_ltr_viewport,scroll_cycle,explicit_rows,121,42,9,39708,428334,110083,Menlo,16,1,release,8,24,3,false,0,0,false,Metal,Apple M5 Pro,21
rtl_context_ltr_viewport,scroll_cycle,explicit_rows,121,42,10,39125,394541,109500,Menlo,16,1,release,8,24,3,false,0,0,false,Metal,Apple M5 Pro,31
rtl_context_ltr_viewport,scroll_cycle,explicit_rows,121,42,11,39042,426792,109166,Menlo,16,1,release,8,24,3,false,0,0,false,Metal,Apple M5 Pro,42
rtl_context_ltr_viewport,scroll_cycle,explicit_rows,121,42,12,38666,40292,105292,Menlo,16,1,release,8,24,3,false,0,0,false,Metal,Apple M5 Pro,31
rtl_context_ltr_viewport,scroll_cycle,explicit_rows,121,42,13,38292,40042,105625,Menlo,16,1,release,8,24,3,false,0,0,false,Metal,Apple M5 Pro,21
rtl_context_ltr_viewport,scroll_cycle,explicit_rows,121,42,14,38166,40042,105541,Menlo,16,1,release,8,24,3,false,0,0,false,Metal,Apple M5 Pro,10
rtl_context_ltr_viewport,scroll_cycle,explicit_rows,121,42,15,38375,393667,116334,Menlo,16,1,release,8,24,3,false,0,0,false,Metal,Apple M5 Pro,0
rtl_context_ltr_viewport,scroll_cycle,explicit_rows,121,42,16,39000,1549416,110667,Menlo,16,1,release,8,24,3,false,0,0,false,Metal,Apple M5 Pro,10
rtl_context_ltr_viewport,scroll_cycle,explicit_rows,121,42,17,38917,428833,110458,Menlo,16,1,release,8,24,3,false,0,0,false,Metal,Apple M5 Pro,21
rtl_context_ltr_viewport,scroll_cycle,explicit_rows,121,42,18,38250,392250,112458,Menlo,16,1,release,8,24,3,false,0,0,false,Metal,Apple M5 Pro,31
rtl_context_ltr_viewport,scroll_cycle,explicit_rows,121,42,19,39042,428209,106917,Menlo,16,1,release,8,24,3,false,0,0,false,Metal,Apple M5 Pro,42
rtl_context_ltr_viewport,scroll_cycle,explicit_rows,121,42,20,38708,39500,104041,Menlo,16,1,release,8,24,3,false,0,0,false,Metal,Apple M5 Pro,31
rtl_context_ltr_viewport,scroll_cycle,explicit_rows,121,42,21,38417,39541,103834,Menlo,16,1,release,8,24,3,false,0,0,false,Metal,Apple M5 Pro,21
rtl_context_ltr_viewport,scroll_cycle,explicit_rows,121,42,22,38791,40292,103500,Menlo,16,1,release,8,24,3,false,0,0,false,Metal,Apple M5 Pro,10
rtl_context_ltr_viewport,scroll_cycle,explicit_rows,121,42,23,38458,393375,110167,Menlo,16,1,release,8,24,3,false,0,0,false,Metal,Apple M5 Pro,0
rtl_context_ltr_viewport,scroll_cycle,softwrap,121,42,0,66125,3399000,115292,Menlo,16,1,release,8,24,3,false,9243,1228,false,Metal,Apple M5 Pro,10
rtl_context_ltr_viewport,scroll_cycle,softwrap,121,42,1,63000,3488542,112417,Menlo,16,1,release,8,24,3,false,7891,2580,false,Metal,Apple M5 Pro,21
rtl_context_ltr_viewport,scroll_cycle,softwrap,121,42,2,63125,3384625,114417,Menlo,16,1,release,8,24,3,false,6662,3809,false,Metal,Apple M5 Pro,31
rtl_context_ltr_viewport,scroll_cycle,softwrap,121,42,3,62792,3376250,114334,Menlo,16,1,release,8,24,3,false,5310,5162,false,Metal,Apple M5 Pro,42
rtl_context_ltr_viewport,scroll_cycle,softwrap,121,42,4,62542,3410791,112000,Menlo,16,1,release,8,24,3,false,6662,3809,false,Metal,Apple M5 Pro,31
rtl_context_ltr_viewport,scroll_cycle,softwrap,121,42,5,62125,3426792,112375,Menlo,16,1,release,8,24,3,false,7891,2580,false,Metal,Apple M5 Pro,21
rtl_context_ltr_viewport,scroll_cycle,softwrap,121,42,6,62209,3400750,134792,Menlo,16,1,release,8,24,3,false,9243,1228,false,Metal,Apple M5 Pro,10
rtl_context_ltr_viewport,scroll_cycle,softwrap,121,42,7,62459,3324209,112541,Menlo,16,1,release,8,24,3,false,10472,0,false,Metal,Apple M5 Pro,0
rtl_context_ltr_viewport,scroll_cycle,softwrap,121,42,8,63584,3348833,115083,Menlo,16,1,release,8,24,3,false,9243,1228,false,Metal,Apple M5 Pro,10
rtl_context_ltr_viewport,scroll_cycle,softwrap,121,42,9,73417,3384084,114334,Menlo,16,1,release,8,24,3,false,7891,2580,false,Metal,Apple M5 Pro,21
rtl_context_ltr_viewport,scroll_cycle,softwrap,121,42,10,61916,3419500,116750,Menlo,16,1,release,8,24,3,false,6662,3809,false,Metal,Apple M5 Pro,31
rtl_context_ltr_viewport,scroll_cycle,softwrap,121,42,11,62792,3412916,113708,Menlo,16,1,release,8,24,3,false,5310,5162,false,Metal,Apple M5 Pro,42
rtl_context_ltr_viewport,scroll_cycle,softwrap,121,42,12,63708,3408208,114375,Menlo,16,1,release,8,24,3,false,6662,3809,false,Metal,Apple M5 Pro,31
rtl_context_ltr_viewport,scroll_cycle,softwrap,121,42,13,62792,3384708,109083,Menlo,16,1,release,8,24,3,false,7891,2580,false,Metal,Apple M5 Pro,21
rtl_context_ltr_viewport,scroll_cycle,softwrap,121,42,14,64084,3405000,114084,Menlo,16,1,release,8,24,3,false,9243,1228,false,Metal,Apple M5 Pro,10
rtl_context_ltr_viewport,scroll_cycle,softwrap,121,42,15,64667,3434125,113834,Menlo,16,1,release,8,24,3,false,10472,0,false,Metal,Apple M5 Pro,0
rtl_context_ltr_viewport,scroll_cycle,softwrap,121,42,16,62958,3373542,115166,Menlo,16,1,release,8,24,3,false,9243,1228,false,Metal,Apple M5 Pro,10
rtl_context_ltr_viewport,scroll_cycle,softwrap,121,42,17,63000,3365917,115541,Menlo,16,1,release,8,24,3,false,7891,2580,false,Metal,Apple M5 Pro,21
rtl_context_ltr_viewport,scroll_cycle,softwrap,121,42,18,63458,3427792,112709,Menlo,16,1,release,8,24,3,false,6662,3809,false,Metal,Apple M5 Pro,31
rtl_context_ltr_viewport,scroll_cycle,softwrap,121,42,19,64000,3361291,113917,Menlo,16,1,release,8,24,3,false,5310,5162,false,Metal,Apple M5 Pro,42
rtl_context_ltr_viewport,scroll_cycle,softwrap,121,42,20,63959,3366625,114042,Menlo,16,1,release,8,24,3,false,6662,3809,false,Metal,Apple M5 Pro,31
rtl_context_ltr_viewport,scroll_cycle,softwrap,121,42,21,62583,3386792,113666,Menlo,16,1,release,8,24,3,false,7891,2580,false,Metal,Apple M5 Pro,21
rtl_context_ltr_viewport,scroll_cycle,softwrap,121,42,22,64459,3415959,115042,Menlo,16,1,release,8,24,3,false,9243,1228,false,Metal,Apple M5 Pro,10
rtl_context_ltr_viewport,scroll_cycle,softwrap,121,42,23,63083,3397333,109709,Menlo,16,1,release,8,24,3,false,10472,0,false,Metal,Apple M5 Pro,0
rtl_context_ltr_viewport,dense_novel_text,explicit_rows,121,42,0,37959,1540625,110209,Menlo,16,1,release,8,24,3,false,0,0,false,Metal,Apple M5 Pro,0
rtl_context_ltr_viewport,dense_novel_text,explicit_rows,121,42,1,38750,1514250,114084,Menlo,16,1,release,8,24,3,false,0,0,false,Metal,Apple M5 Pro,0
rtl_context_ltr_viewport,dense_novel_text,explicit_rows,121,42,2,39042,1511583,110750,Menlo,16,1,release,8,24,3,false,0,0,false,Metal,Apple M5 Pro,0
rtl_context_ltr_viewport,dense_novel_text,explicit_rows,121,42,3,38291,1520500,107792,Menlo,16,1,release,8,24,3,false,0,0,false,Metal,Apple M5 Pro,0
rtl_context_ltr_viewport,dense_novel_text,explicit_rows,121,42,4,37875,1526042,121334,Menlo,16,1,release,8,24,3,false,0,0,false,Metal,Apple M5 Pro,0
rtl_context_ltr_viewport,dense_novel_text,explicit_rows,121,42,5,38000,1518542,111042,Menlo,16,1,release,8,24,3,false,0,0,false,Metal,Apple M5 Pro,0
rtl_context_ltr_viewport,dense_novel_text,explicit_rows,121,42,6,38416,1545084,108750,Menlo,16,1,release,8,24,3,false,0,0,false,Metal,Apple M5 Pro,0
rtl_context_ltr_viewport,dense_novel_text,explicit_rows,121,42,7,38333,1520125,108500,Menlo,16,1,release,8,24,3,false,0,0,false,Metal,Apple M5 Pro,0
rtl_context_ltr_viewport,dense_novel_text,explicit_rows,121,42,8,38042,1548042,119666,Menlo,16,1,release,8,24,3,false,0,0,false,Metal,Apple M5 Pro,0
rtl_context_ltr_viewport,dense_novel_text,explicit_rows,121,42,9,38209,1512334,105458,Menlo,16,1,release,8,24,3,false,0,0,false,Metal,Apple M5 Pro,0
rtl_context_ltr_viewport,dense_novel_text,explicit_rows,121,42,10,38166,1508458,110000,Menlo,16,1,release,8,24,3,false,0,0,false,Metal,Apple M5 Pro,0
rtl_context_ltr_viewport,dense_novel_text,explicit_rows,121,42,11,38209,1538666,110334,Menlo,16,1,release,8,24,3,false,0,0,false,Metal,Apple M5 Pro,0
rtl_context_ltr_viewport,dense_novel_text,explicit_rows,121,42,12,38291,1555125,110875,Menlo,16,1,release,8,24,3,false,0,0,false,Metal,Apple M5 Pro,0
rtl_context_ltr_viewport,dense_novel_text,explicit_rows,121,42,13,38167,1543042,110250,Menlo,16,1,release,8,24,3,false,0,0,false,Metal,Apple M5 Pro,0
rtl_context_ltr_viewport,dense_novel_text,explicit_rows,121,42,14,38250,1519416,110875,Menlo,16,1,release,8,24,3,false,0,0,false,Metal,Apple M5 Pro,0
rtl_context_ltr_viewport,dense_novel_text,explicit_rows,121,42,15,38333,1513875,111708,Menlo,16,1,release,8,24,3,false,0,0,false,Metal,Apple M5 Pro,0
rtl_context_ltr_viewport,dense_novel_text,explicit_rows,121,42,16,38500,1525833,110959,Menlo,16,1,release,8,24,3,false,0,0,false,Metal,Apple M5 Pro,0
rtl_context_ltr_viewport,dense_novel_text,explicit_rows,121,42,17,38167,1552333,109208,Menlo,16,1,release,8,24,3,false,0,0,false,Metal,Apple M5 Pro,0
rtl_context_ltr_viewport,dense_novel_text,explicit_rows,121,42,18,41375,1514917,109042,Menlo,16,1,release,8,24,3,false,0,0,false,Metal,Apple M5 Pro,0
rtl_context_ltr_viewport,dense_novel_text,explicit_rows,121,42,19,38250,1528500,109958,Menlo,16,1,release,8,24,3,false,0,0,false,Metal,Apple M5 Pro,0
rtl_context_ltr_viewport,dense_novel_text,explicit_rows,121,42,20,38125,1516000,110875,Menlo,16,1,release,8,24,3,false,0,0,false,Metal,Apple M5 Pro,0
rtl_context_ltr_viewport,dense_novel_text,explicit_rows,121,42,21,38083,1531167,113125,Menlo,16,1,release,8,24,3,false,0,0,false,Metal,Apple M5 Pro,0
rtl_context_ltr_viewport,dense_novel_text,explicit_rows,121,42,22,38375,1547833,110167,Menlo,16,1,release,8,24,3,false,0,0,false,Metal,Apple M5 Pro,0
rtl_context_ltr_viewport,dense_novel_text,explicit_rows,121,42,23,38084,1537500,110125,Menlo,16,1,release,8,24,3,false,0,0,false,Metal,Apple M5 Pro,0
rtl_context_ltr_viewport,dense_novel_text,softwrap,121,42,0,61417,3373417,112208,Menlo,16,1,release,8,24,3,false,10472,0,false,Metal,Apple M5 Pro,0
rtl_context_ltr_viewport,dense_novel_text,softwrap,121,42,1,61875,3385375,112458,Menlo,16,1,release,8,24,3,false,10472,0,false,Metal,Apple M5 Pro,0
rtl_context_ltr_viewport,dense_novel_text,softwrap,121,42,2,61958,3384209,110875,Menlo,16,1,release,8,24,3,false,10472,0,false,Metal,Apple M5 Pro,0
rtl_context_ltr_viewport,dense_novel_text,softwrap,121,42,3,61834,3354708,112958,Menlo,16,1,release,8,24,3,false,10472,0,false,Metal,Apple M5 Pro,0
rtl_context_ltr_viewport,dense_novel_text,softwrap,121,42,4,61084,3424750,111375,Menlo,16,1,release,8,24,3,false,10472,0,false,Metal,Apple M5 Pro,0
rtl_context_ltr_viewport,dense_novel_text,softwrap,121,42,5,62833,3414709,118625,Menlo,16,1,release,8,24,3,false,10472,0,false,Metal,Apple M5 Pro,0
rtl_context_ltr_viewport,dense_novel_text,softwrap,121,42,6,62125,3427292,108375,Menlo,16,1,release,8,24,3,false,10472,0,false,Metal,Apple M5 Pro,0
rtl_context_ltr_viewport,dense_novel_text,softwrap,121,42,7,61584,3422917,112375,Menlo,16,1,release,8,24,3,false,10472,0,false,Metal,Apple M5 Pro,0
rtl_context_ltr_viewport,dense_novel_text,softwrap,121,42,8,61958,3411042,115458,Menlo,16,1,release,8,24,3,false,10472,0,false,Metal,Apple M5 Pro,0
rtl_context_ltr_viewport,dense_novel_text,softwrap,121,42,9,61375,3399792,114000,Menlo,16,1,release,8,24,3,false,10472,0,false,Metal,Apple M5 Pro,0
rtl_context_ltr_viewport,dense_novel_text,softwrap,121,42,10,62333,3384500,111375,Menlo,16,1,release,8,24,3,false,10472,0,false,Metal,Apple M5 Pro,0
rtl_context_ltr_viewport,dense_novel_text,softwrap,121,42,11,61167,3373708,110042,Menlo,16,1,release,8,24,3,false,10472,0,false,Metal,Apple M5 Pro,0
rtl_context_ltr_viewport,dense_novel_text,softwrap,121,42,12,62125,3417834,110584,Menlo,16,1,release,8,24,3,false,10472,0,false,Metal,Apple M5 Pro,0
rtl_context_ltr_viewport,dense_novel_text,softwrap,121,42,13,61666,3386292,111958,Menlo,16,1,release,8,24,3,false,10472,0,false,Metal,Apple M5 Pro,0
rtl_context_ltr_viewport,dense_novel_text,softwrap,121,42,14,60959,3385416,110500,Menlo,16,1,release,8,24,3,false,10472,0,false,Metal,Apple M5 Pro,0
rtl_context_ltr_viewport,dense_novel_text,softwrap,121,42,15,61791,3471292,110000,Menlo,16,1,release,8,24,3,false,10472,0,false,Metal,Apple M5 Pro,0
rtl_context_ltr_viewport,dense_novel_text,softwrap,121,42,16,61958,3368042,107666,Menlo,16,1,release,8,24,3,false,10472,0,false,Metal,Apple M5 Pro,0
rtl_context_ltr_viewport,dense_novel_text,softwrap,121,42,17,61333,3399209,113541,Menlo,16,1,release,8,24,3,false,10472,0,false,Metal,Apple M5 Pro,0
rtl_context_ltr_viewport,dense_novel_text,softwrap,121,42,18,61500,3360084,111375,Menlo,16,1,release,8,24,3,false,10472,0,false,Metal,Apple M5 Pro,0
rtl_context_ltr_viewport,dense_novel_text,softwrap,121,42,19,61875,3366708,109916,Menlo,16,1,release,8,24,3,false,10472,0,false,Metal,Apple M5 Pro,0
rtl_context_ltr_viewport,dense_novel_text,softwrap,121,42,20,61833,3395375,108458,Menlo,16,1,release,8,24,3,false,10472,0,false,Metal,Apple M5 Pro,0
rtl_context_ltr_viewport,dense_novel_text,softwrap,121,42,21,61750,3344542,109041,Menlo,16,1,release,8,24,3,false,10472,0,false,Metal,Apple M5 Pro,0
rtl_context_ltr_viewport,dense_novel_text,softwrap,121,42,22,61583,3366958,112291,Menlo,16,1,release,8,24,3,false,10472,0,false,Metal,Apple M5 Pro,0
rtl_context_ltr_viewport,dense_novel_text,softwrap,121,42,23,62333,3425458,113917,Menlo,16,1,release,8,24,3,false,10472,0,false,Metal,Apple M5 Pro,0
