script,update_mode,wrapping,cols,rows,sample,conversion_ns,shaping_ns,prepare_ns,font,font_size,scale,profile,warmups,samples,source_screens,parser_inside_timing,bidi_prefix_bytes,bidi_suffix_bytes,bidi_context_truncated,backend,adapter,display_offset
latin_accents,sparse_novel_counter,explicit_rows,40,12,0,3917,17125,1041,Menlo,16,1,release,8,24,3,false,0,0,false,Metal,Apple M5 Pro,0
latin_accents,sparse_novel_counter,explicit_rows,40,12,1,4000,19208,1042,Menlo,16,1,release,8,24,3,false,0,0,false,Metal,Apple M5 Pro,0
latin_accents,sparse_novel_counter,explicit_rows,40,12,2,4000,18792,1041,Menlo,16,1,release,8,24,3,false,0,0,false,Metal,Apple M5 Pro,0
latin_accents,sparse_novel_counter,explicit_rows,40,12,3,3958,18000,1042,Menlo,16,1,release,8,24,3,false,0,0,false,Metal,Apple M5 Pro,0
latin_accents,sparse_novel_counter,explicit_rows,40,12,4,3916,18208,1042,Menlo,16,1,release,8,24,3,false,0,0,false,Metal,Apple M5 Pro,0
latin_accents,sparse_novel_counter,explicit_rows,40,12,5,4000,19209,1042,Menlo,16,1,release,8,24,3,false,0,0,false,Metal,Apple M5 Pro,0
latin_accents,sparse_novel_counter,explicit_rows,40,12,6,3958,17708,1042,Menlo,16,1,release,8,24,3,false,0,0,false,Metal,Apple M5 Pro,0
latin_accents,sparse_novel_counter,explicit_rows,40,12,7,3958,17750,1042,Menlo,16,1,release,8,24,3,false,0,0,false,Metal,Apple M5 Pro,0
latin_accents,sparse_novel_counter,explicit_rows,40,12,8,3917,17958,1000,Menlo,16,1,release,8,24,3,false,0,0,false,Metal,Apple M5 Pro,0
latin_accents,sparse_novel_counter,explicit_rows,40,12,9,3875,25708,1000,Menlo,16,1,release,8,24,3,false,0,0,false,Metal,Apple M5 Pro,0
latin_accents,sparse_novel_counter,explicit_rows,40,12,10,3875,17750,1042,Menlo,16,1,release,8,24,3,false,0,0,false,Metal,Apple M5 Pro,0
latin_accents,sparse_novel_counter,explicit_rows,40,12,11,3917,17875,1041,Menlo,16,1,release,8,24,3,false,0,0,false,Metal,Apple M5 Pro,0
latin_accents,sparse_novel_counter,explicit_rows,40,12,12,3917,17583,1041,Menlo,16,1,release,8,24,3,false,0,0,false,Metal,Apple M5 Pro,0
latin_accents,sparse_novel_counter,explicit_rows,40,12,13,3917,18667,1041,Menlo,16,1,release,8,24,3,false,0,0,false,Metal,Apple M5 Pro,0
latin_accents,sparse_novel_counter,explicit_rows,40,12,14,3958,18584,1042,Menlo,16,1,release,8,24,3,false,0,0,false,Metal,Apple M5 Pro,0
latin_accents,sparse_novel_counter,explicit_rows,40,12,15,3875,17791,1042,Menlo,16,1,release,8,24,3,false,0,0,false,Metal,Apple M5 Pro,0
latin_accents,sparse_novel_counter,explicit_rows,40,12,16,3917,17459,1000,Menlo,16,1,release,8,24,3,false,0,0,false,Metal,Apple M5 Pro,0
latin_accents,sparse_novel_counter,explicit_rows,40,12,17,3916,18459,1000,Menlo,16,1,release,8,24,3,false,0,0,false,Metal,Apple M5 Pro,0
latin_accents,sparse_novel_counter,explicit_rows,40,12,18,3916,17792,1042,Menlo,16,1,release,8,24,3,false,0,0,false,Metal,Apple M5 Pro,0
latin_accents,sparse_novel_counter,explicit_rows,40,12,19,3875,17584,1000,Menlo,16,1,release,8,24,3,false,0,0,false,Metal,Apple M5 Pro,0
latin_accents,sparse_novel_counter,explicit_rows,40,12,20,3916,17667,1000,Menlo,16,1,release,8,24,3,false,0,0,false,Metal,Apple M5 Pro,0
latin_accents,sparse_novel_counter,explicit_rows,40,12,21,3917,18416,1042,Menlo,16,1,release,8,24,3,false,0,0,false,Metal,Apple M5 Pro,0
latin_accents,sparse_novel_counter,explicit_rows,40,12,22,3917,17791,1042,Menlo,16,1,release,8,24,3,false,0,0,false,Metal,Apple M5 Pro,0
latin_accents,sparse_novel_counter,explicit_rows,40,12,23,3875,17625,1000,Menlo,16,1,release,8,24,3,false,0,0,false,Metal,Apple M5 Pro,0
latin_accents,sparse_novel_counter,softwrap,40,12,0,8334,314250,33041,Menlo,16,1,release,8,24,3,false,1178,0,false,Metal,Apple M5 Pro,0
latin_accents,sparse_novel_counter,softwrap,40,12,1,7750,326084,10083,Menlo,16,1,release,8,24,3,false,1178,0,false,Metal,Apple M5 Pro,0
latin_accents,sparse_novel_counter,softwrap,40,12,2,7375,317708,10084,Menlo,16,1,release,8,24,3,false,1178,0,false,Metal,Apple M5 Pro,0
latin_accents,sparse_novel_counter,softwrap,40,12,3,8333,300959,10167,Menlo,16,1,release,8,24,3,false,1178,0,false,Metal,Apple M5 Pro,0
latin_accents,sparse_novel_counter,softwrap,40,12,4,7000,302917,10125,Menlo,16,1,release,8,24,3,false,1178,0,false,Metal,Apple M5 Pro,0
latin_accents,sparse_novel_counter,softwrap,40,12,5,7167,304250,10167,Menlo,16,1,release,8,24,3,false,1178,0,false,Metal,Apple M5 Pro,0
latin_accents,sparse_novel_counter,softwrap,40,12,6,7125,321083,10125,Menlo,16,1,release,8,24,3,false,1178,0,false,Metal,Apple M5 Pro,0
latin_accents,sparse_novel_counter,softwrap,40,12,7,7125,300291,10083,Menlo,16,1,release,8,24,3,false,1178,0,false,Metal,Apple M5 Pro,0
latin_accents,sparse_novel_counter,softwrap,40,12,8,7084,302125,10083,Menlo,16,1,release,8,24,3,false,1178,0,false,Metal,Apple M5 Pro,0
latin_accents,sparse_novel_counter,softwrap,40,12,9,7292,301667,10084,Menlo,16,1,release,8,24,3,false,1178,0,false,Metal,Apple M5 Pro,0
latin_accents,sparse_novel_counter,softwrap,40,12,10,7083,304000,10042,Menlo,16,1,release,8,24,3,false,1178,0,false,Metal,Apple M5 Pro,0
latin_accents,sparse_novel_counter,softwrap,40,12,11,7125,303750,10125,Menlo,16,1,release,8,24,3,false,1178,0,false,Metal,Apple M5 Pro,0
latin_accents,sparse_novel_counter,softwrap,40,12,12,6958,300208,10167,Menlo,16,1,release,8,24,3,false,1178,0,false,Metal,Apple M5 Pro,0
latin_accents,sparse_novel_counter,softwrap,40,12,13,7083,304583,10250,Menlo,16,1,release,8,24,3,false,1178,0,false,Metal,Apple M5 Pro,0
latin_accents,sparse_novel_counter,softwrap,40,12,14,7083,299583,10041,Menlo,16,1,release,8,24,3,false,1178,0,false,Metal,Apple M5 Pro,0
latin_accents,sparse_novel_counter,softwrap,40,12,15,7084,304416,10084,Menlo,16,1,release,8,24,3,false,1178,0,false,Metal,Apple M5 Pro,0
latin_accents,sparse_novel_counter,softwrap,40,12,16,7084,302250,10084,Menlo,16,1,release,8,24,3,false,1178,0,false,Metal,Apple M5 Pro,0
latin_accents,sparse_novel_counter,softwrap,40,12,17,7041,296750,10125,Menlo,16,1,release,8,24,3,false,1178,0,false,Metal,Apple M5 Pro,0
latin_accents,sparse_novel_counter,softwrap,40,12,18,7042,296375,10083,Menlo,16,1,release,8,24,3,false,1178,0,false,Metal,Apple M5 Pro,0
latin_accents,sparse_novel_counter,softwrap,40,12,19,6959,296792,10042,Menlo,16,1,release,8,24,3,false,1178,0,false,Metal,Apple M5 Pro,0
latin_accents,sparse_novel_counter,softwrap,40,12,20,6917,297875,10167,Menlo,16,1,release,8,24,3,false,1178,0,false,Metal,Apple M5 Pro,0
latin_accents,sparse_novel_counter,softwrap,40,12,21,7083,300833,9959,Menlo,16,1,release,8,24,3,false,1178,0,false,Metal,Apple M5 Pro,0
latin_accents,sparse_novel_counter,softwrap,40,12,22,7125,299333,10042,Menlo,16,1,release,8,24,3,false,1178,0,false,Metal,Apple M5 Pro,0
latin_accents,sparse_novel_counter,softwrap,40,12,23,7042,297417,10083,Menlo,16,1,release,8,24,3,false,1178,0,false,Metal,Apple M5 Pro,0
latin_accents,scroll_cycle,explicit_rows,40,12,0,3917,4000,11583,Menlo,16,1,release,8,24,3,false,0,0,false,Metal,Apple M5 Pro,3
latin_accents,scroll_cycle,explicit_rows,40,12,1,4042,4125,11791,Menlo,16,1,release,8,24,3,false,0,0,false,Metal,Apple M5 Pro,6
latin_accents,scroll_cycle,explicit_rows,40,12,2,3917,4041,11792,Menlo,16,1,release,8,24,3,false,0,0,false,Metal,Apple M5 Pro,9
latin_accents,scroll_cycle,explicit_rows,40,12,3,3958,4167,11792,Menlo,16,1,release,8,24,3,false,0,0,false,Metal,Apple M5 Pro,12
latin_accents,scroll_cycle,explicit_rows,40,12,4,3958,4000,11542,Menlo,16,1,release,8,24,3,false,0,0,false,Metal,Apple M5 Pro,9
latin_accents,scroll_cycle,explicit_rows,40,12,5,3875,4000,11541,Menlo,16,1,release,8,24,3,false,0,0,false,Metal,Apple M5 Pro,6
latin_accents,scroll_cycle,explicit_rows,40,12,6,3917,4000,11208,Menlo,16,1,release,8,24,3,false,0,0,false,Metal,Apple M5 Pro,3
latin_accents,scroll_cycle,explicit_rows,40,12,7,3958,4042,11000,Menlo,16,1,release,8,24,3,false,0,0,false,Metal,Apple M5 Pro,0
latin_accents,scroll_cycle,explicit_rows,40,12,8,3959,4042,11083,Menlo,16,1,release,8,24,3,false,0,0,false,Metal,Apple M5 Pro,3
latin_accents,scroll_cycle,explicit_rows,40,12,9,3916,4042,11166,Menlo,16,1,release,8,24,3,false,0,0,false,Metal,Apple M5 Pro,6
latin_accents,scroll_cycle,explicit_rows,40,12,10,3875,4042,11167,Menlo,16,1,release,8,24,3,false,0,0,false,Metal,Apple M5 Pro,9
latin_accents,scroll_cycle,explicit_rows,40,12,11,3959,3959,11167,Menlo,16,1,release,8,24,3,false,0,0,false,Metal,Apple M5 Pro,12
latin_accents,scroll_cycle,explicit_rows,40,12,12,3875,3916,11167,Menlo,16,1,release,8,24,3,false,0,0,false,Metal,Apple M5 Pro,9
latin_accents,scroll_cycle,explicit_rows,40,12,13,3875,3875,11084,Menlo,16,1,release,8,24,3,false,0,0,false,Metal,Apple M5 Pro,6
latin_accents,scroll_cycle,explicit_rows,40,12,14,3917,3875,11042,Menlo,16,1,release,8,24,3,false,0,0,false,Metal,Apple M5 Pro,3
latin_accents,scroll_cycle,explicit_rows,40,12,15,3875,3917,11125,Menlo,16,1,release,8,24,3,false,0,0,false,Metal,Apple M5 Pro,0
latin_accents,scroll_cycle,explicit_rows,40,12,16,3833,3875,11125,Menlo,16,1,release,8,24,3,false,0,0,false,Metal,Apple M5 Pro,3
latin_accents,scroll_cycle,explicit_rows,40,12,17,3875,3875,11083,Menlo,16,1,release,8,24,3,false,0,0,false,Metal,Apple M5 Pro,6
latin_accents,scroll_cycle,explicit_rows,40,12,18,3875,3917,11375,Menlo,16,1,release,8,24,3,false,0,0,false,Metal,Apple M5 Pro,9
latin_accents,scroll_cycle,explicit_rows,40,12,19,3875,3917,11083,Menlo,16,1,release,8,24,3,false,0,0,false,Metal,Apple M5 Pro,12
latin_accents,scroll_cycle,explicit_rows,40,12,20,3916,3917,11125,Menlo,16,1,release,8,24,3,false,0,0,false,Metal,Apple M5 Pro,9
latin_accents,scroll_cycle,explicit_rows,40,12,21,3917,3917,11375,Menlo,16,1,release,8,24,3,false,0,0,false,Metal,Apple M5 Pro,6
latin_accents,scroll_cycle,explicit_rows,40,12,22,3917,3958,11459,Menlo,16,1,release,8,24,3,false,0,0,false,Metal,Apple M5 Pro,3
latin_accents,scroll_cycle,explicit_rows,40,12,23,3917,3875,11084,Menlo,16,1,release,8,24,3,false,0,0,false,Metal,Apple M5 Pro,0
latin_accents,scroll_cycle,softwrap,40,12,0,7291,4208,10917,Menlo,16,1,release,8,24,3,false,1040,133,false,Metal,Apple M5 Pro,3
latin_accents,scroll_cycle,softwrap,40,12,1,7417,4333,10917,Menlo,16,1,release,8,24,3,false,905,268,false,Metal,Apple M5 Pro,6
latin_accents,scroll_cycle,softwrap,40,12,2,7292,4125,10459,Menlo,16,1,release,8,24,3,false,770,403,false,Metal,Apple M5 Pro,9
latin_accents,scroll_cycle,softwrap,40,12,3,7375,4250,10375,Menlo,16,1,release,8,24,3,false,634,538,false,Metal,Apple M5 Pro,12
latin_accents,scroll_cycle,softwrap,40,12,4,7125,4167,10500,Menlo,16,1,release,8,24,3,false,770,403,false,Metal,Apple M5 Pro,9
latin_accents,scroll_cycle,softwrap,40,12,5,7083,4167,10417,Menlo,16,1,release,8,24,3,false,905,268,false,Metal,Apple M5 Pro,6
latin_accents,scroll_cycle,softwrap,40,12,6,7167,4167,10500,Menlo,16,1,release,8,24,3,false,1040,133,false,Metal,Apple M5 Pro,3
latin_accents,scroll_cycle,softwrap,40,12,7,7167,4250,10167,Menlo,16,1,release,8,24,3,false,1178,0,false,Metal,Apple M5 Pro,0
latin_accents,scroll_cycle,softwrap,40,12,8,7042,4208,11208,Menlo,16,1,release,8,24,3,false,1040,133,false,Metal,Apple M5 Pro,3
latin_accents,scroll_cycle,softwrap,40,12,9,7042,4125,11083,Menlo,16,1,release,8,24,3,false,905,268,false,Metal,Apple M5 Pro,6
latin_accents,scroll_cycle,softwrap,40,12,10,7000,4208,10875,Menlo,16,1,release,8,24,3,false,770,403,false,Metal,Apple M5 Pro,9
latin_accents,scroll_cycle,softwrap,40,12,11,7125,4166,11042,Menlo,16,1,release,8,24,3,false,634,538,false,Metal,Apple M5 Pro,12
latin_accents,scroll_cycle,softwrap,40,12,12,6875,4125,10875,Menlo,16,1,release,8,24,3,false,770,403,false,Metal,Apple M5 Pro,9
latin_accents,scroll_cycle,softwrap,40,12,13,7000,4083,11083,Menlo,16,1,release,8,24,3,false,905,268,false,Metal,Apple M5 Pro,6
latin_accents,scroll_cycle,softwrap,40,12,14,6958,4125,10917,Menlo,16,1,release,8,24,3,false,1040,133,false,Metal,Apple M5 Pro,3
latin_accents,scroll_cycle,softwrap,40,12,15,6958,4208,9917,Menlo,16,1,release,8,24,3,false,1178,0,false,Metal,Apple M5 Pro,0
latin_accents,scroll_cycle,softwrap,40,12,16,6959,4167,10541,Menlo,16,1,release,8,24,3,false,1040,133,false,Metal,Apple M5 Pro,3
latin_accents,scroll_cycle,softwrap,40,12,17,7000,4208,10500,Menlo,16,1,release,8,24,3,false,905,268,false,Metal,Apple M5 Pro,6
latin_accents,scroll_cycle,softwrap,40,12,18,7000,4125,10625,Menlo,16,1,release,8,24,3,false,770,403,false,Metal,Apple M5 Pro,9
latin_accents,scroll_cycle,softwrap,40,12,19,8333,4208,10667,Menlo,16,1,release,8,24,3,false,634,538,false,Metal,Apple M5 Pro,12
latin_accents,scroll_cycle,softwrap,40,12,20,7125,4125,10542,Menlo,16,1,release,8,24,3,false,770,403,false,Metal,Apple M5 Pro,9
latin_accents,scroll_cycle,softwrap,40,12,21,7125,4208,10542,Menlo,16,1,release,8,24,3,false,905,268,false,Metal,Apple M5 Pro,6
latin_accents,scroll_cycle,softwrap,40,12,22,7084,4125,10583,Menlo,16,1,release,8,24,3,false,1040,133,false,Metal,Apple M5 Pro,3
latin_accents,scroll_cycle,softwrap,40,12,23,6916,4209,9625,Menlo,16,1,release,8,24,3,false,1178,0,false,Metal,Apple M5 Pro,0
latin_accents,dense_novel_text,explicit_rows,40,12,0,4000,154584,10666,Menlo,16,1,release,8,24,3,false,0,0,false,Metal,Apple M5 Pro,0
latin_accents,dense_novel_text,explicit_rows,40,12,1,3958,187209,10709,Menlo,16,1,release,8,24,3,false,0,0,false,Metal,Apple M5 Pro,0
latin_accents,dense_novel_text,explicit_rows,40,12,2,3917,155500,10625,Menlo,16,1,release,8,24,3,false,0,0,false,Metal,Apple M5 Pro,0
latin_accents,dense_novel_text,explicit_rows,40,12,3,3917,156541,10667,Menlo,16,1,release,8,24,3,false,0,0,false,Metal,Apple M5 Pro,0
latin_accents,dense_novel_text,explicit_rows,40,12,4,3917,156708,10500,Menlo,16,1,release,8,24,3,false,0,0,false,Metal,Apple M5 Pro,0
latin_accents,dense_novel_text,explicit_rows,40,12,5,3917,156042,10541,Menlo,16,1,release,8,24,3,false,0,0,false,Metal,Apple M5 Pro,0
latin_accents,dense_novel_text,explicit_rows,40,12,6,3917,167750,10542,Menlo,16,1,release,8,24,3,false,0,0,false,Metal,Apple M5 Pro,0
latin_accents,dense_novel_text,explicit_rows,40,12,7,3958,155916,10584,Menlo,16,1,release,8,24,3,false,0,0,false,Metal,Apple M5 Pro,0
latin_accents,dense_novel_text,explicit_rows,40,12,8,4041,155125,10625,Menlo,16,1,release,8,24,3,false,0,0,false,Metal,Apple M5 Pro,0
latin_accents,dense_novel_text,explicit_rows,40,12,9,3958,155834,10584,Menlo,16,1,release,8,24,3,false,0,0,false,Metal,Apple M5 Pro,0
latin_accents,dense_novel_text,explicit_rows,40,12,10,3917,213625,10542,Menlo,16,1,release,8,24,3,false,0,0,false,Metal,Apple M5 Pro,0
latin_accents,dense_novel_text,explicit_rows,40,12,11,3875,155916,10500,Menlo,16,1,release,8,24,3,false,0,0,false,Metal,Apple M5 Pro,0
latin_accents,dense_novel_text,explicit_rows,40,12,12,4583,186833,11000,Menlo,16,1,release,8,24,3,false,0,0,false,Metal,Apple M5 Pro,0
latin_accents,dense_novel_text,explicit_rows,40,12,13,4125,166208,11459,Menlo,16,1,release,8,24,3,false,0,0,false,Metal,Apple M5 Pro,0
latin_accents,dense_novel_text,explicit_rows,40,12,14,3958,161000,11208,Menlo,16,1,release,8,24,3,false,0,0,false,Metal,Apple M5 Pro,0
latin_accents,dense_novel_text,explicit_rows,40,12,15,3917,185416,11042,Menlo,16,1,release,8,24,3,false,0,0,false,Metal,Apple M5 Pro,0
latin_accents,dense_novel_text,explicit_rows,40,12,16,3958,159375,10583,Menlo,16,1,release,8,24,3,false,0,0,false,Metal,Apple M5 Pro,0
latin_accents,dense_novel_text,explicit_rows,40,12,17,4000,159834,10583,Menlo,16,1,release,8,24,3,false,0,0,false,Metal,Apple M5 Pro,0
latin_accents,dense_novel_text,explicit_rows,40,12,18,3875,175292,10750,Menlo,16,1,release,8,24,3,false,0,0,false,Metal,Apple M5 Pro,0
latin_accents,dense_novel_text,explicit_rows,40,12,19,3875,167500,10583,Menlo,16,1,release,8,24,3,false,0,0,false,Metal,Apple M5 Pro,0
latin_accents,dense_novel_text,explicit_rows,40,12,20,3916,158667,10583,Menlo,16,1,release,8,24,3,false,0,0,false,Metal,Apple M5 Pro,0
latin_accents,dense_novel_text,explicit_rows,40,12,21,4000,158834,13041,Menlo,16,1,release,8,24,3,false,0,0,false,Metal,Apple M5 Pro,0
latin_accents,dense_novel_text,explicit_rows,40,12,22,5000,158958,10542,Menlo,16,1,release,8,24,3,false,0,0,false,Metal,Apple M5 Pro,0
latin_accents,dense_novel_text,explicit_rows,40,12,23,3916,157125,10542,Menlo,16,1,release,8,24,3,false,0,0,false,Metal,Apple M5 Pro,0
latin_accents,dense_novel_text,softwrap,40,12,0,6875,295250,21250,Menlo,16,1,release,8,24,3,false,1178,0,false,Metal,Apple M5 Pro,0
latin_accents,dense_novel_text,softwrap,40,12,1,6875,296209,10416,Menlo,16,1,release,8,24,3,false,1178,0,false,Metal,Apple M5 Pro,0
latin_accents,dense_novel_text,softwrap,40,12,2,7000,293875,10375,Menlo,16,1,release,8,24,3,false,1178,0,false,Metal,Apple M5 Pro,0
latin_accents,dense_novel_text,softwrap,40,12,3,6917,294917,10291,Menlo,16,1,release,8,24,3,false,1178,0,false,Metal,Apple M5 Pro,0
latin_accents,dense_novel_text,softwrap,40,12,4,6875,295167,10375,Menlo,16,1,release,8,24,3,false,1178,0,false,Metal,Apple M5 Pro,0
latin_accents,dense_novel_text,softwrap,40,12,5,6834,294125,10375,Menlo,16,1,release,8,24,3,false,1178,0,false,Metal,Apple M5 Pro,0
latin_accents,dense_novel_text,softwrap,40,12,6,6792,314791,10417,Menlo,16,1,release,8,24,3,false,1178,0,false,Metal,Apple M5 Pro,0
latin_accents,dense_novel_text,softwrap,40,12,7,6833,292750,10333,Menlo,16,1,release,8,24,3,false,1178,0,false,Metal,Apple M5 Pro,0
latin_accents,dense_novel_text,softwrap,40,12,8,6875,295375,10542,Menlo,16,1,release,8,24,3,false,1178,0,false,Metal,Apple M5 Pro,0
latin_accents,dense_novel_text,softwrap,40,12,9,6917,292750,10459,Menlo,16,1,release,8,24,3,false,1178,0,false,Metal,Apple M5 Pro,0
latin_accents,dense_novel_text,softwrap,40,12,10,6917,328500,10875,Menlo,16,1,release,8,24,3,false,1178,0,false,Metal,Apple M5 Pro,0
latin_accents,dense_novel_text,softwrap,40,12,11,8250,300333,10375,Menlo,16,1,release,8,24,3,false,1178,0,false,Metal,Apple M5 Pro,0
latin_accents,dense_novel_text,softwrap,40,12,12,7542,295375,10333,Menlo,16,1,release,8,24,3,false,1178,0,false,Metal,Apple M5 Pro,0
latin_accents,dense_novel_text,softwrap,40,12,13,7000,297042,10209,Menlo,16,1,release,8,24,3,false,1178,0,false,Metal,Apple M5 Pro,0
latin_accents,dense_novel_text,softwrap,40,12,14,6833,297375,10166,Menlo,16,1,release,8,24,3,false,1178,0,false,Metal,Apple M5 Pro,0
latin_accents,dense_novel_text,softwrap,40,12,15,6875,295791,10250,Menlo,16,1,release,8,24,3,false,1178,0,false,Metal,Apple M5 Pro,0
latin_accents,dense_novel_text,softwrap,40,12,16,6708,295875,10209,Menlo,16,1,release,8,24,3,false,1178,0,false,Metal,Apple M5 Pro,0
latin_accents,dense_novel_text,softwrap,40,12,17,6667,298667,10250,Menlo,16,1,release,8,24,3,false,1178,0,false,Metal,Apple M5 Pro,0
latin_accents,dense_novel_text,softwrap,40,12,18,6583,295542,10292,Menlo,16,1,release,8,24,3,false,1178,0,false,Metal,Apple M5 Pro,0
latin_accents,dense_novel_text,softwrap,40,12,19,6666,295042,10375,Menlo,16,1,release,8,24,3,false,1178,0,false,Metal,Apple M5 Pro,0
latin_accents,dense_novel_text,softwrap,40,12,20,6625,299334,10167,Menlo,16,1,release,8,24,3,false,1178,0,false,Metal,Apple M5 Pro,0
latin_accents,dense_novel_text,softwrap,40,12,21,17292,300334,10167,Menlo,16,1,release,8,24,3,false,1178,0,false,Metal,Apple M5 Pro,0
latin_accents,dense_novel_text,softwrap,40,12,22,6875,296041,10250,Menlo,16,1,release,8,24,3,false,1178,0,false,Metal,Apple M5 Pro,0
latin_accents,dense_novel_text,softwrap,40,12,23,6625,297041,10375,Menlo,16,1,release,8,24,3,false,1178,0,false,Metal,Apple M5 Pro,0
cyrillic,sparse_novel_counter,explicit_rows,40,12,0,3667,16083,875,Menlo,16,1,release,8,24,3,false,0,0,false,Metal,Apple M5 Pro,0
cyrillic,sparse_novel_counter,explicit_rows,40,12,1,3708,17625,959,Menlo,16,1,release,8,24,3,false,0,0,false,Metal,Apple M5 Pro,0
cyrillic,sparse_novel_counter,explicit_rows,40,12,2,3709,16583,917,Menlo,16,1,release,8,24,3,false,0,0,false,Metal,Apple M5 Pro,0
cyrillic,sparse_novel_counter,explicit_rows,40,12,3,3667,16916,917,Menlo,16,1,release,8,24,3,false,0,0,false,Metal,Apple M5 Pro,0
cyrillic,sparse_novel_counter,explicit_rows,40,12,4,3667,16416,917,Menlo,16,1,release,8,24,3,false,0,0,false,Metal,Apple M5 Pro,0
cyrillic,sparse_novel_counter,explicit_rows,40,12,5,3666,17000,875,Menlo,16,1,release,8,24,3,false,0,0,false,Metal,Apple M5 Pro,0
cyrillic,sparse_novel_counter,explicit_rows,40,12,6,3667,16333,917,Menlo,16,1,release,8,24,3,false,0,0,false,Metal,Apple M5 Pro,0
cyrillic,sparse_novel_counter,explicit_rows,40,12,7,3667,16334,916,Menlo,16,1,release,8,24,3,false,0,0,false,Metal,Apple M5 Pro,0
cyrillic,sparse_novel_counter,explicit_rows,40,12,8,3667,16666,917,Menlo,16,1,release,8,24,3,false,0,0,false,Metal,Apple M5 Pro,0
cyrillic,sparse_novel_counter,explicit_rows,40,12,9,3708,23750,917,Menlo,16,1,release,8,24,3,false,0,0,false,Metal,Apple M5 Pro,0
cyrillic,sparse_novel_counter,explicit_rows,40,12,10,3625,16666,917,Menlo,16,1,release,8,24,3,false,0,0,false,Metal,Apple M5 Pro,0
cyrillic,sparse_novel_counter,explicit_rows,40,12,11,3666,16959,834,Menlo,16,1,release,8,24,3,false,0,0,false,Metal,Apple M5 Pro,0
cyrillic,sparse_novel_counter,explicit_rows,40,12,12,3667,16833,875,Menlo,16,1,release,8,24,3,false,0,0,false,Metal,Apple M5 Pro,0
cyrillic,sparse_novel_counter,explicit_rows,40,12,13,3875,16917,917,Menlo,16,1,release,8,24,3,false,0,0,false,Metal,Apple M5 Pro,0
cyrillic,sparse_novel_counter,explicit_rows,40,12,14,3666,16875,917,Menlo,16,1,release,8,24,3,false,0,0,false,Metal,Apple M5 Pro,0
cyrillic,sparse_novel_counter,explicit_rows,40,12,15,3625,16625,875,Menlo,16,1,release,8,24,3,false,0,0,false,Metal,Apple M5 Pro,0
cyrillic,sparse_novel_counter,explicit_rows,40,12,16,3667,16708,917,Menlo,16,1,release,8,24,3,false,0,0,false,Metal,Apple M5 Pro,0
cyrillic,sparse_novel_counter,explicit_rows,40,12,17,3625,16667,916,Menlo,16,1,release,8,24,3,false,0,0,false,Metal,Apple M5 Pro,0
cyrillic,sparse_novel_counter,explicit_rows,40,12,18,3667,16292,917,Menlo,16,1,release,8,24,3,false,0,0,false,Metal,Apple M5 Pro,0
cyrillic,sparse_novel_counter,explicit_rows,40,12,19,3667,16292,916,Menlo,16,1,release,8,24,3,false,0,0,false,Metal,Apple M5 Pro,0
cyrillic,sparse_novel_counter,explicit_rows,40,12,20,3666,16709,875,Menlo,16,1,release,8,24,3,false,0,0,false,Metal,Apple M5 Pro,0
cyrillic,sparse_novel_counter,explicit_rows,40,12,21,3666,17167,875,Menlo,16,1,release,8,24,3,false,0,0,false,Metal,Apple M5 Pro,0
cyrillic,sparse_novel_counter,explicit_rows,40,12,22,3667,16208,875,Menlo,16,1,release,8,24,3,false,0,0,false,Metal,Apple M5 Pro,0
cyrillic,sparse_novel_counter,explicit_rows,40,12,23,3625,16208,1000,Menlo,16,1,release,8,24,3,false,0,0,false,Metal,Apple M5 Pro,0
cyrillic,sparse_novel_counter,softwrap,40,12,0,7333,288541,9583,Menlo,16,1,release,8,24,3,false,1702,0,false,Metal,Apple M5 Pro,0
cyrillic,sparse_novel_counter,softwrap,40,12,1,7166,281750,9542,Menlo,16,1,release,8,24,3,false,1702,0,false,Metal,Apple M5 Pro,0
cyrillic,sparse_novel_counter,softwrap,40,12,2,7083,285625,9625,Menlo,16,1,release,8,24,3,false,1702,0,false,Metal,Apple M5 Pro,0
cyrillic,sparse_novel_counter,softwrap,40,12,3,7083,279000,9583,Menlo,16,1,release,8,24,3,false,1702,0,false,Metal,Apple M5 Pro,0
cyrillic,sparse_novel_counter,softwrap,40,12,4,7083,279042,9541,Menlo,16,1,release,8,24,3,false,1702,0,false,Metal,Apple M5 Pro,0
cyrillic,sparse_novel_counter,softwrap,40,12,5,7042,280833,9500,Menlo,16,1,release,8,24,3,false,1702,0,false,Metal,Apple M5 Pro,0
cyrillic,sparse_novel_counter,softwrap,40,12,6,7084,303375,9542,Menlo,16,1,release,8,24,3,false,1702,0,false,Metal,Apple M5 Pro,0
cyrillic,sparse_novel_counter,softwrap,40,12,7,7167,280542,9500,Menlo,16,1,release,8,24,3,false,1702,0,false,Metal,Apple M5 Pro,0
cyrillic,sparse_novel_counter,softwrap,40,12,8,7083,280083,9542,Menlo,16,1,release,8,24,3,false,1702,0,false,Metal,Apple M5 Pro,0
cyrillic,sparse_novel_counter,softwrap,40,12,9,7041,285833,9542,Menlo,16,1,release,8,24,3,false,1702,0,false,Metal,Apple M5 Pro,0
cyrillic,sparse_novel_counter,softwrap,40,12,10,7041,281875,9542,Menlo,16,1,release,8,24,3,false,1702,0,false,Metal,Apple M5 Pro,0
cyrillic,sparse_novel_counter,softwrap,40,12,11,7041,279750,9625,Menlo,16,1,release,8,24,3,false,1702,0,false,Metal,Apple M5 Pro,0
cyrillic,sparse_novel_counter,softwrap,40,12,12,7125,284750,9584,Menlo,16,1,release,8,24,3,false,1702,0,false,Metal,Apple M5 Pro,0
cyrillic,sparse_novel_counter,softwrap,40,12,13,7083,286000,9625,Menlo,16,1,release,8,24,3,false,1702,0,false,Metal,Apple M5 Pro,0
cyrillic,sparse_novel_counter,softwrap,40,12,14,7125,281042,9541,Menlo,16,1,release,8,24,3,false,1702,0,false,Metal,Apple M5 Pro,0
cyrillic,sparse_novel_counter,softwrap,40,12,15,7125,281500,9542,Menlo,16,1,release,8,24,3,false,1702,0,false,Metal,Apple M5 Pro,0
cyrillic,sparse_novel_counter,softwrap,40,12,16,7042,285542,9542,Menlo,16,1,release,8,24,3,false,1702,0,false,Metal,Apple M5 Pro,0
cyrillic,sparse_novel_counter,softwrap,40,12,17,7167,284542,9542,Menlo,16,1,release,8,24,3,false,1702,0,false,Metal,Apple M5 Pro,0
cyrillic,sparse_novel_counter,softwrap,40,12,18,7000,285250,9583,Menlo,16,1,release,8,24,3,false,1702,0,false,Metal,Apple M5 Pro,0
cyrillic,sparse_novel_counter,softwrap,40,12,19,7083,281416,9542,Menlo,16,1,release,8,24,3,false,1702,0,false,Metal,Apple M5 Pro,0
cyrillic,sparse_novel_counter,softwrap,40,12,20,7125,281708,9625,Menlo,16,1,release,8,24,3,false,1702,0,false,Metal,Apple M5 Pro,0
cyrillic,sparse_novel_counter,softwrap,40,12,21,7167,292042,9708,Menlo,16,1,release,8,24,3,false,1702,0,false,Metal,Apple M5 Pro,0
cyrillic,sparse_novel_counter,softwrap,40,12,22,7041,295667,9625,Menlo,16,1,release,8,24,3,false,1702,0,false,Metal,Apple M5 Pro,0
cyrillic,sparse_novel_counter,softwrap,40,12,23,7000,280708,9500,Menlo,16,1,release,8,24,3,false,1702,0,false,Metal,Apple M5 Pro,0
cyrillic,scroll_cycle,explicit_rows,40,12,0,3666,4000,9459,Menlo,16,1,release,8,24,3,false,0,0,false,Metal,Apple M5 Pro,3
cyrillic,scroll_cycle,explicit_rows,40,12,1,3708,4333,9375,Menlo,16,1,release,8,24,3,false,0,0,false,Metal,Apple M5 Pro,6
cyrillic,scroll_cycle,explicit_rows,40,12,2,3667,4292,9292,Menlo,16,1,release,8,24,3,false,0,0,false,Metal,Apple M5 Pro,9
cyrillic,scroll_cycle,explicit_rows,40,12,3,3667,4416,9167,Menlo,16,1,release,8,24,3,false,0,0,false,Metal,Apple M5 Pro,12
cyrillic,scroll_cycle,explicit_rows,40,12,4,3667,4250,9250,Menlo,16,1,release,8,24,3,false,0,0,false,Metal,Apple M5 Pro,9
cyrillic,scroll_cycle,explicit_rows,40,12,5,3625,4292,9166,Menlo,16,1,release,8,24,3,false,0,0,false,Metal,Apple M5 Pro,6
cyrillic,scroll_cycle,explicit_rows,40,12,6,3667,4292,9417,Menlo,16,1,release,8,24,3,false,0,0,false,Metal,Apple M5 Pro,3
cyrillic,scroll_cycle,explicit_rows,40,12,7,3667,4333,28834,Menlo,16,1,release,8,24,3,false,0,0,false,Metal,Apple M5 Pro,0
cyrillic,scroll_cycle,explicit_rows,40,12,8,4291,4292,9083,Menlo,16,1,release,8,24,3,false,0,0,false,Metal,Apple M5 Pro,3
cyrillic,scroll_cycle,explicit_rows,40,12,9,3666,3875,9250,Menlo,16,1,release,8,24,3,false,0,0,false,Metal,Apple M5 Pro,6
cyrillic,scroll_cycle,explicit_rows,40,12,10,3750,3917,9292,Menlo,16,1,release,8,24,3,false,0,0,false,Metal,Apple M5 Pro,9
cyrillic,scroll_cycle,explicit_rows,40,12,11,3667,4083,9458,Menlo,16,1,release,8,24,3,false,0,0,false,Metal,Apple M5 Pro,12
cyrillic,scroll_cycle,explicit_rows,40,12,12,3667,3875,9250,Menlo,16,1,release,8,24,3,false,0,0,false,Metal,Apple M5 Pro,9
cyrillic,scroll_cycle,explicit_rows,40,12,13,3667,3875,9334,Menlo,16,1,release,8,24,3,false,0,0,false,Metal,Apple M5 Pro,6
cyrillic,scroll_cycle,explicit_rows,40,12,14,3667,3875,9292,Menlo,16,1,release,8,24,3,false,0,0,false,Metal,Apple M5 Pro,3
cyrillic,scroll_cycle,explicit_rows,40,12,15,3708,3917,9416,Menlo,16,1,release,8,24,3,false,0,0,false,Metal,Apple M5 Pro,0
cyrillic,scroll_cycle,explicit_rows,40,12,16,3666,4000,9250,Menlo,16,1,release,8,24,3,false,0,0,false,Metal,Apple M5 Pro,3
cyrillic,scroll_cycle,explicit_rows,40,12,17,3625,3834,9250,Menlo,16,1,release,8,24,3,false,0,0,false,Metal,Apple M5 Pro,6
cyrillic,scroll_cycle,explicit_rows,40,12,18,3666,3875,9250,Menlo,16,1,release,8,24,3,false,0,0,false,Metal,Apple M5 Pro,9
cyrillic,scroll_cycle,explicit_rows,40,12,19,3667,3875,9291,Menlo,16,1,release,8,24,3,false,0,0,false,Metal,Apple M5 Pro,12
cyrillic,scroll_cycle,explicit_rows,40,12,20,3666,3959,9292,Menlo,16,1,release,8,24,3,false,0,0,false,Metal,Apple M5 Pro,9
cyrillic,scroll_cycle,explicit_rows,40,12,21,3667,3917,9292,Menlo,16,1,release,8,24,3,false,0,0,false,Metal,Apple M5 Pro,6
cyrillic,scroll_cycle,explicit_rows,40,12,22,3666,3875,9292,Menlo,16,1,release,8,24,3,false,0,0,false,Metal,Apple M5 Pro,3
cyrillic,scroll_cycle,explicit_rows,40,12,23,3667,3916,9208,Menlo,16,1,release,8,24,3,false,0,0,false,Metal,Apple M5 Pro,0
cyrillic,scroll_cycle,softwrap,40,12,0,7166,4209,10417,Menlo,16,1,release,8,24,3,false,1504,177,false,Metal,Apple M5 Pro,3
cyrillic,scroll_cycle,softwrap,40,12,1,7292,4208,10417,Menlo,16,1,release,8,24,3,false,1307,375,false,Metal,Apple M5 Pro,6
cyrillic,scroll_cycle,softwrap,40,12,2,7208,4333,10375,Menlo,16,1,release,8,24,3,false,1109,570,false,Metal,Apple M5 Pro,9
cyrillic,scroll_cycle,softwrap,40,12,3,7375,4417,10625,Menlo,16,1,release,8,24,3,false,910,763,false,Metal,Apple M5 Pro,12
cyrillic,scroll_cycle,softwrap,40,12,4,7000,4292,10334,Menlo,16,1,release,8,24,3,false,1109,570,false,Metal,Apple M5 Pro,9
cyrillic,scroll_cycle,softwrap,40,12,5,6916,4334,10334,Menlo,16,1,release,8,24,3,false,1307,375,false,Metal,Apple M5 Pro,6
cyrillic,scroll_cycle,softwrap,40,12,6,6834,4084,9917,Menlo,16,1,release,8,24,3,false,1504,177,false,Metal,Apple M5 Pro,3
cyrillic,scroll_cycle,softwrap,40,12,7,6833,4375,9583,Menlo,16,1,release,8,24,3,false,1702,0,false,Metal,Apple M5 Pro,0
cyrillic,scroll_cycle,softwrap,40,12,8,6792,4333,10375,Menlo,16,1,release,8,24,3,false,1504,177,false,Metal,Apple M5 Pro,3
cyrillic,scroll_cycle,softwrap,40,12,9,6833,4041,10542,Menlo,16,1,release,8,24,3,false,1307,375,false,Metal,Apple M5 Pro,6
cyrillic,scroll_cycle,softwrap,40,12,10,6959,4333,10333,Menlo,16,1,release,8,24,3,false,1109,570,false,Metal,Apple M5 Pro,9
cyrillic,scroll_cycle,softwrap,40,12,11,7083,4333,10208,Menlo,16,1,release,8,24,3,false,910,763,false,Metal,Apple M5 Pro,12
cyrillic,scroll_cycle,softwrap,40,12,12,6916,4334,9875,Menlo,16,1,release,8,24,3,false,1109,570,false,Metal,Apple M5 Pro,9
cyrillic,scroll_cycle,softwrap,40,12,13,6834,4041,9792,Menlo,16,1,release,8,24,3,false,1307,375,false,Metal,Apple M5 Pro,6
cyrillic,scroll_cycle,softwrap,40,12,14,6792,4292,10084,Menlo,16,1,release,8,24,3,false,1504,177,false,Metal,Apple M5 Pro,3
cyrillic,scroll_cycle,softwrap,40,12,15,6708,4292,9750,Menlo,16,1,release,8,24,3,false,1702,0,false,Metal,Apple M5 Pro,0
cyrillic,scroll_cycle,softwrap,40,12,16,6750,4333,10375,Menlo,16,1,release,8,24,3,false,1504,177,false,Metal,Apple M5 Pro,3
cyrillic,scroll_cycle,softwrap,40,12,17,6875,4292,9916,Menlo,16,1,release,8,24,3,false,1307,375,false,Metal,Apple M5 Pro,6
cyrillic,scroll_cycle,softwrap,40,12,18,6916,4334,9834,Menlo,16,1,release,8,24,3,false,1109,570,false,Metal,Apple M5 Pro,9
cyrillic,scroll_cycle,softwrap,40,12,19,6958,4042,9792,Menlo,16,1,release,8,24,3,false,910,763,false,Metal,Apple M5 Pro,12
cyrillic,scroll_cycle,softwrap,40,12,20,6833,4084,9834,Menlo,16,1,release,8,24,3,false,1109,570,false,Metal,Apple M5 Pro,9
cyrillic,scroll_cycle,softwrap,40,12,21,6792,4375,9750,Menlo,16,1,release,8,24,3,false,1307,375,false,Metal,Apple M5 Pro,6
cyrillic,scroll_cycle,softwrap,40,12,22,6750,4292,9833,Menlo,16,1,release,8,24,3,false,1504,177,false,Metal,Apple M5 Pro,3
cyrillic,scroll_cycle,softwrap,40,12,23,6625,4291,8959,Menlo,16,1,release,8,24,3,false,1702,0,false,Metal,Apple M5 Pro,0
cyrillic,dense_novel_text,explicit_rows,40,12,0,3625,142166,9792,Menlo,16,1,release,8,24,3,false,0,0,false,Metal,Apple M5 Pro,0
cyrillic,dense_novel_text,explicit_rows,40,12,1,3708,172792,9834,Menlo,16,1,release,8,24,3,false,0,0,false,Metal,Apple M5 Pro,0
cyrillic,dense_novel_text,explicit_rows,40,12,2,3709,143041,9958,Menlo,16,1,release,8,24,3,false,0,0,false,Metal,Apple M5 Pro,0
cyrillic,dense_novel_text,explicit_rows,40,12,3,3708,143125,9958,Menlo,16,1,release,8,24,3,false,0,0,false,Metal,Apple M5 Pro,0
cyrillic,dense_novel_text,explicit_rows,40,12,4,3667,144292,9875,Menlo,16,1,release,8,24,3,false,0,0,false,Metal,Apple M5 Pro,0
cyrillic,dense_novel_text,explicit_rows,40,12,5,3667,144416,9875,Menlo,16,1,release,8,24,3,false,0,0,false,Metal,Apple M5 Pro,0
cyrillic,dense_novel_text,explicit_rows,40,12,6,3625,143792,9875,Menlo,16,1,release,8,24,3,false,0,0,false,Metal,Apple M5 Pro,0
cyrillic,dense_novel_text,explicit_rows,40,12,7,3666,142833,9833,Menlo,16,1,release,8,24,3,false,0,0,false,Metal,Apple M5 Pro,0
cyrillic,dense_novel_text,explicit_rows,40,12,8,3708,143917,9875,Menlo,16,1,release,8,24,3,false,0,0,false,Metal,Apple M5 Pro,0
cyrillic,dense_novel_text,explicit_rows,40,12,9,3667,144834,9833,Menlo,16,1,release,8,24,3,false,0,0,false,Metal,Apple M5 Pro,0
cyrillic,dense_novel_text,explicit_rows,40,12,10,3667,200458,9875,Menlo,16,1,release,8,24,3,false,0,0,false,Metal,Apple M5 Pro,0
cyrillic,dense_novel_text,explicit_rows,40,12,11,3709,147750,9750,Menlo,16,1,release,8,24,3,false,0,0,false,Metal,Apple M5 Pro,0
cyrillic,dense_novel_text,explicit_rows,40,12,12,3666,143750,9792,Menlo,16,1,release,8,24,3,false,0,0,false,Metal,Apple M5 Pro,0
cyrillic,dense_novel_text,explicit_rows,40,12,13,3667,147458,9792,Menlo,16,1,release,8,24,3,false,0,0,false,Metal,Apple M5 Pro,0
cyrillic,dense_novel_text,explicit_rows,40,12,14,3666,146334,9833,Menlo,16,1,release,8,24,3,false,0,0,false,Metal,Apple M5 Pro,0
cyrillic,dense_novel_text,explicit_rows,40,12,15,3666,146792,9792,Menlo,16,1,release,8,24,3,false,0,0,false,Metal,Apple M5 Pro,0
cyrillic,dense_novel_text,explicit_rows,40,12,16,3667,145958,9834,Menlo,16,1,release,8,24,3,false,0,0,false,Metal,Apple M5 Pro,0
cyrillic,dense_novel_text,explicit_rows,40,12,17,4875,148000,9750,Menlo,16,1,release,8,24,3,false,0,0,false,Metal,Apple M5 Pro,0
cyrillic,dense_novel_text,explicit_rows,40,12,18,3667,172292,10000,Menlo,16,1,release,8,24,3,false,0,0,false,Metal,Apple M5 Pro,0
cyrillic,dense_novel_text,explicit_rows,40,12,19,3959,150416,9833,Menlo,16,1,release,8,24,3,false,0,0,false,Metal,Apple M5 Pro,0
cyrillic,dense_novel_text,explicit_rows,40,12,20,3667,149667,9791,Menlo,16,1,release,8,24,3,false,0,0,false,Metal,Apple M5 Pro,0
cyrillic,dense_novel_text,explicit_rows,40,12,21,3667,151208,9875,Menlo,16,1,release,8,24,3,false,0,0,false,Metal,Apple M5 Pro,0
cyrillic,dense_novel_text,explicit_rows,40,12,22,3708,152292,9875,Menlo,16,1,release,8,24,3,false,0,0,false,Metal,Apple M5 Pro,0
cyrillic,dense_novel_text,explicit_rows,40,12,23,3666,149750,9791,Menlo,16,1,release,8,24,3,false,0,0,false,Metal,Apple M5 Pro,0
cyrillic,dense_novel_text,softwrap,40,12,0,8541,294625,9708,Menlo,16,1,release,8,24,3,false,1702,0,false,Metal,Apple M5 Pro,0
cyrillic,dense_novel_text,softwrap,40,12,1,7000,281792,9667,Menlo,16,1,release,8,24,3,false,1702,0,false,Metal,Apple M5 Pro,0
cyrillic,dense_novel_text,softwrap,40,12,2,7042,279708,9666,Menlo,16,1,release,8,24,3,false,1702,0,false,Metal,Apple M5 Pro,0
cyrillic,dense_novel_text,softwrap,40,12,3,7000,284042,9625,Menlo,16,1,release,8,24,3,false,1702,0,false,Metal,Apple M5 Pro,0
cyrillic,dense_novel_text,softwrap,40,12,4,7000,284709,9583,Menlo,16,1,release,8,24,3,false,1702,0,false,Metal,Apple M5 Pro,0
cyrillic,dense_novel_text,softwrap,40,12,5,7042,294666,9667,Menlo,16,1,release,8,24,3,false,1702,0,false,Metal,Apple M5 Pro,0
cyrillic,dense_novel_text,softwrap,40,12,6,6959,315500,12750,Menlo,16,1,release,8,24,3,false,1702,0,false,Metal,Apple M5 Pro,0
cyrillic,dense_novel_text,softwrap,40,12,7,7083,276917,9625,Menlo,16,1,release,8,24,3,false,1702,0,false,Metal,Apple M5 Pro,0
cyrillic,dense_novel_text,softwrap,40,12,8,7000,279417,9584,Menlo,16,1,release,8,24,3,false,1702,0,false,Metal,Apple M5 Pro,0
cyrillic,dense_novel_text,softwrap,40,12,9,6958,278625,9583,Menlo,16,1,release,8,24,3,false,1702,0,false,Metal,Apple M5 Pro,0
cyrillic,dense_novel_text,softwrap,40,12,10,7083,294750,9542,Menlo,16,1,release,8,24,3,false,1702,0,false,Metal,Apple M5 Pro,0
cyrillic,dense_novel_text,softwrap,40,12,11,7042,280292,9625,Menlo,16,1,release,8,24,3,false,1702,0,false,Metal,Apple M5 Pro,0
cyrillic,dense_novel_text,softwrap,40,12,12,6916,279792,9542,Menlo,16,1,release,8,24,3,false,1702,0,false,Metal,Apple M5 Pro,0
cyrillic,dense_novel_text,softwrap,40,12,13,6958,278000,9583,Menlo,16,1,release,8,24,3,false,1702,0,false,Metal,Apple M5 Pro,0
cyrillic,dense_novel_text,softwrap,40,12,14,6959,280875,9583,Menlo,16,1,release,8,24,3,false,1702,0,false,Metal,Apple M5 Pro,0
cyrillic,dense_novel_text,softwrap,40,12,15,6875,282333,9625,Menlo,16,1,release,8,24,3,false,1702,0,false,Metal,Apple M5 Pro,0
cyrillic,dense_novel_text,softwrap,40,12,16,6958,311958,9833,Menlo,16,1,release,8,24,3,false,1702,0,false,Metal,Apple M5 Pro,0
cyrillic,dense_novel_text,softwrap,40,12,17,8458,292458,9667,Menlo,16,1,release,8,24,3,false,1702,0,false,Metal,Apple M5 Pro,0
cyrillic,dense_novel_text,softwrap,40,12,18,7416,286209,9583,Menlo,16,1,release,8,24,3,false,1702,0,false,Metal,Apple M5 Pro,0
cyrillic,dense_novel_text,softwrap,40,12,19,7208,282833,9584,Menlo,16,1,release,8,24,3,false,1702,0,false,Metal,Apple M5 Pro,0
cyrillic,dense_novel_text,softwrap,40,12,20,7125,283375,9625,Menlo,16,1,release,8,24,3,false,1702,0,false,Metal,Apple M5 Pro,0
cyrillic,dense_novel_text,softwrap,40,12,21,6792,283958,9625,Menlo,16,1,release,8,24,3,false,1702,0,false,Metal,Apple M5 Pro,0
cyrillic,dense_novel_text,softwrap,40,12,22,6750,283917,9625,Menlo,16,1,release,8,24,3,false,1702,0,false,Metal,Apple M5 Pro,0
cyrillic,dense_novel_text,softwrap,40,12,23,6791,281334,9416,Menlo,16,1,release,8,24,3,false,1702,0,false,Metal,Apple M5 Pro,0
cjk,sparse_novel_counter,explicit_rows,40,12,0,3708,65958,625,Menlo,16,1,release,8,24,3,false,0,0,false,Metal,Apple M5 Pro,0
cjk,sparse_novel_counter,explicit_rows,40,12,1,3750,67333,667,Menlo,16,1,release,8,24,3,false,0,0,false,Metal,Apple M5 Pro,0
cjk,sparse_novel_counter,explicit_rows,40,12,2,3708,66625,625,Menlo,16,1,release,8,24,3,false,0,0,false,Metal,Apple M5 Pro,0
cjk,sparse_novel_counter,explicit_rows,40,12,3,3667,70291,667,Menlo,16,1,release,8,24,3,false,0,0,false,Metal,Apple M5 Pro,0
cjk,sparse_novel_counter,explicit_rows,40,12,4,3750,83125,625,Menlo,16,1,release,8,24,3,false,0,0,false,Metal,Apple M5 Pro,0
cjk,sparse_novel_counter,explicit_rows,40,12,5,3709,66541,667,Menlo,16,1,release,8,24,3,false,0,0,false,Metal,Apple M5 Pro,0
cjk,sparse_novel_counter,explicit_rows,40,12,6,3708,66250,625,Menlo,16,1,release,8,24,3,false,0,0,false,Metal,Apple M5 Pro,0
cjk,sparse_novel_counter,explicit_rows,40,12,7,3708,66542,625,Menlo,16,1,release,8,24,3,false,0,0,false,Metal,Apple M5 Pro,0
cjk,sparse_novel_counter,explicit_rows,40,12,8,3708,66584,625,Menlo,16,1,release,8,24,3,false,0,0,false,Metal,Apple M5 Pro,0
cjk,sparse_novel_counter,explicit_rows,40,12,9,3708,73542,625,Menlo,16,1,release,8,24,3,false,0,0,false,Metal,Apple M5 Pro,0
cjk,sparse_novel_counter,explicit_rows,40,12,10,3709,66375,625,Menlo,16,1,release,8,24,3,false,0,0,false,Metal,Apple M5 Pro,0
cjk,sparse_novel_counter,explicit_rows,40,12,11,3708,67209,666,Menlo,16,1,release,8,24,3,false,0,0,false,Metal,Apple M5 Pro,0
cjk,sparse_novel_counter,explicit_rows,40,12,12,3709,66625,666,Menlo,16,1,release,8,24,3,false,0,0,false,Metal,Apple M5 Pro,0
cjk,sparse_novel_counter,explicit_rows,40,12,13,3667,66917,667,Menlo,16,1,release,8,24,3,false,0,0,false,Metal,Apple M5 Pro,0
cjk,sparse_novel_counter,explicit_rows,40,12,14,3708,66250,625,Menlo,16,1,release,8,24,3,false,0,0,false,Metal,Apple M5 Pro,0
cjk,sparse_novel_counter,explicit_rows,40,12,15,3667,66166,625,Menlo,16,1,release,8,24,3,false,0,0,false,Metal,Apple M5 Pro,0
cjk,sparse_novel_counter,explicit_rows,40,12,16,3708,66750,625,Menlo,16,1,release,8,24,3,false,0,0,false,Metal,Apple M5 Pro,0
cjk,sparse_novel_counter,explicit_rows,40,12,17,3709,66500,666,Menlo,16,1,release,8,24,3,false,0,0,false,Metal,Apple M5 Pro,0
cjk,sparse_novel_counter,explicit_rows,40,12,18,3708,65792,625,Menlo,16,1,release,8,24,3,false,0,0,false,Metal,Apple M5 Pro,0
cjk,sparse_novel_counter,explicit_rows,40,12,19,3667,70792,625,Menlo,16,1,release,8,24,3,false,0,0,false,Metal,Apple M5 Pro,0
cjk,sparse_novel_counter,explicit_rows,40,12,20,3709,71625,625,Menlo,16,1,release,8,24,3,false,0,0,false,Metal,Apple M5 Pro,0
cjk,sparse_novel_counter,explicit_rows,40,12,21,3708,66458,667,Menlo,16,1,release,8,24,3,false,0,0,false,Metal,Apple M5 Pro,0
cjk,sparse_novel_counter,explicit_rows,40,12,22,3709,66334,625,Menlo,16,1,release,8,24,3,false,0,0,false,Metal,Apple M5 Pro,0
cjk,sparse_novel_counter,explicit_rows,40,12,23,3708,66417,625,Menlo,16,1,release,8,24,3,false,0,0,false,Metal,Apple M5 Pro,0
cjk,sparse_novel_counter,softwrap,40,12,0,6750,1804834,6167,Menlo,16,1,release,8,24,3,false,1410,0,false,Metal,Apple M5 Pro,0
cjk,sparse_novel_counter,softwrap,40,12,1,6584,1809208,6083,Menlo,16,1,release,8,24,3,false,1410,0,false,Metal,Apple M5 Pro,0
cjk,sparse_novel_counter,softwrap,40,12,2,6167,1814791,6084,Menlo,16,1,release,8,24,3,false,1410,0,false,Metal,Apple M5 Pro,0
cjk,sparse_novel_counter,softwrap,40,12,3,6125,1838500,6125,Menlo,16,1,release,8,24,3,false,1410,0,false,Metal,Apple M5 Pro,0
cjk,sparse_novel_counter,softwrap,40,12,4,7666,1805500,6042,Menlo,16,1,release,8,24,3,false,1410,0,false,Metal,Apple M5 Pro,0
cjk,sparse_novel_counter,softwrap,40,12,5,6458,1795750,6042,Menlo,16,1,release,8,24,3,false,1410,0,false,Metal,Apple M5 Pro,0
cjk,sparse_novel_counter,softwrap,40,12,6,6166,1810583,6083,Menlo,16,1,release,8,24,3,false,1410,0,false,Metal,Apple M5 Pro,0
cjk,sparse_novel_counter,softwrap,40,12,7,6125,1789500,6041,Menlo,16,1,release,8,24,3,false,1410,0,false,Metal,Apple M5 Pro,0
cjk,sparse_novel_counter,softwrap,40,12,8,6000,1785625,6041,Menlo,16,1,release,8,24,3,false,1410,0,false,Metal,Apple M5 Pro,0
cjk,sparse_novel_counter,softwrap,40,12,9,6000,1838542,6208,Menlo,16,1,release,8,24,3,false,1410,0,false,Metal,Apple M5 Pro,0
cjk,sparse_novel_counter,softwrap,40,12,10,7708,1796125,6084,Menlo,16,1,release,8,24,3,false,1410,0,false,Metal,Apple M5 Pro,0
cjk,sparse_novel_counter,softwrap,40,12,11,6709,1784584,6041,Menlo,16,1,release,8,24,3,false,1410,0,false,Metal,Apple M5 Pro,0
cjk,sparse_novel_counter,softwrap,40,12,12,6417,1781750,6042,Menlo,16,1,release,8,24,3,false,1410,0,false,Metal,Apple M5 Pro,0
cjk,sparse_novel_counter,softwrap,40,12,13,6208,1787583,6042,Menlo,16,1,release,8,24,3,false,1410,0,false,Metal,Apple M5 Pro,0
cjk,sparse_novel_counter,softwrap,40,12,14,6166,1826042,6208,Menlo,16,1,release,8,24,3,false,1410,0,false,Metal,Apple M5 Pro,0
cjk,sparse_novel_counter,softwrap,40,12,15,7666,1794375,6167,Menlo,16,1,release,8,24,3,false,1410,0,false,Metal,Apple M5 Pro,0
cjk,sparse_novel_counter,softwrap,40,12,16,6750,1797959,6083,Menlo,16,1,release,8,24,3,false,1410,0,false,Metal,Apple M5 Pro,0
cjk,sparse_novel_counter,softwrap,40,12,17,6542,1784458,6041,Menlo,16,1,release,8,24,3,false,1410,0,false,Metal,Apple M5 Pro,0
cjk,sparse_novel_counter,softwrap,40,12,18,6209,1783625,6125,Menlo,16,1,release,8,24,3,false,1410,0,false,Metal,Apple M5 Pro,0
cjk,sparse_novel_counter,softwrap,40,12,19,6083,1811375,6208,Menlo,16,1,release,8,24,3,false,1410,0,false,Metal,Apple M5 Pro,0
cjk,sparse_novel_counter,softwrap,40,12,20,7417,1823083,6250,Menlo,16,1,release,8,24,3,false,1410,0,false,Metal,Apple M5 Pro,0
cjk,sparse_novel_counter,softwrap,40,12,21,6458,1781667,6042,Menlo,16,1,release,8,24,3,false,1410,0,false,Metal,Apple M5 Pro,0
cjk,sparse_novel_counter,softwrap,40,12,22,6334,1777333,6000,Menlo,16,1,release,8,24,3,false,1410,0,false,Metal,Apple M5 Pro,0
cjk,sparse_novel_counter,softwrap,40,12,23,6292,1898417,6458,Menlo,16,1,release,8,24,3,false,1410,0,false,Metal,Apple M5 Pro,0
cjk,scroll_cycle,explicit_rows,40,12,0,4083,3958,6542,Menlo,16,1,release,8,24,3,false,0,0,false,Metal,Apple M5 Pro,3
cjk,scroll_cycle,explicit_rows,40,12,1,3750,5417,8875,Menlo,16,1,release,8,24,3,false,0,0,false,Metal,Apple M5 Pro,6
cjk,scroll_cycle,explicit_rows,40,12,2,4042,4125,7167,Menlo,16,1,release,8,24,3,false,0,0,false,Metal,Apple M5 Pro,9
cjk,scroll_cycle,explicit_rows,40,12,3,3958,4167,7167,Menlo,16,1,release,8,24,3,false,0,0,false,Metal,Apple M5 Pro,12
cjk,scroll_cycle,explicit_rows,40,12,4,3750,3917,6791,Menlo,16,1,release,8,24,3,false,0,0,false,Metal,Apple M5 Pro,9
cjk,scroll_cycle,explicit_rows,40,12,5,3709,3917,6708,Menlo,16,1,release,8,24,3,false,0,0,false,Metal,Apple M5 Pro,6
cjk,scroll_cycle,explicit_rows,40,12,6,3709,3917,6708,Menlo,16,1,release,8,24,3,false,0,0,false,Metal,Apple M5 Pro,3
cjk,scroll_cycle,explicit_rows,40,12,7,3750,3959,6375,Menlo,16,1,release,8,24,3,false,0,0,false,Metal,Apple M5 Pro,0
cjk,scroll_cycle,explicit_rows,40,12,8,3709,3959,6625,Menlo,16,1,release,8,24,3,false,0,0,false,Metal,Apple M5 Pro,3
cjk,scroll_cycle,explicit_rows,40,12,9,3750,3916,6709,Menlo,16,1,release,8,24,3,false,0,0,false,Metal,Apple M5 Pro,6
cjk,scroll_cycle,explicit_rows,40,12,10,3833,3917,6875,Menlo,16,1,release,8,24,3,false,0,0,false,Metal,Apple M5 Pro,9
cjk,scroll_cycle,explicit_rows,40,12,11,3750,4000,6750,Menlo,16,1,release,8,24,3,false,0,0,false,Metal,Apple M5 Pro,12
cjk,scroll_cycle,explicit_rows,40,12,12,3750,3917,6666,Menlo,16,1,release,8,24,3,false,0,0,false,Metal,Apple M5 Pro,9
cjk,scroll_cycle,explicit_rows,40,12,13,3750,4125,6708,Menlo,16,1,release,8,24,3,false,0,0,false,Metal,Apple M5 Pro,6
cjk,scroll_cycle,explicit_rows,40,12,14,3750,3958,6625,Menlo,16,1,release,8,24,3,false,0,0,false,Metal,Apple M5 Pro,3
cjk,scroll_cycle,explicit_rows,40,12,15,3750,3958,6375,Menlo,16,1,release,8,24,3,false,0,0,false,Metal,Apple M5 Pro,0
cjk,scroll_cycle,explicit_rows,40,12,16,3750,3875,6250,Menlo,16,1,release,8,24,3,false,0,0,false,Metal,Apple M5 Pro,3
cjk,scroll_cycle,explicit_rows,40,12,17,3750,3875,6583,Menlo,16,1,release,8,24,3,false,0,0,false,Metal,Apple M5 Pro,6
cjk,scroll_cycle,explicit_rows,40,12,18,3708,3917,6541,Menlo,16,1,release,8,24,3,false,0,0,false,Metal,Apple M5 Pro,9
cjk,scroll_cycle,explicit_rows,40,12,19,3750,3958,6500,Menlo,16,1,release,8,24,3,false,0,0,false,Metal,Apple M5 Pro,12
cjk,scroll_cycle,explicit_rows,40,12,20,3708,3917,6708,Menlo,16,1,release,8,24,3,false,0,0,false,Metal,Apple M5 Pro,9
cjk,scroll_cycle,explicit_rows,40,12,21,3708,3875,6416,Menlo,16,1,release,8,24,3,false,0,0,false,Metal,Apple M5 Pro,6
cjk,scroll_cycle,explicit_rows,40,12,22,3750,3917,6334,Menlo,16,1,release,8,24,3,false,0,0,false,Metal,Apple M5 Pro,3
cjk,scroll_cycle,explicit_rows,40,12,23,3708,4167,6292,Menlo,16,1,release,8,24,3,false,0,0,false,Metal,Apple M5 Pro,0
cjk,scroll_cycle,softwrap,40,12,0,6667,4292,6542,Menlo,16,1,release,8,24,3,false,1247,152,false,Metal,Apple M5 Pro,3
cjk,scroll_cycle,softwrap,40,12,1,6417,4542,6417,Menlo,16,1,release,8,24,3,false,1081,312,false,Metal,Apple M5 Pro,6
cjk,scroll_cycle,softwrap,40,12,2,6333,4500,6625,Menlo,16,1,release,8,24,3,false,919,477,false,Metal,Apple M5 Pro,9
cjk,scroll_cycle,softwrap,40,12,3,6500,4458,6416,Menlo,16,1,release,8,24,3,false,756,637,false,Metal,Apple M5 Pro,12
cjk,scroll_cycle,softwrap,40,12,4,6042,4542,6458,Menlo,16,1,release,8,24,3,false,919,477,false,Metal,Apple M5 Pro,9
cjk,scroll_cycle,softwrap,40,12,5,6041,4250,6333,Menlo,16,1,release,8,24,3,false,1081,312,false,Metal,Apple M5 Pro,6
cjk,scroll_cycle,softwrap,40,12,6,6083,4292,6625,Menlo,16,1,release,8,24,3,false,1247,152,false,Metal,Apple M5 Pro,3
cjk,scroll_cycle,softwrap,40,12,7,5916,4500,5750,Menlo,16,1,release,8,24,3,false,1410,0,false,Metal,Apple M5 Pro,0
cjk,scroll_cycle,softwrap,40,12,8,6000,4416,6125,Menlo,16,1,release,8,24,3,false,1247,152,false,Metal,Apple M5 Pro,3
cjk,scroll_cycle,softwrap,40,12,9,5958,4458,6042,Menlo,16,1,release,8,24,3,false,1081,312,false,Metal,Apple M5 Pro,6
cjk,scroll_cycle,softwrap,40,12,10,6042,4250,6417,Menlo,16,1,release,8,24,3,false,919,477,false,Metal,Apple M5 Pro,9
cjk,scroll_cycle,softwrap,40,12,11,6167,4209,6250,Menlo,16,1,release,8,24,3,false,756,637,false,Metal,Apple M5 Pro,12
cjk,scroll_cycle,softwrap,40,12,12,5959,4500,6417,Menlo,16,1,release,8,24,3,false,919,477,false,Metal,Apple M5 Pro,9
cjk,scroll_cycle,softwrap,40,12,13,5917,4250,6125,Menlo,16,1,release,8,24,3,false,1081,312,false,Metal,Apple M5 Pro,6
cjk,scroll_cycle,softwrap,40,12,14,5958,4500,6208,Menlo,16,1,release,8,24,3,false,1247,152,false,Metal,Apple M5 Pro,3
cjk,scroll_cycle,softwrap,40,12,15,5792,4458,5667,Menlo,16,1,release,8,24,3,false,1410,0,false,Metal,Apple M5 Pro,0
cjk,scroll_cycle,softwrap,40,12,16,5958,4209,6167,Menlo,16,1,release,8,24,3,false,1247,152,false,Metal,Apple M5 Pro,3
cjk,scroll_cycle,softwrap,40,12,17,5917,4333,6167,Menlo,16,1,release,8,24,3,false,1081,312,false,Metal,Apple M5 Pro,6
cjk,scroll_cycle,softwrap,40,12,18,6000,4459,6084,Menlo,16,1,release,8,24,3,false,919,477,false,Metal,Apple M5 Pro,9
cjk,scroll_cycle,softwrap,40,12,19,6041,4458,5958,Menlo,16,1,release,8,24,3,false,756,637,false,Metal,Apple M5 Pro,12
cjk,scroll_cycle,softwrap,40,12,20,5916,4459,6125,Menlo,16,1,release,8,24,3,false,919,477,false,Metal,Apple M5 Pro,9
cjk,scroll_cycle,softwrap,40,12,21,5916,4208,6042,Menlo,16,1,release,8,24,3,false,1081,312,false,Metal,Apple M5 Pro,6
cjk,scroll_cycle,softwrap,40,12,22,5958,4459,6166,Menlo,16,1,release,8,24,3,false,1247,152,false,Metal,Apple M5 Pro,3
cjk,scroll_cycle,softwrap,40,12,23,5791,4500,5709,Menlo,16,1,release,8,24,3,false,1410,0,false,Metal,Apple M5 Pro,0
cjk,dense_novel_text,explicit_rows,40,12,0,3667,734542,6791,Menlo,16,1,release,8,24,3,false,0,0,false,Metal,Apple M5 Pro,0
cjk,dense_novel_text,explicit_rows,40,12,1,3667,766417,6916,Menlo,16,1,release,8,24,3,false,0,0,false,Metal,Apple M5 Pro,0
cjk,dense_novel_text,explicit_rows,40,12,2,3625,761875,6792,Menlo,16,1,release,8,24,3,false,0,0,false,Metal,Apple M5 Pro,0
cjk,dense_novel_text,explicit_rows,40,12,3,3833,754458,6875,Menlo,16,1,release,8,24,3,false,0,0,false,Metal,Apple M5 Pro,0
cjk,dense_novel_text,explicit_rows,40,12,4,3667,738167,6750,Menlo,16,1,release,8,24,3,false,0,0,false,Metal,Apple M5 Pro,0
cjk,dense_novel_text,explicit_rows,40,12,5,3667,764791,6792,Menlo,16,1,release,8,24,3,false,0,0,false,Metal,Apple M5 Pro,0
cjk,dense_novel_text,explicit_rows,40,12,6,3667,737416,6750,Menlo,16,1,release,8,24,3,false,0,0,false,Metal,Apple M5 Pro,0
cjk,dense_novel_text,explicit_rows,40,12,7,3625,740334,6791,Menlo,16,1,release,8,24,3,false,0,0,false,Metal,Apple M5 Pro,0
cjk,dense_novel_text,explicit_rows,40,12,8,3709,763542,6958,Menlo,16,1,release,8,24,3,false,0,0,false,Metal,Apple M5 Pro,0
cjk,dense_novel_text,explicit_rows,40,12,9,3916,741375,7000,Menlo,16,1,release,8,24,3,false,0,0,false,Metal,Apple M5 Pro,0
cjk,dense_novel_text,explicit_rows,40,12,10,3708,808459,6834,Menlo,16,1,release,8,24,3,false,0,0,false,Metal,Apple M5 Pro,0
cjk,dense_novel_text,explicit_rows,40,12,11,3708,742375,6750,Menlo,16,1,release,8,24,3,false,0,0,false,Metal,Apple M5 Pro,0
cjk,dense_novel_text,explicit_rows,40,12,12,3666,736750,6750,Menlo,16,1,release,8,24,3,false,0,0,false,Metal,Apple M5 Pro,0
cjk,dense_novel_text,explicit_rows,40,12,13,3667,737167,6792,Menlo,16,1,release,8,24,3,false,0,0,false,Metal,Apple M5 Pro,0
cjk,dense_novel_text,explicit_rows,40,12,14,3709,739750,6833,Menlo,16,1,release,8,24,3,false,0,0,false,Metal,Apple M5 Pro,0
cjk,dense_novel_text,explicit_rows,40,12,15,3666,738833,6750,Menlo,16,1,release,8,24,3,false,0,0,false,Metal,Apple M5 Pro,0
cjk,dense_novel_text,explicit_rows,40,12,16,3666,739333,6750,Menlo,16,1,release,8,24,3,false,0,0,false,Metal,Apple M5 Pro,0
cjk,dense_novel_text,explicit_rows,40,12,17,3667,744875,6792,Menlo,16,1,release,8,24,3,false,0,0,false,Metal,Apple M5 Pro,0
cjk,dense_novel_text,explicit_rows,40,12,18,3666,737792,6750,Menlo,16,1,release,8,24,3,false,0,0,false,Metal,Apple M5 Pro,0
cjk,dense_novel_text,explicit_rows,40,12,19,3666,739875,7042,Menlo,16,1,release,8,24,3,false,0,0,false,Metal,Apple M5 Pro,0
cjk,dense_novel_text,explicit_rows,40,12,20,3667,738417,6791,Menlo,16,1,release,8,24,3,false,0,0,false,Metal,Apple M5 Pro,0
cjk,dense_novel_text,explicit_rows,40,12,21,3667,763208,6875,Menlo,16,1,release,8,24,3,false,0,0,false,Metal,Apple M5 Pro,0
cjk,dense_novel_text,explicit_rows,40,12,22,3958,737792,6792,Menlo,16,1,release,8,24,3,false,0,0,false,Metal,Apple M5 Pro,0
cjk,dense_novel_text,explicit_rows,40,12,23,3708,757917,6791,Menlo,16,1,release,8,24,3,false,0,0,false,Metal,Apple M5 Pro,0
cjk,dense_novel_text,softwrap,40,12,0,6000,1780000,5917,Menlo,16,1,release,8,24,3,false,1410,0,false,Metal,Apple M5 Pro,0
cjk,dense_novel_text,softwrap,40,12,1,6083,1819333,6083,Menlo,16,1,release,8,24,3,false,1410,0,false,Metal,Apple M5 Pro,0
cjk,dense_novel_text,softwrap,40,12,2,6333,1827417,6041,Menlo,16,1,release,8,24,3,false,1410,0,false,Metal,Apple M5 Pro,0
cjk,dense_novel_text,softwrap,40,12,3,6167,1815791,6000,Menlo,16,1,release,8,24,3,false,1410,0,false,Metal,Apple M5 Pro,0
cjk,dense_novel_text,softwrap,40,12,4,6000,1855375,6000,Menlo,16,1,release,8,24,3,false,1410,0,false,Metal,Apple M5 Pro,0
cjk,dense_novel_text,softwrap,40,12,5,5958,1805083,6042,Menlo,16,1,release,8,24,3,false,1410,0,false,Metal,Apple M5 Pro,0
cjk,dense_novel_text,softwrap,40,12,6,5958,1853250,6041,Menlo,16,1,release,8,24,3,false,1410,0,false,Metal,Apple M5 Pro,0
cjk,dense_novel_text,softwrap,40,12,7,6334,1813541,6000,Menlo,16,1,release,8,24,3,false,1410,0,false,Metal,Apple M5 Pro,0
cjk,dense_novel_text,softwrap,40,12,8,6084,1798667,5916,Menlo,16,1,release,8,24,3,false,1410,0,false,Metal,Apple M5 Pro,0
cjk,dense_novel_text,softwrap,40,12,9,5917,1792625,6000,Menlo,16,1,release,8,24,3,false,1410,0,false,Metal,Apple M5 Pro,0
cjk,dense_novel_text,softwrap,40,12,10,5959,1792834,6000,Menlo,16,1,release,8,24,3,false,1410,0,false,Metal,Apple M5 Pro,0
cjk,dense_novel_text,softwrap,40,12,11,6000,1831375,6208,Menlo,16,1,release,8,24,3,false,1410,0,false,Metal,Apple M5 Pro,0
cjk,dense_novel_text,softwrap,40,12,12,6958,1805000,6125,Menlo,16,1,release,8,24,3,false,1410,0,false,Metal,Apple M5 Pro,0
cjk,dense_novel_text,softwrap,40,12,13,6292,1818833,15500,Menlo,16,1,release,8,24,3,false,1410,0,false,Metal,Apple M5 Pro,0
cjk,dense_novel_text,softwrap,40,12,14,6000,1796042,6083,Menlo,16,1,release,8,24,3,false,1410,0,false,Metal,Apple M5 Pro,0
cjk,dense_novel_text,softwrap,40,12,15,5916,1801500,6084,Menlo,16,1,release,8,24,3,false,1410,0,false,Metal,Apple M5 Pro,0
cjk,dense_novel_text,softwrap,40,12,16,5958,1815334,6083,Menlo,16,1,release,8,24,3,false,1410,0,false,Metal,Apple M5 Pro,0
cjk,dense_novel_text,softwrap,40,12,17,6042,1813583,6167,Menlo,16,1,release,8,24,3,false,1410,0,false,Metal,Apple M5 Pro,0
cjk,dense_novel_text,softwrap,40,12,18,6292,1795041,6000,Menlo,16,1,release,8,24,3,false,1410,0,false,Metal,Apple M5 Pro,0
cjk,dense_novel_text,softwrap,40,12,19,6084,1807208,6000,Menlo,16,1,release,8,24,3,false,1410,0,false,Metal,Apple M5 Pro,0
cjk,dense_novel_text,softwrap,40,12,20,6000,1826166,6084,Menlo,16,1,release,8,24,3,false,1410,0,false,Metal,Apple M5 Pro,0
cjk,dense_novel_text,softwrap,40,12,21,5917,1793666,6083,Menlo,16,1,release,8,24,3,false,1410,0,false,Metal,Apple M5 Pro,0
cjk,dense_novel_text,softwrap,40,12,22,5875,1841792,6083,Menlo,16,1,release,8,24,3,false,1410,0,false,Metal,Apple M5 Pro,0
cjk,dense_novel_text,softwrap,40,12,23,6084,1805917,6000,Menlo,16,1,release,8,24,3,false,1410,0,false,Metal,Apple M5 Pro,0
arabic,sparse_novel_counter,explicit_rows,40,12,0,3625,34125,958,Menlo,16,1,release,8,24,3,false,0,0,false,Metal,Apple M5 Pro,0
arabic,sparse_novel_counter,explicit_rows,40,12,1,3667,35708,916,Menlo,16,1,release,8,24,3,false,0,0,false,Metal,Apple M5 Pro,0
arabic,sparse_novel_counter,explicit_rows,40,12,2,3708,35000,958,Menlo,16,1,release,8,24,3,false,0,0,false,Metal,Apple M5 Pro,0
arabic,sparse_novel_counter,explicit_rows,40,12,3,3750,35250,1000,Menlo,16,1,release,8,24,3,false,0,0,false,Metal,Apple M5 Pro,0
arabic,sparse_novel_counter,explicit_rows,40,12,4,3666,35167,916,Menlo,16,1,release,8,24,3,false,0,0,false,Metal,Apple M5 Pro,0
arabic,sparse_novel_counter,explicit_rows,40,12,5,3667,35000,958,Menlo,16,1,release,8,24,3,false,0,0,false,Metal,Apple M5 Pro,0
arabic,sparse_novel_counter,explicit_rows,40,12,6,3708,35875,917,Menlo,16,1,release,8,24,3,false,0,0,false,Metal,Apple M5 Pro,0
arabic,sparse_novel_counter,explicit_rows,40,12,7,3667,34958,958,Menlo,16,1,release,8,24,3,false,0,0,false,Metal,Apple M5 Pro,0
arabic,sparse_novel_counter,explicit_rows,40,12,8,3625,34875,958,Menlo,16,1,release,8,24,3,false,0,0,false,Metal,Apple M5 Pro,0
arabic,sparse_novel_counter,explicit_rows,40,12,9,3625,53333,916,Menlo,16,1,release,8,24,3,false,0,0,false,Metal,Apple M5 Pro,0
arabic,sparse_novel_counter,explicit_rows,40,12,10,3709,34875,917,Menlo,16,1,release,8,24,3,false,0,0,false,Metal,Apple M5 Pro,0
arabic,sparse_novel_counter,explicit_rows,40,12,11,3666,34459,958,Menlo,16,1,release,8,24,3,false,0,0,false,Metal,Apple M5 Pro,0
arabic,sparse_novel_counter,explicit_rows,40,12,12,3667,40125,1042,Menlo,16,1,release,8,24,3,false,0,0,false,Metal,Apple M5 Pro,0
arabic,sparse_novel_counter,explicit_rows,40,12,13,3708,35292,958,Menlo,16,1,release,8,24,3,false,0,0,false,Metal,Apple M5 Pro,0
arabic,sparse_novel_counter,explicit_rows,40,12,14,3667,35250,958,Menlo,16,1,release,8,24,3,false,0,0,false,Metal,Apple M5 Pro,0
arabic,sparse_novel_counter,explicit_rows,40,12,15,3750,34958,875,Menlo,16,1,release,8,24,3,false,0,0,false,Metal,Apple M5 Pro,0
arabic,sparse_novel_counter,explicit_rows,40,12,16,3708,34417,958,Menlo,16,1,release,8,24,3,false,0,0,false,Metal,Apple M5 Pro,0
arabic,sparse_novel_counter,explicit_rows,40,12,17,3667,35250,958,Menlo,16,1,release,8,24,3,false,0,0,false,Metal,Apple M5 Pro,0
arabic,sparse_novel_counter,explicit_rows,40,12,18,3750,34917,916,Menlo,16,1,release,8,24,3,false,0,0,false,Metal,Apple M5 Pro,0
arabic,sparse_novel_counter,explicit_rows,40,12,19,3708,46250,959,Menlo,16,1,release,8,24,3,false,0,0,false,Metal,Apple M5 Pro,0
arabic,sparse_novel_counter,explicit_rows,40,12,20,3666,35125,917,Menlo,16,1,release,8,24,3,false,0,0,false,Metal,Apple M5 Pro,0
arabic,sparse_novel_counter,explicit_rows,40,12,21,3667,35416,959,Menlo,16,1,release,8,24,3,false,0,0,false,Metal,Apple M5 Pro,0
arabic,sparse_novel_counter,explicit_rows,40,12,22,3791,34750,917,Menlo,16,1,release,8,24,3,false,0,0,false,Metal,Apple M5 Pro,0
arabic,sparse_novel_counter,explicit_rows,40,12,23,3750,34583,958,Menlo,16,1,release,8,24,3,false,0,0,false,Metal,Apple M5 Pro,0
arabic,sparse_novel_counter,softwrap,40,12,0,6958,1142458,10417,Menlo,16,1,release,8,24,3,false,1814,0,false,Metal,Apple M5 Pro,0
arabic,sparse_novel_counter,softwrap,40,12,1,7125,1133125,10417,Menlo,16,1,release,8,24,3,false,1814,0,false,Metal,Apple M5 Pro,0
arabic,sparse_novel_counter,softwrap,40,12,2,6917,1218500,10542,Menlo,16,1,release,8,24,3,false,1814,0,false,Metal,Apple M5 Pro,0
arabic,sparse_novel_counter,softwrap,40,12,3,9042,1225500,10542,Menlo,16,1,release,8,24,3,false,1814,0,false,Metal,Apple M5 Pro,0
arabic,sparse_novel_counter,softwrap,40,12,4,7583,1176583,10417,Menlo,16,1,release,8,24,3,false,1814,0,false,Metal,Apple M5 Pro,0
arabic,sparse_novel_counter,softwrap,40,12,5,7375,1186250,10458,Menlo,16,1,release,8,24,3,false,1814,0,false,Metal,Apple M5 Pro,0
arabic,sparse_novel_counter,softwrap,40,12,6,7250,1184666,10417,Menlo,16,1,release,8,24,3,false,1814,0,false,Metal,Apple M5 Pro,0
arabic,sparse_novel_counter,softwrap,40,12,7,7167,1162792,10458,Menlo,16,1,release,8,24,3,false,1814,0,false,Metal,Apple M5 Pro,0
arabic,sparse_novel_counter,softwrap,40,12,8,7125,1159333,10542,Menlo,16,1,release,8,24,3,false,1814,0,false,Metal,Apple M5 Pro,0
arabic,sparse_novel_counter,softwrap,40,12,9,7250,1158500,10458,Menlo,16,1,release,8,24,3,false,1814,0,false,Metal,Apple M5 Pro,0
arabic,sparse_novel_counter,softwrap,40,12,10,7083,1241708,14167,Menlo,16,1,release,8,24,3,false,1814,0,false,Metal,Apple M5 Pro,0
arabic,sparse_novel_counter,softwrap,40,12,11,8625,1214667,10375,Menlo,16,1,release,8,24,3,false,1814,0,false,Metal,Apple M5 Pro,0
arabic,sparse_novel_counter,softwrap,40,12,12,7708,1191333,10417,Menlo,16,1,release,8,24,3,false,1814,0,false,Metal,Apple M5 Pro,0
arabic,sparse_novel_counter,softwrap,40,12,13,7458,1165292,10375,Menlo,16,1,release,8,24,3,false,1814,0,false,Metal,Apple M5 Pro,0
arabic,sparse_novel_counter,softwrap,40,12,14,7166,1155417,10375,Menlo,16,1,release,8,24,3,false,1814,0,false,Metal,Apple M5 Pro,0
arabic,sparse_novel_counter,softwrap,40,12,15,7083,1159667,10292,Menlo,16,1,release,8,24,3,false,1814,0,false,Metal,Apple M5 Pro,0
arabic,sparse_novel_counter,softwrap,40,12,16,6958,1174000,10417,Menlo,16,1,release,8,24,3,false,1814,0,false,Metal,Apple M5 Pro,0
arabic,sparse_novel_counter,softwrap,40,12,17,6958,1153584,10375,Menlo,16,1,release,8,24,3,false,1814,0,false,Metal,Apple M5 Pro,0
arabic,sparse_novel_counter,softwrap,40,12,18,6958,1208541,10584,Menlo,16,1,release,8,24,3,false,1814,0,false,Metal,Apple M5 Pro,0
arabic,sparse_novel_counter,softwrap,40,12,19,8792,1222833,10375,Menlo,16,1,release,8,24,3,false,1814,0,false,Metal,Apple M5 Pro,0
arabic,sparse_novel_counter,softwrap,40,12,20,7583,1164167,10334,Menlo,16,1,release,8,24,3,false,1814,0,false,Metal,Apple M5 Pro,0
arabic,sparse_novel_counter,softwrap,40,12,21,7333,1150375,10334,Menlo,16,1,release,8,24,3,false,1814,0,false,Metal,Apple M5 Pro,0
arabic,sparse_novel_counter,softwrap,40,12,22,7000,1149250,10417,Menlo,16,1,release,8,24,3,false,1814,0,false,Metal,Apple M5 Pro,0
arabic,sparse_novel_counter,softwrap,40,12,23,6958,1166250,10417,Menlo,16,1,release,8,24,3,false,1814,0,false,Metal,Apple M5 Pro,0
arabic,scroll_cycle,explicit_rows,40,12,0,3666,3834,9875,Menlo,16,1,release,8,24,3,false,0,0,false,Metal,Apple M5 Pro,3
arabic,scroll_cycle,explicit_rows,40,12,1,3708,4042,10042,Menlo,16,1,release,8,24,3,false,0,0,false,Metal,Apple M5 Pro,6
arabic,scroll_cycle,explicit_rows,40,12,2,3708,4042,9875,Menlo,16,1,release,8,24,3,false,0,0,false,Metal,Apple M5 Pro,9
arabic,scroll_cycle,explicit_rows,40,12,3,3625,4042,9875,Menlo,16,1,release,8,24,3,false,0,0,false,Metal,Apple M5 Pro,12
arabic,scroll_cycle,explicit_rows,40,12,4,3666,4000,10042,Menlo,16,1,release,8,24,3,false,0,0,false,Metal,Apple M5 Pro,9
arabic,scroll_cycle,explicit_rows,40,12,5,3750,4042,10166,Menlo,16,1,release,8,24,3,false,0,0,false,Metal,Apple M5 Pro,6
arabic,scroll_cycle,explicit_rows,40,12,6,3583,4042,10042,Menlo,16,1,release,8,24,3,false,0,0,false,Metal,Apple M5 Pro,3
arabic,scroll_cycle,explicit_rows,40,12,7,3625,4125,10000,Menlo,16,1,release,8,24,3,false,0,0,false,Metal,Apple M5 Pro,0
arabic,scroll_cycle,explicit_rows,40,12,8,3625,4083,9958,Menlo,16,1,release,8,24,3,false,0,0,false,Metal,Apple M5 Pro,3
arabic,scroll_cycle,explicit_rows,40,12,9,3625,4083,9667,Menlo,16,1,release,8,24,3,false,0,0,false,Metal,Apple M5 Pro,6
arabic,scroll_cycle,explicit_rows,40,12,10,3667,4042,10042,Menlo,16,1,release,8,24,3,false,0,0,false,Metal,Apple M5 Pro,9
arabic,scroll_cycle,explicit_rows,40,12,11,3625,3750,10084,Menlo,16,1,release,8,24,3,false,0,0,false,Metal,Apple M5 Pro,12
arabic,scroll_cycle,explicit_rows,40,12,12,3625,4000,10083,Menlo,16,1,release,8,24,3,false,0,0,false,Metal,Apple M5 Pro,9
arabic,scroll_cycle,explicit_rows,40,12,13,3583,3833,10084,Menlo,16,1,release,8,24,3,false,0,0,false,Metal,Apple M5 Pro,6
arabic,scroll_cycle,explicit_rows,40,12,14,3625,3708,10125,Menlo,16,1,release,8,24,3,false,0,0,false,Metal,Apple M5 Pro,3
arabic,scroll_cycle,explicit_rows,40,12,15,3625,4041,10250,Menlo,16,1,release,8,24,3,false,0,0,false,Metal,Apple M5 Pro,0
arabic,scroll_cycle,explicit_rows,40,12,16,3625,4042,10166,Menlo,16,1,release,8,24,3,false,0,0,false,Metal,Apple M5 Pro,3
arabic,scroll_cycle,explicit_rows,40,12,17,3792,4125,10125,Menlo,16,1,release,8,24,3,false,0,0,false,Metal,Apple M5 Pro,6
arabic,scroll_cycle,explicit_rows,40,12,18,3666,4000,10125,Menlo,16,1,release,8,24,3,false,0,0,false,Metal,Apple M5 Pro,9
arabic,scroll_cycle,explicit_rows,40,12,19,3625,4000,10167,Menlo,16,1,release,8,24,3,false,0,0,false,Metal,Apple M5 Pro,12
arabic,scroll_cycle,explicit_rows,40,12,20,3625,4041,10125,Menlo,16,1,release,8,24,3,false,0,0,false,Metal,Apple M5 Pro,9
arabic,scroll_cycle,explicit_rows,40,12,21,3666,4167,10125,Menlo,16,1,release,8,24,3,false,0,0,false,Metal,Apple M5 Pro,6
arabic,scroll_cycle,explicit_rows,40,12,22,3625,4000,9583,Menlo,16,1,release,8,24,3,false,0,0,false,Metal,Apple M5 Pro,3
arabic,scroll_cycle,explicit_rows,40,12,23,3667,4000,9625,Menlo,16,1,release,8,24,3,false,0,0,false,Metal,Apple M5 Pro,0
arabic,scroll_cycle,softwrap,40,12,0,7333,4333,11042,Menlo,16,1,release,8,24,3,false,1605,206,false,Metal,Apple M5 Pro,3
arabic,scroll_cycle,softwrap,40,12,1,7042,4209,11375,Menlo,16,1,release,8,24,3,false,1396,412,false,Metal,Apple M5 Pro,6
arabic,scroll_cycle,softwrap,40,12,2,6959,4167,11375,Menlo,16,1,release,8,24,3,false,1186,618,false,Metal,Apple M5 Pro,9
arabic,scroll_cycle,softwrap,40,12,3,7125,4292,11500,Menlo,16,1,release,8,24,3,false,977,824,false,Metal,Apple M5 Pro,12
arabic,scroll_cycle,softwrap,40,12,4,6875,4417,11292,Menlo,16,1,release,8,24,3,false,1186,618,false,Metal,Apple M5 Pro,9
arabic,scroll_cycle,softwrap,40,12,5,6708,4125,11208,Menlo,16,1,release,8,24,3,false,1396,412,false,Metal,Apple M5 Pro,6
arabic,scroll_cycle,softwrap,40,12,6,6750,4459,11084,Menlo,16,1,release,8,24,3,false,1605,206,false,Metal,Apple M5 Pro,3
arabic,scroll_cycle,softwrap,40,12,7,6709,4458,11125,Menlo,16,1,release,8,24,3,false,1814,0,false,Metal,Apple M5 Pro,0
arabic,scroll_cycle,softwrap,40,12,8,6625,4459,11334,Menlo,16,1,release,8,24,3,false,1605,206,false,Metal,Apple M5 Pro,3
arabic,scroll_cycle,softwrap,40,12,9,6750,4458,11375,Menlo,16,1,release,8,24,3,false,1396,412,false,Metal,Apple M5 Pro,6
arabic,scroll_cycle,softwrap,40,12,10,6833,4291,11208,Menlo,16,1,release,8,24,3,false,1186,618,false,Metal,Apple M5 Pro,9
arabic,scroll_cycle,softwrap,40,12,11,6833,4250,11417,Menlo,16,1,release,8,24,3,false,977,824,false,Metal,Apple M5 Pro,12
arabic,scroll_cycle,softwrap,40,12,12,6667,4250,10750,Menlo,16,1,release,8,24,3,false,1186,618,false,Metal,Apple M5 Pro,9
arabic,scroll_cycle,softwrap,40,12,13,6666,4209,10584,Menlo,16,1,release,8,24,3,false,1396,412,false,Metal,Apple M5 Pro,6
arabic,scroll_cycle,softwrap,40,12,14,6583,4292,10583,Menlo,16,1,release,8,24,3,false,1605,206,false,Metal,Apple M5 Pro,3
arabic,scroll_cycle,softwrap,40,12,15,6667,4250,10958,Menlo,16,1,release,8,24,3,false,1814,0,false,Metal,Apple M5 Pro,0
arabic,scroll_cycle,softwrap,40,12,16,6584,4250,11125,Menlo,16,1,release,8,24,3,false,1605,206,false,Metal,Apple M5 Pro,3
arabic,scroll_cycle,softwrap,40,12,17,6625,4250,11167,Menlo,16,1,release,8,24,3,false,1396,412,false,Metal,Apple M5 Pro,6
arabic,scroll_cycle,softwrap,40,12,18,6708,4334,11375,Menlo,16,1,release,8,24,3,false,1186,618,false,Metal,Apple M5 Pro,9
arabic,scroll_cycle,softwrap,40,12,19,6750,4333,11292,Menlo,16,1,release,8,24,3,false,977,824,false,Metal,Apple M5 Pro,12
arabic,scroll_cycle,softwrap,40,12,20,6625,4250,11208,Menlo,16,1,release,8,24,3,false,1186,618,false,Metal,Apple M5 Pro,9
arabic,scroll_cycle,softwrap,40,12,21,6666,4500,11208,Menlo,16,1,release,8,24,3,false,1396,412,false,Metal,Apple M5 Pro,6
arabic,scroll_cycle,softwrap,40,12,22,6584,4500,11250,Menlo,16,1,release,8,24,3,false,1605,206,false,Metal,Apple M5 Pro,3
arabic,scroll_cycle,softwrap,40,12,23,6708,4250,10750,Menlo,16,1,release,8,24,3,false,1814,0,false,Metal,Apple M5 Pro,0
arabic,dense_novel_text,explicit_rows,40,12,0,6750,552625,14959,Menlo,16,1,release,8,24,3,false,0,0,false,Metal,Apple M5 Pro,0
arabic,dense_novel_text,explicit_rows,40,12,1,5792,583958,14833,Menlo,16,1,release,8,24,3,false,0,0,false,Metal,Apple M5 Pro,0
arabic,dense_novel_text,explicit_rows,40,12,2,5625,548958,14834,Menlo,16,1,release,8,24,3,false,0,0,false,Metal,Apple M5 Pro,0
arabic,dense_novel_text,explicit_rows,40,12,3,5625,548250,14958,Menlo,16,1,release,8,24,3,false,0,0,false,Metal,Apple M5 Pro,0
arabic,dense_novel_text,explicit_rows,40,12,4,5584,542375,14834,Menlo,16,1,release,8,24,3,false,0,0,false,Metal,Apple M5 Pro,0
arabic,dense_novel_text,explicit_rows,40,12,5,5625,549917,15916,Menlo,16,1,release,8,24,3,false,0,0,false,Metal,Apple M5 Pro,0
arabic,dense_novel_text,explicit_rows,40,12,6,5667,551291,14959,Menlo,16,1,release,8,24,3,false,0,0,false,Metal,Apple M5 Pro,0
arabic,dense_novel_text,explicit_rows,40,12,7,5666,624250,11958,Menlo,16,1,release,8,24,3,false,0,0,false,Metal,Apple M5 Pro,0
arabic,dense_novel_text,explicit_rows,40,12,8,7000,652417,11792,Menlo,16,1,release,8,24,3,false,0,0,false,Metal,Apple M5 Pro,0
arabic,dense_novel_text,explicit_rows,40,12,9,5583,401292,10958,Menlo,16,1,release,8,24,3,false,0,0,false,Metal,Apple M5 Pro,0
arabic,dense_novel_text,explicit_rows,40,12,10,4083,463375,10416,Menlo,16,1,release,8,24,3,false,0,0,false,Metal,Apple M5 Pro,0
arabic,dense_novel_text,explicit_rows,40,12,11,3917,388167,10416,Menlo,16,1,release,8,24,3,false,0,0,false,Metal,Apple M5 Pro,0
arabic,dense_novel_text,explicit_rows,40,12,12,3792,374916,10375,Menlo,16,1,release,8,24,3,false,0,0,false,Metal,Apple M5 Pro,0
arabic,dense_novel_text,explicit_rows,40,12,13,3875,504917,10791,Menlo,16,1,release,8,24,3,false,0,0,false,Metal,Apple M5 Pro,0
arabic,dense_novel_text,explicit_rows,40,12,14,8458,624000,16209,Menlo,16,1,release,8,24,3,false,0,0,false,Metal,Apple M5 Pro,0
arabic,dense_novel_text,explicit_rows,40,12,15,7625,537916,17875,Menlo,16,1,release,8,24,3,false,0,0,false,Metal,Apple M5 Pro,0
arabic,dense_novel_text,explicit_rows,40,12,16,6542,547250,16250,Menlo,16,1,release,8,24,3,false,0,0,false,Metal,Apple M5 Pro,0
arabic,dense_novel_text,explicit_rows,40,12,17,6333,537958,15583,Menlo,16,1,release,8,24,3,false,0,0,false,Metal,Apple M5 Pro,0
arabic,dense_novel_text,explicit_rows,40,12,18,5917,542791,15334,Menlo,16,1,release,8,24,3,false,0,0,false,Metal,Apple M5 Pro,0
arabic,dense_novel_text,explicit_rows,40,12,19,7083,455250,12166,Menlo,16,1,release,8,24,3,false,0,0,false,Metal,Apple M5 Pro,0
arabic,dense_novel_text,explicit_rows,40,12,20,3833,382750,10250,Menlo,16,1,release,8,24,3,false,0,0,false,Metal,Apple M5 Pro,0
arabic,dense_novel_text,explicit_rows,40,12,21,3750,385042,10250,Menlo,16,1,release,8,24,3,false,0,0,false,Metal,Apple M5 Pro,0
arabic,dense_novel_text,explicit_rows,40,12,22,3709,377500,10291,Menlo,16,1,release,8,24,3,false,0,0,false,Metal,Apple M5 Pro,0
arabic,dense_novel_text,explicit_rows,40,12,23,3750,382084,10125,Menlo,16,1,release,8,24,3,false,0,0,false,Metal,Apple M5 Pro,0
arabic,dense_novel_text,softwrap,40,12,0,6917,1232458,10833,Menlo,16,1,release,8,24,3,false,1814,0,false,Metal,Apple M5 Pro,0
arabic,dense_novel_text,softwrap,40,12,1,8541,1201500,10500,Menlo,16,1,release,8,24,3,false,1814,0,false,Metal,Apple M5 Pro,0
arabic,dense_novel_text,softwrap,40,12,2,9959,1218166,10500,Menlo,16,1,release,8,24,3,false,1814,0,false,Metal,Apple M5 Pro,0
arabic,dense_novel_text,softwrap,40,12,3,7542,1155208,10417,Menlo,16,1,release,8,24,3,false,1814,0,false,Metal,Apple M5 Pro,0
arabic,dense_novel_text,softwrap,40,12,4,7000,1167417,10375,Menlo,16,1,release,8,24,3,false,1814,0,false,Metal,Apple M5 Pro,0
arabic,dense_novel_text,softwrap,40,12,5,7000,1149959,10375,Menlo,16,1,release,8,24,3,false,1814,0,false,Metal,Apple M5 Pro,0
arabic,dense_novel_text,softwrap,40,12,6,6959,1188166,10500,Menlo,16,1,release,8,24,3,false,1814,0,false,Metal,Apple M5 Pro,0
arabic,dense_novel_text,softwrap,40,12,7,6958,1178000,10333,Menlo,16,1,release,8,24,3,false,1814,0,false,Metal,Apple M5 Pro,0
arabic,dense_novel_text,softwrap,40,12,8,6958,1197667,10750,Menlo,16,1,release,8,24,3,false,1814,0,false,Metal,Apple M5 Pro,0
arabic,dense_novel_text,softwrap,40,12,9,7959,1176834,10791,Menlo,16,1,release,8,24,3,false,1814,0,false,Metal,Apple M5 Pro,0
arabic,dense_novel_text,softwrap,40,12,10,7167,1144958,10417,Menlo,16,1,release,8,24,3,false,1814,0,false,Metal,Apple M5 Pro,0
arabic,dense_novel_text,softwrap,40,12,11,6833,1179667,10417,Menlo,16,1,release,8,24,3,false,1814,0,false,Metal,Apple M5 Pro,0
arabic,dense_novel_text,softwrap,40,12,12,6750,1202000,10375,Menlo,16,1,release,8,24,3,false,1814,0,false,Metal,Apple M5 Pro,0
arabic,dense_novel_text,softwrap,40,12,13,6750,1165291,10375,Menlo,16,1,release,8,24,3,false,1814,0,false,Metal,Apple M5 Pro,0
arabic,dense_novel_text,softwrap,40,12,14,6625,1158167,10417,Menlo,16,1,release,8,24,3,false,1814,0,false,Metal,Apple M5 Pro,0
arabic,dense_novel_text,softwrap,40,12,15,6708,1163750,10375,Menlo,16,1,release,8,24,3,false,1814,0,false,Metal,Apple M5 Pro,0
arabic,dense_novel_text,softwrap,40,12,16,6667,1166334,10583,Menlo,16,1,release,8,24,3,false,1814,0,false,Metal,Apple M5 Pro,0
arabic,dense_novel_text,softwrap,40,12,17,7458,1200292,10458,Menlo,16,1,release,8,24,3,false,1814,0,false,Metal,Apple M5 Pro,0
arabic,dense_novel_text,softwrap,40,12,18,7125,1194333,10417,Menlo,16,1,release,8,24,3,false,1814,0,false,Metal,Apple M5 Pro,0
arabic,dense_novel_text,softwrap,40,12,19,6791,1179000,10333,Menlo,16,1,release,8,24,3,false,1814,0,false,Metal,Apple M5 Pro,0
arabic,dense_novel_text,softwrap,40,12,20,6750,1166042,10291,Menlo,16,1,release,8,24,3,false,1814,0,false,Metal,Apple M5 Pro,0
arabic,dense_novel_text,softwrap,40,12,21,6667,1158167,10333,Menlo,16,1,release,8,24,3,false,1814,0,false,Metal,Apple M5 Pro,0
arabic,dense_novel_text,softwrap,40,12,22,6792,1142666,10500,Menlo,16,1,release,8,24,3,false,1814,0,false,Metal,Apple M5 Pro,0
arabic,dense_novel_text,softwrap,40,12,23,6667,1142250,10375,Menlo,16,1,release,8,24,3,false,1814,0,false,Metal,Apple M5 Pro,0
rtl_context_ltr_viewport,sparse_novel_counter,explicit_rows,40,12,0,3583,4875,625,Menlo,16,1,release,8,24,3,false,0,0,false,Metal,Apple M5 Pro,0
rtl_context_ltr_viewport,sparse_novel_counter,explicit_rows,40,12,1,3666,5083,20583,Menlo,16,1,release,8,24,3,false,0,0,false,Metal,Apple M5 Pro,0
rtl_context_ltr_viewport,sparse_novel_counter,explicit_rows,40,12,2,3708,5542,750,Menlo,16,1,release,8,24,3,false,0,0,false,Metal,Apple M5 Pro,0
rtl_context_ltr_viewport,sparse_novel_counter,explicit_rows,40,12,3,3708,5167,666,Menlo,16,1,release,8,24,3,false,0,0,false,Metal,Apple M5 Pro,0
rtl_context_ltr_viewport,sparse_novel_counter,explicit_rows,40,12,4,3625,5750,708,Menlo,16,1,release,8,24,3,false,0,0,false,Metal,Apple M5 Pro,0
rtl_context_ltr_viewport,sparse_novel_counter,explicit_rows,40,12,5,3666,4875,708,Menlo,16,1,release,8,24,3,false,0,0,false,Metal,Apple M5 Pro,0
rtl_context_ltr_viewport,sparse_novel_counter,explicit_rows,40,12,6,3708,4917,708,Menlo,16,1,release,8,24,3,false,0,0,false,Metal,Apple M5 Pro,0
rtl_context_ltr_viewport,sparse_novel_counter,explicit_rows,40,12,7,3625,4792,666,Menlo,16,1,release,8,24,3,false,0,0,false,Metal,Apple M5 Pro,0
rtl_context_ltr_viewport,sparse_novel_counter,explicit_rows,40,12,8,3625,4833,666,Menlo,16,1,release,8,24,3,false,0,0,false,Metal,Apple M5 Pro,0
rtl_context_ltr_viewport,sparse_novel_counter,explicit_rows,40,12,9,3625,12292,667,Menlo,16,1,release,8,24,3,false,0,0,false,Metal,Apple M5 Pro,0
rtl_context_ltr_viewport,sparse_novel_counter,explicit_rows,40,12,10,3667,5583,667,Menlo,16,1,release,8,24,3,false,0,0,false,Metal,Apple M5 Pro,0
rtl_context_ltr_viewport,sparse_novel_counter,explicit_rows,40,12,11,3666,5084,20250,Menlo,16,1,release,8,24,3,false,0,0,false,Metal,Apple M5 Pro,0
rtl_context_ltr_viewport,sparse_novel_counter,explicit_rows,40,12,12,3667,5000,750,Menlo,16,1,release,8,24,3,false,0,0,false,Metal,Apple M5 Pro,0
rtl_context_ltr_viewport,sparse_novel_counter,explicit_rows,40,12,13,3625,5083,708,Menlo,16,1,release,8,24,3,false,0,0,false,Metal,Apple M5 Pro,0
rtl_context_ltr_viewport,sparse_novel_counter,explicit_rows,40,12,14,3625,5792,666,Menlo,16,1,release,8,24,3,false,0,0,false,Metal,Apple M5 Pro,0
rtl_context_ltr_viewport,sparse_novel_counter,explicit_rows,40,12,15,3667,4917,666,Menlo,16,1,release,8,24,3,false,0,0,false,Metal,Apple M5 Pro,0
rtl_context_ltr_viewport,sparse_novel_counter,explicit_rows,40,12,16,3625,5541,709,Menlo,16,1,release,8,24,3,false,0,0,false,Metal,Apple M5 Pro,0
rtl_context_ltr_viewport,sparse_novel_counter,explicit_rows,40,12,17,3666,5000,667,Menlo,16,1,release,8,24,3,false,0,0,false,Metal,Apple M5 Pro,0
rtl_context_ltr_viewport,sparse_novel_counter,explicit_rows,40,12,18,3625,4791,625,Menlo,16,1,release,8,24,3,false,0,0,false,Metal,Apple M5 Pro,0
rtl_context_ltr_viewport,sparse_novel_counter,explicit_rows,40,12,19,3666,4875,667,Menlo,16,1,release,8,24,3,false,0,0,false,Metal,Apple M5 Pro,0
rtl_context_ltr_viewport,sparse_novel_counter,explicit_rows,40,12,20,3625,4833,625,Menlo,16,1,release,8,24,3,false,0,0,false,Metal,Apple M5 Pro,0
rtl_context_ltr_viewport,sparse_novel_counter,explicit_rows,40,12,21,3625,4916,18625,Menlo,16,1,release,8,24,3,false,0,0,false,Metal,Apple M5 Pro,0
rtl_context_ltr_viewport,sparse_novel_counter,explicit_rows,40,12,22,3667,5875,666,Menlo,16,1,release,8,24,3,false,0,0,false,Metal,Apple M5 Pro,0
rtl_context_ltr_viewport,sparse_novel_counter,explicit_rows,40,12,23,3625,4917,708,Menlo,16,1,release,8,24,3,false,0,0,false,Metal,Apple M5 Pro,0
rtl_context_ltr_viewport,sparse_novel_counter,softwrap,40,12,0,6542,343042,9959,Menlo,16,1,release,8,24,3,false,1081,0,false,Metal,Apple M5 Pro,0
rtl_context_ltr_viewport,sparse_novel_counter,softwrap,40,12,1,6583,341708,9917,Menlo,16,1,release,8,24,3,false,1081,0,false,Metal,Apple M5 Pro,0
rtl_context_ltr_viewport,sparse_novel_counter,softwrap,40,12,2,6625,356583,9958,Menlo,16,1,release,8,24,3,false,1081,0,false,Metal,Apple M5 Pro,0
rtl_context_ltr_viewport,sparse_novel_counter,softwrap,40,12,3,6583,358292,9958,Menlo,16,1,release,8,24,3,false,1081,0,false,Metal,Apple M5 Pro,0
rtl_context_ltr_viewport,sparse_novel_counter,softwrap,40,12,4,6625,344708,9917,Menlo,16,1,release,8,24,3,false,1081,0,false,Metal,Apple M5 Pro,0
rtl_context_ltr_viewport,sparse_novel_counter,softwrap,40,12,5,6667,345458,9875,Menlo,16,1,release,8,24,3,false,1081,0,false,Metal,Apple M5 Pro,0
rtl_context_ltr_viewport,sparse_novel_counter,softwrap,40,12,6,6625,362542,9917,Menlo,16,1,release,8,24,3,false,1081,0,false,Metal,Apple M5 Pro,0
rtl_context_ltr_viewport,sparse_novel_counter,softwrap,40,12,7,6625,343792,9917,Menlo,16,1,release,8,24,3,false,1081,0,false,Metal,Apple M5 Pro,0
rtl_context_ltr_viewport,sparse_novel_counter,softwrap,40,12,8,6625,348167,9958,Menlo,16,1,release,8,24,3,false,1081,0,false,Metal,Apple M5 Pro,0
rtl_context_ltr_viewport,sparse_novel_counter,softwrap,40,12,9,6750,342917,9916,Menlo,16,1,release,8,24,3,false,1081,0,false,Metal,Apple M5 Pro,0
rtl_context_ltr_viewport,sparse_novel_counter,softwrap,40,12,10,6708,382708,10000,Menlo,16,1,release,8,24,3,false,1081,0,false,Metal,Apple M5 Pro,0
rtl_context_ltr_viewport,sparse_novel_counter,softwrap,40,12,11,7625,369083,9916,Menlo,16,1,release,8,24,3,false,1081,0,false,Metal,Apple M5 Pro,0
rtl_context_ltr_viewport,sparse_novel_counter,softwrap,40,12,12,6916,350167,9958,Menlo,16,1,release,8,24,3,false,1081,0,false,Metal,Apple M5 Pro,0
rtl_context_ltr_viewport,sparse_novel_counter,softwrap,40,12,13,6750,349333,9917,Menlo,16,1,release,8,24,3,false,1081,0,false,Metal,Apple M5 Pro,0
rtl_context_ltr_viewport,sparse_novel_counter,softwrap,40,12,14,6417,346750,9916,Menlo,16,1,release,8,24,3,false,1081,0,false,Metal,Apple M5 Pro,0
rtl_context_ltr_viewport,sparse_novel_counter,softwrap,40,12,15,6417,344917,9917,Menlo,16,1,release,8,24,3,false,1081,0,false,Metal,Apple M5 Pro,0
rtl_context_ltr_viewport,sparse_novel_counter,softwrap,40,12,16,6625,345667,9916,Menlo,16,1,release,8,24,3,false,1081,0,false,Metal,Apple M5 Pro,0
rtl_context_ltr_viewport,sparse_novel_counter,softwrap,40,12,17,6542,352959,10084,Menlo,16,1,release,8,24,3,false,1081,0,false,Metal,Apple M5 Pro,0
rtl_context_ltr_viewport,sparse_novel_counter,softwrap,40,12,18,6500,347542,9875,Menlo,16,1,release,8,24,3,false,1081,0,false,Metal,Apple M5 Pro,0
rtl_context_ltr_viewport,sparse_novel_counter,softwrap,40,12,19,6708,354333,10042,Menlo,16,1,release,8,24,3,false,1081,0,false,Metal,Apple M5 Pro,0
rtl_context_ltr_viewport,sparse_novel_counter,softwrap,40,12,20,6584,346500,9875,Menlo,16,1,release,8,24,3,false,1081,0,false,Metal,Apple M5 Pro,0
rtl_context_ltr_viewport,sparse_novel_counter,softwrap,40,12,21,6500,346167,9917,Menlo,16,1,release,8,24,3,false,1081,0,false,Metal,Apple M5 Pro,0
rtl_context_ltr_viewport,sparse_novel_counter,softwrap,40,12,22,6625,344792,9875,Menlo,16,1,release,8,24,3,false,1081,0,false,Metal,Apple M5 Pro,0
rtl_context_ltr_viewport,sparse_novel_counter,softwrap,40,12,23,6417,345833,9916,Menlo,16,1,release,8,24,3,false,1081,0,false,Metal,Apple M5 Pro,0
rtl_context_ltr_viewport,scroll_cycle,explicit_rows,40,12,0,3667,3750,7041,Menlo,16,1,release,8,24,3,false,0,0,false,Metal,Apple M5 Pro,3
rtl_context_ltr_viewport,scroll_cycle,explicit_rows,40,12,1,3709,4000,7208,Menlo,16,1,release,8,24,3,false,0,0,false,Metal,Apple M5 Pro,6
rtl_context_ltr_viewport,scroll_cycle,explicit_rows,40,12,2,3708,4209,7291,Menlo,16,1,release,8,24,3,false,0,0,false,Metal,Apple M5 Pro,9
rtl_context_ltr_viewport,scroll_cycle,explicit_rows,40,12,3,3667,4333,7500,Menlo,16,1,release,8,24,3,false,0,0,false,Metal,Apple M5 Pro,12
rtl_context_ltr_viewport,scroll_cycle,explicit_rows,40,12,4,3625,3917,7125,Menlo,16,1,release,8,24,3,false,0,0,false,Metal,Apple M5 Pro,9
rtl_context_ltr_viewport,scroll_cycle,explicit_rows,40,12,5,3625,3958,7042,Menlo,16,1,release,8,24,3,false,0,0,false,Metal,Apple M5 Pro,6
rtl_context_ltr_viewport,scroll_cycle,explicit_rows,40,12,6,3625,3875,7125,Menlo,16,1,release,8,24,3,false,0,0,false,Metal,Apple M5 Pro,3
rtl_context_ltr_viewport,scroll_cycle,explicit_rows,40,12,7,3667,3958,7000,Menlo,16,1,release,8,24,3,false,0,0,false,Metal,Apple M5 Pro,0
rtl_context_ltr_viewport,scroll_cycle,explicit_rows,40,12,8,3667,3958,7000,Menlo,16,1,release,8,24,3,false,0,0,false,Metal,Apple M5 Pro,3
rtl_context_ltr_viewport,scroll_cycle,explicit_rows,40,12,9,3625,3917,6709,Menlo,16,1,release,8,24,3,false,0,0,false,Metal,Apple M5 Pro,6
rtl_context_ltr_viewport,scroll_cycle,explicit_rows,40,12,10,3583,3958,6583,Menlo,16,1,release,8,24,3,false,0,0,false,Metal,Apple M5 Pro,9
rtl_context_ltr_viewport,scroll_cycle,explicit_rows,40,12,11,3667,4208,6667,Menlo,16,1,release,8,24,3,false,0,0,false,Metal,Apple M5 Pro,12
rtl_context_ltr_viewport,scroll_cycle,explicit_rows,40,12,12,3625,4250,6625,Menlo,16,1,release,8,24,3,false,0,0,false,Metal,Apple M5 Pro,9
rtl_context_ltr_viewport,scroll_cycle,explicit_rows,40,12,13,3625,4250,6708,Menlo,16,1,release,8,24,3,false,0,0,false,Metal,Apple M5 Pro,6
rtl_context_ltr_viewport,scroll_cycle,explicit_rows,40,12,14,3625,4250,6542,Menlo,16,1,release,8,24,3,false,0,0,false,Metal,Apple M5 Pro,3
rtl_context_ltr_viewport,scroll_cycle,explicit_rows,40,12,15,3666,4167,6666,Menlo,16,1,release,8,24,3,false,0,0,false,Metal,Apple M5 Pro,0
rtl_context_ltr_viewport,scroll_cycle,explicit_rows,40,12,16,3583,4125,6583,Menlo,16,1,release,8,24,3,false,0,0,false,Metal,Apple M5 Pro,3
rtl_context_ltr_viewport,scroll_cycle,explicit_rows,40,12,17,3584,4125,6583,Menlo,16,1,release,8,24,3,false,0,0,false,Metal,Apple M5 Pro,6
rtl_context_ltr_viewport,scroll_cycle,explicit_rows,40,12,18,3625,4166,6584,Menlo,16,1,release,8,24,3,false,0,0,false,Metal,Apple M5 Pro,9
rtl_context_ltr_viewport,scroll_cycle,explicit_rows,40,12,19,3625,4167,6583,Menlo,16,1,release,8,24,3,false,0,0,false,Metal,Apple M5 Pro,12
rtl_context_ltr_viewport,scroll_cycle,explicit_rows,40,12,20,3625,4208,6584,Menlo,16,1,release,8,24,3,false,0,0,false,Metal,Apple M5 Pro,9
rtl_context_ltr_viewport,scroll_cycle,explicit_rows,40,12,21,3625,4125,6542,Menlo,16,1,release,8,24,3,false,0,0,false,Metal,Apple M5 Pro,6
rtl_context_ltr_viewport,scroll_cycle,explicit_rows,40,12,22,3625,4125,6583,Menlo,16,1,release,8,24,3,false,0,0,false,Metal,Apple M5 Pro,3
rtl_context_ltr_viewport,scroll_cycle,explicit_rows,40,12,23,3667,4250,6583,Menlo,16,1,release,8,24,3,false,0,0,false,Metal,Apple M5 Pro,0
rtl_context_ltr_viewport,scroll_cycle,softwrap,40,12,0,6500,4208,10792,Menlo,16,1,release,8,24,3,false,959,122,false,Metal,Apple M5 Pro,3
rtl_context_ltr_viewport,scroll_cycle,softwrap,40,12,1,6417,4167,11041,Menlo,16,1,release,8,24,3,false,837,243,false,Metal,Apple M5 Pro,6
rtl_context_ltr_viewport,scroll_cycle,softwrap,40,12,2,6375,4208,10958,Menlo,16,1,release,8,24,3,false,715,365,false,Metal,Apple M5 Pro,9
rtl_context_ltr_viewport,scroll_cycle,softwrap,40,12,3,6333,4167,11041,Menlo,16,1,release,8,24,3,false,593,487,false,Metal,Apple M5 Pro,12
rtl_context_ltr_viewport,scroll_cycle,softwrap,40,12,4,6209,4084,31500,Menlo,16,1,release,8,24,3,false,715,365,false,Metal,Apple M5 Pro,9
rtl_context_ltr_viewport,scroll_cycle,softwrap,40,12,5,8333,4708,11000,Menlo,16,1,release,8,24,3,false,837,243,false,Metal,Apple M5 Pro,6
rtl_context_ltr_viewport,scroll_cycle,softwrap,40,12,6,7083,4625,11084,Menlo,16,1,release,8,24,3,false,959,122,false,Metal,Apple M5 Pro,3
rtl_context_ltr_viewport,scroll_cycle,softwrap,40,12,7,6750,4166,9959,Menlo,16,1,release,8,24,3,false,1081,0,false,Metal,Apple M5 Pro,0
rtl_context_ltr_viewport,scroll_cycle,softwrap,40,12,8,6625,4292,10791,Menlo,16,1,release,8,24,3,false,959,122,false,Metal,Apple M5 Pro,3
rtl_context_ltr_viewport,scroll_cycle,softwrap,40,12,9,6541,4334,10833,Menlo,16,1,release,8,24,3,false,837,243,false,Metal,Apple M5 Pro,6
rtl_context_ltr_viewport,scroll_cycle,softwrap,40,12,10,6625,4125,10875,Menlo,16,1,release,8,24,3,false,715,365,false,Metal,Apple M5 Pro,9
rtl_context_ltr_viewport,scroll_cycle,softwrap,40,12,11,6541,4375,11000,Menlo,16,1,release,8,24,3,false,593,487,false,Metal,Apple M5 Pro,12
rtl_context_ltr_viewport,scroll_cycle,softwrap,40,12,12,6458,4292,10958,Menlo,16,1,release,8,24,3,false,715,365,false,Metal,Apple M5 Pro,9
rtl_context_ltr_viewport,scroll_cycle,softwrap,40,12,13,6417,4125,10958,Menlo,16,1,release,8,24,3,false,837,243,false,Metal,Apple M5 Pro,6
rtl_context_ltr_viewport,scroll_cycle,softwrap,40,12,14,6416,4292,10791,Menlo,16,1,release,8,24,3,false,959,122,false,Metal,Apple M5 Pro,3
rtl_context_ltr_viewport,scroll_cycle,softwrap,40,12,15,6416,4292,9958,Menlo,16,1,release,8,24,3,false,1081,0,false,Metal,Apple M5 Pro,0
rtl_context_ltr_viewport,scroll_cycle,softwrap,40,12,16,6375,4000,10542,Menlo,16,1,release,8,24,3,false,959,122,false,Metal,Apple M5 Pro,3
rtl_context_ltr_viewport,scroll_cycle,softwrap,40,12,17,6500,4084,22834,Menlo,16,1,release,8,24,3,false,837,243,false,Metal,Apple M5 Pro,6
rtl_context_ltr_viewport,scroll_cycle,softwrap,40,12,18,6416,4000,10333,Menlo,16,1,release,8,24,3,false,715,365,false,Metal,Apple M5 Pro,9
rtl_context_ltr_viewport,scroll_cycle,softwrap,40,12,19,6459,4041,10292,Menlo,16,1,release,8,24,3,false,593,487,false,Metal,Apple M5 Pro,12
rtl_context_ltr_viewport,scroll_cycle,softwrap,40,12,20,6417,4292,10250,Menlo,16,1,release,8,24,3,false,715,365,false,Metal,Apple M5 Pro,9
rtl_context_ltr_viewport,scroll_cycle,softwrap,40,12,21,6375,4292,10250,Menlo,16,1,release,8,24,3,false,837,243,false,Metal,Apple M5 Pro,6
rtl_context_ltr_viewport,scroll_cycle,softwrap,40,12,22,6333,4250,10250,Menlo,16,1,release,8,24,3,false,959,122,false,Metal,Apple M5 Pro,3
rtl_context_ltr_viewport,scroll_cycle,softwrap,40,12,23,6375,4041,9375,Menlo,16,1,release,8,24,3,false,1081,0,false,Metal,Apple M5 Pro,0
rtl_context_ltr_viewport,dense_novel_text,explicit_rows,40,12,0,3625,17542,6709,Menlo,16,1,release,8,24,3,false,0,0,false,Metal,Apple M5 Pro,0
rtl_context_ltr_viewport,dense_novel_text,explicit_rows,40,12,1,3666,44208,22167,Menlo,16,1,release,8,24,3,false,0,0,false,Metal,Apple M5 Pro,0
rtl_context_ltr_viewport,dense_novel_text,explicit_rows,40,12,2,3708,17375,7208,Menlo,16,1,release,8,24,3,false,0,0,false,Metal,Apple M5 Pro,0
rtl_context_ltr_viewport,dense_novel_text,explicit_rows,40,12,3,3584,15875,6875,Menlo,16,1,release,8,24,3,false,0,0,false,Metal,Apple M5 Pro,0
rtl_context_ltr_viewport,dense_novel_text,explicit_rows,40,12,4,3625,16833,6792,Menlo,16,1,release,8,24,3,false,0,0,false,Metal,Apple M5 Pro,0
rtl_context_ltr_viewport,dense_novel_text,explicit_rows,40,12,5,3625,15792,6916,Menlo,16,1,release,8,24,3,false,0,0,false,Metal,Apple M5 Pro,0
rtl_context_ltr_viewport,dense_novel_text,explicit_rows,40,12,6,3625,16334,6833,Menlo,16,1,release,8,24,3,false,0,0,false,Metal,Apple M5 Pro,0
rtl_context_ltr_viewport,dense_novel_text,explicit_rows,40,12,7,3667,16250,6792,Menlo,16,1,release,8,24,3,false,0,0,false,Metal,Apple M5 Pro,0
rtl_context_ltr_viewport,dense_novel_text,explicit_rows,40,12,8,3667,16458,6875,Menlo,16,1,release,8,24,3,false,0,0,false,Metal,Apple M5 Pro,0
rtl_context_ltr_viewport,dense_novel_text,explicit_rows,40,12,9,3667,16917,6916,Menlo,16,1,release,8,24,3,false,0,0,false,Metal,Apple M5 Pro,0
rtl_context_ltr_viewport,dense_novel_text,explicit_rows,40,12,10,3625,74292,6791,Menlo,16,1,release,8,24,3,false,0,0,false,Metal,Apple M5 Pro,0
rtl_context_ltr_viewport,dense_novel_text,explicit_rows,40,12,11,3667,16167,20833,Menlo,16,1,release,8,24,3,false,0,0,false,Metal,Apple M5 Pro,0
rtl_context_ltr_viewport,dense_novel_text,explicit_rows,40,12,12,3709,15750,7167,Menlo,16,1,release,8,24,3,false,0,0,false,Metal,Apple M5 Pro,0
rtl_context_ltr_viewport,dense_novel_text,explicit_rows,40,12,13,3750,18417,7083,Menlo,16,1,release,8,24,3,false,0,0,false,Metal,Apple M5 Pro,0
rtl_context_ltr_viewport,dense_novel_text,explicit_rows,40,12,14,3667,18833,7291,Menlo,16,1,release,8,24,3,false,0,0,false,Metal,Apple M5 Pro,0
rtl_context_ltr_viewport,dense_novel_text,explicit_rows,40,12,15,3667,18334,7292,Menlo,16,1,release,8,24,3,false,0,0,false,Metal,Apple M5 Pro,0
rtl_context_ltr_viewport,dense_novel_text,explicit_rows,40,12,16,3875,18791,6875,Menlo,16,1,release,8,24,3,false,0,0,false,Metal,Apple M5 Pro,0
rtl_context_ltr_viewport,dense_novel_text,explicit_rows,40,12,17,3625,19041,6875,Menlo,16,1,release,8,24,3,false,0,0,false,Metal,Apple M5 Pro,0
rtl_context_ltr_viewport,dense_novel_text,explicit_rows,40,12,18,3625,18625,6875,Menlo,16,1,release,8,24,3,false,0,0,false,Metal,Apple M5 Pro,0
rtl_context_ltr_viewport,dense_novel_text,explicit_rows,40,12,19,3625,18375,6875,Menlo,16,1,release,8,24,3,false,0,0,false,Metal,Apple M5 Pro,0
rtl_context_ltr_viewport,dense_novel_text,explicit_rows,40,12,20,3667,18292,6959,Menlo,16,1,release,8,24,3,false,0,0,false,Metal,Apple M5 Pro,0
rtl_context_ltr_viewport,dense_novel_text,explicit_rows,40,12,21,3625,18708,18792,Menlo,16,1,release,8,24,3,false,0,0,false,Metal,Apple M5 Pro,0
rtl_context_ltr_viewport,dense_novel_text,explicit_rows,40,12,22,3666,18334,7375,Menlo,16,1,release,8,24,3,false,0,0,false,Metal,Apple M5 Pro,0
rtl_context_ltr_viewport,dense_novel_text,explicit_rows,40,12,23,3625,18500,7291,Menlo,16,1,release,8,24,3,false,0,0,false,Metal,Apple M5 Pro,0
rtl_context_ltr_viewport,dense_novel_text,softwrap,40,12,0,6458,344083,10083,Menlo,16,1,release,8,24,3,false,1081,0,false,Metal,Apple M5 Pro,0
rtl_context_ltr_viewport,dense_novel_text,softwrap,40,12,1,6417,345583,10084,Menlo,16,1,release,8,24,3,false,1081,0,false,Metal,Apple M5 Pro,0
rtl_context_ltr_viewport,dense_novel_text,softwrap,40,12,2,6417,345583,9959,Menlo,16,1,release,8,24,3,false,1081,0,false,Metal,Apple M5 Pro,0
rtl_context_ltr_viewport,dense_novel_text,softwrap,40,12,3,6417,345125,9958,Menlo,16,1,release,8,24,3,false,1081,0,false,Metal,Apple M5 Pro,0
rtl_context_ltr_viewport,dense_novel_text,softwrap,40,12,4,6417,344625,10041,Menlo,16,1,release,8,24,3,false,1081,0,false,Metal,Apple M5 Pro,0
rtl_context_ltr_viewport,dense_novel_text,softwrap,40,12,5,6500,390791,15375,Menlo,16,1,release,8,24,3,false,1081,0,false,Metal,Apple M5 Pro,0
rtl_context_ltr_viewport,dense_novel_text,softwrap,40,12,6,6833,372875,10000,Menlo,16,1,release,8,24,3,false,1081,0,false,Metal,Apple M5 Pro,0
rtl_context_ltr_viewport,dense_novel_text,softwrap,40,12,7,6458,361458,9958,Menlo,16,1,release,8,24,3,false,1081,0,false,Metal,Apple M5 Pro,0
rtl_context_ltr_viewport,dense_novel_text,softwrap,40,12,8,6416,359083,10000,Menlo,16,1,release,8,24,3,false,1081,0,false,Metal,Apple M5 Pro,0
rtl_context_ltr_viewport,dense_novel_text,softwrap,40,12,9,6459,353833,9958,Menlo,16,1,release,8,24,3,false,1081,0,false,Metal,Apple M5 Pro,0
rtl_context_ltr_viewport,dense_novel_text,softwrap,40,12,10,6375,348666,10000,Menlo,16,1,release,8,24,3,false,1081,0,false,Metal,Apple M5 Pro,0
rtl_context_ltr_viewport,dense_novel_text,softwrap,40,12,11,6291,347917,9917,Menlo,16,1,release,8,24,3,false,1081,0,false,Metal,Apple M5 Pro,0
rtl_context_ltr_viewport,dense_novel_text,softwrap,40,12,12,6292,342583,9959,Menlo,16,1,release,8,24,3,false,1081,0,false,Metal,Apple M5 Pro,0
rtl_context_ltr_viewport,dense_novel_text,softwrap,40,12,13,6292,347208,20708,Menlo,16,1,release,8,24,3,false,1081,0,false,Metal,Apple M5 Pro,0
rtl_context_ltr_viewport,dense_novel_text,softwrap,40,12,14,6375,356375,9917,Menlo,16,1,release,8,24,3,false,1081,0,false,Metal,Apple M5 Pro,0
rtl_context_ltr_viewport,dense_novel_text,softwrap,40,12,15,6333,347250,9917,Menlo,16,1,release,8,24,3,false,1081,0,false,Metal,Apple M5 Pro,0
rtl_context_ltr_viewport,dense_novel_text,softwrap,40,12,16,6292,347041,10000,Menlo,16,1,release,8,24,3,false,1081,0,false,Metal,Apple M5 Pro,0
rtl_context_ltr_viewport,dense_novel_text,softwrap,40,12,17,6333,345250,10000,Menlo,16,1,release,8,24,3,false,1081,0,false,Metal,Apple M5 Pro,0
rtl_context_ltr_viewport,dense_novel_text,softwrap,40,12,18,6375,348250,10042,Menlo,16,1,release,8,24,3,false,1081,0,false,Metal,Apple M5 Pro,0
rtl_context_ltr_viewport,dense_novel_text,softwrap,40,12,19,6292,347708,9916,Menlo,16,1,release,8,24,3,false,1081,0,false,Metal,Apple M5 Pro,0
rtl_context_ltr_viewport,dense_novel_text,softwrap,40,12,20,6291,347625,9917,Menlo,16,1,release,8,24,3,false,1081,0,false,Metal,Apple M5 Pro,0
rtl_context_ltr_viewport,dense_novel_text,softwrap,40,12,21,6250,347958,9958,Menlo,16,1,release,8,24,3,false,1081,0,false,Metal,Apple M5 Pro,0
rtl_context_ltr_viewport,dense_novel_text,softwrap,40,12,22,6375,349583,9916,Menlo,16,1,release,8,24,3,false,1081,0,false,Metal,Apple M5 Pro,0
rtl_context_ltr_viewport,dense_novel_text,softwrap,40,12,23,6291,347000,9958,Menlo,16,1,release,8,24,3,false,1081,0,false,Metal,Apple M5 Pro,0
latin_accents,sparse_novel_counter,explicit_rows,81,25,0,15792,73417,2084,Menlo,16,1,release,8,24,3,false,0,0,false,Metal,Apple M5 Pro,0
latin_accents,sparse_novel_counter,explicit_rows,81,25,1,16500,44042,2000,Menlo,16,1,release,8,24,3,false,0,0,false,Metal,Apple M5 Pro,0
latin_accents,sparse_novel_counter,explicit_rows,81,25,2,15917,42875,1958,Menlo,16,1,release,8,24,3,false,0,0,false,Metal,Apple M5 Pro,0
latin_accents,sparse_novel_counter,explicit_rows,81,25,3,15792,41000,1917,Menlo,16,1,release,8,24,3,false,0,0,false,Metal,Apple M5 Pro,0
latin_accents,sparse_novel_counter,explicit_rows,81,25,4,15750,41584,1958,Menlo,16,1,release,8,24,3,false,0,0,false,Metal,Apple M5 Pro,0
latin_accents,sparse_novel_counter,explicit_rows,81,25,5,15625,42958,1958,Menlo,16,1,release,8,24,3,false,0,0,false,Metal,Apple M5 Pro,0
latin_accents,sparse_novel_counter,explicit_rows,81,25,6,15792,41750,1917,Menlo,16,1,release,8,24,3,false,0,0,false,Metal,Apple M5 Pro,0
latin_accents,sparse_novel_counter,explicit_rows,81,25,7,15709,41250,1916,Menlo,16,1,release,8,24,3,false,0,0,false,Metal,Apple M5 Pro,0
latin_accents,sparse_novel_counter,explicit_rows,81,25,8,15708,41750,1916,Menlo,16,1,release,8,24,3,false,0,0,false,Metal,Apple M5 Pro,0
latin_accents,sparse_novel_counter,explicit_rows,81,25,9,15709,41000,1917,Menlo,16,1,release,8,24,3,false,0,0,false,Metal,Apple M5 Pro,0
latin_accents,sparse_novel_counter,explicit_rows,81,25,10,15958,43292,1917,Menlo,16,1,release,8,24,3,false,0,0,false,Metal,Apple M5 Pro,0
latin_accents,sparse_novel_counter,explicit_rows,81,25,11,15542,40334,1916,Menlo,16,1,release,8,24,3,false,0,0,false,Metal,Apple M5 Pro,0
latin_accents,sparse_novel_counter,explicit_rows,81,25,12,15750,41833,1917,Menlo,16,1,release,8,24,3,false,0,0,false,Metal,Apple M5 Pro,0
latin_accents,sparse_novel_counter,explicit_rows,81,25,13,15750,40833,1959,Menlo,16,1,release,8,24,3,false,0,0,false,Metal,Apple M5 Pro,0
latin_accents,sparse_novel_counter,explicit_rows,81,25,14,15541,41542,1958,Menlo,16,1,release,8,24,3,false,0,0,false,Metal,Apple M5 Pro,0
latin_accents,sparse_novel_counter,explicit_rows,81,25,15,15792,41583,1875,Menlo,16,1,release,8,24,3,false,0,0,false,Metal,Apple M5 Pro,0
latin_accents,sparse_novel_counter,explicit_rows,81,25,16,15666,41334,1917,Menlo,16,1,release,8,24,3,false,0,0,false,Metal,Apple M5 Pro,0
latin_accents,sparse_novel_counter,explicit_rows,81,25,17,15666,40500,1917,Menlo,16,1,release,8,24,3,false,0,0,false,Metal,Apple M5 Pro,0
latin_accents,sparse_novel_counter,explicit_rows,81,25,18,15709,41833,1916,Menlo,16,1,release,8,24,3,false,0,0,false,Metal,Apple M5 Pro,0
latin_accents,sparse_novel_counter,explicit_rows,81,25,19,15750,40250,1917,Menlo,16,1,release,8,24,3,false,0,0,false,Metal,Apple M5 Pro,0
latin_accents,sparse_novel_counter,explicit_rows,81,25,20,15542,42291,1917,Menlo,16,1,release,8,24,3,false,0,0,false,Metal,Apple M5 Pro,0
latin_accents,sparse_novel_counter,explicit_rows,81,25,21,15709,40458,1875,Menlo,16,1,release,8,24,3,false,0,0,false,Metal,Apple M5 Pro,0
latin_accents,sparse_novel_counter,explicit_rows,81,25,22,15875,41708,1917,Menlo,16,1,release,8,24,3,false,0,0,false,Metal,Apple M5 Pro,0
latin_accents,sparse_novel_counter,explicit_rows,81,25,23,15959,40334,1875,Menlo,16,1,release,8,24,3,false,0,0,false,Metal,Apple M5 Pro,0
latin_accents,sparse_novel_counter,softwrap,81,25,0,27875,1255334,44291,Menlo,16,1,release,8,24,3,false,4677,0,false,Metal,Apple M5 Pro,0
latin_accents,sparse_novel_counter,softwrap,81,25,1,28167,1240583,44125,Menlo,16,1,release,8,24,3,false,4677,0,false,Metal,Apple M5 Pro,0
latin_accents,sparse_novel_counter,softwrap,81,25,2,28166,1243833,44459,Menlo,16,1,release,8,24,3,false,4677,0,false,Metal,Apple M5 Pro,0
latin_accents,sparse_novel_counter,softwrap,81,25,3,27917,1228833,44333,Menlo,16,1,release,8,24,3,false,4677,0,false,Metal,Apple M5 Pro,0
latin_accents,sparse_novel_counter,softwrap,81,25,4,27583,1259584,44500,Menlo,16,1,release,8,24,3,false,4677,0,false,Metal,Apple M5 Pro,0
latin_accents,sparse_novel_counter,softwrap,81,25,5,29125,1257167,44458,Menlo,16,1,release,8,24,3,false,4677,0,false,Metal,Apple M5 Pro,0
latin_accents,sparse_novel_counter,softwrap,81,25,6,28500,1233333,44334,Menlo,16,1,release,8,24,3,false,4677,0,false,Metal,Apple M5 Pro,0
latin_accents,sparse_novel_counter,softwrap,81,25,7,27834,1259000,44458,Menlo,16,1,release,8,24,3,false,4677,0,false,Metal,Apple M5 Pro,0
latin_accents,sparse_novel_counter,softwrap,81,25,8,28250,1223292,44333,Menlo,16,1,release,8,24,3,false,4677,0,false,Metal,Apple M5 Pro,0
latin_accents,sparse_novel_counter,softwrap,81,25,9,27834,1220584,44875,Menlo,16,1,release,8,24,3,false,4677,0,false,Metal,Apple M5 Pro,0
latin_accents,sparse_novel_counter,softwrap,81,25,10,27791,1224208,44625,Menlo,16,1,release,8,24,3,false,4677,0,false,Metal,Apple M5 Pro,0
latin_accents,sparse_novel_counter,softwrap,81,25,11,27750,1221500,44708,Menlo,16,1,release,8,24,3,false,4677,0,false,Metal,Apple M5 Pro,0
latin_accents,sparse_novel_counter,softwrap,81,25,12,46334,1246083,44458,Menlo,16,1,release,8,24,3,false,4677,0,false,Metal,Apple M5 Pro,0
latin_accents,sparse_novel_counter,softwrap,81,25,13,28375,1229375,44375,Menlo,16,1,release,8,24,3,false,4677,0,false,Metal,Apple M5 Pro,0
latin_accents,sparse_novel_counter,softwrap,81,25,14,27917,1233416,42958,Menlo,16,1,release,8,24,3,false,4677,0,false,Metal,Apple M5 Pro,0
latin_accents,sparse_novel_counter,softwrap,81,25,15,28208,1230834,44458,Menlo,16,1,release,8,24,3,false,4677,0,false,Metal,Apple M5 Pro,0
latin_accents,sparse_novel_counter,softwrap,81,25,16,28375,1236584,44375,Menlo,16,1,release,8,24,3,false,4677,0,false,Metal,Apple M5 Pro,0
latin_accents,sparse_novel_counter,softwrap,81,25,17,28250,1236500,44417,Menlo,16,1,release,8,24,3,false,4677,0,false,Metal,Apple M5 Pro,0
latin_accents,sparse_novel_counter,softwrap,81,25,18,28417,1227541,44083,Menlo,16,1,release,8,24,3,false,4677,0,false,Metal,Apple M5 Pro,0
latin_accents,sparse_novel_counter,softwrap,81,25,19,27917,1247041,44959,Menlo,16,1,release,8,24,3,false,4677,0,false,Metal,Apple M5 Pro,0
latin_accents,sparse_novel_counter,softwrap,81,25,20,28084,1213291,44625,Menlo,16,1,release,8,24,3,false,4677,0,false,Metal,Apple M5 Pro,0
latin_accents,sparse_novel_counter,softwrap,81,25,21,27916,1204417,44541,Menlo,16,1,release,8,24,3,false,4677,0,false,Metal,Apple M5 Pro,0
latin_accents,sparse_novel_counter,softwrap,81,25,22,27666,1198792,44333,Menlo,16,1,release,8,24,3,false,4677,0,false,Metal,Apple M5 Pro,0
latin_accents,sparse_novel_counter,softwrap,81,25,23,27625,1193209,44500,Menlo,16,1,release,8,24,3,false,4677,0,false,Metal,Apple M5 Pro,0
latin_accents,scroll_cycle,explicit_rows,81,25,0,15709,16000,43000,Menlo,16,1,release,8,24,3,false,0,0,false,Metal,Apple M5 Pro,6
latin_accents,scroll_cycle,explicit_rows,81,25,1,15666,15958,42417,Menlo,16,1,release,8,24,3,false,0,0,false,Metal,Apple M5 Pro,12
latin_accents,scroll_cycle,explicit_rows,81,25,2,15542,15959,42917,Menlo,16,1,release,8,24,3,false,0,0,false,Metal,Apple M5 Pro,18
latin_accents,scroll_cycle,explicit_rows,81,25,3,15542,16000,42750,Menlo,16,1,release,8,24,3,false,0,0,false,Metal,Apple M5 Pro,25
latin_accents,scroll_cycle,explicit_rows,81,25,4,15709,16166,42459,Menlo,16,1,release,8,24,3,false,0,0,false,Metal,Apple M5 Pro,18
latin_accents,scroll_cycle,explicit_rows,81,25,5,15583,16083,61875,Menlo,16,1,release,8,24,3,false,0,0,false,Metal,Apple M5 Pro,12
latin_accents,scroll_cycle,explicit_rows,81,25,6,16792,16125,45000,Menlo,16,1,release,8,24,3,false,0,0,false,Metal,Apple M5 Pro,6
latin_accents,scroll_cycle,explicit_rows,81,25,7,16000,15792,43708,Menlo,16,1,release,8,24,3,false,0,0,false,Metal,Apple M5 Pro,0
latin_accents,scroll_cycle,explicit_rows,81,25,8,16084,15459,43375,Menlo,16,1,release,8,24,3,false,0,0,false,Metal,Apple M5 Pro,6
latin_accents,scroll_cycle,explicit_rows,81,25,9,15917,15583,46042,Menlo,16,1,release,8,24,3,false,0,0,false,Metal,Apple M5 Pro,12
latin_accents,scroll_cycle,explicit_rows,81,25,10,15833,15750,42917,Menlo,16,1,release,8,24,3,false,0,0,false,Metal,Apple M5 Pro,18
latin_accents,scroll_cycle,explicit_rows,81,25,11,15833,15334,44917,Menlo,16,1,release,8,24,3,false,0,0,false,Metal,Apple M5 Pro,25
latin_accents,scroll_cycle,explicit_rows,81,25,12,16084,15500,42667,Menlo,16,1,release,8,24,3,false,0,0,false,Metal,Apple M5 Pro,18
latin_accents,scroll_cycle,explicit_rows,81,25,13,15833,15584,42916,Menlo,16,1,release,8,24,3,false,0,0,false,Metal,Apple M5 Pro,12
latin_accents,scroll_cycle,explicit_rows,81,25,14,15917,15667,42541,Menlo,16,1,release,8,24,3,false,0,0,false,Metal,Apple M5 Pro,6
latin_accents,scroll_cycle,explicit_rows,81,25,15,15833,15542,42834,Menlo,16,1,release,8,24,3,false,0,0,false,Metal,Apple M5 Pro,0
latin_accents,scroll_cycle,explicit_rows,81,25,16,15792,15416,43042,Menlo,16,1,release,8,24,3,false,0,0,false,Metal,Apple M5 Pro,6
latin_accents,scroll_cycle,explicit_rows,81,25,17,16000,15542,42792,Menlo,16,1,release,8,24,3,false,0,0,false,Metal,Apple M5 Pro,12
latin_accents,scroll_cycle,explicit_rows,81,25,18,15791,15375,43167,Menlo,16,1,release,8,24,3,false,0,0,false,Metal,Apple M5 Pro,18
latin_accents,scroll_cycle,explicit_rows,81,25,19,15791,15667,42958,Menlo,16,1,release,8,24,3,false,0,0,false,Metal,Apple M5 Pro,25
latin_accents,scroll_cycle,explicit_rows,81,25,20,16000,15750,42667,Menlo,16,1,release,8,24,3,false,0,0,false,Metal,Apple M5 Pro,18
latin_accents,scroll_cycle,explicit_rows,81,25,21,15750,15791,42875,Menlo,16,1,release,8,24,3,false,0,0,false,Metal,Apple M5 Pro,12
latin_accents,scroll_cycle,explicit_rows,81,25,22,15875,15666,44625,Menlo,16,1,release,8,24,3,false,0,0,false,Metal,Apple M5 Pro,6
latin_accents,scroll_cycle,explicit_rows,81,25,23,15791,15708,43167,Menlo,16,1,release,8,24,3,false,0,0,false,Metal,Apple M5 Pro,0
latin_accents,scroll_cycle,softwrap,81,25,0,27833,1276584,45500,Menlo,16,1,release,8,24,3,false,4127,542,false,Metal,Apple M5 Pro,6
latin_accents,scroll_cycle,softwrap,81,25,1,28625,1230542,45667,Menlo,16,1,release,8,24,3,false,3577,1092,false,Metal,Apple M5 Pro,12
latin_accents,scroll_cycle,softwrap,81,25,2,28208,1232208,45917,Menlo,16,1,release,8,24,3,false,3024,1642,false,Metal,Apple M5 Pro,18
latin_accents,scroll_cycle,softwrap,81,25,3,28291,1240417,46208,Menlo,16,1,release,8,24,3,false,2385,2284,false,Metal,Apple M5 Pro,25
latin_accents,scroll_cycle,softwrap,81,25,4,28041,16917,45833,Menlo,16,1,release,8,24,3,false,3024,1642,false,Metal,Apple M5 Pro,18
latin_accents,scroll_cycle,softwrap,81,25,5,27291,16709,46584,Menlo,16,1,release,8,24,3,false,3577,1092,false,Metal,Apple M5 Pro,12
latin_accents,scroll_cycle,softwrap,81,25,6,27250,16541,45833,Menlo,16,1,release,8,24,3,false,4127,542,false,Metal,Apple M5 Pro,6
latin_accents,scroll_cycle,softwrap,81,25,7,27000,1234209,45375,Menlo,16,1,release,8,24,3,false,4677,0,false,Metal,Apple M5 Pro,0
latin_accents,scroll_cycle,softwrap,81,25,8,27625,1231292,43583,Menlo,16,1,release,8,24,3,false,4127,542,false,Metal,Apple M5 Pro,6
latin_accents,scroll_cycle,softwrap,81,25,9,28125,1232250,45834,Menlo,16,1,release,8,24,3,false,3577,1092,false,Metal,Apple M5 Pro,12
latin_accents,scroll_cycle,softwrap,81,25,10,27792,1267083,45541,Menlo,16,1,release,8,24,3,false,3024,1642,false,Metal,Apple M5 Pro,18
latin_accents,scroll_cycle,softwrap,81,25,11,29167,1236833,46000,Menlo,16,1,release,8,24,3,false,2385,2284,false,Metal,Apple M5 Pro,25
latin_accents,scroll_cycle,softwrap,81,25,12,28125,17500,45583,Menlo,16,1,release,8,24,3,false,3024,1642,false,Metal,Apple M5 Pro,18
latin_accents,scroll_cycle,softwrap,81,25,13,27292,17000,46042,Menlo,16,1,release,8,24,3,false,3577,1092,false,Metal,Apple M5 Pro,12
latin_accents,scroll_cycle,softwrap,81,25,14,27334,17083,45542,Menlo,16,1,release,8,24,3,false,4127,542,false,Metal,Apple M5 Pro,6
latin_accents,scroll_cycle,softwrap,81,25,15,26917,1225208,44917,Menlo,16,1,release,8,24,3,false,4677,0,false,Metal,Apple M5 Pro,0
latin_accents,scroll_cycle,softwrap,81,25,16,28042,1242583,45583,Menlo,16,1,release,8,24,3,false,4127,542,false,Metal,Apple M5 Pro,6
latin_accents,scroll_cycle,softwrap,81,25,17,38083,1258375,45167,Menlo,16,1,release,8,24,3,false,3577,1092,false,Metal,Apple M5 Pro,12
latin_accents,scroll_cycle,softwrap,81,25,18,28500,1249334,45958,Menlo,16,1,release,8,24,3,false,3024,1642,false,Metal,Apple M5 Pro,18
latin_accents,scroll_cycle,softwrap,81,25,19,29792,1223250,45833,Menlo,16,1,release,8,24,3,false,2385,2284,false,Metal,Apple M5 Pro,25
latin_accents,scroll_cycle,softwrap,81,25,20,28375,17000,46625,Menlo,16,1,release,8,24,3,false,3024,1642,false,Metal,Apple M5 Pro,18
latin_accents,scroll_cycle,softwrap,81,25,21,27291,17208,45584,Menlo,16,1,release,8,24,3,false,3577,1092,false,Metal,Apple M5 Pro,12
latin_accents,scroll_cycle,softwrap,81,25,22,27000,16916,45833,Menlo,16,1,release,8,24,3,false,4127,542,false,Metal,Apple M5 Pro,6
latin_accents,scroll_cycle,softwrap,81,25,23,26875,1238125,45500,Menlo,16,1,release,8,24,3,false,4677,0,false,Metal,Apple M5 Pro,0
latin_accents,dense_novel_text,explicit_rows,81,25,0,15750,627125,45333,Menlo,16,1,release,8,24,3,false,0,0,false,Metal,Apple M5 Pro,0
latin_accents,dense_novel_text,explicit_rows,81,25,1,15833,635917,48291,Menlo,16,1,release,8,24,3,false,0,0,false,Metal,Apple M5 Pro,0
latin_accents,dense_novel_text,explicit_rows,81,25,2,16250,650666,43958,Menlo,16,1,release,8,24,3,false,0,0,false,Metal,Apple M5 Pro,0
latin_accents,dense_novel_text,explicit_rows,81,25,3,16750,635542,45333,Menlo,16,1,release,8,24,3,false,0,0,false,Metal,Apple M5 Pro,0
latin_accents,dense_novel_text,explicit_rows,81,25,4,16000,633292,45208,Menlo,16,1,release,8,24,3,false,0,0,false,Metal,Apple M5 Pro,0
latin_accents,dense_novel_text,explicit_rows,81,25,5,16167,631583,45250,Menlo,16,1,release,8,24,3,false,0,0,false,Metal,Apple M5 Pro,0
latin_accents,dense_novel_text,explicit_rows,81,25,6,15833,634333,45500,Menlo,16,1,release,8,24,3,false,0,0,false,Metal,Apple M5 Pro,0
latin_accents,dense_novel_text,explicit_rows,81,25,7,16167,631166,45292,Menlo,16,1,release,8,24,3,false,0,0,false,Metal,Apple M5 Pro,0
latin_accents,dense_novel_text,explicit_rows,81,25,8,16000,632000,45208,Menlo,16,1,release,8,24,3,false,0,0,false,Metal,Apple M5 Pro,0
latin_accents,dense_novel_text,explicit_rows,81,25,9,16125,627584,45375,Menlo,16,1,release,8,24,3,false,0,0,false,Metal,Apple M5 Pro,0
latin_accents,dense_novel_text,explicit_rows,81,25,10,16000,632916,45375,Menlo,16,1,release,8,24,3,false,0,0,false,Metal,Apple M5 Pro,0
latin_accents,dense_novel_text,explicit_rows,81,25,11,16000,627125,45208,Menlo,16,1,release,8,24,3,false,0,0,false,Metal,Apple M5 Pro,0
latin_accents,dense_novel_text,explicit_rows,81,25,12,15875,634041,58084,Menlo,16,1,release,8,24,3,false,0,0,false,Metal,Apple M5 Pro,0
latin_accents,dense_novel_text,explicit_rows,81,25,13,16042,645750,55791,Menlo,16,1,release,8,24,3,false,0,0,false,Metal,Apple M5 Pro,0
latin_accents,dense_novel_text,explicit_rows,81,25,14,15958,656917,45458,Menlo,16,1,release,8,24,3,false,0,0,false,Metal,Apple M5 Pro,0
latin_accents,dense_novel_text,explicit_rows,81,25,15,16000,648583,45041,Menlo,16,1,release,8,24,3,false,0,0,false,Metal,Apple M5 Pro,0
latin_accents,dense_novel_text,explicit_rows,81,25,16,16042,630208,45125,Menlo,16,1,release,8,24,3,false,0,0,false,Metal,Apple M5 Pro,0
latin_accents,dense_novel_text,explicit_rows,81,25,17,15875,630917,44959,Menlo,16,1,release,8,24,3,false,0,0,false,Metal,Apple M5 Pro,0
latin_accents,dense_novel_text,explicit_rows,81,25,18,15750,630958,45083,Menlo,16,1,release,8,24,3,false,0,0,false,Metal,Apple M5 Pro,0
latin_accents,dense_novel_text,explicit_rows,81,25,19,16042,641750,45083,Menlo,16,1,release,8,24,3,false,0,0,false,Metal,Apple M5 Pro,0
latin_accents,dense_novel_text,explicit_rows,81,25,20,15834,712916,44959,Menlo,16,1,release,8,24,3,false,0,0,false,Metal,Apple M5 Pro,0
latin_accents,dense_novel_text,explicit_rows,81,25,21,16000,627875,45042,Menlo,16,1,release,8,24,3,false,0,0,false,Metal,Apple M5 Pro,0
latin_accents,dense_novel_text,explicit_rows,81,25,22,15958,631333,44875,Menlo,16,1,release,8,24,3,false,0,0,false,Metal,Apple M5 Pro,0
latin_accents,dense_novel_text,explicit_rows,81,25,23,15959,630125,44959,Menlo,16,1,release,8,24,3,false,0,0,false,Metal,Apple M5 Pro,0
latin_accents,dense_novel_text,softwrap,81,25,0,26875,1246834,45166,Menlo,16,1,release,8,24,3,false,4677,0,false,Metal,Apple M5 Pro,0
latin_accents,dense_novel_text,softwrap,81,25,1,27708,1227625,44750,Menlo,16,1,release,8,24,3,false,4677,0,false,Metal,Apple M5 Pro,0
latin_accents,dense_novel_text,softwrap,81,25,2,27166,1209917,44708,Menlo,16,1,release,8,24,3,false,4677,0,false,Metal,Apple M5 Pro,0
latin_accents,dense_novel_text,softwrap,81,25,3,27167,1203792,44291,Menlo,16,1,release,8,24,3,false,4677,0,false,Metal,Apple M5 Pro,0
latin_accents,dense_novel_text,softwrap,81,25,4,27750,1222542,44625,Menlo,16,1,release,8,24,3,false,4677,0,false,Metal,Apple M5 Pro,0
latin_accents,dense_novel_text,softwrap,81,25,5,27417,1213375,44708,Menlo,16,1,release,8,24,3,false,4677,0,false,Metal,Apple M5 Pro,0
latin_accents,dense_novel_text,softwrap,81,25,6,27041,1222709,44541,Menlo,16,1,release,8,24,3,false,4677,0,false,Metal,Apple M5 Pro,0
latin_accents,dense_novel_text,softwrap,81,25,7,26875,1241958,44375,Menlo,16,1,release,8,24,3,false,4677,0,false,Metal,Apple M5 Pro,0
latin_accents,dense_novel_text,softwrap,81,25,8,27500,1271333,44542,Menlo,16,1,release,8,24,3,false,4677,0,false,Metal,Apple M5 Pro,0
latin_accents,dense_novel_text,softwrap,81,25,9,27667,1250458,44333,Menlo,16,1,release,8,24,3,false,4677,0,false,Metal,Apple M5 Pro,0
latin_accents,dense_novel_text,softwrap,81,25,10,27000,1230625,44542,Menlo,16,1,release,8,24,3,false,4677,0,false,Metal,Apple M5 Pro,0
latin_accents,dense_novel_text,softwrap,81,25,11,27208,1229417,44458,Menlo,16,1,release,8,24,3,false,4677,0,false,Metal,Apple M5 Pro,0
latin_accents,dense_novel_text,softwrap,81,25,12,27000,1217375,44458,Menlo,16,1,release,8,24,3,false,4677,0,false,Metal,Apple M5 Pro,0
latin_accents,dense_novel_text,softwrap,81,25,13,26625,1219375,44500,Menlo,16,1,release,8,24,3,false,4677,0,false,Metal,Apple M5 Pro,0
latin_accents,dense_novel_text,softwrap,81,25,14,26833,1263875,50500,Menlo,16,1,release,8,24,3,false,4677,0,false,Metal,Apple M5 Pro,0
latin_accents,dense_novel_text,softwrap,81,25,15,27125,1259875,47250,Menlo,16,1,release,8,24,3,false,4677,0,false,Metal,Apple M5 Pro,0
latin_accents,dense_novel_text,softwrap,81,25,16,27542,1227209,44541,Menlo,16,1,release,8,24,3,false,4677,0,false,Metal,Apple M5 Pro,0
latin_accents,dense_novel_text,softwrap,81,25,17,27041,1239000,44333,Menlo,16,1,release,8,24,3,false,4677,0,false,Metal,Apple M5 Pro,0
latin_accents,dense_novel_text,softwrap,81,25,18,26833,1242833,44542,Menlo,16,1,release,8,24,3,false,4677,0,false,Metal,Apple M5 Pro,0
latin_accents,dense_novel_text,softwrap,81,25,19,27083,1234959,44250,Menlo,16,1,release,8,24,3,false,4677,0,false,Metal,Apple M5 Pro,0
latin_accents,dense_novel_text,softwrap,81,25,20,27166,1223667,44625,Menlo,16,1,release,8,24,3,false,4677,0,false,Metal,Apple M5 Pro,0
latin_accents,dense_novel_text,softwrap,81,25,21,26958,1252458,44375,Menlo,16,1,release,8,24,3,false,4677,0,false,Metal,Apple M5 Pro,0
latin_accents,dense_novel_text,softwrap,81,25,22,27042,1277500,44375,Menlo,16,1,release,8,24,3,false,4677,0,false,Metal,Apple M5 Pro,0
latin_accents,dense_novel_text,softwrap,81,25,23,27583,1227458,44625,Menlo,16,1,release,8,24,3,false,4677,0,false,Metal,Apple M5 Pro,0
cyrillic,sparse_novel_counter,explicit_rows,81,25,0,15291,39292,1834,Menlo,16,1,release,8,24,3,false,0,0,false,Metal,Apple M5 Pro,0
cyrillic,sparse_novel_counter,explicit_rows,81,25,1,15417,40041,1875,Menlo,16,1,release,8,24,3,false,0,0,false,Metal,Apple M5 Pro,0
cyrillic,sparse_novel_counter,explicit_rows,81,25,2,15375,39209,1834,Menlo,16,1,release,8,24,3,false,0,0,false,Metal,Apple M5 Pro,0
cyrillic,sparse_novel_counter,explicit_rows,81,25,3,15166,39417,1833,Menlo,16,1,release,8,24,3,false,0,0,false,Metal,Apple M5 Pro,0
cyrillic,sparse_novel_counter,explicit_rows,81,25,4,15375,39417,1833,Menlo,16,1,release,8,24,3,false,0,0,false,Metal,Apple M5 Pro,0
cyrillic,sparse_novel_counter,explicit_rows,81,25,5,15375,40375,1875,Menlo,16,1,release,8,24,3,false,0,0,false,Metal,Apple M5 Pro,0
cyrillic,sparse_novel_counter,explicit_rows,81,25,6,15250,39792,1875,Menlo,16,1,release,8,24,3,false,0,0,false,Metal,Apple M5 Pro,0
cyrillic,sparse_novel_counter,explicit_rows,81,25,7,15208,40000,1875,Menlo,16,1,release,8,24,3,false,0,0,false,Metal,Apple M5 Pro,0
cyrillic,sparse_novel_counter,explicit_rows,81,25,8,15375,39083,1875,Menlo,16,1,release,8,24,3,false,0,0,false,Metal,Apple M5 Pro,0
cyrillic,sparse_novel_counter,explicit_rows,81,25,9,15333,39208,1833,Menlo,16,1,release,8,24,3,false,0,0,false,Metal,Apple M5 Pro,0
cyrillic,sparse_novel_counter,explicit_rows,81,25,10,15375,39125,1833,Menlo,16,1,release,8,24,3,false,0,0,false,Metal,Apple M5 Pro,0
cyrillic,sparse_novel_counter,explicit_rows,81,25,11,15291,39584,1875,Menlo,16,1,release,8,24,3,false,0,0,false,Metal,Apple M5 Pro,0
cyrillic,sparse_novel_counter,explicit_rows,81,25,12,15375,39792,1875,Menlo,16,1,release,8,24,3,false,0,0,false,Metal,Apple M5 Pro,0
cyrillic,sparse_novel_counter,explicit_rows,81,25,13,15333,39625,1833,Menlo,16,1,release,8,24,3,false,0,0,false,Metal,Apple M5 Pro,0
cyrillic,sparse_novel_counter,explicit_rows,81,25,14,15375,38709,1875,Menlo,16,1,release,8,24,3,false,0,0,false,Metal,Apple M5 Pro,0
cyrillic,sparse_novel_counter,explicit_rows,81,25,15,15333,39542,1875,Menlo,16,1,release,8,24,3,false,0,0,false,Metal,Apple M5 Pro,0
cyrillic,sparse_novel_counter,explicit_rows,81,25,16,15167,39375,1875,Menlo,16,1,release,8,24,3,false,0,0,false,Metal,Apple M5 Pro,0
cyrillic,sparse_novel_counter,explicit_rows,81,25,17,15375,39084,1916,Menlo,16,1,release,8,24,3,false,0,0,false,Metal,Apple M5 Pro,0
cyrillic,sparse_novel_counter,explicit_rows,81,25,18,15334,39209,1875,Menlo,16,1,release,8,24,3,false,0,0,false,Metal,Apple M5 Pro,0
cyrillic,sparse_novel_counter,explicit_rows,81,25,19,15375,38833,1833,Menlo,16,1,release,8,24,3,false,0,0,false,Metal,Apple M5 Pro,0
cyrillic,sparse_novel_counter,explicit_rows,81,25,20,15333,39750,1875,Menlo,16,1,release,8,24,3,false,0,0,false,Metal,Apple M5 Pro,0
cyrillic,sparse_novel_counter,explicit_rows,81,25,21,15208,38584,1834,Menlo,16,1,release,8,24,3,false,0,0,false,Metal,Apple M5 Pro,0
cyrillic,sparse_novel_counter,explicit_rows,81,25,22,15375,40209,1834,Menlo,16,1,release,8,24,3,false,0,0,false,Metal,Apple M5 Pro,0
cyrillic,sparse_novel_counter,explicit_rows,81,25,23,15333,40833,1875,Menlo,16,1,release,8,24,3,false,0,0,false,Metal,Apple M5 Pro,0
cyrillic,sparse_novel_counter,softwrap,81,25,0,26958,1140500,43875,Menlo,16,1,release,8,24,3,false,6756,0,false,Metal,Apple M5 Pro,0
cyrillic,sparse_novel_counter,softwrap,81,25,1,27042,1156042,43875,Menlo,16,1,release,8,24,3,false,6756,0,false,Metal,Apple M5 Pro,0
cyrillic,sparse_novel_counter,softwrap,81,25,2,28750,1158917,41958,Menlo,16,1,release,8,24,3,false,6756,0,false,Metal,Apple M5 Pro,0
cyrillic,sparse_novel_counter,softwrap,81,25,3,27792,1158833,43166,Menlo,16,1,release,8,24,3,false,6756,0,false,Metal,Apple M5 Pro,0
cyrillic,sparse_novel_counter,softwrap,81,25,4,26959,1143834,43500,Menlo,16,1,release,8,24,3,false,6756,0,false,Metal,Apple M5 Pro,0
cyrillic,sparse_novel_counter,softwrap,81,25,5,27166,1148250,43458,Menlo,16,1,release,8,24,3,false,6756,0,false,Metal,Apple M5 Pro,0
cyrillic,sparse_novel_counter,softwrap,81,25,6,26916,1137709,43917,Menlo,16,1,release,8,24,3,false,6756,0,false,Metal,Apple M5 Pro,0
cyrillic,sparse_novel_counter,softwrap,81,25,7,27209,1152500,43917,Menlo,16,1,release,8,24,3,false,6756,0,false,Metal,Apple M5 Pro,0
cyrillic,sparse_novel_counter,softwrap,81,25,8,27208,1147083,43750,Menlo,16,1,release,8,24,3,false,6756,0,false,Metal,Apple M5 Pro,0
cyrillic,sparse_novel_counter,softwrap,81,25,9,27208,1161500,43583,Menlo,16,1,release,8,24,3,false,6756,0,false,Metal,Apple M5 Pro,0
cyrillic,sparse_novel_counter,softwrap,81,25,10,28958,1166791,42292,Menlo,16,1,release,8,24,3,false,6756,0,false,Metal,Apple M5 Pro,0
cyrillic,sparse_novel_counter,softwrap,81,25,11,27833,1167417,43666,Menlo,16,1,release,8,24,3,false,6756,0,false,Metal,Apple M5 Pro,0
cyrillic,sparse_novel_counter,softwrap,81,25,12,27500,1170500,43792,Menlo,16,1,release,8,24,3,false,6756,0,false,Metal,Apple M5 Pro,0
cyrillic,sparse_novel_counter,softwrap,81,25,13,27541,1162042,43916,Menlo,16,1,release,8,24,3,false,6756,0,false,Metal,Apple M5 Pro,0
cyrillic,sparse_novel_counter,softwrap,81,25,14,27250,1182459,46584,Menlo,16,1,release,8,24,3,false,6756,0,false,Metal,Apple M5 Pro,0
cyrillic,sparse_novel_counter,softwrap,81,25,15,27167,1179834,43667,Menlo,16,1,release,8,24,3,false,6756,0,false,Metal,Apple M5 Pro,0
cyrillic,sparse_novel_counter,softwrap,81,25,16,27209,1154292,43542,Menlo,16,1,release,8,24,3,false,6756,0,false,Metal,Apple M5 Pro,0
cyrillic,sparse_novel_counter,softwrap,81,25,17,27375,1191208,46917,Menlo,16,1,release,8,24,3,false,6756,0,false,Metal,Apple M5 Pro,0
cyrillic,sparse_novel_counter,softwrap,81,25,18,29084,1163250,43834,Menlo,16,1,release,8,24,3,false,6756,0,false,Metal,Apple M5 Pro,0
cyrillic,sparse_novel_counter,softwrap,81,25,19,27833,1164167,43916,Menlo,16,1,release,8,24,3,false,6756,0,false,Metal,Apple M5 Pro,0
cyrillic,sparse_novel_counter,softwrap,81,25,20,27209,1159709,44000,Menlo,16,1,release,8,24,3,false,6756,0,false,Metal,Apple M5 Pro,0
cyrillic,sparse_novel_counter,softwrap,81,25,21,26750,1161833,43917,Menlo,16,1,release,8,24,3,false,6756,0,false,Metal,Apple M5 Pro,0
cyrillic,sparse_novel_counter,softwrap,81,25,22,27000,1155334,44125,Menlo,16,1,release,8,24,3,false,6756,0,false,Metal,Apple M5 Pro,0
cyrillic,sparse_novel_counter,softwrap,81,25,23,27125,1160542,43959,Menlo,16,1,release,8,24,3,false,6756,0,false,Metal,Apple M5 Pro,0
cyrillic,scroll_cycle,explicit_rows,81,25,0,15458,15542,40583,Menlo,16,1,release,8,24,3,false,0,0,false,Metal,Apple M5 Pro,6
cyrillic,scroll_cycle,explicit_rows,81,25,1,15417,15250,40000,Menlo,16,1,release,8,24,3,false,0,0,false,Metal,Apple M5 Pro,12
cyrillic,scroll_cycle,explicit_rows,81,25,2,15375,16209,40083,Menlo,16,1,release,8,24,3,false,0,0,false,Metal,Apple M5 Pro,18
cyrillic,scroll_cycle,explicit_rows,81,25,3,15417,15125,40333,Menlo,16,1,release,8,24,3,false,0,0,false,Metal,Apple M5 Pro,25
cyrillic,scroll_cycle,explicit_rows,81,25,4,15333,15042,40541,Menlo,16,1,release,8,24,3,false,0,0,false,Metal,Apple M5 Pro,18
cyrillic,scroll_cycle,explicit_rows,81,25,5,15334,15083,39917,Menlo,16,1,release,8,24,3,false,0,0,false,Metal,Apple M5 Pro,12
cyrillic,scroll_cycle,explicit_rows,81,25,6,15167,15083,40125,Menlo,16,1,release,8,24,3,false,0,0,false,Metal,Apple M5 Pro,6
cyrillic,scroll_cycle,explicit_rows,81,25,7,15334,16292,39833,Menlo,16,1,release,8,24,3,false,0,0,false,Metal,Apple M5 Pro,0
cyrillic,scroll_cycle,explicit_rows,81,25,8,15208,16042,39834,Menlo,16,1,release,8,24,3,false,0,0,false,Metal,Apple M5 Pro,6
cyrillic,scroll_cycle,explicit_rows,81,25,9,15375,16084,39833,Menlo,16,1,release,8,24,3,false,0,0,false,Metal,Apple M5 Pro,12
cyrillic,scroll_cycle,explicit_rows,81,25,10,15375,15917,39791,Menlo,16,1,release,8,24,3,false,0,0,false,Metal,Apple M5 Pro,18
cyrillic,scroll_cycle,explicit_rows,81,25,11,15208,16084,40041,Menlo,16,1,release,8,24,3,false,0,0,false,Metal,Apple M5 Pro,25
cyrillic,scroll_cycle,explicit_rows,81,25,12,15250,16209,40917,Menlo,16,1,release,8,24,3,false,0,0,false,Metal,Apple M5 Pro,18
cyrillic,scroll_cycle,explicit_rows,81,25,13,15209,16125,40000,Menlo,16,1,release,8,24,3,false,0,0,false,Metal,Apple M5 Pro,12
cyrillic,scroll_cycle,explicit_rows,81,25,14,15167,15000,41542,Menlo,16,1,release,8,24,3,false,0,0,false,Metal,Apple M5 Pro,6
cyrillic,scroll_cycle,explicit_rows,81,25,15,15208,16292,41916,Menlo,16,1,release,8,24,3,false,0,0,false,Metal,Apple M5 Pro,0
cyrillic,scroll_cycle,explicit_rows,81,25,16,15208,15042,41625,Menlo,16,1,release,8,24,3,false,0,0,false,Metal,Apple M5 Pro,6
cyrillic,scroll_cycle,explicit_rows,81,25,17,15250,16042,40334,Menlo,16,1,release,8,24,3,false,0,0,false,Metal,Apple M5 Pro,12
cyrillic,scroll_cycle,explicit_rows,81,25,18,25541,15333,40000,Menlo,16,1,release,8,24,3,false,0,0,false,Metal,Apple M5 Pro,18
cyrillic,scroll_cycle,explicit_rows,81,25,19,15209,26041,42667,Menlo,16,1,release,8,24,3,false,0,0,false,Metal,Apple M5 Pro,25
cyrillic,scroll_cycle,explicit_rows,81,25,20,15291,16042,40125,Menlo,16,1,release,8,24,3,false,0,0,false,Metal,Apple M5 Pro,18
cyrillic,scroll_cycle,explicit_rows,81,25,21,15459,15208,40666,Menlo,16,1,release,8,24,3,false,0,0,false,Metal,Apple M5 Pro,12
cyrillic,scroll_cycle,explicit_rows,81,25,22,15375,16250,40917,Menlo,16,1,release,8,24,3,false,0,0,false,Metal,Apple M5 Pro,6
cyrillic,scroll_cycle,explicit_rows,81,25,23,15250,15084,40500,Menlo,16,1,release,8,24,3,false,0,0,false,Metal,Apple M5 Pro,0
cyrillic,scroll_cycle,softwrap,81,25,0,27416,1159708,44292,Menlo,16,1,release,8,24,3,false,5960,766,false,Metal,Apple M5 Pro,6
cyrillic,scroll_cycle,softwrap,81,25,1,28167,1166166,44458,Menlo,16,1,release,8,24,3,false,5167,1563,false,Metal,Apple M5 Pro,12
cyrillic,scroll_cycle,softwrap,81,25,2,28250,1154208,44416,Menlo,16,1,release,8,24,3,false,4373,2356,false,Metal,Apple M5 Pro,18
cyrillic,scroll_cycle,softwrap,81,25,3,27834,1165541,44417,Menlo,16,1,release,8,24,3,false,3442,3285,false,Metal,Apple M5 Pro,25
cyrillic,scroll_cycle,softwrap,81,25,4,27542,16750,42875,Menlo,16,1,release,8,24,3,false,4373,2356,false,Metal,Apple M5 Pro,18
cyrillic,scroll_cycle,softwrap,81,25,5,26584,17542,42125,Menlo,16,1,release,8,24,3,false,5167,1563,false,Metal,Apple M5 Pro,12
cyrillic,scroll_cycle,softwrap,81,25,6,26500,17542,42500,Menlo,16,1,release,8,24,3,false,5960,766,false,Metal,Apple M5 Pro,6
cyrillic,scroll_cycle,softwrap,81,25,7,26292,1150292,44458,Menlo,16,1,release,8,24,3,false,6756,0,false,Metal,Apple M5 Pro,0
cyrillic,scroll_cycle,softwrap,81,25,8,26917,1156000,44334,Menlo,16,1,release,8,24,3,false,5960,766,false,Metal,Apple M5 Pro,6
cyrillic,scroll_cycle,softwrap,81,25,9,27125,1185125,44167,Menlo,16,1,release,8,24,3,false,5167,1563,false,Metal,Apple M5 Pro,12
cyrillic,scroll_cycle,softwrap,81,25,10,28708,1195958,44458,Menlo,16,1,release,8,24,3,false,4373,2356,false,Metal,Apple M5 Pro,18
cyrillic,scroll_cycle,softwrap,81,25,11,28583,1182000,44292,Menlo,16,1,release,8,24,3,false,3442,3285,false,Metal,Apple M5 Pro,25
cyrillic,scroll_cycle,softwrap,81,25,12,27833,16958,43834,Menlo,16,1,release,8,24,3,false,4373,2356,false,Metal,Apple M5 Pro,18
cyrillic,scroll_cycle,softwrap,81,25,13,27250,17792,44083,Menlo,16,1,release,8,24,3,false,5167,1563,false,Metal,Apple M5 Pro,12
cyrillic,scroll_cycle,softwrap,81,25,14,26916,18250,42667,Menlo,16,1,release,8,24,3,false,5960,766,false,Metal,Apple M5 Pro,6
cyrillic,scroll_cycle,softwrap,81,25,15,26166,1169750,45375,Menlo,16,1,release,8,24,3,false,6756,0,false,Metal,Apple M5 Pro,0
cyrillic,scroll_cycle,softwrap,81,25,16,27041,1166792,44375,Menlo,16,1,release,8,24,3,false,5960,766,false,Metal,Apple M5 Pro,6
cyrillic,scroll_cycle,softwrap,81,25,17,27709,1180709,44417,Menlo,16,1,release,8,24,3,false,5167,1563,false,Metal,Apple M5 Pro,12
cyrillic,scroll_cycle,softwrap,81,25,18,27459,1178292,44333,Menlo,16,1,release,8,24,3,false,4373,2356,false,Metal,Apple M5 Pro,18
cyrillic,scroll_cycle,softwrap,81,25,19,28000,1163167,44291,Menlo,16,1,release,8,24,3,false,3442,3285,false,Metal,Apple M5 Pro,25
cyrillic,scroll_cycle,softwrap,81,25,20,27500,18083,45083,Menlo,16,1,release,8,24,3,false,4373,2356,false,Metal,Apple M5 Pro,18
cyrillic,scroll_cycle,softwrap,81,25,21,28625,17125,44000,Menlo,16,1,release,8,24,3,false,5167,1563,false,Metal,Apple M5 Pro,12
cyrillic,scroll_cycle,softwrap,81,25,22,27000,16708,41541,Menlo,16,1,release,8,24,3,false,5960,766,false,Metal,Apple M5 Pro,6
cyrillic,scroll_cycle,softwrap,81,25,23,26250,1162625,44334,Menlo,16,1,release,8,24,3,false,6756,0,false,Metal,Apple M5 Pro,0
cyrillic,dense_novel_text,explicit_rows,81,25,0,15459,602625,42958,Menlo,16,1,release,8,24,3,false,0,0,false,Metal,Apple M5 Pro,0
cyrillic,dense_novel_text,explicit_rows,81,25,1,15291,628750,42917,Menlo,16,1,release,8,24,3,false,0,0,false,Metal,Apple M5 Pro,0
cyrillic,dense_novel_text,explicit_rows,81,25,2,15625,605875,42750,Menlo,16,1,release,8,24,3,false,0,0,false,Metal,Apple M5 Pro,0
cyrillic,dense_novel_text,explicit_rows,81,25,3,15333,606167,42834,Menlo,16,1,release,8,24,3,false,0,0,false,Metal,Apple M5 Pro,0
cyrillic,dense_novel_text,explicit_rows,81,25,4,15459,614875,42709,Menlo,16,1,release,8,24,3,false,0,0,false,Metal,Apple M5 Pro,0
cyrillic,dense_novel_text,explicit_rows,81,25,5,15500,607875,42583,Menlo,16,1,release,8,24,3,false,0,0,false,Metal,Apple M5 Pro,0
cyrillic,dense_novel_text,explicit_rows,81,25,6,15458,610959,42917,Menlo,16,1,release,8,24,3,false,0,0,false,Metal,Apple M5 Pro,0
cyrillic,dense_novel_text,explicit_rows,81,25,7,15500,604917,42833,Menlo,16,1,release,8,24,3,false,0,0,false,Metal,Apple M5 Pro,0
cyrillic,dense_novel_text,explicit_rows,81,25,8,15500,606792,42625,Menlo,16,1,release,8,24,3,false,0,0,false,Metal,Apple M5 Pro,0
cyrillic,dense_novel_text,explicit_rows,81,25,9,15583,607458,42709,Menlo,16,1,release,8,24,3,false,0,0,false,Metal,Apple M5 Pro,0
cyrillic,dense_novel_text,explicit_rows,81,25,10,15333,606791,42875,Menlo,16,1,release,8,24,3,false,0,0,false,Metal,Apple M5 Pro,0
cyrillic,dense_novel_text,explicit_rows,81,25,11,15458,604292,42917,Menlo,16,1,release,8,24,3,false,0,0,false,Metal,Apple M5 Pro,0
cyrillic,dense_novel_text,explicit_rows,81,25,12,15208,604500,42792,Menlo,16,1,release,8,24,3,false,0,0,false,Metal,Apple M5 Pro,0
cyrillic,dense_novel_text,explicit_rows,81,25,13,15584,619417,42333,Menlo,16,1,release,8,24,3,false,0,0,false,Metal,Apple M5 Pro,0
cyrillic,dense_novel_text,explicit_rows,81,25,14,15458,694792,43208,Menlo,16,1,release,8,24,3,false,0,0,false,Metal,Apple M5 Pro,0
cyrillic,dense_novel_text,explicit_rows,81,25,15,15625,595916,42625,Menlo,16,1,release,8,24,3,false,0,0,false,Metal,Apple M5 Pro,0
cyrillic,dense_novel_text,explicit_rows,81,25,16,15750,595417,42875,Menlo,16,1,release,8,24,3,false,0,0,false,Metal,Apple M5 Pro,0
cyrillic,dense_novel_text,explicit_rows,81,25,17,15583,595542,42875,Menlo,16,1,release,8,24,3,false,0,0,false,Metal,Apple M5 Pro,0
cyrillic,dense_novel_text,explicit_rows,81,25,18,15458,593875,42917,Menlo,16,1,release,8,24,3,false,0,0,false,Metal,Apple M5 Pro,0
cyrillic,dense_novel_text,explicit_rows,81,25,19,15417,593834,42458,Menlo,16,1,release,8,24,3,false,0,0,false,Metal,Apple M5 Pro,0
cyrillic,dense_novel_text,explicit_rows,81,25,20,15458,594125,43041,Menlo,16,1,release,8,24,3,false,0,0,false,Metal,Apple M5 Pro,0
cyrillic,dense_novel_text,explicit_rows,81,25,21,15708,596500,43000,Menlo,16,1,release,8,24,3,false,0,0,false,Metal,Apple M5 Pro,0
cyrillic,dense_novel_text,explicit_rows,81,25,22,15250,631791,42959,Menlo,16,1,release,8,24,3,false,0,0,false,Metal,Apple M5 Pro,0
cyrillic,dense_novel_text,explicit_rows,81,25,23,15334,639833,43000,Menlo,16,1,release,8,24,3,false,0,0,false,Metal,Apple M5 Pro,0
cyrillic,dense_novel_text,softwrap,81,25,0,26291,1158917,43459,Menlo,16,1,release,8,24,3,false,6756,0,false,Metal,Apple M5 Pro,0
cyrillic,dense_novel_text,softwrap,81,25,1,26167,1175333,43541,Menlo,16,1,release,8,24,3,false,6756,0,false,Metal,Apple M5 Pro,0
cyrillic,dense_novel_text,softwrap,81,25,2,26666,1159500,43542,Menlo,16,1,release,8,24,3,false,6756,0,false,Metal,Apple M5 Pro,0
cyrillic,dense_novel_text,softwrap,81,25,3,27125,1157542,43708,Menlo,16,1,release,8,24,3,false,6756,0,false,Metal,Apple M5 Pro,0
cyrillic,dense_novel_text,softwrap,81,25,4,26333,1161959,41625,Menlo,16,1,release,8,24,3,false,6756,0,false,Metal,Apple M5 Pro,0
cyrillic,dense_novel_text,softwrap,81,25,5,26416,1152209,41459,Menlo,16,1,release,8,24,3,false,6756,0,false,Metal,Apple M5 Pro,0
cyrillic,dense_novel_text,softwrap,81,25,6,26417,1158542,42917,Menlo,16,1,release,8,24,3,false,6756,0,false,Metal,Apple M5 Pro,0
cyrillic,dense_novel_text,softwrap,81,25,7,26834,1160791,43709,Menlo,16,1,release,8,24,3,false,6756,0,false,Metal,Apple M5 Pro,0
cyrillic,dense_novel_text,softwrap,81,25,8,26750,1214041,43334,Menlo,16,1,release,8,24,3,false,6756,0,false,Metal,Apple M5 Pro,0
cyrillic,dense_novel_text,softwrap,81,25,9,28458,1167125,43167,Menlo,16,1,release,8,24,3,false,6756,0,false,Metal,Apple M5 Pro,0
cyrillic,dense_novel_text,softwrap,81,25,10,27625,1162833,42958,Menlo,16,1,release,8,24,3,false,6756,0,false,Metal,Apple M5 Pro,0
cyrillic,dense_novel_text,softwrap,81,25,11,27000,1155750,43667,Menlo,16,1,release,8,24,3,false,6756,0,false,Metal,Apple M5 Pro,0
cyrillic,dense_novel_text,softwrap,81,25,12,26542,1149208,43417,Menlo,16,1,release,8,24,3,false,6756,0,false,Metal,Apple M5 Pro,0
cyrillic,dense_novel_text,softwrap,81,25,13,26709,1159750,43667,Menlo,16,1,release,8,24,3,false,6756,0,false,Metal,Apple M5 Pro,0
cyrillic,dense_novel_text,softwrap,81,25,14,26916,1188959,43250,Menlo,16,1,release,8,24,3,false,6756,0,false,Metal,Apple M5 Pro,0
cyrillic,dense_novel_text,softwrap,81,25,15,26750,1142417,41209,Menlo,16,1,release,8,24,3,false,6756,0,false,Metal,Apple M5 Pro,0
cyrillic,dense_novel_text,softwrap,81,25,16,26709,1196583,40750,Menlo,16,1,release,8,24,3,false,6756,0,false,Metal,Apple M5 Pro,0
cyrillic,dense_novel_text,softwrap,81,25,17,28084,1163375,43333,Menlo,16,1,release,8,24,3,false,6756,0,false,Metal,Apple M5 Pro,0
cyrillic,dense_novel_text,softwrap,81,25,18,27917,1174000,43208,Menlo,16,1,release,8,24,3,false,6756,0,false,Metal,Apple M5 Pro,0
cyrillic,dense_novel_text,softwrap,81,25,19,26958,1166417,43083,Menlo,16,1,release,8,24,3,false,6756,0,false,Metal,Apple M5 Pro,0
cyrillic,dense_novel_text,softwrap,81,25,20,26625,1173375,43375,Menlo,16,1,release,8,24,3,false,6756,0,false,Metal,Apple M5 Pro,0
cyrillic,dense_novel_text,softwrap,81,25,21,26667,1163166,41709,Menlo,16,1,release,8,24,3,false,6756,0,false,Metal,Apple M5 Pro,0
cyrillic,dense_novel_text,softwrap,81,25,22,26500,1161333,42583,Menlo,16,1,release,8,24,3,false,6756,0,false,Metal,Apple M5 Pro,0
cyrillic,dense_novel_text,softwrap,81,25,23,26750,1166083,43375,Menlo,16,1,release,8,24,3,false,6756,0,false,Metal,Apple M5 Pro,0
cjk,sparse_novel_counter,explicit_rows,81,25,0,15458,125042,1208,Menlo,16,1,release,8,24,3,false,0,0,false,Metal,Apple M5 Pro,0
cjk,sparse_novel_counter,explicit_rows,81,25,1,15459,126791,1209,Menlo,16,1,release,8,24,3,false,0,0,false,Metal,Apple M5 Pro,0
cjk,sparse_novel_counter,explicit_rows,81,25,2,15500,125083,1209,Menlo,16,1,release,8,24,3,false,0,0,false,Metal,Apple M5 Pro,0
cjk,sparse_novel_counter,explicit_rows,81,25,3,15500,128708,1208,Menlo,16,1,release,8,24,3,false,0,0,false,Metal,Apple M5 Pro,0
cjk,sparse_novel_counter,explicit_rows,81,25,4,15458,125333,1250,Menlo,16,1,release,8,24,3,false,0,0,false,Metal,Apple M5 Pro,0
cjk,sparse_novel_counter,explicit_rows,81,25,5,15541,127375,1208,Menlo,16,1,release,8,24,3,false,0,0,false,Metal,Apple M5 Pro,0
cjk,sparse_novel_counter,explicit_rows,81,25,6,15500,126459,1250,Menlo,16,1,release,8,24,3,false,0,0,false,Metal,Apple M5 Pro,0
cjk,sparse_novel_counter,explicit_rows,81,25,7,15541,125500,1208,Menlo,16,1,release,8,24,3,false,0,0,false,Metal,Apple M5 Pro,0
cjk,sparse_novel_counter,explicit_rows,81,25,8,15459,127041,1208,Menlo,16,1,release,8,24,3,false,0,0,false,Metal,Apple M5 Pro,0
cjk,sparse_novel_counter,explicit_rows,81,25,9,15458,128667,1250,Menlo,16,1,release,8,24,3,false,0,0,false,Metal,Apple M5 Pro,0
cjk,sparse_novel_counter,explicit_rows,81,25,10,15459,126125,1209,Menlo,16,1,release,8,24,3,false,0,0,false,Metal,Apple M5 Pro,0
cjk,sparse_novel_counter,explicit_rows,81,25,11,15375,125583,1250,Menlo,16,1,release,8,24,3,false,0,0,false,Metal,Apple M5 Pro,0
cjk,sparse_novel_counter,explicit_rows,81,25,12,15500,125459,1250,Menlo,16,1,release,8,24,3,false,0,0,false,Metal,Apple M5 Pro,0
cjk,sparse_novel_counter,explicit_rows,81,25,13,15458,136292,1208,Menlo,16,1,release,8,24,3,false,0,0,false,Metal,Apple M5 Pro,0
cjk,sparse_novel_counter,explicit_rows,81,25,14,15916,127792,1209,Menlo,16,1,release,8,24,3,false,0,0,false,Metal,Apple M5 Pro,0
cjk,sparse_novel_counter,explicit_rows,81,25,15,15417,124542,1209,Menlo,16,1,release,8,24,3,false,0,0,false,Metal,Apple M5 Pro,0
cjk,sparse_novel_counter,explicit_rows,81,25,16,15375,124916,1250,Menlo,16,1,release,8,24,3,false,0,0,false,Metal,Apple M5 Pro,0
cjk,sparse_novel_counter,explicit_rows,81,25,17,15833,125083,1209,Menlo,16,1,release,8,24,3,false,0,0,false,Metal,Apple M5 Pro,0
cjk,sparse_novel_counter,explicit_rows,81,25,18,15375,123625,1250,Menlo,16,1,release,8,24,3,false,0,0,false,Metal,Apple M5 Pro,0
cjk,sparse_novel_counter,explicit_rows,81,25,19,15291,124333,1250,Menlo,16,1,release,8,24,3,false,0,0,false,Metal,Apple M5 Pro,0
cjk,sparse_novel_counter,explicit_rows,81,25,20,15500,125375,1250,Menlo,16,1,release,8,24,3,false,0,0,false,Metal,Apple M5 Pro,0
cjk,sparse_novel_counter,explicit_rows,81,25,21,15208,124917,1208,Menlo,16,1,release,8,24,3,false,0,0,false,Metal,Apple M5 Pro,0
cjk,sparse_novel_counter,explicit_rows,81,25,22,15459,124916,1209,Menlo,16,1,release,8,24,3,false,0,0,false,Metal,Apple M5 Pro,0
cjk,sparse_novel_counter,explicit_rows,81,25,23,15750,125375,1250,Menlo,16,1,release,8,24,3,false,0,0,false,Metal,Apple M5 Pro,0
cjk,sparse_novel_counter,softwrap,81,25,0,24625,7390459,26333,Menlo,16,1,release,8,24,3,false,5641,0,false,Metal,Apple M5 Pro,0
cjk,sparse_novel_counter,softwrap,81,25,1,24417,7443500,26583,Menlo,16,1,release,8,24,3,false,5641,0,false,Metal,Apple M5 Pro,0
cjk,sparse_novel_counter,softwrap,81,25,2,24042,7478042,26250,Menlo,16,1,release,8,24,3,false,5641,0,false,Metal,Apple M5 Pro,0
cjk,sparse_novel_counter,softwrap,81,25,3,27250,7387583,26541,Menlo,16,1,release,8,24,3,false,5641,0,false,Metal,Apple M5 Pro,0
cjk,sparse_novel_counter,softwrap,81,25,4,23458,7324417,26500,Menlo,16,1,release,8,24,3,false,5641,0,false,Metal,Apple M5 Pro,0
cjk,sparse_novel_counter,softwrap,81,25,5,23792,7387667,26666,Menlo,16,1,release,8,24,3,false,5641,0,false,Metal,Apple M5 Pro,0
cjk,sparse_novel_counter,softwrap,81,25,6,23708,7379958,26542,Menlo,16,1,release,8,24,3,false,5641,0,false,Metal,Apple M5 Pro,0
cjk,sparse_novel_counter,softwrap,81,25,7,24083,7457000,26625,Menlo,16,1,release,8,24,3,false,5641,0,false,Metal,Apple M5 Pro,0
cjk,sparse_novel_counter,softwrap,81,25,8,23375,7480125,26500,Menlo,16,1,release,8,24,3,false,5641,0,false,Metal,Apple M5 Pro,0
cjk,sparse_novel_counter,softwrap,81,25,9,23458,7460917,26584,Menlo,16,1,release,8,24,3,false,5641,0,false,Metal,Apple M5 Pro,0
cjk,sparse_novel_counter,softwrap,81,25,10,23917,7389333,26625,Menlo,16,1,release,8,24,3,false,5641,0,false,Metal,Apple M5 Pro,0
cjk,sparse_novel_counter,softwrap,81,25,11,24167,7388708,26458,Menlo,16,1,release,8,24,3,false,5641,0,false,Metal,Apple M5 Pro,0
cjk,sparse_novel_counter,softwrap,81,25,12,23667,7323166,26500,Menlo,16,1,release,8,24,3,false,5641,0,false,Metal,Apple M5 Pro,0
cjk,sparse_novel_counter,softwrap,81,25,13,23333,7362792,26541,Menlo,16,1,release,8,24,3,false,5641,0,false,Metal,Apple M5 Pro,0
cjk,sparse_novel_counter,softwrap,81,25,14,24166,7412125,26625,Menlo,16,1,release,8,24,3,false,5641,0,false,Metal,Apple M5 Pro,0
cjk,sparse_novel_counter,softwrap,81,25,15,24166,7466167,26666,Menlo,16,1,release,8,24,3,false,5641,0,false,Metal,Apple M5 Pro,0
cjk,sparse_novel_counter,softwrap,81,25,16,24000,7377500,26459,Menlo,16,1,release,8,24,3,false,5641,0,false,Metal,Apple M5 Pro,0
cjk,sparse_novel_counter,softwrap,81,25,17,23042,7427833,26583,Menlo,16,1,release,8,24,3,false,5641,0,false,Metal,Apple M5 Pro,0
cjk,sparse_novel_counter,softwrap,81,25,18,23625,7415458,26458,Menlo,16,1,release,8,24,3,false,5641,0,false,Metal,Apple M5 Pro,0
cjk,sparse_novel_counter,softwrap,81,25,19,23791,7400833,26500,Menlo,16,1,release,8,24,3,false,5641,0,false,Metal,Apple M5 Pro,0
cjk,sparse_novel_counter,softwrap,81,25,20,23333,7315916,26417,Menlo,16,1,release,8,24,3,false,5641,0,false,Metal,Apple M5 Pro,0
cjk,sparse_novel_counter,softwrap,81,25,21,23458,7337792,26459,Menlo,16,1,release,8,24,3,false,5641,0,false,Metal,Apple M5 Pro,0
cjk,sparse_novel_counter,softwrap,81,25,22,23958,7363250,26500,Menlo,16,1,release,8,24,3,false,5641,0,false,Metal,Apple M5 Pro,0
cjk,sparse_novel_counter,softwrap,81,25,23,23958,7497958,26542,Menlo,16,1,release,8,24,3,false,5641,0,false,Metal,Apple M5 Pro,0
cjk,scroll_cycle,explicit_rows,81,25,0,15542,15416,28083,Menlo,16,1,release,8,24,3,false,0,0,false,Metal,Apple M5 Pro,6
cjk,scroll_cycle,explicit_rows,81,25,1,15416,15167,28041,Menlo,16,1,release,8,24,3,false,0,0,false,Metal,Apple M5 Pro,12
cjk,scroll_cycle,explicit_rows,81,25,2,15334,16125,27291,Menlo,16,1,release,8,24,3,false,0,0,false,Metal,Apple M5 Pro,18
cjk,scroll_cycle,explicit_rows,81,25,3,15542,15458,34958,Menlo,16,1,release,8,24,3,false,0,0,false,Metal,Apple M5 Pro,25
cjk,scroll_cycle,explicit_rows,81,25,4,15666,15250,27333,Menlo,16,1,release,8,24,3,false,0,0,false,Metal,Apple M5 Pro,18
cjk,scroll_cycle,explicit_rows,81,25,5,15542,15500,26250,Menlo,16,1,release,8,24,3,false,0,0,false,Metal,Apple M5 Pro,12
cjk,scroll_cycle,explicit_rows,81,25,6,15333,15542,26125,Menlo,16,1,release,8,24,3,false,0,0,false,Metal,Apple M5 Pro,6
cjk,scroll_cycle,explicit_rows,81,25,7,15500,15541,35792,Menlo,16,1,release,8,24,3,false,0,0,false,Metal,Apple M5 Pro,0
cjk,scroll_cycle,explicit_rows,81,25,8,15292,15708,25750,Menlo,16,1,release,8,24,3,false,0,0,false,Metal,Apple M5 Pro,6
cjk,scroll_cycle,explicit_rows,81,25,9,15417,15125,26042,Menlo,16,1,release,8,24,3,false,0,0,false,Metal,Apple M5 Pro,12
cjk,scroll_cycle,explicit_rows,81,25,10,15375,15292,25916,Menlo,16,1,release,8,24,3,false,0,0,false,Metal,Apple M5 Pro,18
cjk,scroll_cycle,explicit_rows,81,25,11,15500,15084,25750,Menlo,16,1,release,8,24,3,false,0,0,false,Metal,Apple M5 Pro,25
cjk,scroll_cycle,explicit_rows,81,25,12,15250,15083,26291,Menlo,16,1,release,8,24,3,false,0,0,false,Metal,Apple M5 Pro,18
cjk,scroll_cycle,explicit_rows,81,25,13,15250,15208,26167,Menlo,16,1,release,8,24,3,false,0,0,false,Metal,Apple M5 Pro,12
cjk,scroll_cycle,explicit_rows,81,25,14,15500,15334,25875,Menlo,16,1,release,8,24,3,false,0,0,false,Metal,Apple M5 Pro,6
cjk,scroll_cycle,explicit_rows,81,25,15,15333,15167,25958,Menlo,16,1,release,8,24,3,false,0,0,false,Metal,Apple M5 Pro,0
cjk,scroll_cycle,explicit_rows,81,25,16,15416,16250,26000,Menlo,16,1,release,8,24,3,false,0,0,false,Metal,Apple M5 Pro,6
cjk,scroll_cycle,explicit_rows,81,25,17,15292,35834,29709,Menlo,16,1,release,8,24,3,false,0,0,false,Metal,Apple M5 Pro,12
cjk,scroll_cycle,explicit_rows,81,25,18,15875,15375,27250,Menlo,16,1,release,8,24,3,false,0,0,false,Metal,Apple M5 Pro,18
cjk,scroll_cycle,explicit_rows,81,25,19,15500,15417,27875,Menlo,16,1,release,8,24,3,false,0,0,false,Metal,Apple M5 Pro,25
cjk,scroll_cycle,explicit_rows,81,25,20,15500,15208,26292,Menlo,16,1,release,8,24,3,false,0,0,false,Metal,Apple M5 Pro,18
cjk,scroll_cycle,explicit_rows,81,25,21,15541,15208,27584,Menlo,16,1,release,8,24,3,false,0,0,false,Metal,Apple M5 Pro,12
cjk,scroll_cycle,explicit_rows,81,25,22,15333,15083,26417,Menlo,16,1,release,8,24,3,false,0,0,false,Metal,Apple M5 Pro,6
cjk,scroll_cycle,explicit_rows,81,25,23,15459,15208,27833,Menlo,16,1,release,8,24,3,false,0,0,false,Metal,Apple M5 Pro,0
cjk,scroll_cycle,softwrap,81,25,0,24875,17375,27458,Menlo,16,1,release,8,24,3,false,4977,638,false,Metal,Apple M5 Pro,6
cjk,scroll_cycle,softwrap,81,25,1,23875,16500,27667,Menlo,16,1,release,8,24,3,false,4314,1301,false,Metal,Apple M5 Pro,12
cjk,scroll_cycle,softwrap,81,25,2,24125,16500,26166,Menlo,16,1,release,8,24,3,false,3650,1965,false,Metal,Apple M5 Pro,18
cjk,scroll_cycle,softwrap,81,25,3,23916,16417,27291,Menlo,16,1,release,8,24,3,false,2877,2743,false,Metal,Apple M5 Pro,25
cjk,scroll_cycle,softwrap,81,25,4,23459,16333,26750,Menlo,16,1,release,8,24,3,false,3650,1965,false,Metal,Apple M5 Pro,18
cjk,scroll_cycle,softwrap,81,25,5,23250,16500,27583,Menlo,16,1,release,8,24,3,false,4314,1301,false,Metal,Apple M5 Pro,12
cjk,scroll_cycle,softwrap,81,25,6,23375,35625,27500,Menlo,16,1,release,8,24,3,false,4977,638,false,Metal,Apple M5 Pro,6
cjk,scroll_cycle,softwrap,81,25,7,24167,16542,25542,Menlo,16,1,release,8,24,3,false,5641,0,false,Metal,Apple M5 Pro,0
cjk,scroll_cycle,softwrap,81,25,8,24042,16250,25625,Menlo,16,1,release,8,24,3,false,4977,638,false,Metal,Apple M5 Pro,6
cjk,scroll_cycle,softwrap,81,25,9,23833,16375,26208,Menlo,16,1,release,8,24,3,false,4314,1301,false,Metal,Apple M5 Pro,12
cjk,scroll_cycle,softwrap,81,25,10,23917,16208,26209,Menlo,16,1,release,8,24,3,false,3650,1965,false,Metal,Apple M5 Pro,18
cjk,scroll_cycle,softwrap,81,25,11,23959,16250,25833,Menlo,16,1,release,8,24,3,false,2877,2743,false,Metal,Apple M5 Pro,25
cjk,scroll_cycle,softwrap,81,25,12,23542,16417,26083,Menlo,16,1,release,8,24,3,false,3650,1965,false,Metal,Apple M5 Pro,18
cjk,scroll_cycle,softwrap,81,25,13,23459,17416,25917,Menlo,16,1,release,8,24,3,false,4314,1301,false,Metal,Apple M5 Pro,12
cjk,scroll_cycle,softwrap,81,25,14,23375,16250,25625,Menlo,16,1,release,8,24,3,false,4977,638,false,Metal,Apple M5 Pro,6
cjk,scroll_cycle,softwrap,81,25,15,22958,17250,25125,Menlo,16,1,release,8,24,3,false,5641,0,false,Metal,Apple M5 Pro,0
cjk,scroll_cycle,softwrap,81,25,16,23541,16208,25958,Menlo,16,1,release,8,24,3,false,4977,638,false,Metal,Apple M5 Pro,6
cjk,scroll_cycle,softwrap,81,25,17,23042,16250,26250,Menlo,16,1,release,8,24,3,false,4314,1301,false,Metal,Apple M5 Pro,12
cjk,scroll_cycle,softwrap,81,25,18,23208,17333,26667,Menlo,16,1,release,8,24,3,false,3650,1965,false,Metal,Apple M5 Pro,18
cjk,scroll_cycle,softwrap,81,25,19,23625,17541,28709,Menlo,16,1,release,8,24,3,false,2877,2743,false,Metal,Apple M5 Pro,25
cjk,scroll_cycle,softwrap,81,25,20,23209,22334,25959,Menlo,16,1,release,8,24,3,false,3650,1965,false,Metal,Apple M5 Pro,18
cjk,scroll_cycle,softwrap,81,25,21,23250,16417,25667,Menlo,16,1,release,8,24,3,false,4314,1301,false,Metal,Apple M5 Pro,12
cjk,scroll_cycle,softwrap,81,25,22,23459,16500,26334,Menlo,16,1,release,8,24,3,false,4977,638,false,Metal,Apple M5 Pro,6
cjk,scroll_cycle,softwrap,81,25,23,22917,16375,25041,Menlo,16,1,release,8,24,3,false,5641,0,false,Metal,Apple M5 Pro,0
cjk,dense_novel_text,explicit_rows,81,25,0,15459,2756792,28792,Menlo,16,1,release,8,24,3,false,0,0,false,Metal,Apple M5 Pro,0
cjk,dense_novel_text,explicit_rows,81,25,1,20667,2840125,28916,Menlo,16,1,release,8,24,3,false,0,0,false,Metal,Apple M5 Pro,0
cjk,dense_novel_text,explicit_rows,81,25,2,15625,2780458,28541,Menlo,16,1,release,8,24,3,false,0,0,false,Metal,Apple M5 Pro,0
cjk,dense_novel_text,explicit_rows,81,25,3,20833,2830875,28500,Menlo,16,1,release,8,24,3,false,0,0,false,Metal,Apple M5 Pro,0
cjk,dense_novel_text,explicit_rows,81,25,4,15583,2831083,29166,Menlo,16,1,release,8,24,3,false,0,0,false,Metal,Apple M5 Pro,0
cjk,dense_novel_text,explicit_rows,81,25,5,15833,2771209,28792,Menlo,16,1,release,8,24,3,false,0,0,false,Metal,Apple M5 Pro,0
cjk,dense_novel_text,explicit_rows,81,25,6,15833,2811042,39375,Menlo,16,1,release,8,24,3,false,0,0,false,Metal,Apple M5 Pro,0
cjk,dense_novel_text,explicit_rows,81,25,7,15750,2787125,28625,Menlo,16,1,release,8,24,3,false,0,0,false,Metal,Apple M5 Pro,0
cjk,dense_novel_text,explicit_rows,81,25,8,15500,2788792,28541,Menlo,16,1,release,8,24,3,false,0,0,false,Metal,Apple M5 Pro,0
cjk,dense_novel_text,explicit_rows,81,25,9,15875,2822542,28750,Menlo,16,1,release,8,24,3,false,0,0,false,Metal,Apple M5 Pro,0
cjk,dense_novel_text,explicit_rows,81,25,10,16000,2756291,28708,Menlo,16,1,release,8,24,3,false,0,0,false,Metal,Apple M5 Pro,0
cjk,dense_novel_text,explicit_rows,81,25,11,15500,2771208,28667,Menlo,16,1,release,8,24,3,false,0,0,false,Metal,Apple M5 Pro,0
cjk,dense_novel_text,explicit_rows,81,25,12,15875,2753167,28541,Menlo,16,1,release,8,24,3,false,0,0,false,Metal,Apple M5 Pro,0
cjk,dense_novel_text,explicit_rows,81,25,13,15666,2767917,28541,Menlo,16,1,release,8,24,3,false,0,0,false,Metal,Apple M5 Pro,0
cjk,dense_novel_text,explicit_rows,81,25,14,15458,2767458,27625,Menlo,16,1,release,8,24,3,false,0,0,false,Metal,Apple M5 Pro,0
cjk,dense_novel_text,explicit_rows,81,25,15,15500,2801834,28791,Menlo,16,1,release,8,24,3,false,0,0,false,Metal,Apple M5 Pro,0
cjk,dense_novel_text,explicit_rows,81,25,16,15791,2772167,28583,Menlo,16,1,release,8,24,3,false,0,0,false,Metal,Apple M5 Pro,0
cjk,dense_novel_text,explicit_rows,81,25,17,15916,2747500,28750,Menlo,16,1,release,8,24,3,false,0,0,false,Metal,Apple M5 Pro,0
cjk,dense_novel_text,explicit_rows,81,25,18,15667,2761583,28917,Menlo,16,1,release,8,24,3,false,0,0,false,Metal,Apple M5 Pro,0
cjk,dense_novel_text,explicit_rows,81,25,19,15708,2727792,28625,Menlo,16,1,release,8,24,3,false,0,0,false,Metal,Apple M5 Pro,0
cjk,dense_novel_text,explicit_rows,81,25,20,15708,2718333,28750,Menlo,16,1,release,8,24,3,false,0,0,false,Metal,Apple M5 Pro,0
cjk,dense_novel_text,explicit_rows,81,25,21,15917,2816541,29833,Menlo,16,1,release,8,24,3,false,0,0,false,Metal,Apple M5 Pro,0
cjk,dense_novel_text,explicit_rows,81,25,22,15833,2800625,27833,Menlo,16,1,release,8,24,3,false,0,0,false,Metal,Apple M5 Pro,0
cjk,dense_novel_text,explicit_rows,81,25,23,15458,2780042,28750,Menlo,16,1,release,8,24,3,false,0,0,false,Metal,Apple M5 Pro,0
cjk,dense_novel_text,softwrap,81,25,0,23000,7356084,27000,Menlo,16,1,release,8,24,3,false,5641,0,false,Metal,Apple M5 Pro,0
cjk,dense_novel_text,softwrap,81,25,1,24167,7383750,27208,Menlo,16,1,release,8,24,3,false,5641,0,false,Metal,Apple M5 Pro,0
cjk,dense_novel_text,softwrap,81,25,2,23583,7433667,27208,Menlo,16,1,release,8,24,3,false,5641,0,false,Metal,Apple M5 Pro,0
cjk,dense_novel_text,softwrap,81,25,3,23167,7379750,27375,Menlo,16,1,release,8,24,3,false,5641,0,false,Metal,Apple M5 Pro,0
cjk,dense_novel_text,softwrap,81,25,4,23250,7319625,27416,Menlo,16,1,release,8,24,3,false,5641,0,false,Metal,Apple M5 Pro,0
cjk,dense_novel_text,softwrap,81,25,5,23292,7430083,27125,Menlo,16,1,release,8,24,3,false,5641,0,false,Metal,Apple M5 Pro,0
cjk,dense_novel_text,softwrap,81,25,6,23541,7438333,27292,Menlo,16,1,release,8,24,3,false,5641,0,false,Metal,Apple M5 Pro,0
cjk,dense_novel_text,softwrap,81,25,7,23167,7360958,27250,Menlo,16,1,release,8,24,3,false,5641,0,false,Metal,Apple M5 Pro,0
cjk,dense_novel_text,softwrap,81,25,8,23000,7377459,27416,Menlo,16,1,release,8,24,3,false,5641,0,false,Metal,Apple M5 Pro,0
cjk,dense_novel_text,softwrap,81,25,9,23750,7418625,27125,Menlo,16,1,release,8,24,3,false,5641,0,false,Metal,Apple M5 Pro,0
cjk,dense_novel_text,softwrap,81,25,10,23875,7490958,27375,Menlo,16,1,release,8,24,3,false,5641,0,false,Metal,Apple M5 Pro,0
cjk,dense_novel_text,softwrap,81,25,11,23250,7310583,27333,Menlo,16,1,release,8,24,3,false,5641,0,false,Metal,Apple M5 Pro,0
cjk,dense_novel_text,softwrap,81,25,12,23084,7349875,27375,Menlo,16,1,release,8,24,3,false,5641,0,false,Metal,Apple M5 Pro,0
cjk,dense_novel_text,softwrap,81,25,13,23208,7411458,27125,Menlo,16,1,release,8,24,3,false,5641,0,false,Metal,Apple M5 Pro,0
cjk,dense_novel_text,softwrap,81,25,14,23208,7396042,27208,Menlo,16,1,release,8,24,3,false,5641,0,false,Metal,Apple M5 Pro,0
cjk,dense_novel_text,softwrap,81,25,15,23291,7367834,27166,Menlo,16,1,release,8,24,3,false,5641,0,false,Metal,Apple M5 Pro,0
cjk,dense_novel_text,softwrap,81,25,16,22875,7411458,27125,Menlo,16,1,release,8,24,3,false,5641,0,false,Metal,Apple M5 Pro,0
cjk,dense_novel_text,softwrap,81,25,17,23375,7428541,27125,Menlo,16,1,release,8,24,3,false,5641,0,false,Metal,Apple M5 Pro,0
cjk,dense_novel_text,softwrap,81,25,18,23292,7401917,27208,Menlo,16,1,release,8,24,3,false,5641,0,false,Metal,Apple M5 Pro,0
cjk,dense_novel_text,softwrap,81,25,19,23458,7632959,28041,Menlo,16,1,release,8,24,3,false,5641,0,false,Metal,Apple M5 Pro,0
cjk,dense_novel_text,softwrap,81,25,20,26167,8085875,30375,Menlo,16,1,release,8,24,3,false,5641,0,false,Metal,Apple M5 Pro,0
cjk,dense_novel_text,softwrap,81,25,21,28458,7967042,29625,Menlo,16,1,release,8,24,3,false,5641,0,false,Metal,Apple M5 Pro,0
cjk,dense_novel_text,softwrap,81,25,22,27250,8098875,30000,Menlo,16,1,release,8,24,3,false,5641,0,false,Metal,Apple M5 Pro,0
cjk,dense_novel_text,softwrap,81,25,23,27875,7806417,28541,Menlo,16,1,release,8,24,3,false,5641,0,false,Metal,Apple M5 Pro,0
arabic,sparse_novel_counter,explicit_rows,81,25,0,18708,88500,1958,Menlo,16,1,release,8,24,3,false,0,0,false,Metal,Apple M5 Pro,0
arabic,sparse_novel_counter,explicit_rows,81,25,1,16917,86833,1958,Menlo,16,1,release,8,24,3,false,0,0,false,Metal,Apple M5 Pro,0
arabic,sparse_novel_counter,explicit_rows,81,25,2,16875,86167,2000,Menlo,16,1,release,8,24,3,false,0,0,false,Metal,Apple M5 Pro,0
arabic,sparse_novel_counter,explicit_rows,81,25,3,16750,86000,1958,Menlo,16,1,release,8,24,3,false,0,0,false,Metal,Apple M5 Pro,0
arabic,sparse_novel_counter,explicit_rows,81,25,4,17084,86792,1958,Menlo,16,1,release,8,24,3,false,0,0,false,Metal,Apple M5 Pro,0
arabic,sparse_novel_counter,explicit_rows,81,25,5,16584,86000,1958,Menlo,16,1,release,8,24,3,false,0,0,false,Metal,Apple M5 Pro,0
arabic,sparse_novel_counter,explicit_rows,81,25,6,16583,87042,2000,Menlo,16,1,release,8,24,3,false,0,0,false,Metal,Apple M5 Pro,0
arabic,sparse_novel_counter,explicit_rows,81,25,7,16750,86583,2000,Menlo,16,1,release,8,24,3,false,0,0,false,Metal,Apple M5 Pro,0
arabic,sparse_novel_counter,explicit_rows,81,25,8,17000,86292,1959,Menlo,16,1,release,8,24,3,false,0,0,false,Metal,Apple M5 Pro,0
arabic,sparse_novel_counter,explicit_rows,81,25,9,16667,85500,2000,Menlo,16,1,release,8,24,3,false,0,0,false,Metal,Apple M5 Pro,0
arabic,sparse_novel_counter,explicit_rows,81,25,10,16583,85375,1959,Menlo,16,1,release,8,24,3,false,0,0,false,Metal,Apple M5 Pro,0
arabic,sparse_novel_counter,explicit_rows,81,25,11,17083,85000,2000,Menlo,16,1,release,8,24,3,false,0,0,false,Metal,Apple M5 Pro,0
arabic,sparse_novel_counter,explicit_rows,81,25,12,17250,88958,1958,Menlo,16,1,release,8,24,3,false,0,0,false,Metal,Apple M5 Pro,0
arabic,sparse_novel_counter,explicit_rows,81,25,13,16708,87000,1958,Menlo,16,1,release,8,24,3,false,0,0,false,Metal,Apple M5 Pro,0
arabic,sparse_novel_counter,explicit_rows,81,25,14,16750,84959,2084,Menlo,16,1,release,8,24,3,false,0,0,false,Metal,Apple M5 Pro,0
arabic,sparse_novel_counter,explicit_rows,81,25,15,16416,84500,2000,Menlo,16,1,release,8,24,3,false,0,0,false,Metal,Apple M5 Pro,0
arabic,sparse_novel_counter,explicit_rows,81,25,16,16708,85667,2000,Menlo,16,1,release,8,24,3,false,0,0,false,Metal,Apple M5 Pro,0
arabic,sparse_novel_counter,explicit_rows,81,25,17,16666,84709,1917,Menlo,16,1,release,8,24,3,false,0,0,false,Metal,Apple M5 Pro,0
arabic,sparse_novel_counter,explicit_rows,81,25,18,16583,84542,1959,Menlo,16,1,release,8,24,3,false,0,0,false,Metal,Apple M5 Pro,0
arabic,sparse_novel_counter,explicit_rows,81,25,19,16625,87000,1958,Menlo,16,1,release,8,24,3,false,0,0,false,Metal,Apple M5 Pro,0
arabic,sparse_novel_counter,explicit_rows,81,25,20,16625,84667,1959,Menlo,16,1,release,8,24,3,false,0,0,false,Metal,Apple M5 Pro,0
arabic,sparse_novel_counter,explicit_rows,81,25,21,16417,84750,2000,Menlo,16,1,release,8,24,3,false,0,0,false,Metal,Apple M5 Pro,0
arabic,sparse_novel_counter,explicit_rows,81,25,22,16583,86500,2000,Menlo,16,1,release,8,24,3,false,0,0,false,Metal,Apple M5 Pro,0
arabic,sparse_novel_counter,explicit_rows,81,25,23,16500,84667,2000,Menlo,16,1,release,8,24,3,false,0,0,false,Metal,Apple M5 Pro,0
arabic,sparse_novel_counter,softwrap,81,25,0,32500,4901584,47541,Menlo,16,1,release,8,24,3,false,7475,0,false,Metal,Apple M5 Pro,0
arabic,sparse_novel_counter,softwrap,81,25,1,30959,4840292,47458,Menlo,16,1,release,8,24,3,false,7475,0,false,Metal,Apple M5 Pro,0
arabic,sparse_novel_counter,softwrap,81,25,2,30250,4810750,47750,Menlo,16,1,release,8,24,3,false,7475,0,false,Metal,Apple M5 Pro,0
arabic,sparse_novel_counter,softwrap,81,25,3,29541,4858709,47417,Menlo,16,1,release,8,24,3,false,7475,0,false,Metal,Apple M5 Pro,0
arabic,sparse_novel_counter,softwrap,81,25,4,30000,4914333,47667,Menlo,16,1,release,8,24,3,false,7475,0,false,Metal,Apple M5 Pro,0
arabic,sparse_novel_counter,softwrap,81,25,5,29667,4969917,47875,Menlo,16,1,release,8,24,3,false,7475,0,false,Metal,Apple M5 Pro,0
arabic,sparse_novel_counter,softwrap,81,25,6,30666,4895667,47833,Menlo,16,1,release,8,24,3,false,7475,0,false,Metal,Apple M5 Pro,0
arabic,sparse_novel_counter,softwrap,81,25,7,30375,4906916,47667,Menlo,16,1,release,8,24,3,false,7475,0,false,Metal,Apple M5 Pro,0
arabic,sparse_novel_counter,softwrap,81,25,8,30791,4887709,48042,Menlo,16,1,release,8,24,3,false,7475,0,false,Metal,Apple M5 Pro,0
arabic,sparse_novel_counter,softwrap,81,25,9,31250,5133750,49291,Menlo,16,1,release,8,24,3,false,7475,0,false,Metal,Apple M5 Pro,0
arabic,sparse_novel_counter,softwrap,81,25,10,33083,5524750,49000,Menlo,16,1,release,8,24,3,false,7475,0,false,Metal,Apple M5 Pro,0
arabic,sparse_novel_counter,softwrap,81,25,11,33625,5009292,47125,Menlo,16,1,release,8,24,3,false,7475,0,false,Metal,Apple M5 Pro,0
arabic,sparse_novel_counter,softwrap,81,25,12,31459,4787333,45917,Menlo,16,1,release,8,24,3,false,7475,0,false,Metal,Apple M5 Pro,0
arabic,sparse_novel_counter,softwrap,81,25,13,29125,4813959,46416,Menlo,16,1,release,8,24,3,false,7475,0,false,Metal,Apple M5 Pro,0
arabic,sparse_novel_counter,softwrap,81,25,14,32667,4880834,46041,Menlo,16,1,release,8,24,3,false,7475,0,false,Metal,Apple M5 Pro,0
arabic,sparse_novel_counter,softwrap,81,25,15,28833,4838083,47334,Menlo,16,1,release,8,24,3,false,7475,0,false,Metal,Apple M5 Pro,0
arabic,sparse_novel_counter,softwrap,81,25,16,29458,4781333,46083,Menlo,16,1,release,8,24,3,false,7475,0,false,Metal,Apple M5 Pro,0
arabic,sparse_novel_counter,softwrap,81,25,17,28250,4793208,46583,Menlo,16,1,release,8,24,3,false,7475,0,false,Metal,Apple M5 Pro,0
arabic,sparse_novel_counter,softwrap,81,25,18,28875,4802792,46500,Menlo,16,1,release,8,24,3,false,7475,0,false,Metal,Apple M5 Pro,0
arabic,sparse_novel_counter,softwrap,81,25,19,37750,4806625,46875,Menlo,16,1,release,8,24,3,false,7475,0,false,Metal,Apple M5 Pro,0
arabic,sparse_novel_counter,softwrap,81,25,20,29041,4763209,46417,Menlo,16,1,release,8,24,3,false,7475,0,false,Metal,Apple M5 Pro,0
arabic,sparse_novel_counter,softwrap,81,25,21,27958,4783125,46500,Menlo,16,1,release,8,24,3,false,7475,0,false,Metal,Apple M5 Pro,0
arabic,sparse_novel_counter,softwrap,81,25,22,28334,4782750,49375,Menlo,16,1,release,8,24,3,false,7475,0,false,Metal,Apple M5 Pro,0
arabic,sparse_novel_counter,softwrap,81,25,23,27958,4780000,46375,Menlo,16,1,release,8,24,3,false,7475,0,false,Metal,Apple M5 Pro,0
arabic,scroll_cycle,explicit_rows,81,25,0,15416,15542,41334,Menlo,16,1,release,8,24,3,false,0,0,false,Metal,Apple M5 Pro,6
arabic,scroll_cycle,explicit_rows,81,25,1,15292,15458,59291,Menlo,16,1,release,8,24,3,false,0,0,false,Metal,Apple M5 Pro,12
arabic,scroll_cycle,explicit_rows,81,25,2,15834,17416,40042,Menlo,16,1,release,8,24,3,false,0,0,false,Metal,Apple M5 Pro,18
arabic,scroll_cycle,explicit_rows,81,25,3,15291,25125,41042,Menlo,16,1,release,8,24,3,false,0,0,false,Metal,Apple M5 Pro,25
arabic,scroll_cycle,explicit_rows,81,25,4,15458,15792,39875,Menlo,16,1,release,8,24,3,false,0,0,false,Metal,Apple M5 Pro,18
arabic,scroll_cycle,explicit_rows,81,25,5,15166,17042,45666,Menlo,16,1,release,8,24,3,false,0,0,false,Metal,Apple M5 Pro,12
arabic,scroll_cycle,explicit_rows,81,25,6,15375,17000,40250,Menlo,16,1,release,8,24,3,false,0,0,false,Metal,Apple M5 Pro,6
arabic,scroll_cycle,explicit_rows,81,25,7,15291,16959,41625,Menlo,16,1,release,8,24,3,false,0,0,false,Metal,Apple M5 Pro,0
arabic,scroll_cycle,explicit_rows,81,25,8,15250,16875,41041,Menlo,16,1,release,8,24,3,false,0,0,false,Metal,Apple M5 Pro,6
arabic,scroll_cycle,explicit_rows,81,25,9,15416,22750,42625,Menlo,16,1,release,8,24,3,false,0,0,false,Metal,Apple M5 Pro,12
arabic,scroll_cycle,explicit_rows,81,25,10,15250,16875,40250,Menlo,16,1,release,8,24,3,false,0,0,false,Metal,Apple M5 Pro,18
arabic,scroll_cycle,explicit_rows,81,25,11,15417,16833,50583,Menlo,16,1,release,8,24,3,false,0,0,false,Metal,Apple M5 Pro,25
arabic,scroll_cycle,explicit_rows,81,25,12,15333,15833,40375,Menlo,16,1,release,8,24,3,false,0,0,false,Metal,Apple M5 Pro,18
arabic,scroll_cycle,explicit_rows,81,25,13,15458,16041,40042,Menlo,16,1,release,8,24,3,false,0,0,false,Metal,Apple M5 Pro,12
arabic,scroll_cycle,explicit_rows,81,25,14,15292,16875,40500,Menlo,16,1,release,8,24,3,false,0,0,false,Metal,Apple M5 Pro,6
arabic,scroll_cycle,explicit_rows,81,25,15,15208,15833,40458,Menlo,16,1,release,8,24,3,false,0,0,false,Metal,Apple M5 Pro,0
arabic,scroll_cycle,explicit_rows,81,25,16,15333,15791,40417,Menlo,16,1,release,8,24,3,false,0,0,false,Metal,Apple M5 Pro,6
arabic,scroll_cycle,explicit_rows,81,25,17,15542,15834,40584,Menlo,16,1,release,8,24,3,false,0,0,false,Metal,Apple M5 Pro,12
arabic,scroll_cycle,explicit_rows,81,25,18,15125,16917,40583,Menlo,16,1,release,8,24,3,false,0,0,false,Metal,Apple M5 Pro,18
arabic,scroll_cycle,explicit_rows,81,25,19,15291,16875,39708,Menlo,16,1,release,8,24,3,false,0,0,false,Metal,Apple M5 Pro,25
arabic,scroll_cycle,explicit_rows,81,25,20,15250,16041,40334,Menlo,16,1,release,8,24,3,false,0,0,false,Metal,Apple M5 Pro,18
arabic,scroll_cycle,explicit_rows,81,25,21,15334,16958,40916,Menlo,16,1,release,8,24,3,false,0,0,false,Metal,Apple M5 Pro,12
arabic,scroll_cycle,explicit_rows,81,25,22,15291,28334,43209,Menlo,16,1,release,8,24,3,false,0,0,false,Metal,Apple M5 Pro,6
arabic,scroll_cycle,explicit_rows,81,25,23,15666,17000,40125,Menlo,16,1,release,8,24,3,false,0,0,false,Metal,Apple M5 Pro,0
arabic,scroll_cycle,softwrap,81,25,0,27750,4805041,45667,Menlo,16,1,release,8,24,3,false,6631,811,false,Metal,Apple M5 Pro,6
arabic,scroll_cycle,softwrap,81,25,1,29459,5320917,57000,Menlo,16,1,release,8,24,3,false,5783,1660,false,Metal,Apple M5 Pro,12
arabic,scroll_cycle,softwrap,81,25,2,41042,5420791,47584,Menlo,16,1,release,8,24,3,false,4934,2496,false,Metal,Apple M5 Pro,18
arabic,scroll_cycle,softwrap,81,25,3,34375,4942792,46833,Menlo,16,1,release,8,24,3,false,3948,3487,false,Metal,Apple M5 Pro,25
arabic,scroll_cycle,softwrap,81,25,4,32583,20042,44667,Menlo,16,1,release,8,24,3,false,4934,2496,false,Metal,Apple M5 Pro,18
arabic,scroll_cycle,softwrap,81,25,5,29084,19791,45542,Menlo,16,1,release,8,24,3,false,5783,1660,false,Metal,Apple M5 Pro,12
arabic,scroll_cycle,softwrap,81,25,6,27916,20209,46167,Menlo,16,1,release,8,24,3,false,6631,811,false,Metal,Apple M5 Pro,6
arabic,scroll_cycle,softwrap,81,25,7,28333,4914792,45458,Menlo,16,1,release,8,24,3,false,7475,0,false,Metal,Apple M5 Pro,0
arabic,scroll_cycle,softwrap,81,25,8,29000,4955458,45791,Menlo,16,1,release,8,24,3,false,6631,811,false,Metal,Apple M5 Pro,6
arabic,scroll_cycle,softwrap,81,25,9,31834,4923625,43291,Menlo,16,1,release,8,24,3,false,5783,1660,false,Metal,Apple M5 Pro,12
arabic,scroll_cycle,softwrap,81,25,10,30375,4800125,45959,Menlo,16,1,release,8,24,3,false,4934,2496,false,Metal,Apple M5 Pro,18
arabic,scroll_cycle,softwrap,81,25,11,28792,4834167,45667,Menlo,16,1,release,8,24,3,false,3948,3487,false,Metal,Apple M5 Pro,25
arabic,scroll_cycle,softwrap,81,25,12,28375,18125,44166,Menlo,16,1,release,8,24,3,false,4934,2496,false,Metal,Apple M5 Pro,18
arabic,scroll_cycle,softwrap,81,25,13,27166,16833,44000,Menlo,16,1,release,8,24,3,false,5783,1660,false,Metal,Apple M5 Pro,12
arabic,scroll_cycle,softwrap,81,25,14,26625,16875,43834,Menlo,16,1,release,8,24,3,false,6631,811,false,Metal,Apple M5 Pro,6
arabic,scroll_cycle,softwrap,81,25,15,26625,4751708,45500,Menlo,16,1,release,8,24,3,false,7475,0,false,Metal,Apple M5 Pro,0
arabic,scroll_cycle,softwrap,81,25,16,29167,4855334,45709,Menlo,16,1,release,8,24,3,false,6631,811,false,Metal,Apple M5 Pro,6
arabic,scroll_cycle,softwrap,81,25,17,28875,4831959,45708,Menlo,16,1,release,8,24,3,false,5783,1660,false,Metal,Apple M5 Pro,12
arabic,scroll_cycle,softwrap,81,25,18,29500,4808041,45667,Menlo,16,1,release,8,24,3,false,4934,2496,false,Metal,Apple M5 Pro,18
arabic,scroll_cycle,softwrap,81,25,19,29000,4838292,45750,Menlo,16,1,release,8,24,3,false,3948,3487,false,Metal,Apple M5 Pro,25
arabic,scroll_cycle,softwrap,81,25,20,29292,17125,43375,Menlo,16,1,release,8,24,3,false,4934,2496,false,Metal,Apple M5 Pro,18
arabic,scroll_cycle,softwrap,81,25,21,28209,16875,44250,Menlo,16,1,release,8,24,3,false,5783,1660,false,Metal,Apple M5 Pro,12
arabic,scroll_cycle,softwrap,81,25,22,27625,17917,43541,Menlo,16,1,release,8,24,3,false,6631,811,false,Metal,Apple M5 Pro,6
arabic,scroll_cycle,softwrap,81,25,23,27250,4763416,45209,Menlo,16,1,release,8,24,3,false,7475,0,false,Metal,Apple M5 Pro,0
arabic,dense_novel_text,explicit_rows,81,25,0,15666,1611708,43083,Menlo,16,1,release,8,24,3,false,0,0,false,Metal,Apple M5 Pro,0
arabic,dense_novel_text,explicit_rows,81,25,1,15500,1605875,40875,Menlo,16,1,release,8,24,3,false,0,0,false,Metal,Apple M5 Pro,0
arabic,dense_novel_text,explicit_rows,81,25,2,15333,1594125,42291,Menlo,16,1,release,8,24,3,false,0,0,false,Metal,Apple M5 Pro,0
arabic,dense_novel_text,explicit_rows,81,25,3,15458,1594417,43125,Menlo,16,1,release,8,24,3,false,0,0,false,Metal,Apple M5 Pro,0
arabic,dense_novel_text,explicit_rows,81,25,4,15458,1680416,43250,Menlo,16,1,release,8,24,3,false,0,0,false,Metal,Apple M5 Pro,0
arabic,dense_novel_text,explicit_rows,81,25,5,15708,1613667,56791,Menlo,16,1,release,8,24,3,false,0,0,false,Metal,Apple M5 Pro,0
arabic,dense_novel_text,explicit_rows,81,25,6,15250,1604750,42334,Menlo,16,1,release,8,24,3,false,0,0,false,Metal,Apple M5 Pro,0
arabic,dense_novel_text,explicit_rows,81,25,7,15417,1601708,42333,Menlo,16,1,release,8,24,3,false,0,0,false,Metal,Apple M5 Pro,0
arabic,dense_novel_text,explicit_rows,81,25,8,15542,1603166,42292,Menlo,16,1,release,8,24,3,false,0,0,false,Metal,Apple M5 Pro,0
arabic,dense_novel_text,explicit_rows,81,25,9,15500,1599541,41792,Menlo,16,1,release,8,24,3,false,0,0,false,Metal,Apple M5 Pro,0
arabic,dense_novel_text,explicit_rows,81,25,10,18834,1618916,43084,Menlo,16,1,release,8,24,3,false,0,0,false,Metal,Apple M5 Pro,0
arabic,dense_novel_text,explicit_rows,81,25,11,15625,1606041,43083,Menlo,16,1,release,8,24,3,false,0,0,false,Metal,Apple M5 Pro,0
arabic,dense_novel_text,explicit_rows,81,25,12,15792,1606709,43000,Menlo,16,1,release,8,24,3,false,0,0,false,Metal,Apple M5 Pro,0
arabic,dense_novel_text,explicit_rows,81,25,13,15417,1604417,43000,Menlo,16,1,release,8,24,3,false,0,0,false,Metal,Apple M5 Pro,0
arabic,dense_novel_text,explicit_rows,81,25,14,15750,1619250,43000,Menlo,16,1,release,8,24,3,false,0,0,false,Metal,Apple M5 Pro,0
arabic,dense_novel_text,explicit_rows,81,25,15,15542,1719208,43208,Menlo,16,1,release,8,24,3,false,0,0,false,Metal,Apple M5 Pro,0
arabic,dense_novel_text,explicit_rows,81,25,16,15875,1612666,41584,Menlo,16,1,release,8,24,3,false,0,0,false,Metal,Apple M5 Pro,0
arabic,dense_novel_text,explicit_rows,81,25,17,15333,1622541,42584,Menlo,16,1,release,8,24,3,false,0,0,false,Metal,Apple M5 Pro,0
arabic,dense_novel_text,explicit_rows,81,25,18,15500,1602167,42542,Menlo,16,1,release,8,24,3,false,0,0,false,Metal,Apple M5 Pro,0
arabic,dense_novel_text,explicit_rows,81,25,19,15458,1599625,42625,Menlo,16,1,release,8,24,3,false,0,0,false,Metal,Apple M5 Pro,0
arabic,dense_novel_text,explicit_rows,81,25,20,15583,1627459,42667,Menlo,16,1,release,8,24,3,false,0,0,false,Metal,Apple M5 Pro,0
arabic,dense_novel_text,explicit_rows,81,25,21,15250,1636541,42583,Menlo,16,1,release,8,24,3,false,0,0,false,Metal,Apple M5 Pro,0
arabic,dense_novel_text,explicit_rows,81,25,22,15667,1639750,42542,Menlo,16,1,release,8,24,3,false,0,0,false,Metal,Apple M5 Pro,0
arabic,dense_novel_text,explicit_rows,81,25,23,15625,1642542,42417,Menlo,16,1,release,8,24,3,false,0,0,false,Metal,Apple M5 Pro,0
arabic,dense_novel_text,softwrap,81,25,0,27834,4774292,45708,Menlo,16,1,release,8,24,3,false,7475,0,false,Metal,Apple M5 Pro,0
arabic,dense_novel_text,softwrap,81,25,1,28125,4808833,45458,Menlo,16,1,release,8,24,3,false,7475,0,false,Metal,Apple M5 Pro,0
arabic,dense_novel_text,softwrap,81,25,2,27834,4774583,45416,Menlo,16,1,release,8,24,3,false,7475,0,false,Metal,Apple M5 Pro,0
arabic,dense_novel_text,softwrap,81,25,3,26708,4750416,44875,Menlo,16,1,release,8,24,3,false,7475,0,false,Metal,Apple M5 Pro,0
arabic,dense_novel_text,softwrap,81,25,4,26542,4731375,45292,Menlo,16,1,release,8,24,3,false,7475,0,false,Metal,Apple M5 Pro,0
arabic,dense_novel_text,softwrap,81,25,5,27041,4680375,45542,Menlo,16,1,release,8,24,3,false,7475,0,false,Metal,Apple M5 Pro,0
arabic,dense_novel_text,softwrap,81,25,6,27000,4747209,45458,Menlo,16,1,release,8,24,3,false,7475,0,false,Metal,Apple M5 Pro,0
arabic,dense_novel_text,softwrap,81,25,7,27708,4789708,45334,Menlo,16,1,release,8,24,3,false,7475,0,false,Metal,Apple M5 Pro,0
arabic,dense_novel_text,softwrap,81,25,8,27875,4769292,45416,Menlo,16,1,release,8,24,3,false,7475,0,false,Metal,Apple M5 Pro,0
arabic,dense_novel_text,softwrap,81,25,9,28541,4774458,45167,Menlo,16,1,release,8,24,3,false,7475,0,false,Metal,Apple M5 Pro,0
arabic,dense_novel_text,softwrap,81,25,10,27583,4771375,43333,Menlo,16,1,release,8,24,3,false,7475,0,false,Metal,Apple M5 Pro,0
arabic,dense_novel_text,softwrap,81,25,11,27167,4789084,45166,Menlo,16,1,release,8,24,3,false,7475,0,false,Metal,Apple M5 Pro,0
arabic,dense_novel_text,softwrap,81,25,12,28208,4754167,44500,Menlo,16,1,release,8,24,3,false,7475,0,false,Metal,Apple M5 Pro,0
arabic,dense_novel_text,softwrap,81,25,13,27875,4767875,47958,Menlo,16,1,release,8,24,3,false,7475,0,false,Metal,Apple M5 Pro,0
arabic,dense_novel_text,softwrap,81,25,14,27458,4749667,46292,Menlo,16,1,release,8,24,3,false,7475,0,false,Metal,Apple M5 Pro,0
arabic,dense_novel_text,softwrap,81,25,15,27042,4763458,45458,Menlo,16,1,release,8,24,3,false,7475,0,false,Metal,Apple M5 Pro,0
arabic,dense_novel_text,softwrap,81,25,16,26625,4712792,45375,Menlo,16,1,release,8,24,3,false,7475,0,false,Metal,Apple M5 Pro,0
arabic,dense_novel_text,softwrap,81,25,17,31667,4714333,43834,Menlo,16,1,release,8,24,3,false,7475,0,false,Metal,Apple M5 Pro,0
arabic,dense_novel_text,softwrap,81,25,18,27042,4652625,43625,Menlo,16,1,release,8,24,3,false,7475,0,false,Metal,Apple M5 Pro,0
arabic,dense_novel_text,softwrap,81,25,19,26458,4723292,52750,Menlo,16,1,release,8,24,3,false,7475,0,false,Metal,Apple M5 Pro,0
arabic,dense_novel_text,softwrap,81,25,20,27625,4837209,49959,Menlo,16,1,release,8,24,3,false,7475,0,false,Metal,Apple M5 Pro,0
arabic,dense_novel_text,softwrap,81,25,21,28459,4776334,45292,Menlo,16,1,release,8,24,3,false,7475,0,false,Metal,Apple M5 Pro,0
arabic,dense_novel_text,softwrap,81,25,22,27292,4758458,45792,Menlo,16,1,release,8,24,3,false,7475,0,false,Metal,Apple M5 Pro,0
arabic,dense_novel_text,softwrap,81,25,23,27667,4829000,45875,Menlo,16,1,release,8,24,3,false,7475,0,false,Metal,Apple M5 Pro,0
rtl_context_ltr_viewport,sparse_novel_counter,explicit_rows,81,25,0,15208,40459,1916,Menlo,16,1,release,8,24,3,false,0,0,false,Metal,Apple M5 Pro,0
rtl_context_ltr_viewport,sparse_novel_counter,explicit_rows,81,25,1,15334,40750,1875,Menlo,16,1,release,8,24,3,false,0,0,false,Metal,Apple M5 Pro,0
rtl_context_ltr_viewport,sparse_novel_counter,explicit_rows,81,25,2,15209,40541,1917,Menlo,16,1,release,8,24,3,false,0,0,false,Metal,Apple M5 Pro,0
rtl_context_ltr_viewport,sparse_novel_counter,explicit_rows,81,25,3,15375,41334,1875,Menlo,16,1,release,8,24,3,false,0,0,false,Metal,Apple M5 Pro,0
rtl_context_ltr_viewport,sparse_novel_counter,explicit_rows,81,25,4,15209,40916,1875,Menlo,16,1,release,8,24,3,false,0,0,false,Metal,Apple M5 Pro,0
rtl_context_ltr_viewport,sparse_novel_counter,explicit_rows,81,25,5,15291,41084,1916,Menlo,16,1,release,8,24,3,false,0,0,false,Metal,Apple M5 Pro,0
rtl_context_ltr_viewport,sparse_novel_counter,explicit_rows,81,25,6,15375,40750,1875,Menlo,16,1,release,8,24,3,false,0,0,false,Metal,Apple M5 Pro,0
rtl_context_ltr_viewport,sparse_novel_counter,explicit_rows,81,25,7,15208,39792,1875,Menlo,16,1,release,8,24,3,false,0,0,false,Metal,Apple M5 Pro,0
rtl_context_ltr_viewport,sparse_novel_counter,explicit_rows,81,25,8,15292,41000,1959,Menlo,16,1,release,8,24,3,false,0,0,false,Metal,Apple M5 Pro,0
rtl_context_ltr_viewport,sparse_novel_counter,explicit_rows,81,25,9,15209,50166,1875,Menlo,16,1,release,8,24,3,false,0,0,false,Metal,Apple M5 Pro,0
rtl_context_ltr_viewport,sparse_novel_counter,explicit_rows,81,25,10,15292,40209,1875,Menlo,16,1,release,8,24,3,false,0,0,false,Metal,Apple M5 Pro,0
rtl_context_ltr_viewport,sparse_novel_counter,explicit_rows,81,25,11,15208,41542,1875,Menlo,16,1,release,8,24,3,false,0,0,false,Metal,Apple M5 Pro,0
rtl_context_ltr_viewport,sparse_novel_counter,explicit_rows,81,25,12,15375,40375,1917,Menlo,16,1,release,8,24,3,false,0,0,false,Metal,Apple M5 Pro,0
rtl_context_ltr_viewport,sparse_novel_counter,explicit_rows,81,25,13,15584,40625,1916,Menlo,16,1,release,8,24,3,false,0,0,false,Metal,Apple M5 Pro,0
rtl_context_ltr_viewport,sparse_novel_counter,explicit_rows,81,25,14,15292,40708,1917,Menlo,16,1,release,8,24,3,false,0,0,false,Metal,Apple M5 Pro,0
rtl_context_ltr_viewport,sparse_novel_counter,explicit_rows,81,25,15,15292,40416,1917,Menlo,16,1,release,8,24,3,false,0,0,false,Metal,Apple M5 Pro,0
rtl_context_ltr_viewport,sparse_novel_counter,explicit_rows,81,25,16,15333,41625,1917,Menlo,16,1,release,8,24,3,false,0,0,false,Metal,Apple M5 Pro,0
rtl_context_ltr_viewport,sparse_novel_counter,explicit_rows,81,25,17,15166,40292,1917,Menlo,16,1,release,8,24,3,false,0,0,false,Metal,Apple M5 Pro,0
rtl_context_ltr_viewport,sparse_novel_counter,explicit_rows,81,25,18,15291,40917,1875,Menlo,16,1,release,8,24,3,false,0,0,false,Metal,Apple M5 Pro,0
rtl_context_ltr_viewport,sparse_novel_counter,explicit_rows,81,25,19,15166,39750,1875,Menlo,16,1,release,8,24,3,false,0,0,false,Metal,Apple M5 Pro,0
rtl_context_ltr_viewport,sparse_novel_counter,explicit_rows,81,25,20,15333,40708,1917,Menlo,16,1,release,8,24,3,false,0,0,false,Metal,Apple M5 Pro,0
rtl_context_ltr_viewport,sparse_novel_counter,explicit_rows,81,25,21,15166,40375,1917,Menlo,16,1,release,8,24,3,false,0,0,false,Metal,Apple M5 Pro,0
rtl_context_ltr_viewport,sparse_novel_counter,explicit_rows,81,25,22,15292,39792,1917,Menlo,16,1,release,8,24,3,false,0,0,false,Metal,Apple M5 Pro,0
rtl_context_ltr_viewport,sparse_novel_counter,explicit_rows,81,25,23,15166,40584,1875,Menlo,16,1,release,8,24,3,false,0,0,false,Metal,Apple M5 Pro,0
rtl_context_ltr_viewport,sparse_novel_counter,softwrap,81,25,0,26416,1356250,46167,Menlo,16,1,release,8,24,3,false,4221,0,false,Metal,Apple M5 Pro,0
rtl_context_ltr_viewport,sparse_novel_counter,softwrap,81,25,1,26250,1340000,46166,Menlo,16,1,release,8,24,3,false,4221,0,false,Metal,Apple M5 Pro,0
rtl_context_ltr_viewport,sparse_novel_counter,softwrap,81,25,2,26250,1339042,46583,Menlo,16,1,release,8,24,3,false,4221,0,false,Metal,Apple M5 Pro,0
rtl_context_ltr_viewport,sparse_novel_counter,softwrap,81,25,3,26375,1340292,46375,Menlo,16,1,release,8,24,3,false,4221,0,false,Metal,Apple M5 Pro,0
rtl_context_ltr_viewport,sparse_novel_counter,softwrap,81,25,4,25667,1333000,46250,Menlo,16,1,release,8,24,3,false,4221,0,false,Metal,Apple M5 Pro,0
rtl_context_ltr_viewport,sparse_novel_counter,softwrap,81,25,5,26042,1357584,52291,Menlo,16,1,release,8,24,3,false,4221,0,false,Metal,Apple M5 Pro,0
rtl_context_ltr_viewport,sparse_novel_counter,softwrap,81,25,6,25542,1385041,46542,Menlo,16,1,release,8,24,3,false,4221,0,false,Metal,Apple M5 Pro,0
rtl_context_ltr_viewport,sparse_novel_counter,softwrap,81,25,7,26084,1360291,46333,Menlo,16,1,release,8,24,3,false,4221,0,false,Metal,Apple M5 Pro,0
rtl_context_ltr_viewport,sparse_novel_counter,softwrap,81,25,8,26333,1348583,46542,Menlo,16,1,release,8,24,3,false,4221,0,false,Metal,Apple M5 Pro,0
rtl_context_ltr_viewport,sparse_novel_counter,softwrap,81,25,9,26375,1359417,46333,Menlo,16,1,release,8,24,3,false,4221,0,false,Metal,Apple M5 Pro,0
rtl_context_ltr_viewport,sparse_novel_counter,softwrap,81,25,10,29583,1358583,46375,Menlo,16,1,release,8,24,3,false,4221,0,false,Metal,Apple M5 Pro,0
rtl_context_ltr_viewport,sparse_novel_counter,softwrap,81,25,11,26125,1334541,46625,Menlo,16,1,release,8,24,3,false,4221,0,false,Metal,Apple M5 Pro,0
rtl_context_ltr_viewport,sparse_novel_counter,softwrap,81,25,12,25958,1340000,62791,Menlo,16,1,release,8,24,3,false,4221,0,false,Metal,Apple M5 Pro,0
rtl_context_ltr_viewport,sparse_novel_counter,softwrap,81,25,13,26334,1358166,47042,Menlo,16,1,release,8,24,3,false,4221,0,false,Metal,Apple M5 Pro,0
rtl_context_ltr_viewport,sparse_novel_counter,softwrap,81,25,14,25792,1338250,46458,Menlo,16,1,release,8,24,3,false,4221,0,false,Metal,Apple M5 Pro,0
rtl_context_ltr_viewport,sparse_novel_counter,softwrap,81,25,15,25833,1330709,46541,Menlo,16,1,release,8,24,3,false,4221,0,false,Metal,Apple M5 Pro,0
rtl_context_ltr_viewport,sparse_novel_counter,softwrap,81,25,16,25958,1334167,46333,Menlo,16,1,release,8,24,3,false,4221,0,false,Metal,Apple M5 Pro,0
rtl_context_ltr_viewport,sparse_novel_counter,softwrap,81,25,17,25875,1338167,46833,Menlo,16,1,release,8,24,3,false,4221,0,false,Metal,Apple M5 Pro,0
rtl_context_ltr_viewport,sparse_novel_counter,softwrap,81,25,18,26167,1334375,46833,Menlo,16,1,release,8,24,3,false,4221,0,false,Metal,Apple M5 Pro,0
rtl_context_ltr_viewport,sparse_novel_counter,softwrap,81,25,19,25709,1356417,46458,Menlo,16,1,release,8,24,3,false,4221,0,false,Metal,Apple M5 Pro,0
rtl_context_ltr_viewport,sparse_novel_counter,softwrap,81,25,20,25958,1356958,46292,Menlo,16,1,release,8,24,3,false,4221,0,false,Metal,Apple M5 Pro,0
rtl_context_ltr_viewport,sparse_novel_counter,softwrap,81,25,21,26250,1330625,45500,Menlo,16,1,release,8,24,3,false,4221,0,false,Metal,Apple M5 Pro,0
rtl_context_ltr_viewport,sparse_novel_counter,softwrap,81,25,22,25750,1364709,46084,Menlo,16,1,release,8,24,3,false,4221,0,false,Metal,Apple M5 Pro,0
rtl_context_ltr_viewport,sparse_novel_counter,softwrap,81,25,23,26084,1338959,46125,Menlo,16,1,release,8,24,3,false,4221,0,false,Metal,Apple M5 Pro,0
rtl_context_ltr_viewport,scroll_cycle,explicit_rows,81,25,0,15334,15375,48667,Menlo,16,1,release,8,24,3,false,0,0,false,Metal,Apple M5 Pro,6
rtl_context_ltr_viewport,scroll_cycle,explicit_rows,81,25,1,15458,15667,43875,Menlo,16,1,release,8,24,3,false,0,0,false,Metal,Apple M5 Pro,12
rtl_context_ltr_viewport,scroll_cycle,explicit_rows,81,25,2,15208,15459,43500,Menlo,16,1,release,8,24,3,false,0,0,false,Metal,Apple M5 Pro,18
rtl_context_ltr_viewport,scroll_cycle,explicit_rows,81,25,3,15417,16500,44667,Menlo,16,1,release,8,24,3,false,0,0,false,Metal,Apple M5 Pro,25
rtl_context_ltr_viewport,scroll_cycle,explicit_rows,81,25,4,15166,15500,43041,Menlo,16,1,release,8,24,3,false,0,0,false,Metal,Apple M5 Pro,18
rtl_context_ltr_viewport,scroll_cycle,explicit_rows,81,25,5,15208,16625,44500,Menlo,16,1,release,8,24,3,false,0,0,false,Metal,Apple M5 Pro,12
rtl_context_ltr_viewport,scroll_cycle,explicit_rows,81,25,6,15458,16458,43459,Menlo,16,1,release,8,24,3,false,0,0,false,Metal,Apple M5 Pro,6
rtl_context_ltr_viewport,scroll_cycle,explicit_rows,81,25,7,15417,15583,42791,Menlo,16,1,release,8,24,3,false,0,0,false,Metal,Apple M5 Pro,0
rtl_context_ltr_viewport,scroll_cycle,explicit_rows,81,25,8,15250,38250,48042,Menlo,16,1,release,8,24,3,false,0,0,false,Metal,Apple M5 Pro,6
rtl_context_ltr_viewport,scroll_cycle,explicit_rows,81,25,9,15750,15625,43541,Menlo,16,1,release,8,24,3,false,0,0,false,Metal,Apple M5 Pro,12
rtl_context_ltr_viewport,scroll_cycle,explicit_rows,81,25,10,15250,16583,42417,Menlo,16,1,release,8,24,3,false,0,0,false,Metal,Apple M5 Pro,18
rtl_context_ltr_viewport,scroll_cycle,explicit_rows,81,25,11,15333,16333,42458,Menlo,16,1,release,8,24,3,false,0,0,false,Metal,Apple M5 Pro,25
rtl_context_ltr_viewport,scroll_cycle,explicit_rows,81,25,12,15167,16334,45250,Menlo,16,1,release,8,24,3,false,0,0,false,Metal,Apple M5 Pro,18
rtl_context_ltr_viewport,scroll_cycle,explicit_rows,81,25,13,15542,16333,45875,Menlo,16,1,release,8,24,3,false,0,0,false,Metal,Apple M5 Pro,12
rtl_context_ltr_viewport,scroll_cycle,explicit_rows,81,25,14,15250,16333,43750,Menlo,16,1,release,8,24,3,false,0,0,false,Metal,Apple M5 Pro,6
rtl_context_ltr_viewport,scroll_cycle,explicit_rows,81,25,15,15708,16459,42625,Menlo,16,1,release,8,24,3,false,0,0,false,Metal,Apple M5 Pro,0
rtl_context_ltr_viewport,scroll_cycle,explicit_rows,81,25,16,15250,16375,41875,Menlo,16,1,release,8,24,3,false,0,0,false,Metal,Apple M5 Pro,6
rtl_context_ltr_viewport,scroll_cycle,explicit_rows,81,25,17,15083,16458,44167,Menlo,16,1,release,8,24,3,false,0,0,false,Metal,Apple M5 Pro,12
rtl_context_ltr_viewport,scroll_cycle,explicit_rows,81,25,18,15208,16333,48250,Menlo,16,1,release,8,24,3,false,0,0,false,Metal,Apple M5 Pro,18
rtl_context_ltr_viewport,scroll_cycle,explicit_rows,81,25,19,15125,16292,41917,Menlo,16,1,release,8,24,3,false,0,0,false,Metal,Apple M5 Pro,25
rtl_context_ltr_viewport,scroll_cycle,explicit_rows,81,25,20,15166,16292,41959,Menlo,16,1,release,8,24,3,false,0,0,false,Metal,Apple M5 Pro,18
rtl_context_ltr_viewport,scroll_cycle,explicit_rows,81,25,21,15167,16250,42375,Menlo,16,1,release,8,24,3,false,0,0,false,Metal,Apple M5 Pro,12
rtl_context_ltr_viewport,scroll_cycle,explicit_rows,81,25,22,15208,15250,44709,Menlo,16,1,release,8,24,3,false,0,0,false,Metal,Apple M5 Pro,6
rtl_context_ltr_viewport,scroll_cycle,explicit_rows,81,25,23,15583,16333,42875,Menlo,16,1,release,8,24,3,false,0,0,false,Metal,Apple M5 Pro,0
rtl_context_ltr_viewport,scroll_cycle,softwrap,81,25,0,47417,1350791,44917,Menlo,16,1,release,8,24,3,false,3727,494,false,Metal,Apple M5 Pro,6
rtl_context_ltr_viewport,scroll_cycle,softwrap,81,25,1,26167,1348167,45042,Menlo,16,1,release,8,24,3,false,3233,987,false,Metal,Apple M5 Pro,12
rtl_context_ltr_viewport,scroll_cycle,softwrap,81,25,2,25958,1349625,44833,Menlo,16,1,release,8,24,3,false,2740,1481,false,Metal,Apple M5 Pro,18
rtl_context_ltr_viewport,scroll_cycle,softwrap,81,25,3,26000,1345250,45041,Menlo,16,1,release,8,24,3,false,2164,2057,false,Metal,Apple M5 Pro,25
rtl_context_ltr_viewport,scroll_cycle,softwrap,81,25,4,25917,16667,42750,Menlo,16,1,release,8,24,3,false,2740,1481,false,Metal,Apple M5 Pro,18
rtl_context_ltr_viewport,scroll_cycle,softwrap,81,25,5,25375,16792,42500,Menlo,16,1,release,8,24,3,false,3233,987,false,Metal,Apple M5 Pro,12
rtl_context_ltr_viewport,scroll_cycle,softwrap,81,25,6,25209,16541,42292,Menlo,16,1,release,8,24,3,false,3727,494,false,Metal,Apple M5 Pro,6
rtl_context_ltr_viewport,scroll_cycle,softwrap,81,25,7,25208,1341334,45292,Menlo,16,1,release,8,24,3,false,4221,0,false,Metal,Apple M5 Pro,0
rtl_context_ltr_viewport,scroll_cycle,softwrap,81,25,8,25834,1345875,44709,Menlo,16,1,release,8,24,3,false,3727,494,false,Metal,Apple M5 Pro,6
rtl_context_ltr_viewport,scroll_cycle,softwrap,81,25,9,26334,1364625,45125,Menlo,16,1,release,8,24,3,false,3233,987,false,Metal,Apple M5 Pro,12
rtl_context_ltr_viewport,scroll_cycle,softwrap,81,25,10,26459,1334333,45625,Menlo,16,1,release,8,24,3,false,2740,1481,false,Metal,Apple M5 Pro,18
rtl_context_ltr_viewport,scroll_cycle,softwrap,81,25,11,25666,1345125,45042,Menlo,16,1,release,8,24,3,false,2164,2057,false,Metal,Apple M5 Pro,25
rtl_context_ltr_viewport,scroll_cycle,softwrap,81,25,12,25917,16166,42917,Menlo,16,1,release,8,24,3,false,2740,1481,false,Metal,Apple M5 Pro,18
rtl_context_ltr_viewport,scroll_cycle,softwrap,81,25,13,25167,16250,42334,Menlo,16,1,release,8,24,3,false,3233,987,false,Metal,Apple M5 Pro,12
rtl_context_ltr_viewport,scroll_cycle,softwrap,81,25,14,25292,17208,42333,Menlo,16,1,release,8,24,3,false,3727,494,false,Metal,Apple M5 Pro,6
rtl_context_ltr_viewport,scroll_cycle,softwrap,81,25,15,25083,1367250,45125,Menlo,16,1,release,8,24,3,false,4221,0,false,Metal,Apple M5 Pro,0
rtl_context_ltr_viewport,scroll_cycle,softwrap,81,25,16,26208,1348375,44916,Menlo,16,1,release,8,24,3,false,3727,494,false,Metal,Apple M5 Pro,6
rtl_context_ltr_viewport,scroll_cycle,softwrap,81,25,17,25500,1353291,45042,Menlo,16,1,release,8,24,3,false,3233,987,false,Metal,Apple M5 Pro,12
rtl_context_ltr_viewport,scroll_cycle,softwrap,81,25,18,25833,1327583,44917,Menlo,16,1,release,8,24,3,false,2740,1481,false,Metal,Apple M5 Pro,18
rtl_context_ltr_viewport,scroll_cycle,softwrap,81,25,19,26167,1360959,45000,Menlo,16,1,release,8,24,3,false,2164,2057,false,Metal,Apple M5 Pro,25
rtl_context_ltr_viewport,scroll_cycle,softwrap,81,25,20,26541,17000,45500,Menlo,16,1,release,8,24,3,false,2740,1481,false,Metal,Apple M5 Pro,18
rtl_context_ltr_viewport,scroll_cycle,softwrap,81,25,21,27084,17042,43583,Menlo,16,1,release,8,24,3,false,3233,987,false,Metal,Apple M5 Pro,12
rtl_context_ltr_viewport,scroll_cycle,softwrap,81,25,22,25583,16666,43958,Menlo,16,1,release,8,24,3,false,3727,494,false,Metal,Apple M5 Pro,6
rtl_context_ltr_viewport,scroll_cycle,softwrap,81,25,23,25209,1345125,48542,Menlo,16,1,release,8,24,3,false,4221,0,false,Metal,Apple M5 Pro,0
rtl_context_ltr_viewport,dense_novel_text,explicit_rows,81,25,0,15708,636125,45125,Menlo,16,1,release,8,24,3,false,0,0,false,Metal,Apple M5 Pro,0
rtl_context_ltr_viewport,dense_novel_text,explicit_rows,81,25,1,15375,602750,45000,Menlo,16,1,release,8,24,3,false,0,0,false,Metal,Apple M5 Pro,0
rtl_context_ltr_viewport,dense_novel_text,explicit_rows,81,25,2,15500,613416,44750,Menlo,16,1,release,8,24,3,false,0,0,false,Metal,Apple M5 Pro,0
rtl_context_ltr_viewport,dense_novel_text,explicit_rows,81,25,3,15292,626083,44875,Menlo,16,1,release,8,24,3,false,0,0,false,Metal,Apple M5 Pro,0
rtl_context_ltr_viewport,dense_novel_text,explicit_rows,81,25,4,15375,603166,44875,Menlo,16,1,release,8,24,3,false,0,0,false,Metal,Apple M5 Pro,0
rtl_context_ltr_viewport,dense_novel_text,explicit_rows,81,25,5,15333,602250,44875,Menlo,16,1,release,8,24,3,false,0,0,false,Metal,Apple M5 Pro,0
rtl_context_ltr_viewport,dense_novel_text,explicit_rows,81,25,6,15375,600709,44834,Menlo,16,1,release,8,24,3,false,0,0,false,Metal,Apple M5 Pro,0
rtl_context_ltr_viewport,dense_novel_text,explicit_rows,81,25,7,15375,608791,44084,Menlo,16,1,release,8,24,3,false,0,0,false,Metal,Apple M5 Pro,0
rtl_context_ltr_viewport,dense_novel_text,explicit_rows,81,25,8,15250,603125,44833,Menlo,16,1,release,8,24,3,false,0,0,false,Metal,Apple M5 Pro,0
rtl_context_ltr_viewport,dense_novel_text,explicit_rows,81,25,9,15292,602792,44584,Menlo,16,1,release,8,24,3,false,0,0,false,Metal,Apple M5 Pro,0
rtl_context_ltr_viewport,dense_novel_text,explicit_rows,81,25,10,15208,600250,44708,Menlo,16,1,release,8,24,3,false,0,0,false,Metal,Apple M5 Pro,0
rtl_context_ltr_viewport,dense_novel_text,explicit_rows,81,25,11,15250,600458,44792,Menlo,16,1,release,8,24,3,false,0,0,false,Metal,Apple M5 Pro,0
rtl_context_ltr_viewport,dense_novel_text,explicit_rows,81,25,12,15375,603083,44708,Menlo,16,1,release,8,24,3,false,0,0,false,Metal,Apple M5 Pro,0
rtl_context_ltr_viewport,dense_novel_text,explicit_rows,81,25,13,15250,638833,44500,Menlo,16,1,release,8,24,3,false,0,0,false,Metal,Apple M5 Pro,0
rtl_context_ltr_viewport,dense_novel_text,explicit_rows,81,25,14,15875,673125,44458,Menlo,16,1,release,8,24,3,false,0,0,false,Metal,Apple M5 Pro,0
rtl_context_ltr_viewport,dense_novel_text,explicit_rows,81,25,15,15542,608625,46167,Menlo,16,1,release,8,24,3,false,0,0,false,Metal,Apple M5 Pro,0
rtl_context_ltr_viewport,dense_novel_text,explicit_rows,81,25,16,15291,610709,44333,Menlo,16,1,release,8,24,3,false,0,0,false,Metal,Apple M5 Pro,0
rtl_context_ltr_viewport,dense_novel_text,explicit_rows,81,25,17,15500,610666,48000,Menlo,16,1,release,8,24,3,false,0,0,false,Metal,Apple M5 Pro,0
rtl_context_ltr_viewport,dense_novel_text,explicit_rows,81,25,18,15250,611000,44208,Menlo,16,1,release,8,24,3,false,0,0,false,Metal,Apple M5 Pro,0
rtl_context_ltr_viewport,dense_novel_text,explicit_rows,81,25,19,15541,607708,44250,Menlo,16,1,release,8,24,3,false,0,0,false,Metal,Apple M5 Pro,0
rtl_context_ltr_viewport,dense_novel_text,explicit_rows,81,25,20,15250,616709,44458,Menlo,16,1,release,8,24,3,false,0,0,false,Metal,Apple M5 Pro,0
rtl_context_ltr_viewport,dense_novel_text,explicit_rows,81,25,21,21500,634584,44541,Menlo,16,1,release,8,24,3,false,0,0,false,Metal,Apple M5 Pro,0
rtl_context_ltr_viewport,dense_novel_text,explicit_rows,81,25,22,15292,611500,44250,Menlo,16,1,release,8,24,3,false,0,0,false,Metal,Apple M5 Pro,0
rtl_context_ltr_viewport,dense_novel_text,explicit_rows,81,25,23,15417,633208,44500,Menlo,16,1,release,8,24,3,false,0,0,false,Metal,Apple M5 Pro,0
rtl_context_ltr_viewport,dense_novel_text,softwrap,81,25,0,25542,1401750,44625,Menlo,16,1,release,8,24,3,false,4221,0,false,Metal,Apple M5 Pro,0
rtl_context_ltr_viewport,dense_novel_text,softwrap,81,25,1,34042,1380792,44708,Menlo,16,1,release,8,24,3,false,4221,0,false,Metal,Apple M5 Pro,0
rtl_context_ltr_viewport,dense_novel_text,softwrap,81,25,2,25375,1355542,44625,Menlo,16,1,release,8,24,3,false,4221,0,false,Metal,Apple M5 Pro,0
rtl_context_ltr_viewport,dense_novel_text,softwrap,81,25,3,25542,1347708,44625,Menlo,16,1,release,8,24,3,false,4221,0,false,Metal,Apple M5 Pro,0
rtl_context_ltr_viewport,dense_novel_text,softwrap,81,25,4,25458,1332250,44583,Menlo,16,1,release,8,24,3,false,4221,0,false,Metal,Apple M5 Pro,0
rtl_context_ltr_viewport,dense_novel_text,softwrap,81,25,5,25250,1340542,51209,Menlo,16,1,release,8,24,3,false,4221,0,false,Metal,Apple M5 Pro,0
rtl_context_ltr_viewport,dense_novel_text,softwrap,81,25,6,25625,1391292,44500,Menlo,16,1,release,8,24,3,false,4221,0,false,Metal,Apple M5 Pro,0
rtl_context_ltr_viewport,dense_novel_text,softwrap,81,25,7,25167,1351583,44667,Menlo,16,1,release,8,24,3,false,4221,0,false,Metal,Apple M5 Pro,0
rtl_context_ltr_viewport,dense_novel_text,softwrap,81,25,8,24833,1327000,47334,Menlo,16,1,release,8,24,3,false,4221,0,false,Metal,Apple M5 Pro,0
rtl_context_ltr_viewport,dense_novel_text,softwrap,81,25,9,24709,1329709,44458,Menlo,16,1,release,8,24,3,false,4221,0,false,Metal,Apple M5 Pro,0
rtl_context_ltr_viewport,dense_novel_text,softwrap,81,25,10,24541,1336250,44458,Menlo,16,1,release,8,24,3,false,4221,0,false,Metal,Apple M5 Pro,0
rtl_context_ltr_viewport,dense_novel_text,softwrap,81,25,11,24584,1337833,44542,Menlo,16,1,release,8,24,3,false,4221,0,false,Metal,Apple M5 Pro,0
rtl_context_ltr_viewport,dense_novel_text,softwrap,81,25,12,24375,1370416,42042,Menlo,16,1,release,8,24,3,false,4221,0,false,Metal,Apple M5 Pro,0
rtl_context_ltr_viewport,dense_novel_text,softwrap,81,25,13,25125,1315917,45333,Menlo,16,1,release,8,24,3,false,4221,0,false,Metal,Apple M5 Pro,0
rtl_context_ltr_viewport,dense_novel_text,softwrap,81,25,14,24417,1312541,45209,Menlo,16,1,release,8,24,3,false,4221,0,false,Metal,Apple M5 Pro,0
rtl_context_ltr_viewport,dense_novel_text,softwrap,81,25,15,24167,1304250,45042,Menlo,16,1,release,8,24,3,false,4221,0,false,Metal,Apple M5 Pro,0
rtl_context_ltr_viewport,dense_novel_text,softwrap,81,25,16,24333,1308958,45125,Menlo,16,1,release,8,24,3,false,4221,0,false,Metal,Apple M5 Pro,0
rtl_context_ltr_viewport,dense_novel_text,softwrap,81,25,17,24708,1310083,45209,Menlo,16,1,release,8,24,3,false,4221,0,false,Metal,Apple M5 Pro,0
rtl_context_ltr_viewport,dense_novel_text,softwrap,81,25,18,24250,1306041,45208,Menlo,16,1,release,8,24,3,false,4221,0,false,Metal,Apple M5 Pro,0
rtl_context_ltr_viewport,dense_novel_text,softwrap,81,25,19,24334,1329000,44500,Menlo,16,1,release,8,24,3,false,4221,0,false,Metal,Apple M5 Pro,0
rtl_context_ltr_viewport,dense_novel_text,softwrap,81,25,20,26500,1334958,44417,Menlo,16,1,release,8,24,3,false,4221,0,false,Metal,Apple M5 Pro,0
rtl_context_ltr_viewport,dense_novel_text,softwrap,81,25,21,26000,1341417,44708,Menlo,16,1,release,8,24,3,false,4221,0,false,Metal,Apple M5 Pro,0
rtl_context_ltr_viewport,dense_novel_text,softwrap,81,25,22,25709,1344250,44667,Menlo,16,1,release,8,24,3,false,4221,0,false,Metal,Apple M5 Pro,0
rtl_context_ltr_viewport,dense_novel_text,softwrap,81,25,23,25708,1333083,44583,Menlo,16,1,release,8,24,3,false,4221,0,false,Metal,Apple M5 Pro,0
latin_accents,sparse_novel_counter,explicit_rows,121,42,0,39291,74375,2875,Menlo,16,1,release,8,24,3,false,0,0,false,Metal,Apple M5 Pro,0
latin_accents,sparse_novel_counter,explicit_rows,121,42,1,39542,75000,2875,Menlo,16,1,release,8,24,3,false,0,0,false,Metal,Apple M5 Pro,0
latin_accents,sparse_novel_counter,explicit_rows,121,42,2,39750,75292,2875,Menlo,16,1,release,8,24,3,false,0,0,false,Metal,Apple M5 Pro,0
latin_accents,sparse_novel_counter,explicit_rows,121,42,3,45792,76416,2917,Menlo,16,1,release,8,24,3,false,0,0,false,Metal,Apple M5 Pro,0
latin_accents,sparse_novel_counter,explicit_rows,121,42,4,45459,75125,2917,Menlo,16,1,release,8,24,3,false,0,0,false,Metal,Apple M5 Pro,0
latin_accents,sparse_novel_counter,explicit_rows,121,42,5,39500,74709,2833,Menlo,16,1,release,8,24,3,false,0,0,false,Metal,Apple M5 Pro,0
latin_accents,sparse_novel_counter,explicit_rows,121,42,6,39500,73875,2875,Menlo,16,1,release,8,24,3,false,0,0,false,Metal,Apple M5 Pro,0
latin_accents,sparse_novel_counter,explicit_rows,121,42,7,50000,118542,2833,Menlo,16,1,release,8,24,3,false,0,0,false,Metal,Apple M5 Pro,0
latin_accents,sparse_novel_counter,explicit_rows,121,42,8,39500,74916,2875,Menlo,16,1,release,8,24,3,false,0,0,false,Metal,Apple M5 Pro,0
latin_accents,sparse_novel_counter,explicit_rows,121,42,9,39333,74375,2875,Menlo,16,1,release,8,24,3,false,0,0,false,Metal,Apple M5 Pro,0
latin_accents,sparse_novel_counter,explicit_rows,121,42,10,39375,75000,2875,Menlo,16,1,release,8,24,3,false,0,0,false,Metal,Apple M5 Pro,0
latin_accents,sparse_novel_counter,explicit_rows,121,42,11,39250,75292,2958,Menlo,16,1,release,8,24,3,false,0,0,false,Metal,Apple M5 Pro,0
latin_accents,sparse_novel_counter,explicit_rows,121,42,12,39417,75166,2875,Menlo,16,1,release,8,24,3,false,0,0,false,Metal,Apple M5 Pro,0
latin_accents,sparse_novel_counter,explicit_rows,121,42,13,39458,74917,2875,Menlo,16,1,release,8,24,3,false,0,0,false,Metal,Apple M5 Pro,0
latin_accents,sparse_novel_counter,explicit_rows,121,42,14,39417,74041,2834,Menlo,16,1,release,8,24,3,false,0,0,false,Metal,Apple M5 Pro,0
latin_accents,sparse_novel_counter,explicit_rows,121,42,15,39416,76250,2875,Menlo,16,1,release,8,24,3,false,0,0,false,Metal,Apple M5 Pro,0
latin_accents,sparse_novel_counter,explicit_rows,121,42,16,46291,75000,2875,Menlo,16,1,release,8,24,3,false,0,0,false,Metal,Apple M5 Pro,0
latin_accents,sparse_novel_counter,explicit_rows,121,42,17,39375,74208,2875,Menlo,16,1,release,8,24,3,false,0,0,false,Metal,Apple M5 Pro,0
latin_accents,sparse_novel_counter,explicit_rows,121,42,18,39375,74542,2875,Menlo,16,1,release,8,24,3,false,0,0,false,Metal,Apple M5 Pro,0
latin_accents,sparse_novel_counter,explicit_rows,121,42,19,39333,74916,2875,Menlo,16,1,release,8,24,3,false,0,0,false,Metal,Apple M5 Pro,0
latin_accents,sparse_novel_counter,explicit_rows,121,42,20,42334,74167,2875,Menlo,16,1,release,8,24,3,false,0,0,false,Metal,Apple M5 Pro,0
latin_accents,sparse_novel_counter,explicit_rows,121,42,21,39166,75042,8333,Menlo,16,1,release,8,24,3,false,0,0,false,Metal,Apple M5 Pro,0
latin_accents,sparse_novel_counter,explicit_rows,121,42,22,39459,74625,2875,Menlo,16,1,release,8,24,3,false,0,0,false,Metal,Apple M5 Pro,0
latin_accents,sparse_novel_counter,explicit_rows,121,42,23,39500,75958,2834,Menlo,16,1,release,8,24,3,false,0,0,false,Metal,Apple M5 Pro,0
latin_accents,sparse_novel_counter,softwrap,121,42,0,71875,3068459,109958,Menlo,16,1,release,8,24,3,false,11643,0,false,Metal,Apple M5 Pro,0
latin_accents,sparse_novel_counter,softwrap,121,42,1,68917,3060000,114709,Menlo,16,1,release,8,24,3,false,11643,0,false,Metal,Apple M5 Pro,0
latin_accents,sparse_novel_counter,softwrap,121,42,2,68750,3148125,111833,Menlo,16,1,release,8,24,3,false,11643,0,false,Metal,Apple M5 Pro,0
latin_accents,sparse_novel_counter,softwrap,121,42,3,69834,3092250,114000,Menlo,16,1,release,8,24,3,false,11643,0,false,Metal,Apple M5 Pro,0
latin_accents,sparse_novel_counter,softwrap,121,42,4,67125,3058750,112000,Menlo,16,1,release,8,24,3,false,11643,0,false,Metal,Apple M5 Pro,0
latin_accents,sparse_novel_counter,softwrap,121,42,5,68000,3092709,115166,Menlo,16,1,release,8,24,3,false,11643,0,false,Metal,Apple M5 Pro,0
latin_accents,sparse_novel_counter,softwrap,121,42,6,69041,3063417,111166,Menlo,16,1,release,8,24,3,false,11643,0,false,Metal,Apple M5 Pro,0
latin_accents,sparse_novel_counter,softwrap,121,42,7,67125,3093334,114083,Menlo,16,1,release,8,24,3,false,11643,0,false,Metal,Apple M5 Pro,0
latin_accents,sparse_novel_counter,softwrap,121,42,8,67542,3105375,112958,Menlo,16,1,release,8,24,3,false,11643,0,false,Metal,Apple M5 Pro,0
latin_accents,sparse_novel_counter,softwrap,121,42,9,71292,3046584,112041,Menlo,16,1,release,8,24,3,false,11643,0,false,Metal,Apple M5 Pro,0
latin_accents,sparse_novel_counter,softwrap,121,42,10,67292,3131417,115833,Menlo,16,1,release,8,24,3,false,11643,0,false,Metal,Apple M5 Pro,0
latin_accents,sparse_novel_counter,softwrap,121,42,11,69208,3119458,113459,Menlo,16,1,release,8,24,3,false,11643,0,false,Metal,Apple M5 Pro,0
latin_accents,sparse_novel_counter,softwrap,121,42,12,67875,3041792,114916,Menlo,16,1,release,8,24,3,false,11643,0,false,Metal,Apple M5 Pro,0
latin_accents,sparse_novel_counter,softwrap,121,42,13,67625,3087959,112209,Menlo,16,1,release,8,24,3,false,11643,0,false,Metal,Apple M5 Pro,0
latin_accents,sparse_novel_counter,softwrap,121,42,14,67334,3077209,113041,Menlo,16,1,release,8,24,3,false,11643,0,false,Metal,Apple M5 Pro,0
latin_accents,sparse_novel_counter,softwrap,121,42,15,83750,3052209,111208,Menlo,16,1,release,8,24,3,false,11643,0,false,Metal,Apple M5 Pro,0
latin_accents,sparse_novel_counter,softwrap,121,42,16,66583,3001042,114833,Menlo,16,1,release,8,24,3,false,11643,0,false,Metal,Apple M5 Pro,0
latin_accents,sparse_novel_counter,softwrap,121,42,17,67291,3070417,114416,Menlo,16,1,release,8,24,3,false,11643,0,false,Metal,Apple M5 Pro,0
latin_accents,sparse_novel_counter,softwrap,121,42,18,67584,3069459,112458,Menlo,16,1,release,8,24,3,false,11643,0,false,Metal,Apple M5 Pro,0
latin_accents,sparse_novel_counter,softwrap,121,42,19,67875,3056833,112834,Menlo,16,1,release,8,24,3,false,11643,0,false,Metal,Apple M5 Pro,0
latin_accents,sparse_novel_counter,softwrap,121,42,20,67292,3143875,113917,Menlo,16,1,release,8,24,3,false,11643,0,false,Metal,Apple M5 Pro,0
latin_accents,sparse_novel_counter,softwrap,121,42,21,66750,3047334,112125,Menlo,16,1,release,8,24,3,false,11643,0,false,Metal,Apple M5 Pro,0
latin_accents,sparse_novel_counter,softwrap,121,42,22,67542,3087000,120084,Menlo,16,1,release,8,24,3,false,11643,0,false,Metal,Apple M5 Pro,0
latin_accents,sparse_novel_counter,softwrap,121,42,23,69125,3126667,114917,Menlo,16,1,release,8,24,3,false,11643,0,false,Metal,Apple M5 Pro,0
latin_accents,scroll_cycle,explicit_rows,121,42,0,39667,1584375,132166,Menlo,16,1,release,8,24,3,false,0,0,false,Metal,Apple M5 Pro,10
latin_accents,scroll_cycle,explicit_rows,121,42,1,40792,445291,113459,Menlo,16,1,release,8,24,3,false,0,0,false,Metal,Apple M5 Pro,21
latin_accents,scroll_cycle,explicit_rows,121,42,2,40417,403500,113125,Menlo,16,1,release,8,24,3,false,0,0,false,Metal,Apple M5 Pro,31
latin_accents,scroll_cycle,explicit_rows,121,42,3,40834,436291,116167,Menlo,16,1,release,8,24,3,false,0,0,false,Metal,Apple M5 Pro,42
latin_accents,scroll_cycle,explicit_rows,121,42,4,40917,39625,107791,Menlo,16,1,release,8,24,3,false,0,0,false,Metal,Apple M5 Pro,31
latin_accents,scroll_cycle,explicit_rows,121,42,5,39459,39583,114375,Menlo,16,1,release,8,24,3,false,0,0,false,Metal,Apple M5 Pro,21
latin_accents,scroll_cycle,explicit_rows,121,42,6,39375,39666,106667,Menlo,16,1,release,8,24,3,false,0,0,false,Metal,Apple M5 Pro,10
latin_accents,scroll_cycle,explicit_rows,121,42,7,39667,397875,108041,Menlo,16,1,release,8,24,3,false,0,0,false,Metal,Apple M5 Pro,0
latin_accents,scroll_cycle,explicit_rows,121,42,8,39916,1570792,115583,Menlo,16,1,release,8,24,3,false,0,0,false,Metal,Apple M5 Pro,10
latin_accents,scroll_cycle,explicit_rows,121,42,9,40666,433958,110667,Menlo,16,1,release,8,24,3,false,0,0,false,Metal,Apple M5 Pro,21
latin_accents,scroll_cycle,explicit_rows,121,42,10,43333,402375,111917,Menlo,16,1,release,8,24,3,false,0,0,false,Metal,Apple M5 Pro,31
latin_accents,scroll_cycle,explicit_rows,121,42,11,40459,439292,112583,Menlo,16,1,release,8,24,3,false,0,0,false,Metal,Apple M5 Pro,42
latin_accents,scroll_cycle,explicit_rows,121,42,12,40125,39250,107708,Menlo,16,1,release,8,24,3,false,0,0,false,Metal,Apple M5 Pro,31
latin_accents,scroll_cycle,explicit_rows,121,42,13,39583,42333,109209,Menlo,16,1,release,8,24,3,false,0,0,false,Metal,Apple M5 Pro,21
latin_accents,scroll_cycle,explicit_rows,121,42,14,39625,38709,107833,Menlo,16,1,release,8,24,3,false,0,0,false,Metal,Apple M5 Pro,10
latin_accents,scroll_cycle,explicit_rows,121,42,15,39542,400541,113959,Menlo,16,1,release,8,24,3,false,0,0,false,Metal,Apple M5 Pro,0
latin_accents,scroll_cycle,explicit_rows,121,42,16,39875,1549209,114791,Menlo,16,1,release,8,24,3,false,0,0,false,Metal,Apple M5 Pro,10
latin_accents,scroll_cycle,explicit_rows,121,42,17,58458,444750,112750,Menlo,16,1,release,8,24,3,false,0,0,false,Metal,Apple M5 Pro,21
latin_accents,scroll_cycle,explicit_rows,121,42,18,40250,397042,113625,Menlo,16,1,release,8,24,3,false,0,0,false,Metal,Apple M5 Pro,31
latin_accents,scroll_cycle,explicit_rows,121,42,19,40542,440500,111083,Menlo,16,1,release,8,24,3,false,0,0,false,Metal,Apple M5 Pro,42
latin_accents,scroll_cycle,explicit_rows,121,42,20,40959,39833,112583,Menlo,16,1,release,8,24,3,false,0,0,false,Metal,Apple M5 Pro,31
latin_accents,scroll_cycle,explicit_rows,121,42,21,40042,39417,118459,Menlo,16,1,release,8,24,3,false,0,0,false,Metal,Apple M5 Pro,21
latin_accents,scroll_cycle,explicit_rows,121,42,22,39417,39417,119166,Menlo,16,1,release,8,24,3,false,0,0,false,Metal,Apple M5 Pro,10
latin_accents,scroll_cycle,explicit_rows,121,42,23,39541,399250,112416,Menlo,16,1,release,8,24,3,false,0,0,false,Metal,Apple M5 Pro,0
latin_accents,scroll_cycle,softwrap,121,42,0,68417,3106667,112750,Menlo,16,1,release,8,24,3,false,10272,1357,false,Metal,Apple M5 Pro,10
latin_accents,scroll_cycle,softwrap,121,42,1,68625,3081042,114833,Menlo,16,1,release,8,24,3,false,8766,2863,false,Metal,Apple M5 Pro,21
latin_accents,scroll_cycle,softwrap,121,42,2,68917,3106750,112000,Menlo,16,1,release,8,24,3,false,7395,4234,false,Metal,Apple M5 Pro,31
latin_accents,scroll_cycle,softwrap,121,42,3,68042,3074375,112333,Menlo,16,1,release,8,24,3,false,5889,5740,false,Metal,Apple M5 Pro,42
latin_accents,scroll_cycle,softwrap,121,42,4,67958,3084959,115625,Menlo,16,1,release,8,24,3,false,7395,4234,false,Metal,Apple M5 Pro,31
latin_accents,scroll_cycle,softwrap,121,42,5,69917,3110125,116542,Menlo,16,1,release,8,24,3,false,8766,2863,false,Metal,Apple M5 Pro,21
latin_accents,scroll_cycle,softwrap,121,42,6,76542,3087250,125666,Menlo,16,1,release,8,24,3,false,10272,1357,false,Metal,Apple M5 Pro,10
latin_accents,scroll_cycle,softwrap,121,42,7,67917,3053625,117167,Menlo,16,1,release,8,24,3,false,11643,0,false,Metal,Apple M5 Pro,0
latin_accents,scroll_cycle,softwrap,121,42,8,68917,3094541,114375,Menlo,16,1,release,8,24,3,false,10272,1357,false,Metal,Apple M5 Pro,10
latin_accents,scroll_cycle,softwrap,121,42,9,71625,3056250,116125,Menlo,16,1,release,8,24,3,false,8766,2863,false,Metal,Apple M5 Pro,21
latin_accents,scroll_cycle,softwrap,121,42,10,69459,3104583,115875,Menlo,16,1,release,8,24,3,false,7395,4234,false,Metal,Apple M5 Pro,31
latin_accents,scroll_cycle,softwrap,121,42,11,69833,3140792,116292,Menlo,16,1,release,8,24,3,false,5889,5740,false,Metal,Apple M5 Pro,42
latin_accents,scroll_cycle,softwrap,121,42,12,68292,3434041,120834,Menlo,16,1,release,8,24,3,false,7395,4234,false,Metal,Apple M5 Pro,31
latin_accents,scroll_cycle,softwrap,121,42,13,75583,3171083,118375,Menlo,16,1,release,8,24,3,false,8766,2863,false,Metal,Apple M5 Pro,21
latin_accents,scroll_cycle,softwrap,121,42,14,74083,3146125,121791,Menlo,16,1,release,8,24,3,false,10272,1357,false,Metal,Apple M5 Pro,10
latin_accents,scroll_cycle,softwrap,121,42,15,72541,3229834,125708,Menlo,16,1,release,8,24,3,false,11643,0,false,Metal,Apple M5 Pro,0
latin_accents,scroll_cycle,softwrap,121,42,16,79625,3387000,128375,Menlo,16,1,release,8,24,3,false,10272,1357,false,Metal,Apple M5 Pro,10
latin_accents,scroll_cycle,softwrap,121,42,17,80333,3332125,125750,Menlo,16,1,release,8,24,3,false,8766,2863,false,Metal,Apple M5 Pro,21
latin_accents,scroll_cycle,softwrap,121,42,18,80542,3355916,124625,Menlo,16,1,release,8,24,3,false,7395,4234,false,Metal,Apple M5 Pro,31
latin_accents,scroll_cycle,softwrap,121,42,19,87625,3594416,119000,Menlo,16,1,release,8,24,3,false,5889,5740,false,Metal,Apple M5 Pro,42
latin_accents,scroll_cycle,softwrap,121,42,20,73083,3186208,114417,Menlo,16,1,release,8,24,3,false,7395,4234,false,Metal,Apple M5 Pro,31
latin_accents,scroll_cycle,softwrap,121,42,21,71625,3086666,115292,Menlo,16,1,release,8,24,3,false,8766,2863,false,Metal,Apple M5 Pro,21
latin_accents,scroll_cycle,softwrap,121,42,22,70208,3073375,116291,Menlo,16,1,release,8,24,3,false,10272,1357,false,Metal,Apple M5 Pro,10
latin_accents,scroll_cycle,softwrap,121,42,23,71167,3123500,111166,Menlo,16,1,release,8,24,3,false,11643,0,false,Metal,Apple M5 Pro,0
latin_accents,dense_novel_text,explicit_rows,121,42,0,43666,2211792,129708,Menlo,16,1,release,8,24,3,false,0,0,false,Metal,Apple M5 Pro,0
latin_accents,dense_novel_text,explicit_rows,121,42,1,45500,1920792,126459,Menlo,16,1,release,8,24,3,false,0,0,false,Metal,Apple M5 Pro,0
latin_accents,dense_novel_text,explicit_rows,121,42,2,86417,1781125,124500,Menlo,16,1,release,8,24,3,false,0,0,false,Metal,Apple M5 Pro,0
latin_accents,dense_novel_text,explicit_rows,121,42,3,44125,1712250,124417,Menlo,16,1,release,8,24,3,false,0,0,false,Metal,Apple M5 Pro,0
latin_accents,dense_novel_text,explicit_rows,121,42,4,43625,1717334,125458,Menlo,16,1,release,8,24,3,false,0,0,false,Metal,Apple M5 Pro,0
latin_accents,dense_novel_text,explicit_rows,121,42,5,46000,1771292,130375,Menlo,16,1,release,8,24,3,false,0,0,false,Metal,Apple M5 Pro,0
latin_accents,dense_novel_text,explicit_rows,121,42,6,45375,1728542,124958,Menlo,16,1,release,8,24,3,false,0,0,false,Metal,Apple M5 Pro,0
latin_accents,dense_novel_text,explicit_rows,121,42,7,45208,1729375,123708,Menlo,16,1,release,8,24,3,false,0,0,false,Metal,Apple M5 Pro,0
latin_accents,dense_novel_text,explicit_rows,121,42,8,42875,1689292,120708,Menlo,16,1,release,8,24,3,false,0,0,false,Metal,Apple M5 Pro,0
latin_accents,dense_novel_text,explicit_rows,121,42,9,42666,1656834,123458,Menlo,16,1,release,8,24,3,false,0,0,false,Metal,Apple M5 Pro,0
latin_accents,dense_novel_text,explicit_rows,121,42,10,42666,1615042,115292,Menlo,16,1,release,8,24,3,false,0,0,false,Metal,Apple M5 Pro,0
latin_accents,dense_novel_text,explicit_rows,121,42,11,40208,1569708,124708,Menlo,16,1,release,8,24,3,false,0,0,false,Metal,Apple M5 Pro,0
latin_accents,dense_novel_text,explicit_rows,121,42,12,39666,1557500,109000,Menlo,16,1,release,8,24,3,false,0,0,false,Metal,Apple M5 Pro,0
latin_accents,dense_novel_text,explicit_rows,121,42,13,39459,1552834,114500,Menlo,16,1,release,8,24,3,false,0,0,false,Metal,Apple M5 Pro,0
latin_accents,dense_novel_text,explicit_rows,121,42,14,39500,1554625,114791,Menlo,16,1,release,8,24,3,false,0,0,false,Metal,Apple M5 Pro,0
latin_accents,dense_novel_text,explicit_rows,121,42,15,39875,1585541,114917,Menlo,16,1,release,8,24,3,false,0,0,false,Metal,Apple M5 Pro,0
latin_accents,dense_novel_text,explicit_rows,121,42,16,39875,1550125,114209,Menlo,16,1,release,8,24,3,false,0,0,false,Metal,Apple M5 Pro,0
latin_accents,dense_novel_text,explicit_rows,121,42,17,39834,1548584,114375,Menlo,16,1,release,8,24,3,false,0,0,false,Metal,Apple M5 Pro,0
latin_accents,dense_novel_text,explicit_rows,121,42,18,39666,1645917,111083,Menlo,16,1,release,8,24,3,false,0,0,false,Metal,Apple M5 Pro,0
latin_accents,dense_novel_text,explicit_rows,121,42,19,39667,1561583,113833,Menlo,16,1,release,8,24,3,false,0,0,false,Metal,Apple M5 Pro,0
latin_accents,dense_novel_text,explicit_rows,121,42,20,39625,1571125,112625,Menlo,16,1,release,8,24,3,false,0,0,false,Metal,Apple M5 Pro,0
latin_accents,dense_novel_text,explicit_rows,121,42,21,39875,1549333,114458,Menlo,16,1,release,8,24,3,false,0,0,false,Metal,Apple M5 Pro,0
latin_accents,dense_novel_text,explicit_rows,121,42,22,39625,1547334,110916,Menlo,16,1,release,8,24,3,false,0,0,false,Metal,Apple M5 Pro,0
latin_accents,dense_novel_text,explicit_rows,121,42,23,39625,1542750,115125,Menlo,16,1,release,8,24,3,false,0,0,false,Metal,Apple M5 Pro,0
latin_accents,dense_novel_text,softwrap,121,42,0,66708,3103708,117167,Menlo,16,1,release,8,24,3,false,11643,0,false,Metal,Apple M5 Pro,0
latin_accents,dense_novel_text,softwrap,121,42,1,68458,3076500,114917,Menlo,16,1,release,8,24,3,false,11643,0,false,Metal,Apple M5 Pro,0
latin_accents,dense_novel_text,softwrap,121,42,2,66417,3045917,114208,Menlo,16,1,release,8,24,3,false,11643,0,false,Metal,Apple M5 Pro,0
latin_accents,dense_novel_text,softwrap,121,42,3,67084,3055666,133917,Menlo,16,1,release,8,24,3,false,11643,0,false,Metal,Apple M5 Pro,0
latin_accents,dense_novel_text,softwrap,121,42,4,67000,3104000,128708,Menlo,16,1,release,8,24,3,false,11643,0,false,Metal,Apple M5 Pro,0
latin_accents,dense_novel_text,softwrap,121,42,5,66709,3123084,113541,Menlo,16,1,release,8,24,3,false,11643,0,false,Metal,Apple M5 Pro,0
latin_accents,dense_novel_text,softwrap,121,42,6,66833,3123667,114292,Menlo,16,1,release,8,24,3,false,11643,0,false,Metal,Apple M5 Pro,0
latin_accents,dense_novel_text,softwrap,121,42,7,66500,3078167,110792,Menlo,16,1,release,8,24,3,false,11643,0,false,Metal,Apple M5 Pro,0
latin_accents,dense_novel_text,softwrap,121,42,8,66458,3076917,111916,Menlo,16,1,release,8,24,3,false,11643,0,false,Metal,Apple M5 Pro,0
latin_accents,dense_novel_text,softwrap,121,42,9,65916,3151292,115291,Menlo,16,1,release,8,24,3,false,11643,0,false,Metal,Apple M5 Pro,0
latin_accents,dense_novel_text,softwrap,121,42,10,77042,3091083,112083,Menlo,16,1,release,8,24,3,false,11643,0,false,Metal,Apple M5 Pro,0
latin_accents,dense_novel_text,softwrap,121,42,11,66833,3071834,111834,Menlo,16,1,release,8,24,3,false,11643,0,false,Metal,Apple M5 Pro,0
latin_accents,dense_novel_text,softwrap,121,42,12,66667,3104917,114000,Menlo,16,1,release,8,24,3,false,11643,0,false,Metal,Apple M5 Pro,0
latin_accents,dense_novel_text,softwrap,121,42,13,67250,3072083,113292,Menlo,16,1,release,8,24,3,false,11643,0,false,Metal,Apple M5 Pro,0
latin_accents,dense_novel_text,softwrap,121,42,14,67166,3096083,110250,Menlo,16,1,release,8,24,3,false,11643,0,false,Metal,Apple M5 Pro,0
latin_accents,dense_novel_text,softwrap,121,42,15,66792,3086041,111000,Menlo,16,1,release,8,24,3,false,11643,0,false,Metal,Apple M5 Pro,0
latin_accents,dense_novel_text,softwrap,121,42,16,66417,3061375,114833,Menlo,16,1,release,8,24,3,false,11643,0,false,Metal,Apple M5 Pro,0
latin_accents,dense_novel_text,softwrap,121,42,17,67166,3050459,112875,Menlo,16,1,release,8,24,3,false,11643,0,false,Metal,Apple M5 Pro,0
latin_accents,dense_novel_text,softwrap,121,42,18,66375,3078416,110542,Menlo,16,1,release,8,24,3,false,11643,0,false,Metal,Apple M5 Pro,0
latin_accents,dense_novel_text,softwrap,121,42,19,66792,3097875,112292,Menlo,16,1,release,8,24,3,false,11643,0,false,Metal,Apple M5 Pro,0
latin_accents,dense_novel_text,softwrap,121,42,20,66458,3141709,120125,Menlo,16,1,release,8,24,3,false,11643,0,false,Metal,Apple M5 Pro,0
latin_accents,dense_novel_text,softwrap,121,42,21,68708,3113958,112417,Menlo,16,1,release,8,24,3,false,11643,0,false,Metal,Apple M5 Pro,0
latin_accents,dense_novel_text,softwrap,121,42,22,66333,3068792,110750,Menlo,16,1,release,8,24,3,false,11643,0,false,Metal,Apple M5 Pro,0
latin_accents,dense_novel_text,softwrap,121,42,23,69583,3043958,114709,Menlo,16,1,release,8,24,3,false,11643,0,false,Metal,Apple M5 Pro,0
cyrillic,sparse_novel_counter,explicit_rows,121,42,0,38125,71750,2750,Menlo,16,1,release,8,24,3,false,0,0,false,Metal,Apple M5 Pro,0
cyrillic,sparse_novel_counter,explicit_rows,121,42,1,38167,73000,2750,Menlo,16,1,release,8,24,3,false,0,0,false,Metal,Apple M5 Pro,0
cyrillic,sparse_novel_counter,explicit_rows,121,42,2,38417,72250,2708,Menlo,16,1,release,8,24,3,false,0,0,false,Metal,Apple M5 Pro,0
cyrillic,sparse_novel_counter,explicit_rows,121,42,3,38333,72917,2708,Menlo,16,1,release,8,24,3,false,0,0,false,Metal,Apple M5 Pro,0
cyrillic,sparse_novel_counter,explicit_rows,121,42,4,38417,72166,2750,Menlo,16,1,release,8,24,3,false,0,0,false,Metal,Apple M5 Pro,0
cyrillic,sparse_novel_counter,explicit_rows,121,42,5,38250,73209,2750,Menlo,16,1,release,8,24,3,false,0,0,false,Metal,Apple M5 Pro,0
cyrillic,sparse_novel_counter,explicit_rows,121,42,6,37959,72500,2750,Menlo,16,1,release,8,24,3,false,0,0,false,Metal,Apple M5 Pro,0
cyrillic,sparse_novel_counter,explicit_rows,121,42,7,38125,118000,2750,Menlo,16,1,release,8,24,3,false,0,0,false,Metal,Apple M5 Pro,0
cyrillic,sparse_novel_counter,explicit_rows,121,42,8,38292,72583,2750,Menlo,16,1,release,8,24,3,false,0,0,false,Metal,Apple M5 Pro,0
cyrillic,sparse_novel_counter,explicit_rows,121,42,9,38125,72083,2708,Menlo,16,1,release,8,24,3,false,0,0,false,Metal,Apple M5 Pro,0
cyrillic,sparse_novel_counter,explicit_rows,121,42,10,38083,72708,2750,Menlo,16,1,release,8,24,3,false,0,0,false,Metal,Apple M5 Pro,0
cyrillic,sparse_novel_counter,explicit_rows,121,42,11,38125,73833,2750,Menlo,16,1,release,8,24,3,false,0,0,false,Metal,Apple M5 Pro,0
cyrillic,sparse_novel_counter,explicit_rows,121,42,12,38208,72708,2834,Menlo,16,1,release,8,24,3,false,0,0,false,Metal,Apple M5 Pro,0
cyrillic,sparse_novel_counter,explicit_rows,121,42,13,38084,72375,2709,Menlo,16,1,release,8,24,3,false,0,0,false,Metal,Apple M5 Pro,0
cyrillic,sparse_novel_counter,explicit_rows,121,42,14,43875,73417,2708,Menlo,16,1,release,8,24,3,false,0,0,false,Metal,Apple M5 Pro,0
cyrillic,sparse_novel_counter,explicit_rows,121,42,15,38417,73750,2709,Menlo,16,1,release,8,24,3,false,0,0,false,Metal,Apple M5 Pro,0
cyrillic,sparse_novel_counter,explicit_rows,121,42,16,50958,72417,2750,Menlo,16,1,release,8,24,3,false,0,0,false,Metal,Apple M5 Pro,0
cyrillic,sparse_novel_counter,explicit_rows,121,42,17,38208,71583,2709,Menlo,16,1,release,8,24,3,false,0,0,false,Metal,Apple M5 Pro,0
cyrillic,sparse_novel_counter,explicit_rows,121,42,18,38167,71708,2708,Menlo,16,1,release,8,24,3,false,0,0,false,Metal,Apple M5 Pro,0
cyrillic,sparse_novel_counter,explicit_rows,121,42,19,37959,72333,2750,Menlo,16,1,release,8,24,3,false,0,0,false,Metal,Apple M5 Pro,0
cyrillic,sparse_novel_counter,explicit_rows,121,42,20,38250,72834,2708,Menlo,16,1,release,8,24,3,false,0,0,false,Metal,Apple M5 Pro,0
cyrillic,sparse_novel_counter,explicit_rows,121,42,21,38208,71916,2708,Menlo,16,1,release,8,24,3,false,0,0,false,Metal,Apple M5 Pro,0
cyrillic,sparse_novel_counter,explicit_rows,121,42,22,38208,72167,2750,Menlo,16,1,release,8,24,3,false,0,0,false,Metal,Apple M5 Pro,0
cyrillic,sparse_novel_counter,explicit_rows,121,42,23,38250,73042,2833,Menlo,16,1,release,8,24,3,false,0,0,false,Metal,Apple M5 Pro,0
cyrillic,sparse_novel_counter,softwrap,121,42,0,66250,2934916,111625,Menlo,16,1,release,8,24,3,false,16830,0,false,Metal,Apple M5 Pro,0
cyrillic,sparse_novel_counter,softwrap,121,42,1,67042,2935708,108208,Menlo,16,1,release,8,24,3,false,16830,0,false,Metal,Apple M5 Pro,0
cyrillic,sparse_novel_counter,softwrap,121,42,2,66125,2943625,111583,Menlo,16,1,release,8,24,3,false,16830,0,false,Metal,Apple M5 Pro,0
cyrillic,sparse_novel_counter,softwrap,121,42,3,65875,2959083,111625,Menlo,16,1,release,8,24,3,false,16830,0,false,Metal,Apple M5 Pro,0
cyrillic,sparse_novel_counter,softwrap,121,42,4,65375,2912958,112042,Menlo,16,1,release,8,24,3,false,16830,0,false,Metal,Apple M5 Pro,0
cyrillic,sparse_novel_counter,softwrap,121,42,5,65250,2915417,111708,Menlo,16,1,release,8,24,3,false,16830,0,false,Metal,Apple M5 Pro,0
cyrillic,sparse_novel_counter,softwrap,121,42,6,66208,2940625,110166,Menlo,16,1,release,8,24,3,false,16830,0,false,Metal,Apple M5 Pro,0
cyrillic,sparse_novel_counter,softwrap,121,42,7,65375,2930584,111834,Menlo,16,1,release,8,24,3,false,16830,0,false,Metal,Apple M5 Pro,0
cyrillic,sparse_novel_counter,softwrap,121,42,8,65667,2945125,108500,Menlo,16,1,release,8,24,3,false,16830,0,false,Metal,Apple M5 Pro,0
cyrillic,sparse_novel_counter,softwrap,121,42,9,67792,2955125,111833,Menlo,16,1,release,8,24,3,false,16830,0,false,Metal,Apple M5 Pro,0
cyrillic,sparse_novel_counter,softwrap,121,42,10,68708,2923209,109083,Menlo,16,1,release,8,24,3,false,16830,0,false,Metal,Apple M5 Pro,0
cyrillic,sparse_novel_counter,softwrap,121,42,11,66583,2951958,110875,Menlo,16,1,release,8,24,3,false,16830,0,false,Metal,Apple M5 Pro,0
cyrillic,sparse_novel_counter,softwrap,121,42,12,65500,2869917,106792,Menlo,16,1,release,8,24,3,false,16830,0,false,Metal,Apple M5 Pro,0
cyrillic,sparse_novel_counter,softwrap,121,42,13,65541,2894959,110291,Menlo,16,1,release,8,24,3,false,16830,0,false,Metal,Apple M5 Pro,0
cyrillic,sparse_novel_counter,softwrap,121,42,14,65208,2939583,111459,Menlo,16,1,release,8,24,3,false,16830,0,false,Metal,Apple M5 Pro,0
cyrillic,sparse_novel_counter,softwrap,121,42,15,64917,2875541,109125,Menlo,16,1,release,8,24,3,false,16830,0,false,Metal,Apple M5 Pro,0
cyrillic,sparse_novel_counter,softwrap,121,42,16,64208,2902750,115458,Menlo,16,1,release,8,24,3,false,16830,0,false,Metal,Apple M5 Pro,0
cyrillic,sparse_novel_counter,softwrap,121,42,17,66083,2960125,120833,Menlo,16,1,release,8,24,3,false,16830,0,false,Metal,Apple M5 Pro,0
cyrillic,sparse_novel_counter,softwrap,121,42,18,67459,2943208,111542,Menlo,16,1,release,8,24,3,false,16830,0,false,Metal,Apple M5 Pro,0
cyrillic,sparse_novel_counter,softwrap,121,42,19,67083,2972875,111041,Menlo,16,1,release,8,24,3,false,16830,0,false,Metal,Apple M5 Pro,0
cyrillic,sparse_novel_counter,softwrap,121,42,20,65708,2952750,110334,Menlo,16,1,release,8,24,3,false,16830,0,false,Metal,Apple M5 Pro,0
cyrillic,sparse_novel_counter,softwrap,121,42,21,64583,2912167,111500,Menlo,16,1,release,8,24,3,false,16830,0,false,Metal,Apple M5 Pro,0
cyrillic,sparse_novel_counter,softwrap,121,42,22,65625,2939292,110791,Menlo,16,1,release,8,24,3,false,16830,0,false,Metal,Apple M5 Pro,0
cyrillic,sparse_novel_counter,softwrap,121,42,23,65292,2904875,108666,Menlo,16,1,release,8,24,3,false,16830,0,false,Metal,Apple M5 Pro,0
cyrillic,scroll_cycle,explicit_rows,121,42,0,38500,1500250,107500,Menlo,16,1,release,8,24,3,false,0,0,false,Metal,Apple M5 Pro,10
cyrillic,scroll_cycle,explicit_rows,121,42,1,39167,421875,109042,Menlo,16,1,release,8,24,3,false,0,0,false,Metal,Apple M5 Pro,21
cyrillic,scroll_cycle,explicit_rows,121,42,2,38875,383375,108958,Menlo,16,1,release,8,24,3,false,0,0,false,Metal,Apple M5 Pro,31
cyrillic,scroll_cycle,explicit_rows,121,42,3,39084,420458,126416,Menlo,16,1,release,8,24,3,false,0,0,false,Metal,Apple M5 Pro,42
cyrillic,scroll_cycle,explicit_rows,121,42,4,38958,38834,103958,Menlo,16,1,release,8,24,3,false,0,0,false,Metal,Apple M5 Pro,31
cyrillic,scroll_cycle,explicit_rows,121,42,5,38459,38209,103125,Menlo,16,1,release,8,24,3,false,0,0,false,Metal,Apple M5 Pro,21
cyrillic,scroll_cycle,explicit_rows,121,42,6,38292,40292,102292,Menlo,16,1,release,8,24,3,false,0,0,false,Metal,Apple M5 Pro,10
cyrillic,scroll_cycle,explicit_rows,121,42,7,38500,390666,103292,Menlo,16,1,release,8,24,3,false,0,0,false,Metal,Apple M5 Pro,0
cyrillic,scroll_cycle,explicit_rows,121,42,8,38416,1485458,110292,Menlo,16,1,release,8,24,3,false,0,0,false,Metal,Apple M5 Pro,10
cyrillic,scroll_cycle,explicit_rows,121,42,9,39333,419167,105916,Menlo,16,1,release,8,24,3,false,0,0,false,Metal,Apple M5 Pro,21
cyrillic,scroll_cycle,explicit_rows,121,42,10,38708,393542,107250,Menlo,16,1,release,8,24,3,false,0,0,false,Metal,Apple M5 Pro,31
cyrillic,scroll_cycle,explicit_rows,121,42,11,38750,418833,105916,Menlo,16,1,release,8,24,3,false,0,0,false,Metal,Apple M5 Pro,42
cyrillic,scroll_cycle,explicit_rows,121,42,12,38584,37542,102833,Menlo,16,1,release,8,24,3,false,0,0,false,Metal,Apple M5 Pro,31
cyrillic,scroll_cycle,explicit_rows,121,42,13,38542,40583,107625,Menlo,16,1,release,8,24,3,false,0,0,false,Metal,Apple M5 Pro,21
cyrillic,scroll_cycle,explicit_rows,121,42,14,38417,40083,103292,Menlo,16,1,release,8,24,3,false,0,0,false,Metal,Apple M5 Pro,10
cyrillic,scroll_cycle,explicit_rows,121,42,15,38292,384000,107584,Menlo,16,1,release,8,24,3,false,0,0,false,Metal,Apple M5 Pro,0
cyrillic,scroll_cycle,explicit_rows,121,42,16,38166,1534292,107500,Menlo,16,1,release,8,24,3,false,0,0,false,Metal,Apple M5 Pro,10
cyrillic,scroll_cycle,explicit_rows,121,42,17,39000,423875,109417,Menlo,16,1,release,8,24,3,false,0,0,false,Metal,Apple M5 Pro,21
cyrillic,scroll_cycle,explicit_rows,121,42,18,39375,387750,109167,Menlo,16,1,release,8,24,3,false,0,0,false,Metal,Apple M5 Pro,31
cyrillic,scroll_cycle,explicit_rows,121,42,19,38834,424625,108833,Menlo,16,1,release,8,24,3,false,0,0,false,Metal,Apple M5 Pro,42
cyrillic,scroll_cycle,explicit_rows,121,42,20,39125,37542,117458,Menlo,16,1,release,8,24,3,false,0,0,false,Metal,Apple M5 Pro,31
cyrillic,scroll_cycle,explicit_rows,121,42,21,39250,40084,125625,Menlo,16,1,release,8,24,3,false,0,0,false,Metal,Apple M5 Pro,21
cyrillic,scroll_cycle,explicit_rows,121,42,22,38333,39417,104250,Menlo,16,1,release,8,24,3,false,0,0,false,Metal,Apple M5 Pro,10
cyrillic,scroll_cycle,explicit_rows,121,42,23,38167,390416,108958,Menlo,16,1,release,8,24,3,false,0,0,false,Metal,Apple M5 Pro,0
cyrillic,scroll_cycle,softwrap,121,42,0,66625,2926708,112292,Menlo,16,1,release,8,24,3,false,14850,1934,false,Metal,Apple M5 Pro,10
cyrillic,scroll_cycle,softwrap,121,42,1,67292,2895167,112417,Menlo,16,1,release,8,24,3,false,12671,4115,false,Metal,Apple M5 Pro,21
cyrillic,scroll_cycle,softwrap,121,42,2,65833,2944208,116917,Menlo,16,1,release,8,24,3,false,10691,6095,false,Metal,Apple M5 Pro,31
cyrillic,scroll_cycle,softwrap,121,42,3,68208,2972541,125250,Menlo,16,1,release,8,24,3,false,8513,8267,false,Metal,Apple M5 Pro,42
cyrillic,scroll_cycle,softwrap,121,42,4,91125,2930041,110375,Menlo,16,1,release,8,24,3,false,10691,6095,false,Metal,Apple M5 Pro,31
cyrillic,scroll_cycle,softwrap,121,42,5,65583,2902708,112625,Menlo,16,1,release,8,24,3,false,12671,4115,false,Metal,Apple M5 Pro,21
cyrillic,scroll_cycle,softwrap,121,42,6,66250,2934000,112542,Menlo,16,1,release,8,24,3,false,14850,1934,false,Metal,Apple M5 Pro,10
cyrillic,scroll_cycle,softwrap,121,42,7,64833,2901875,110333,Menlo,16,1,release,8,24,3,false,16830,0,false,Metal,Apple M5 Pro,0
cyrillic,scroll_cycle,softwrap,121,42,8,66916,2894250,111667,Menlo,16,1,release,8,24,3,false,14850,1934,false,Metal,Apple M5 Pro,10
cyrillic,scroll_cycle,softwrap,121,42,9,67250,2896916,115084,Menlo,16,1,release,8,24,3,false,12671,4115,false,Metal,Apple M5 Pro,21
cyrillic,scroll_cycle,softwrap,121,42,10,69708,2922292,113417,Menlo,16,1,release,8,24,3,false,10691,6095,false,Metal,Apple M5 Pro,31
cyrillic,scroll_cycle,softwrap,121,42,11,66917,2973625,109542,Menlo,16,1,release,8,24,3,false,8513,8267,false,Metal,Apple M5 Pro,42
cyrillic,scroll_cycle,softwrap,121,42,12,66291,2934875,112750,Menlo,16,1,release,8,24,3,false,10691,6095,false,Metal,Apple M5 Pro,31
cyrillic,scroll_cycle,softwrap,121,42,13,65750,2946209,115208,Menlo,16,1,release,8,24,3,false,12671,4115,false,Metal,Apple M5 Pro,21
cyrillic,scroll_cycle,softwrap,121,42,14,65916,2908375,112375,Menlo,16,1,release,8,24,3,false,14850,1934,false,Metal,Apple M5 Pro,10
cyrillic,scroll_cycle,softwrap,121,42,15,64709,2939250,110292,Menlo,16,1,release,8,24,3,false,16830,0,false,Metal,Apple M5 Pro,0
cyrillic,scroll_cycle,softwrap,121,42,16,66625,2947458,112833,Menlo,16,1,release,8,24,3,false,14850,1934,false,Metal,Apple M5 Pro,10
cyrillic,scroll_cycle,softwrap,121,42,17,65833,2906500,113625,Menlo,16,1,release,8,24,3,false,12671,4115,false,Metal,Apple M5 Pro,21
cyrillic,scroll_cycle,softwrap,121,42,18,65875,2902667,109541,Menlo,16,1,release,8,24,3,false,10691,6095,false,Metal,Apple M5 Pro,31
cyrillic,scroll_cycle,softwrap,121,42,19,67334,2938042,113375,Menlo,16,1,release,8,24,3,false,8513,8267,false,Metal,Apple M5 Pro,42
cyrillic,scroll_cycle,softwrap,121,42,20,65959,2905500,109459,Menlo,16,1,release,8,24,3,false,10691,6095,false,Metal,Apple M5 Pro,31
cyrillic,scroll_cycle,softwrap,121,42,21,64417,2942416,111375,Menlo,16,1,release,8,24,3,false,12671,4115,false,Metal,Apple M5 Pro,21
cyrillic,scroll_cycle,softwrap,121,42,22,69625,2933875,107500,Menlo,16,1,release,8,24,3,false,14850,1934,false,Metal,Apple M5 Pro,10
cyrillic,scroll_cycle,softwrap,121,42,23,65042,2902500,111750,Menlo,16,1,release,8,24,3,false,16830,0,false,Metal,Apple M5 Pro,0
cyrillic,dense_novel_text,explicit_rows,121,42,0,42083,1558000,103709,Menlo,16,1,release,8,24,3,false,0,0,false,Metal,Apple M5 Pro,0
cyrillic,dense_novel_text,explicit_rows,121,42,1,38250,1505625,110167,Menlo,16,1,release,8,24,3,false,0,0,false,Metal,Apple M5 Pro,0
cyrillic,dense_novel_text,explicit_rows,121,42,2,38417,1500583,106708,Menlo,16,1,release,8,24,3,false,0,0,false,Metal,Apple M5 Pro,0
cyrillic,dense_novel_text,explicit_rows,121,42,3,41959,1494041,104792,Menlo,16,1,release,8,24,3,false,0,0,false,Metal,Apple M5 Pro,0
cyrillic,dense_novel_text,explicit_rows,121,42,4,37917,1492750,109625,Menlo,16,1,release,8,24,3,false,0,0,false,Metal,Apple M5 Pro,0
cyrillic,dense_novel_text,explicit_rows,121,42,5,38459,1528250,115791,Menlo,16,1,release,8,24,3,false,0,0,false,Metal,Apple M5 Pro,0
cyrillic,dense_novel_text,explicit_rows,121,42,6,38208,1495833,108250,Menlo,16,1,release,8,24,3,false,0,0,false,Metal,Apple M5 Pro,0
cyrillic,dense_novel_text,explicit_rows,121,42,7,41375,1502416,107667,Menlo,16,1,release,8,24,3,false,0,0,false,Metal,Apple M5 Pro,0
cyrillic,dense_novel_text,explicit_rows,121,42,8,38250,1534458,106542,Menlo,16,1,release,8,24,3,false,0,0,false,Metal,Apple M5 Pro,0
cyrillic,dense_novel_text,explicit_rows,121,42,9,41333,1500417,107792,Menlo,16,1,release,8,24,3,false,0,0,false,Metal,Apple M5 Pro,0
cyrillic,dense_novel_text,explicit_rows,121,42,10,38291,1482084,108125,Menlo,16,1,release,8,24,3,false,0,0,false,Metal,Apple M5 Pro,0
cyrillic,dense_novel_text,explicit_rows,121,42,11,38541,1500084,104416,Menlo,16,1,release,8,24,3,false,0,0,false,Metal,Apple M5 Pro,0
cyrillic,dense_novel_text,explicit_rows,121,42,12,38166,1491167,107041,Menlo,16,1,release,8,24,3,false,0,0,false,Metal,Apple M5 Pro,0
cyrillic,dense_novel_text,explicit_rows,121,42,13,49375,1519000,108166,Menlo,16,1,release,8,24,3,false,0,0,false,Metal,Apple M5 Pro,0
cyrillic,dense_novel_text,explicit_rows,121,42,14,38209,1506875,109000,Menlo,16,1,release,8,24,3,false,0,0,false,Metal,Apple M5 Pro,0
cyrillic,dense_novel_text,explicit_rows,121,42,15,38000,1499458,107541,Menlo,16,1,release,8,24,3,false,0,0,false,Metal,Apple M5 Pro,0
cyrillic,dense_novel_text,explicit_rows,121,42,16,37917,1515417,106000,Menlo,16,1,release,8,24,3,false,0,0,false,Metal,Apple M5 Pro,0
cyrillic,dense_novel_text,explicit_rows,121,42,17,38041,1516250,108584,Menlo,16,1,release,8,24,3,false,0,0,false,Metal,Apple M5 Pro,0
cyrillic,dense_novel_text,explicit_rows,121,42,18,38417,1490875,108958,Menlo,16,1,release,8,24,3,false,0,0,false,Metal,Apple M5 Pro,0
cyrillic,dense_novel_text,explicit_rows,121,42,19,38083,1484500,103250,Menlo,16,1,release,8,24,3,false,0,0,false,Metal,Apple M5 Pro,0
cyrillic,dense_novel_text,explicit_rows,121,42,20,38208,1487042,113417,Menlo,16,1,release,8,24,3,false,0,0,false,Metal,Apple M5 Pro,0
cyrillic,dense_novel_text,explicit_rows,121,42,21,38000,1485417,106083,Menlo,16,1,release,8,24,3,false,0,0,false,Metal,Apple M5 Pro,0
cyrillic,dense_novel_text,explicit_rows,121,42,22,38625,1475875,106291,Menlo,16,1,release,8,24,3,false,0,0,false,Metal,Apple M5 Pro,0
cyrillic,dense_novel_text,explicit_rows,121,42,23,38166,1472000,105541,Menlo,16,1,release,8,24,3,false,0,0,false,Metal,Apple M5 Pro,0
cyrillic,dense_novel_text,softwrap,121,42,0,64542,2923916,108292,Menlo,16,1,release,8,24,3,false,16830,0,false,Metal,Apple M5 Pro,0
cyrillic,dense_novel_text,softwrap,121,42,1,63958,2880708,110875,Menlo,16,1,release,8,24,3,false,16830,0,false,Metal,Apple M5 Pro,0
cyrillic,dense_novel_text,softwrap,121,42,2,66792,2964792,118708,Menlo,16,1,release,8,24,3,false,16830,0,false,Metal,Apple M5 Pro,0
cyrillic,dense_novel_text,softwrap,121,42,3,67583,2918542,125250,Menlo,16,1,release,8,24,3,false,16830,0,false,Metal,Apple M5 Pro,0
cyrillic,dense_novel_text,softwrap,121,42,4,64125,2908750,111209,Menlo,16,1,release,8,24,3,false,16830,0,false,Metal,Apple M5 Pro,0
cyrillic,dense_novel_text,softwrap,121,42,5,64583,2929667,106500,Menlo,16,1,release,8,24,3,false,16830,0,false,Metal,Apple M5 Pro,0
cyrillic,dense_novel_text,softwrap,121,42,6,64334,2887083,111750,Menlo,16,1,release,8,24,3,false,16830,0,false,Metal,Apple M5 Pro,0
cyrillic,dense_novel_text,softwrap,121,42,7,64583,2882625,112166,Menlo,16,1,release,8,24,3,false,16830,0,false,Metal,Apple M5 Pro,0
cyrillic,dense_novel_text,softwrap,121,42,8,64083,2869917,107084,Menlo,16,1,release,8,24,3,false,16830,0,false,Metal,Apple M5 Pro,0
cyrillic,dense_novel_text,softwrap,121,42,9,63625,2919709,111541,Menlo,16,1,release,8,24,3,false,16830,0,false,Metal,Apple M5 Pro,0
cyrillic,dense_novel_text,softwrap,121,42,10,64292,2957208,111958,Menlo,16,1,release,8,24,3,false,16830,0,false,Metal,Apple M5 Pro,0
cyrillic,dense_novel_text,softwrap,121,42,11,71292,2931417,109833,Menlo,16,1,release,8,24,3,false,16830,0,false,Metal,Apple M5 Pro,0
cyrillic,dense_novel_text,softwrap,121,42,12,63542,2948708,112208,Menlo,16,1,release,8,24,3,false,16830,0,false,Metal,Apple M5 Pro,0
cyrillic,dense_novel_text,softwrap,121,42,13,64458,2899334,111625,Menlo,16,1,release,8,24,3,false,16830,0,false,Metal,Apple M5 Pro,0
cyrillic,dense_novel_text,softwrap,121,42,14,63667,2933208,111458,Menlo,16,1,release,8,24,3,false,16830,0,false,Metal,Apple M5 Pro,0
cyrillic,dense_novel_text,softwrap,121,42,15,64458,2933875,110959,Menlo,16,1,release,8,24,3,false,16830,0,false,Metal,Apple M5 Pro,0
cyrillic,dense_novel_text,softwrap,121,42,16,64209,2935500,111625,Menlo,16,1,release,8,24,3,false,16830,0,false,Metal,Apple M5 Pro,0
cyrillic,dense_novel_text,softwrap,121,42,17,63959,2932084,111042,Menlo,16,1,release,8,24,3,false,16830,0,false,Metal,Apple M5 Pro,0
cyrillic,dense_novel_text,softwrap,121,42,18,64208,2972958,111875,Menlo,16,1,release,8,24,3,false,16830,0,false,Metal,Apple M5 Pro,0
cyrillic,dense_novel_text,softwrap,121,42,19,65500,2929917,110500,Menlo,16,1,release,8,24,3,false,16830,0,false,Metal,Apple M5 Pro,0
cyrillic,dense_novel_text,softwrap,121,42,20,64500,2907959,115916,Menlo,16,1,release,8,24,3,false,16830,0,false,Metal,Apple M5 Pro,0
cyrillic,dense_novel_text,softwrap,121,42,21,64000,2978542,112083,Menlo,16,1,release,8,24,3,false,16830,0,false,Metal,Apple M5 Pro,0
cyrillic,dense_novel_text,softwrap,121,42,22,64459,2892250,111291,Menlo,16,1,release,8,24,3,false,16830,0,false,Metal,Apple M5 Pro,0
cyrillic,dense_novel_text,softwrap,121,42,23,63500,2911125,108084,Menlo,16,1,release,8,24,3,false,16830,0,false,Metal,Apple M5 Pro,0
cjk,sparse_novel_counter,explicit_rows,121,42,0,38417,188000,1750,Menlo,16,1,release,8,24,3,false,0,0,false,Metal,Apple M5 Pro,0
cjk,sparse_novel_counter,explicit_rows,121,42,1,38167,185417,1792,Menlo,16,1,release,8,24,3,false,0,0,false,Metal,Apple M5 Pro,0
cjk,sparse_novel_counter,explicit_rows,121,42,2,37958,209583,1875,Menlo,16,1,release,8,24,3,false,0,0,false,Metal,Apple M5 Pro,0
cjk,sparse_novel_counter,explicit_rows,121,42,3,40000,205042,1792,Menlo,16,1,release,8,24,3,false,0,0,false,Metal,Apple M5 Pro,0
cjk,sparse_novel_counter,explicit_rows,121,42,4,38166,190042,1833,Menlo,16,1,release,8,24,3,false,0,0,false,Metal,Apple M5 Pro,0
cjk,sparse_novel_counter,explicit_rows,121,42,5,38792,188708,1750,Menlo,16,1,release,8,24,3,false,0,0,false,Metal,Apple M5 Pro,0
cjk,sparse_novel_counter,explicit_rows,121,42,6,38375,187416,1792,Menlo,16,1,release,8,24,3,false,0,0,false,Metal,Apple M5 Pro,0
cjk,sparse_novel_counter,explicit_rows,121,42,7,39041,228209,1917,Menlo,16,1,release,8,24,3,false,0,0,false,Metal,Apple M5 Pro,0
cjk,sparse_novel_counter,explicit_rows,121,42,8,43667,207375,1833,Menlo,16,1,release,8,24,3,false,0,0,false,Metal,Apple M5 Pro,0
cjk,sparse_novel_counter,explicit_rows,121,42,9,41792,198625,1750,Menlo,16,1,release,8,24,3,false,0,0,false,Metal,Apple M5 Pro,0
cjk,sparse_novel_counter,explicit_rows,121,42,10,38958,186458,1792,Menlo,16,1,release,8,24,3,false,0,0,false,Metal,Apple M5 Pro,0
cjk,sparse_novel_counter,explicit_rows,121,42,11,38916,186833,1834,Menlo,16,1,release,8,24,3,false,0,0,false,Metal,Apple M5 Pro,0
cjk,sparse_novel_counter,explicit_rows,121,42,12,39042,186416,1834,Menlo,16,1,release,8,24,3,false,0,0,false,Metal,Apple M5 Pro,0
cjk,sparse_novel_counter,explicit_rows,121,42,13,38708,186000,1792,Menlo,16,1,release,8,24,3,false,0,0,false,Metal,Apple M5 Pro,0
cjk,sparse_novel_counter,explicit_rows,121,42,14,38500,185500,1792,Menlo,16,1,release,8,24,3,false,0,0,false,Metal,Apple M5 Pro,0
cjk,sparse_novel_counter,explicit_rows,121,42,15,38708,186500,1834,Menlo,16,1,release,8,24,3,false,0,0,false,Metal,Apple M5 Pro,0
cjk,sparse_novel_counter,explicit_rows,121,42,16,38625,199917,1792,Menlo,16,1,release,8,24,3,false,0,0,false,Metal,Apple M5 Pro,0
cjk,sparse_novel_counter,explicit_rows,121,42,17,38708,188500,1791,Menlo,16,1,release,8,24,3,false,0,0,false,Metal,Apple M5 Pro,0
cjk,sparse_novel_counter,explicit_rows,121,42,18,38709,187209,1791,Menlo,16,1,release,8,24,3,false,0,0,false,Metal,Apple M5 Pro,0
cjk,sparse_novel_counter,explicit_rows,121,42,19,38709,188708,1791,Menlo,16,1,release,8,24,3,false,0,0,false,Metal,Apple M5 Pro,0
cjk,sparse_novel_counter,explicit_rows,121,42,20,38834,186958,1792,Menlo,16,1,release,8,24,3,false,0,0,false,Metal,Apple M5 Pro,0
cjk,sparse_novel_counter,explicit_rows,121,42,21,38667,186750,1791,Menlo,16,1,release,8,24,3,false,0,0,false,Metal,Apple M5 Pro,0
cjk,sparse_novel_counter,explicit_rows,121,42,22,38583,186042,1833,Menlo,16,1,release,8,24,3,false,0,0,false,Metal,Apple M5 Pro,0
cjk,sparse_novel_counter,explicit_rows,121,42,23,38709,187250,1791,Menlo,16,1,release,8,24,3,false,0,0,false,Metal,Apple M5 Pro,0
cjk,sparse_novel_counter,softwrap,121,42,0,59750,18655375,68500,Menlo,16,1,release,8,24,3,false,14016,0,false,Metal,Apple M5 Pro,0
cjk,sparse_novel_counter,softwrap,121,42,1,60208,18645416,67208,Menlo,16,1,release,8,24,3,false,14016,0,false,Metal,Apple M5 Pro,0
cjk,sparse_novel_counter,softwrap,121,42,2,60083,18722667,68459,Menlo,16,1,release,8,24,3,false,14016,0,false,Metal,Apple M5 Pro,0
cjk,sparse_novel_counter,softwrap,121,42,3,59709,18698750,68666,Menlo,16,1,release,8,24,3,false,14016,0,false,Metal,Apple M5 Pro,0
cjk,sparse_novel_counter,softwrap,121,42,4,60625,18782208,65833,Menlo,16,1,release,8,24,3,false,14016,0,false,Metal,Apple M5 Pro,0
cjk,sparse_novel_counter,softwrap,121,42,5,58041,18591875,68167,Menlo,16,1,release,8,24,3,false,14016,0,false,Metal,Apple M5 Pro,0
cjk,sparse_novel_counter,softwrap,121,42,6,57709,18611916,85959,Menlo,16,1,release,8,24,3,false,14016,0,false,Metal,Apple M5 Pro,0
cjk,sparse_novel_counter,softwrap,121,42,7,59958,18639000,68709,Menlo,16,1,release,8,24,3,false,14016,0,false,Metal,Apple M5 Pro,0
cjk,sparse_novel_counter,softwrap,121,42,8,64333,18724208,68042,Menlo,16,1,release,8,24,3,false,14016,0,false,Metal,Apple M5 Pro,0
cjk,sparse_novel_counter,softwrap,121,42,9,59583,18636875,67625,Menlo,16,1,release,8,24,3,false,14016,0,false,Metal,Apple M5 Pro,0
cjk,sparse_novel_counter,softwrap,121,42,10,60958,18801041,67292,Menlo,16,1,release,8,24,3,false,14016,0,false,Metal,Apple M5 Pro,0
cjk,sparse_novel_counter,softwrap,121,42,11,59917,18554833,66167,Menlo,16,1,release,8,24,3,false,14016,0,false,Metal,Apple M5 Pro,0
cjk,sparse_novel_counter,softwrap,121,42,12,59500,18657000,66292,Menlo,16,1,release,8,24,3,false,14016,0,false,Metal,Apple M5 Pro,0
cjk,sparse_novel_counter,softwrap,121,42,13,57667,18670541,66417,Menlo,16,1,release,8,24,3,false,14016,0,false,Metal,Apple M5 Pro,0
cjk,sparse_novel_counter,softwrap,121,42,14,57375,18702875,68500,Menlo,16,1,release,8,24,3,false,14016,0,false,Metal,Apple M5 Pro,0
cjk,sparse_novel_counter,softwrap,121,42,15,59417,18694166,67542,Menlo,16,1,release,8,24,3,false,14016,0,false,Metal,Apple M5 Pro,0
cjk,sparse_novel_counter,softwrap,121,42,16,60209,18669792,68041,Menlo,16,1,release,8,24,3,false,14016,0,false,Metal,Apple M5 Pro,0
cjk,sparse_novel_counter,softwrap,121,42,17,58125,18638625,68708,Menlo,16,1,release,8,24,3,false,14016,0,false,Metal,Apple M5 Pro,0
cjk,sparse_novel_counter,softwrap,121,42,18,57292,18751292,68334,Menlo,16,1,release,8,24,3,false,14016,0,false,Metal,Apple M5 Pro,0
cjk,sparse_novel_counter,softwrap,121,42,19,60125,18591833,67208,Menlo,16,1,release,8,24,3,false,14016,0,false,Metal,Apple M5 Pro,0
cjk,sparse_novel_counter,softwrap,121,42,20,58375,18582500,68250,Menlo,16,1,release,8,24,3,false,14016,0,false,Metal,Apple M5 Pro,0
cjk,sparse_novel_counter,softwrap,121,42,21,57292,18646542,67500,Menlo,16,1,release,8,24,3,false,14016,0,false,Metal,Apple M5 Pro,0
cjk,sparse_novel_counter,softwrap,121,42,22,58000,18534417,67875,Menlo,16,1,release,8,24,3,false,14016,0,false,Metal,Apple M5 Pro,0
cjk,sparse_novel_counter,softwrap,121,42,23,56166,18600125,68375,Menlo,16,1,release,8,24,3,false,14016,0,false,Metal,Apple M5 Pro,0
cjk,scroll_cycle,explicit_rows,121,42,0,40000,39583,66667,Menlo,16,1,release,8,24,3,false,0,0,false,Metal,Apple M5 Pro,10
cjk,scroll_cycle,explicit_rows,121,42,1,42417,39875,65250,Menlo,16,1,release,8,24,3,false,0,0,false,Metal,Apple M5 Pro,21
cjk,scroll_cycle,explicit_rows,121,42,2,39125,42583,63750,Menlo,16,1,release,8,24,3,false,0,0,false,Metal,Apple M5 Pro,31
cjk,scroll_cycle,explicit_rows,121,42,3,39083,39333,69042,Menlo,16,1,release,8,24,3,false,0,0,false,Metal,Apple M5 Pro,42
cjk,scroll_cycle,explicit_rows,121,42,4,38417,41583,63375,Menlo,16,1,release,8,24,3,false,0,0,false,Metal,Apple M5 Pro,31
cjk,scroll_cycle,explicit_rows,121,42,5,38500,39000,63292,Menlo,16,1,release,8,24,3,false,0,0,false,Metal,Apple M5 Pro,21
cjk,scroll_cycle,explicit_rows,121,42,6,39375,45166,67709,Menlo,16,1,release,8,24,3,false,0,0,false,Metal,Apple M5 Pro,10
cjk,scroll_cycle,explicit_rows,121,42,7,38958,39542,63292,Menlo,16,1,release,8,24,3,false,0,0,false,Metal,Apple M5 Pro,0
cjk,scroll_cycle,explicit_rows,121,42,8,38583,39625,63542,Menlo,16,1,release,8,24,3,false,0,0,false,Metal,Apple M5 Pro,10
cjk,scroll_cycle,explicit_rows,121,42,9,38583,41625,64083,Menlo,16,1,release,8,24,3,false,0,0,false,Metal,Apple M5 Pro,21
cjk,scroll_cycle,explicit_rows,121,42,10,38666,41667,64333,Menlo,16,1,release,8,24,3,false,0,0,false,Metal,Apple M5 Pro,31
cjk,scroll_cycle,explicit_rows,121,42,11,38625,41583,64333,Menlo,16,1,release,8,24,3,false,0,0,false,Metal,Apple M5 Pro,42
cjk,scroll_cycle,explicit_rows,121,42,12,38250,41625,63667,Menlo,16,1,release,8,24,3,false,0,0,false,Metal,Apple M5 Pro,31
cjk,scroll_cycle,explicit_rows,121,42,13,38417,41583,63666,Menlo,16,1,release,8,24,3,false,0,0,false,Metal,Apple M5 Pro,21
cjk,scroll_cycle,explicit_rows,121,42,14,38583,41583,65667,Menlo,16,1,release,8,24,3,false,0,0,false,Metal,Apple M5 Pro,10
cjk,scroll_cycle,explicit_rows,121,42,15,38750,39125,66458,Menlo,16,1,release,8,24,3,false,0,0,false,Metal,Apple M5 Pro,0
cjk,scroll_cycle,explicit_rows,121,42,16,38667,41583,68167,Menlo,16,1,release,8,24,3,false,0,0,false,Metal,Apple M5 Pro,10
cjk,scroll_cycle,explicit_rows,121,42,17,57958,38167,68541,Menlo,16,1,release,8,24,3,false,0,0,false,Metal,Apple M5 Pro,21
cjk,scroll_cycle,explicit_rows,121,42,18,38166,38417,64625,Menlo,16,1,release,8,24,3,false,0,0,false,Metal,Apple M5 Pro,31
cjk,scroll_cycle,explicit_rows,121,42,19,37959,37584,63333,Menlo,16,1,release,8,24,3,false,0,0,false,Metal,Apple M5 Pro,42
cjk,scroll_cycle,explicit_rows,121,42,20,38084,37083,63625,Menlo,16,1,release,8,24,3,false,0,0,false,Metal,Apple M5 Pro,31
cjk,scroll_cycle,explicit_rows,121,42,21,50916,41042,71958,Menlo,16,1,release,8,24,3,false,0,0,false,Metal,Apple M5 Pro,21
cjk,scroll_cycle,explicit_rows,121,42,22,38417,39875,67208,Menlo,16,1,release,8,24,3,false,0,0,false,Metal,Apple M5 Pro,10
cjk,scroll_cycle,explicit_rows,121,42,23,45000,40125,66958,Menlo,16,1,release,8,24,3,false,0,0,false,Metal,Apple M5 Pro,0
cjk,scroll_cycle,softwrap,121,42,0,61917,44083,64875,Menlo,16,1,release,8,24,3,false,12369,1639,false,Metal,Apple M5 Pro,10
cjk,scroll_cycle,softwrap,121,42,1,58333,18704125,70917,Menlo,16,1,release,8,24,3,false,10554,3453,false,Metal,Apple M5 Pro,21
cjk,scroll_cycle,softwrap,121,42,2,59917,18801125,70083,Menlo,16,1,release,8,24,3,false,8907,5105,false,Metal,Apple M5 Pro,31
cjk,scroll_cycle,softwrap,121,42,3,65625,18656750,69584,Menlo,16,1,release,8,24,3,false,7092,6920,false,Metal,Apple M5 Pro,42
cjk,scroll_cycle,softwrap,121,42,4,61167,41250,69958,Menlo,16,1,release,8,24,3,false,8907,5105,false,Metal,Apple M5 Pro,31
cjk,scroll_cycle,softwrap,121,42,5,58208,18558959,70083,Menlo,16,1,release,8,24,3,false,10554,3453,false,Metal,Apple M5 Pro,21
cjk,scroll_cycle,softwrap,121,42,6,59500,18857708,68917,Menlo,16,1,release,8,24,3,false,12369,1639,false,Metal,Apple M5 Pro,10
cjk,scroll_cycle,softwrap,121,42,7,65458,18655125,68166,Menlo,16,1,release,8,24,3,false,14016,0,false,Metal,Apple M5 Pro,0
cjk,scroll_cycle,softwrap,121,42,8,60000,43542,68459,Menlo,16,1,release,8,24,3,false,12369,1639,false,Metal,Apple M5 Pro,10
cjk,scroll_cycle,softwrap,121,42,9,57833,18582750,73083,Menlo,16,1,release,8,24,3,false,10554,3453,false,Metal,Apple M5 Pro,21
cjk,scroll_cycle,softwrap,121,42,10,58459,18772625,67416,Menlo,16,1,release,8,24,3,false,8907,5105,false,Metal,Apple M5 Pro,31
cjk,scroll_cycle,softwrap,121,42,11,60208,18755667,68791,Menlo,16,1,release,8,24,3,false,7092,6920,false,Metal,Apple M5 Pro,42
cjk,scroll_cycle,softwrap,121,42,12,61291,43333,68792,Menlo,16,1,release,8,24,3,false,8907,5105,false,Metal,Apple M5 Pro,31
cjk,scroll_cycle,softwrap,121,42,13,58000,18641166,71417,Menlo,16,1,release,8,24,3,false,10554,3453,false,Metal,Apple M5 Pro,21
cjk,scroll_cycle,softwrap,121,42,14,62000,18675250,69000,Menlo,16,1,release,8,24,3,false,12369,1639,false,Metal,Apple M5 Pro,10
cjk,scroll_cycle,softwrap,121,42,15,58166,18730833,67000,Menlo,16,1,release,8,24,3,false,14016,0,false,Metal,Apple M5 Pro,0
cjk,scroll_cycle,softwrap,121,42,16,59000,53958,68167,Menlo,16,1,release,8,24,3,false,12369,1639,false,Metal,Apple M5 Pro,10
cjk,scroll_cycle,softwrap,121,42,17,57792,18653041,70417,Menlo,16,1,release,8,24,3,false,10554,3453,false,Metal,Apple M5 Pro,21
cjk,scroll_cycle,softwrap,121,42,18,59708,18645500,67208,Menlo,16,1,release,8,24,3,false,8907,5105,false,Metal,Apple M5 Pro,31
cjk,scroll_cycle,softwrap,121,42,19,58833,18691792,69958,Menlo,16,1,release,8,24,3,false,7092,6920,false,Metal,Apple M5 Pro,42
cjk,scroll_cycle,softwrap,121,42,20,59750,40458,66750,Menlo,16,1,release,8,24,3,false,8907,5105,false,Metal,Apple M5 Pro,31
cjk,scroll_cycle,softwrap,121,42,21,57584,18522000,66584,Menlo,16,1,release,8,24,3,false,10554,3453,false,Metal,Apple M5 Pro,21
cjk,scroll_cycle,softwrap,121,42,22,58291,18691834,81917,Menlo,16,1,release,8,24,3,false,12369,1639,false,Metal,Apple M5 Pro,10
cjk,scroll_cycle,softwrap,121,42,23,62000,18818417,65875,Menlo,16,1,release,8,24,3,false,14016,0,false,Metal,Apple M5 Pro,0
cjk,dense_novel_text,explicit_rows,121,42,0,38666,6403917,69667,Menlo,16,1,release,8,24,3,false,0,0,false,Metal,Apple M5 Pro,0
cjk,dense_novel_text,explicit_rows,121,42,1,39291,6313292,71709,Menlo,16,1,release,8,24,3,false,0,0,false,Metal,Apple M5 Pro,0
cjk,dense_novel_text,explicit_rows,121,42,2,38708,6339916,67834,Menlo,16,1,release,8,24,3,false,0,0,false,Metal,Apple M5 Pro,0
cjk,dense_novel_text,explicit_rows,121,42,3,38375,6302167,68584,Menlo,16,1,release,8,24,3,false,0,0,false,Metal,Apple M5 Pro,0
cjk,dense_novel_text,explicit_rows,121,42,4,38500,6268917,68584,Menlo,16,1,release,8,24,3,false,0,0,false,Metal,Apple M5 Pro,0
cjk,dense_novel_text,explicit_rows,121,42,5,38375,6346958,69166,Menlo,16,1,release,8,24,3,false,0,0,false,Metal,Apple M5 Pro,0
cjk,dense_novel_text,explicit_rows,121,42,6,38875,6380417,68458,Menlo,16,1,release,8,24,3,false,0,0,false,Metal,Apple M5 Pro,0
cjk,dense_novel_text,explicit_rows,121,42,7,38375,6375917,68666,Menlo,16,1,release,8,24,3,false,0,0,false,Metal,Apple M5 Pro,0
cjk,dense_novel_text,explicit_rows,121,42,8,38500,6290417,69083,Menlo,16,1,release,8,24,3,false,0,0,false,Metal,Apple M5 Pro,0
cjk,dense_novel_text,explicit_rows,121,42,9,38500,6332250,68417,Menlo,16,1,release,8,24,3,false,0,0,false,Metal,Apple M5 Pro,0
cjk,dense_novel_text,explicit_rows,121,42,10,38541,6251208,68667,Menlo,16,1,release,8,24,3,false,0,0,false,Metal,Apple M5 Pro,0
cjk,dense_novel_text,explicit_rows,121,42,11,38500,6264625,66041,Menlo,16,1,release,8,24,3,false,0,0,false,Metal,Apple M5 Pro,0
cjk,dense_novel_text,explicit_rows,121,42,12,38833,6265500,66458,Menlo,16,1,release,8,24,3,false,0,0,false,Metal,Apple M5 Pro,0
cjk,dense_novel_text,explicit_rows,121,42,13,39083,6371709,68750,Menlo,16,1,release,8,24,3,false,0,0,false,Metal,Apple M5 Pro,0
cjk,dense_novel_text,explicit_rows,121,42,14,38250,6300708,71750,Menlo,16,1,release,8,24,3,false,0,0,false,Metal,Apple M5 Pro,0
cjk,dense_novel_text,explicit_rows,121,42,15,38458,6378834,68792,Menlo,16,1,release,8,24,3,false,0,0,false,Metal,Apple M5 Pro,0
cjk,dense_novel_text,explicit_rows,121,42,16,62833,6291458,67417,Menlo,16,1,release,8,24,3,false,0,0,false,Metal,Apple M5 Pro,0
cjk,dense_novel_text,explicit_rows,121,42,17,38834,6373791,65417,Menlo,16,1,release,8,24,3,false,0,0,false,Metal,Apple M5 Pro,0
cjk,dense_novel_text,explicit_rows,121,42,18,38708,6266666,68542,Menlo,16,1,release,8,24,3,false,0,0,false,Metal,Apple M5 Pro,0
cjk,dense_novel_text,explicit_rows,121,42,19,38458,6296667,69041,Menlo,16,1,release,8,24,3,false,0,0,false,Metal,Apple M5 Pro,0
cjk,dense_novel_text,explicit_rows,121,42,20,39333,6272167,68833,Menlo,16,1,release,8,24,3,false,0,0,false,Metal,Apple M5 Pro,0
cjk,dense_novel_text,explicit_rows,121,42,21,38583,6278709,67291,Menlo,16,1,release,8,24,3,false,0,0,false,Metal,Apple M5 Pro,0
cjk,dense_novel_text,explicit_rows,121,42,22,38458,6338417,64917,Menlo,16,1,release,8,24,3,false,0,0,false,Metal,Apple M5 Pro,0
cjk,dense_novel_text,explicit_rows,121,42,23,39375,6302833,65875,Menlo,16,1,release,8,24,3,false,0,0,false,Metal,Apple M5 Pro,0
cjk,dense_novel_text,softwrap,121,42,0,56042,18636125,67167,Menlo,16,1,release,8,24,3,false,14016,0,false,Metal,Apple M5 Pro,0
cjk,dense_novel_text,softwrap,121,42,1,55958,18691916,68375,Menlo,16,1,release,8,24,3,false,14016,0,false,Metal,Apple M5 Pro,0
cjk,dense_novel_text,softwrap,121,42,2,56083,18567750,69125,Menlo,16,1,release,8,24,3,false,14016,0,false,Metal,Apple M5 Pro,0
cjk,dense_novel_text,softwrap,121,42,3,56417,18566000,68542,Menlo,16,1,release,8,24,3,false,14016,0,false,Metal,Apple M5 Pro,0
cjk,dense_novel_text,softwrap,121,42,4,55875,18669084,74541,Menlo,16,1,release,8,24,3,false,14016,0,false,Metal,Apple M5 Pro,0
cjk,dense_novel_text,softwrap,121,42,5,55958,18544541,67500,Menlo,16,1,release,8,24,3,false,14016,0,false,Metal,Apple M5 Pro,0
cjk,dense_novel_text,softwrap,121,42,6,56416,18592709,67958,Menlo,16,1,release,8,24,3,false,14016,0,false,Metal,Apple M5 Pro,0
cjk,dense_novel_text,softwrap,121,42,7,56000,18657750,68250,Menlo,16,1,release,8,24,3,false,14016,0,false,Metal,Apple M5 Pro,0
cjk,dense_novel_text,softwrap,121,42,8,56625,18603792,65416,Menlo,16,1,release,8,24,3,false,14016,0,false,Metal,Apple M5 Pro,0
cjk,dense_novel_text,softwrap,121,42,9,56375,18718083,68584,Menlo,16,1,release,8,24,3,false,14016,0,false,Metal,Apple M5 Pro,0
cjk,dense_novel_text,softwrap,121,42,10,61792,18835000,78334,Menlo,16,1,release,8,24,3,false,14016,0,false,Metal,Apple M5 Pro,0
cjk,dense_novel_text,softwrap,121,42,11,58750,18689459,67625,Menlo,16,1,release,8,24,3,false,14016,0,false,Metal,Apple M5 Pro,0
cjk,dense_novel_text,softwrap,121,42,12,56459,18577458,67583,Menlo,16,1,release,8,24,3,false,14016,0,false,Metal,Apple M5 Pro,0
cjk,dense_novel_text,softwrap,121,42,13,56167,18729208,68584,Menlo,16,1,release,8,24,3,false,14016,0,false,Metal,Apple M5 Pro,0
cjk,dense_novel_text,softwrap,121,42,14,55791,18601167,68458,Menlo,16,1,release,8,24,3,false,14016,0,false,Metal,Apple M5 Pro,0
cjk,dense_novel_text,softwrap,121,42,15,56333,18585875,81542,Menlo,16,1,release,8,24,3,false,14016,0,false,Metal,Apple M5 Pro,0
cjk,dense_novel_text,softwrap,121,42,16,56625,18705458,68458,Menlo,16,1,release,8,24,3,false,14016,0,false,Metal,Apple M5 Pro,0
cjk,dense_novel_text,softwrap,121,42,17,56875,18583542,67041,Menlo,16,1,release,8,24,3,false,14016,0,false,Metal,Apple M5 Pro,0
cjk,dense_novel_text,softwrap,121,42,18,56417,18508333,68208,Menlo,16,1,release,8,24,3,false,14016,0,false,Metal,Apple M5 Pro,0
cjk,dense_novel_text,softwrap,121,42,19,56375,18719250,68542,Menlo,16,1,release,8,24,3,false,14016,0,false,Metal,Apple M5 Pro,0
cjk,dense_novel_text,softwrap,121,42,20,56542,18733125,66917,Menlo,16,1,release,8,24,3,false,14016,0,false,Metal,Apple M5 Pro,0
cjk,dense_novel_text,softwrap,121,42,21,57125,18921500,67000,Menlo,16,1,release,8,24,3,false,14016,0,false,Metal,Apple M5 Pro,0
cjk,dense_novel_text,softwrap,121,42,22,57584,18671583,68958,Menlo,16,1,release,8,24,3,false,14016,0,false,Metal,Apple M5 Pro,0
cjk,dense_novel_text,softwrap,121,42,23,75042,18750834,64792,Menlo,16,1,release,8,24,3,false,14016,0,false,Metal,Apple M5 Pro,0
arabic,sparse_novel_counter,explicit_rows,121,42,0,38917,142375,2875,Menlo,16,1,release,8,24,3,false,0,0,false,Metal,Apple M5 Pro,0
arabic,sparse_novel_counter,explicit_rows,121,42,1,38750,142000,2875,Menlo,16,1,release,8,24,3,false,0,0,false,Metal,Apple M5 Pro,0
arabic,sparse_novel_counter,explicit_rows,121,42,2,38959,143541,2875,Menlo,16,1,release,8,24,3,false,0,0,false,Metal,Apple M5 Pro,0
arabic,sparse_novel_counter,explicit_rows,121,42,3,38542,141542,2833,Menlo,16,1,release,8,24,3,false,0,0,false,Metal,Apple M5 Pro,0
arabic,sparse_novel_counter,explicit_rows,121,42,4,38667,142833,2917,Menlo,16,1,release,8,24,3,false,0,0,false,Metal,Apple M5 Pro,0
arabic,sparse_novel_counter,explicit_rows,121,42,5,38250,145333,2792,Menlo,16,1,release,8,24,3,false,0,0,false,Metal,Apple M5 Pro,0
arabic,sparse_novel_counter,explicit_rows,121,42,6,38667,142125,2834,Menlo,16,1,release,8,24,3,false,0,0,false,Metal,Apple M5 Pro,0
arabic,sparse_novel_counter,explicit_rows,121,42,7,38167,216125,3792,Menlo,16,1,release,8,24,3,false,0,0,false,Metal,Apple M5 Pro,0
arabic,sparse_novel_counter,explicit_rows,121,42,8,39334,188750,2917,Menlo,16,1,release,8,24,3,false,0,0,false,Metal,Apple M5 Pro,0
arabic,sparse_novel_counter,explicit_rows,121,42,9,38541,149083,2959,Menlo,16,1,release,8,24,3,false,0,0,false,Metal,Apple M5 Pro,0
arabic,sparse_novel_counter,explicit_rows,121,42,10,45250,144625,2875,Menlo,16,1,release,8,24,3,false,0,0,false,Metal,Apple M5 Pro,0
arabic,sparse_novel_counter,explicit_rows,121,42,11,38459,142333,2833,Menlo,16,1,release,8,24,3,false,0,0,false,Metal,Apple M5 Pro,0
arabic,sparse_novel_counter,explicit_rows,121,42,12,38333,142500,2834,Menlo,16,1,release,8,24,3,false,0,0,false,Metal,Apple M5 Pro,0
arabic,sparse_novel_counter,explicit_rows,121,42,13,38084,142458,2917,Menlo,16,1,release,8,24,3,false,0,0,false,Metal,Apple M5 Pro,0
arabic,sparse_novel_counter,explicit_rows,121,42,14,38500,141083,2833,Menlo,16,1,release,8,24,3,false,0,0,false,Metal,Apple M5 Pro,0
arabic,sparse_novel_counter,explicit_rows,121,42,15,38458,141583,2875,Menlo,16,1,release,8,24,3,false,0,0,false,Metal,Apple M5 Pro,0
arabic,sparse_novel_counter,explicit_rows,121,42,16,38375,142625,2834,Menlo,16,1,release,8,24,3,false,0,0,false,Metal,Apple M5 Pro,0
arabic,sparse_novel_counter,explicit_rows,121,42,17,38125,141875,2833,Menlo,16,1,release,8,24,3,false,0,0,false,Metal,Apple M5 Pro,0
arabic,sparse_novel_counter,explicit_rows,121,42,18,38209,155959,2916,Menlo,16,1,release,8,24,3,false,0,0,false,Metal,Apple M5 Pro,0
arabic,sparse_novel_counter,explicit_rows,121,42,19,38709,143167,2875,Menlo,16,1,release,8,24,3,false,0,0,false,Metal,Apple M5 Pro,0
arabic,sparse_novel_counter,explicit_rows,121,42,20,50750,140542,2834,Menlo,16,1,release,8,24,3,false,0,0,false,Metal,Apple M5 Pro,0
arabic,sparse_novel_counter,explicit_rows,121,42,21,38375,141750,2875,Menlo,16,1,release,8,24,3,false,0,0,false,Metal,Apple M5 Pro,0
arabic,sparse_novel_counter,explicit_rows,121,42,22,38541,141333,2833,Menlo,16,1,release,8,24,3,false,0,0,false,Metal,Apple M5 Pro,0
arabic,sparse_novel_counter,explicit_rows,121,42,23,38375,144500,2792,Menlo,16,1,release,8,24,3,false,0,0,false,Metal,Apple M5 Pro,0
arabic,sparse_novel_counter,softwrap,121,42,0,72250,11927084,114875,Menlo,16,1,release,8,24,3,false,18333,0,false,Metal,Apple M5 Pro,0
arabic,sparse_novel_counter,softwrap,121,42,1,70958,11942083,120500,Menlo,16,1,release,8,24,3,false,18333,0,false,Metal,Apple M5 Pro,0
arabic,sparse_novel_counter,softwrap,121,42,2,71334,11902041,117292,Menlo,16,1,release,8,24,3,false,18333,0,false,Metal,Apple M5 Pro,0
arabic,sparse_novel_counter,softwrap,121,42,3,71667,11916875,118875,Menlo,16,1,release,8,24,3,false,18333,0,false,Metal,Apple M5 Pro,0
arabic,sparse_novel_counter,softwrap,121,42,4,73709,11854042,115625,Menlo,16,1,release,8,24,3,false,18333,0,false,Metal,Apple M5 Pro,0
arabic,sparse_novel_counter,softwrap,121,42,5,69750,11877375,117375,Menlo,16,1,release,8,24,3,false,18333,0,false,Metal,Apple M5 Pro,0
arabic,sparse_novel_counter,softwrap,121,42,6,70458,11834750,117250,Menlo,16,1,release,8,24,3,false,18333,0,false,Metal,Apple M5 Pro,0
arabic,sparse_novel_counter,softwrap,121,42,7,70625,11987500,116459,Menlo,16,1,release,8,24,3,false,18333,0,false,Metal,Apple M5 Pro,0
arabic,sparse_novel_counter,softwrap,121,42,8,69583,11882000,116459,Menlo,16,1,release,8,24,3,false,18333,0,false,Metal,Apple M5 Pro,0
arabic,sparse_novel_counter,softwrap,121,42,9,68500,11863916,115667,Menlo,16,1,release,8,24,3,false,18333,0,false,Metal,Apple M5 Pro,0
arabic,sparse_novel_counter,softwrap,121,42,10,69625,11792916,117209,Menlo,16,1,release,8,24,3,false,18333,0,false,Metal,Apple M5 Pro,0
arabic,sparse_novel_counter,softwrap,121,42,11,68084,11913459,118125,Menlo,16,1,release,8,24,3,false,18333,0,false,Metal,Apple M5 Pro,0
arabic,sparse_novel_counter,softwrap,121,42,12,68125,11856416,116542,Menlo,16,1,release,8,24,3,false,18333,0,false,Metal,Apple M5 Pro,0
arabic,sparse_novel_counter,softwrap,121,42,13,67584,11893208,114875,Menlo,16,1,release,8,24,3,false,18333,0,false,Metal,Apple M5 Pro,0
arabic,sparse_novel_counter,softwrap,121,42,14,70334,11847041,116917,Menlo,16,1,release,8,24,3,false,18333,0,false,Metal,Apple M5 Pro,0
arabic,sparse_novel_counter,softwrap,121,42,15,70167,11916250,117833,Menlo,16,1,release,8,24,3,false,18333,0,false,Metal,Apple M5 Pro,0
arabic,sparse_novel_counter,softwrap,121,42,16,68958,11961500,116000,Menlo,16,1,release,8,24,3,false,18333,0,false,Metal,Apple M5 Pro,0
arabic,sparse_novel_counter,softwrap,121,42,17,90625,11970125,119291,Menlo,16,1,release,8,24,3,false,18333,0,false,Metal,Apple M5 Pro,0
arabic,sparse_novel_counter,softwrap,121,42,18,69042,11938250,115250,Menlo,16,1,release,8,24,3,false,18333,0,false,Metal,Apple M5 Pro,0
arabic,sparse_novel_counter,softwrap,121,42,19,68875,11870125,117167,Menlo,16,1,release,8,24,3,false,18333,0,false,Metal,Apple M5 Pro,0
arabic,sparse_novel_counter,softwrap,121,42,20,69000,11884208,115542,Menlo,16,1,release,8,24,3,false,18333,0,false,Metal,Apple M5 Pro,0
arabic,sparse_novel_counter,softwrap,121,42,21,69208,11905583,116458,Menlo,16,1,release,8,24,3,false,18333,0,false,Metal,Apple M5 Pro,0
arabic,sparse_novel_counter,softwrap,121,42,22,69333,11946459,113709,Menlo,16,1,release,8,24,3,false,18333,0,false,Metal,Apple M5 Pro,0
arabic,sparse_novel_counter,softwrap,121,42,23,69750,11827209,116833,Menlo,16,1,release,8,24,3,false,18333,0,false,Metal,Apple M5 Pro,0
arabic,scroll_cycle,explicit_rows,121,42,0,39250,4408417,114458,Menlo,16,1,release,8,24,3,false,0,0,false,Metal,Apple M5 Pro,10
arabic,scroll_cycle,explicit_rows,121,42,1,39208,1188583,122833,Menlo,16,1,release,8,24,3,false,0,0,false,Metal,Apple M5 Pro,21
arabic,scroll_cycle,explicit_rows,121,42,2,39333,1069250,111167,Menlo,16,1,release,8,24,3,false,0,0,false,Metal,Apple M5 Pro,31
arabic,scroll_cycle,explicit_rows,121,42,3,40291,1171375,111375,Menlo,16,1,release,8,24,3,false,0,0,false,Metal,Apple M5 Pro,42
arabic,scroll_cycle,explicit_rows,121,42,4,39458,39083,115208,Menlo,16,1,release,8,24,3,false,0,0,false,Metal,Apple M5 Pro,31
arabic,scroll_cycle,explicit_rows,121,42,5,38875,38084,113500,Menlo,16,1,release,8,24,3,false,0,0,false,Metal,Apple M5 Pro,21
arabic,scroll_cycle,explicit_rows,121,42,6,38667,38584,109709,Menlo,16,1,release,8,24,3,false,0,0,false,Metal,Apple M5 Pro,10
arabic,scroll_cycle,explicit_rows,121,42,7,38875,1069166,109500,Menlo,16,1,release,8,24,3,false,0,0,false,Metal,Apple M5 Pro,0
arabic,scroll_cycle,explicit_rows,121,42,8,39125,4470625,115375,Menlo,16,1,release,8,24,3,false,0,0,false,Metal,Apple M5 Pro,10
arabic,scroll_cycle,explicit_rows,121,42,9,40916,1187458,109250,Menlo,16,1,release,8,24,3,false,0,0,false,Metal,Apple M5 Pro,21
arabic,scroll_cycle,explicit_rows,121,42,10,39250,1072042,110750,Menlo,16,1,release,8,24,3,false,0,0,false,Metal,Apple M5 Pro,31
arabic,scroll_cycle,explicit_rows,121,42,11,39041,1181834,107125,Menlo,16,1,release,8,24,3,false,0,0,false,Metal,Apple M5 Pro,42
arabic,scroll_cycle,explicit_rows,121,42,12,39042,39208,104500,Menlo,16,1,release,8,24,3,false,0,0,false,Metal,Apple M5 Pro,31
arabic,scroll_cycle,explicit_rows,121,42,13,38542,39625,108291,Menlo,16,1,release,8,24,3,false,0,0,false,Metal,Apple M5 Pro,21
arabic,scroll_cycle,explicit_rows,121,42,14,38500,40625,111625,Menlo,16,1,release,8,24,3,false,0,0,false,Metal,Apple M5 Pro,10
arabic,scroll_cycle,explicit_rows,121,42,15,38750,1107250,110958,Menlo,16,1,release,8,24,3,false,0,0,false,Metal,Apple M5 Pro,0
arabic,scroll_cycle,explicit_rows,121,42,16,39542,4418875,115666,Menlo,16,1,release,8,24,3,false,0,0,false,Metal,Apple M5 Pro,10
arabic,scroll_cycle,explicit_rows,121,42,17,39041,1178708,107125,Menlo,16,1,release,8,24,3,false,0,0,false,Metal,Apple M5 Pro,21
arabic,scroll_cycle,explicit_rows,121,42,18,38250,1077875,105917,Menlo,16,1,release,8,24,3,false,0,0,false,Metal,Apple M5 Pro,31
arabic,scroll_cycle,explicit_rows,121,42,19,38709,1181167,119125,Menlo,16,1,release,8,24,3,false,0,0,false,Metal,Apple M5 Pro,42
arabic,scroll_cycle,explicit_rows,121,42,20,38500,39791,104584,Menlo,16,1,release,8,24,3,false,0,0,false,Metal,Apple M5 Pro,31
arabic,scroll_cycle,explicit_rows,121,42,21,38209,38916,109792,Menlo,16,1,release,8,24,3,false,0,0,false,Metal,Apple M5 Pro,21
arabic,scroll_cycle,explicit_rows,121,42,22,38375,41458,104250,Menlo,16,1,release,8,24,3,false,0,0,false,Metal,Apple M5 Pro,10
arabic,scroll_cycle,explicit_rows,121,42,23,38083,1089333,117458,Menlo,16,1,release,8,24,3,false,0,0,false,Metal,Apple M5 Pro,0
arabic,scroll_cycle,softwrap,121,42,0,73083,12180375,114541,Menlo,16,1,release,8,24,3,false,16220,2065,false,Metal,Apple M5 Pro,10
arabic,scroll_cycle,softwrap,121,42,1,76083,11889792,111417,Menlo,16,1,release,8,24,3,false,13909,4377,false,Metal,Apple M5 Pro,21
arabic,scroll_cycle,softwrap,121,42,2,73167,11841791,112042,Menlo,16,1,release,8,24,3,false,11796,6489,false,Metal,Apple M5 Pro,31
arabic,scroll_cycle,softwrap,121,42,3,72834,12020958,111916,Menlo,16,1,release,8,24,3,false,9485,8800,false,Metal,Apple M5 Pro,42
arabic,scroll_cycle,softwrap,121,42,4,70708,11951959,112542,Menlo,16,1,release,8,24,3,false,11796,6489,false,Metal,Apple M5 Pro,31
arabic,scroll_cycle,softwrap,121,42,5,71916,11912375,123209,Menlo,16,1,release,8,24,3,false,13909,4377,false,Metal,Apple M5 Pro,21
arabic,scroll_cycle,softwrap,121,42,6,72334,11939542,112875,Menlo,16,1,release,8,24,3,false,16220,2065,false,Metal,Apple M5 Pro,10
arabic,scroll_cycle,softwrap,121,42,7,71500,11922500,111541,Menlo,16,1,release,8,24,3,false,18333,0,false,Metal,Apple M5 Pro,0
arabic,scroll_cycle,softwrap,121,42,8,71834,11823083,113125,Menlo,16,1,release,8,24,3,false,16220,2065,false,Metal,Apple M5 Pro,10
arabic,scroll_cycle,softwrap,121,42,9,71125,11910875,110292,Menlo,16,1,release,8,24,3,false,13909,4377,false,Metal,Apple M5 Pro,21
arabic,scroll_cycle,softwrap,121,42,10,71250,11837416,114792,Menlo,16,1,release,8,24,3,false,11796,6489,false,Metal,Apple M5 Pro,31
arabic,scroll_cycle,softwrap,121,42,11,70708,11887542,128291,Menlo,16,1,release,8,24,3,false,9485,8800,false,Metal,Apple M5 Pro,42
arabic,scroll_cycle,softwrap,121,42,12,71542,11892083,108458,Menlo,16,1,release,8,24,3,false,11796,6489,false,Metal,Apple M5 Pro,31
arabic,scroll_cycle,softwrap,121,42,13,71334,11913583,110541,Menlo,16,1,release,8,24,3,false,13909,4377,false,Metal,Apple M5 Pro,21
arabic,scroll_cycle,softwrap,121,42,14,72500,12047000,113417,Menlo,16,1,release,8,24,3,false,16220,2065,false,Metal,Apple M5 Pro,10
arabic,scroll_cycle,softwrap,121,42,15,70416,11915875,118542,Menlo,16,1,release,8,24,3,false,18333,0,false,Metal,Apple M5 Pro,0
arabic,scroll_cycle,softwrap,121,42,16,79208,11840917,112583,Menlo,16,1,release,8,24,3,false,16220,2065,false,Metal,Apple M5 Pro,10
arabic,scroll_cycle,softwrap,121,42,17,69708,11818458,111334,Menlo,16,1,release,8,24,3,false,13909,4377,false,Metal,Apple M5 Pro,21
arabic,scroll_cycle,softwrap,121,42,18,70875,11886125,112583,Menlo,16,1,release,8,24,3,false,11796,6489,false,Metal,Apple M5 Pro,31
arabic,scroll_cycle,softwrap,121,42,19,72208,11925709,113416,Menlo,16,1,release,8,24,3,false,9485,8800,false,Metal,Apple M5 Pro,42
arabic,scroll_cycle,softwrap,121,42,20,70417,11901541,110750,Menlo,16,1,release,8,24,3,false,11796,6489,false,Metal,Apple M5 Pro,31
arabic,scroll_cycle,softwrap,121,42,21,71417,11916583,110792,Menlo,16,1,release,8,24,3,false,13909,4377,false,Metal,Apple M5 Pro,21
arabic,scroll_cycle,softwrap,121,42,22,70583,11900625,112709,Menlo,16,1,release,8,24,3,false,16220,2065,false,Metal,Apple M5 Pro,10
arabic,scroll_cycle,softwrap,121,42,23,72625,11889209,111375,Menlo,16,1,release,8,24,3,false,18333,0,false,Metal,Apple M5 Pro,0
arabic,dense_novel_text,explicit_rows,121,42,0,39375,4422625,106791,Menlo,16,1,release,8,24,3,false,0,0,false,Metal,Apple M5 Pro,0
arabic,dense_novel_text,explicit_rows,121,42,1,38250,4439708,110291,Menlo,16,1,release,8,24,3,false,0,0,false,Metal,Apple M5 Pro,0
arabic,dense_novel_text,explicit_rows,121,42,2,38667,4368250,109791,Menlo,16,1,release,8,24,3,false,0,0,false,Metal,Apple M5 Pro,0
arabic,dense_novel_text,explicit_rows,121,42,3,38042,4378958,109750,Menlo,16,1,release,8,24,3,false,0,0,false,Metal,Apple M5 Pro,0
arabic,dense_novel_text,explicit_rows,121,42,4,38375,4356917,109958,Menlo,16,1,release,8,24,3,false,0,0,false,Metal,Apple M5 Pro,0
arabic,dense_novel_text,explicit_rows,121,42,5,38208,4383375,108541,Menlo,16,1,release,8,24,3,false,0,0,false,Metal,Apple M5 Pro,0
arabic,dense_novel_text,explicit_rows,121,42,6,38959,4338125,106416,Menlo,16,1,release,8,24,3,false,0,0,false,Metal,Apple M5 Pro,0
arabic,dense_novel_text,explicit_rows,121,42,7,38000,4385625,130708,Menlo,16,1,release,8,24,3,false,0,0,false,Metal,Apple M5 Pro,0
arabic,dense_novel_text,explicit_rows,121,42,8,38208,4380334,107708,Menlo,16,1,release,8,24,3,false,0,0,false,Metal,Apple M5 Pro,0
arabic,dense_novel_text,explicit_rows,121,42,9,38000,4352916,109334,Menlo,16,1,release,8,24,3,false,0,0,false,Metal,Apple M5 Pro,0
arabic,dense_novel_text,explicit_rows,121,42,10,38167,4361125,105791,Menlo,16,1,release,8,24,3,false,0,0,false,Metal,Apple M5 Pro,0
arabic,dense_novel_text,explicit_rows,121,42,11,38083,4317417,110875,Menlo,16,1,release,8,24,3,false,0,0,false,Metal,Apple M5 Pro,0
arabic,dense_novel_text,explicit_rows,121,42,12,38125,4386792,112125,Menlo,16,1,release,8,24,3,false,0,0,false,Metal,Apple M5 Pro,0
arabic,dense_novel_text,explicit_rows,121,42,13,39083,4360417,108209,Menlo,16,1,release,8,24,3,false,0,0,false,Metal,Apple M5 Pro,0
arabic,dense_novel_text,explicit_rows,121,42,14,38459,4391833,120417,Menlo,16,1,release,8,24,3,false,0,0,false,Metal,Apple M5 Pro,0
arabic,dense_novel_text,explicit_rows,121,42,15,38334,4421666,107083,Menlo,16,1,release,8,24,3,false,0,0,false,Metal,Apple M5 Pro,0
arabic,dense_novel_text,explicit_rows,121,42,16,38542,4357125,108625,Menlo,16,1,release,8,24,3,false,0,0,false,Metal,Apple M5 Pro,0
arabic,dense_novel_text,explicit_rows,121,42,17,38083,4386667,106459,Menlo,16,1,release,8,24,3,false,0,0,false,Metal,Apple M5 Pro,0
arabic,dense_novel_text,explicit_rows,121,42,18,43209,4383833,116333,Menlo,16,1,release,8,24,3,false,0,0,false,Metal,Apple M5 Pro,0
arabic,dense_novel_text,explicit_rows,121,42,19,38292,4365417,105959,Menlo,16,1,release,8,24,3,false,0,0,false,Metal,Apple M5 Pro,0
arabic,dense_novel_text,explicit_rows,121,42,20,38416,4385500,106958,Menlo,16,1,release,8,24,3,false,0,0,false,Metal,Apple M5 Pro,0
arabic,dense_novel_text,explicit_rows,121,42,21,38292,4322583,109375,Menlo,16,1,release,8,24,3,false,0,0,false,Metal,Apple M5 Pro,0
arabic,dense_novel_text,explicit_rows,121,42,22,38375,4355917,110458,Menlo,16,1,release,8,24,3,false,0,0,false,Metal,Apple M5 Pro,0
arabic,dense_novel_text,explicit_rows,121,42,23,38291,4320958,109583,Menlo,16,1,release,8,24,3,false,0,0,false,Metal,Apple M5 Pro,0
arabic,dense_novel_text,softwrap,121,42,0,66583,11811458,119417,Menlo,16,1,release,8,24,3,false,18333,0,false,Metal,Apple M5 Pro,0
arabic,dense_novel_text,softwrap,121,42,1,67125,11970667,120667,Menlo,16,1,release,8,24,3,false,18333,0,false,Metal,Apple M5 Pro,0
arabic,dense_novel_text,softwrap,121,42,2,67125,11957917,117666,Menlo,16,1,release,8,24,3,false,18333,0,false,Metal,Apple M5 Pro,0
arabic,dense_novel_text,softwrap,121,42,3,77125,11979500,117875,Menlo,16,1,release,8,24,3,false,18333,0,false,Metal,Apple M5 Pro,0
arabic,dense_novel_text,softwrap,121,42,4,67375,11941667,119083,Menlo,16,1,release,8,24,3,false,18333,0,false,Metal,Apple M5 Pro,0
arabic,dense_novel_text,softwrap,121,42,5,68292,11975166,122250,Menlo,16,1,release,8,24,3,false,18333,0,false,Metal,Apple M5 Pro,0
arabic,dense_novel_text,softwrap,121,42,6,73166,11917500,119917,Menlo,16,1,release,8,24,3,false,18333,0,false,Metal,Apple M5 Pro,0
arabic,dense_novel_text,softwrap,121,42,7,67083,11942333,119875,Menlo,16,1,release,8,24,3,false,18333,0,false,Metal,Apple M5 Pro,0
arabic,dense_novel_text,softwrap,121,42,8,69584,11848333,115500,Menlo,16,1,release,8,24,3,false,18333,0,false,Metal,Apple M5 Pro,0
arabic,dense_novel_text,softwrap,121,42,9,66958,11902750,119625,Menlo,16,1,release,8,24,3,false,18333,0,false,Metal,Apple M5 Pro,0
arabic,dense_novel_text,softwrap,121,42,10,67250,11874125,118083,Menlo,16,1,release,8,24,3,false,18333,0,false,Metal,Apple M5 Pro,0
arabic,dense_novel_text,softwrap,121,42,11,68000,11933708,120417,Menlo,16,1,release,8,24,3,false,18333,0,false,Metal,Apple M5 Pro,0
arabic,dense_novel_text,softwrap,121,42,12,67292,11875625,119166,Menlo,16,1,release,8,24,3,false,18333,0,false,Metal,Apple M5 Pro,0
arabic,dense_novel_text,softwrap,121,42,13,66375,11860458,118750,Menlo,16,1,release,8,24,3,false,18333,0,false,Metal,Apple M5 Pro,0
arabic,dense_novel_text,softwrap,121,42,14,67042,11802833,116625,Menlo,16,1,release,8,24,3,false,18333,0,false,Metal,Apple M5 Pro,0
arabic,dense_novel_text,softwrap,121,42,15,68000,11843500,132458,Menlo,16,1,release,8,24,3,false,18333,0,false,Metal,Apple M5 Pro,0
arabic,dense_novel_text,softwrap,121,42,16,67084,12013666,118875,Menlo,16,1,release,8,24,3,false,18333,0,false,Metal,Apple M5 Pro,0
arabic,dense_novel_text,softwrap,121,42,17,66250,12027500,118458,Menlo,16,1,release,8,24,3,false,18333,0,false,Metal,Apple M5 Pro,0
arabic,dense_novel_text,softwrap,121,42,18,72750,11979041,119375,Menlo,16,1,release,8,24,3,false,18333,0,false,Metal,Apple M5 Pro,0
arabic,dense_novel_text,softwrap,121,42,19,67167,11788125,115334,Menlo,16,1,release,8,24,3,false,18333,0,false,Metal,Apple M5 Pro,0
arabic,dense_novel_text,softwrap,121,42,20,67292,11733417,118334,Menlo,16,1,release,8,24,3,false,18333,0,false,Metal,Apple M5 Pro,0
arabic,dense_novel_text,softwrap,121,42,21,66875,11977167,118583,Menlo,16,1,release,8,24,3,false,18333,0,false,Metal,Apple M5 Pro,0
arabic,dense_novel_text,softwrap,121,42,22,66583,11967166,117750,Menlo,16,1,release,8,24,3,false,18333,0,false,Metal,Apple M5 Pro,0
arabic,dense_novel_text,softwrap,121,42,23,66250,11879083,118459,Menlo,16,1,release,8,24,3,false,18333,0,false,Metal,Apple M5 Pro,0
rtl_context_ltr_viewport,sparse_novel_counter,explicit_rows,121,42,0,38041,71792,2792,Menlo,16,1,release,8,24,3,false,0,0,false,Metal,Apple M5 Pro,0
rtl_context_ltr_viewport,sparse_novel_counter,explicit_rows,121,42,1,38292,76250,2791,Menlo,16,1,release,8,24,3,false,0,0,false,Metal,Apple M5 Pro,0
rtl_context_ltr_viewport,sparse_novel_counter,explicit_rows,121,42,2,38125,89416,2792,Menlo,16,1,release,8,24,3,false,0,0,false,Metal,Apple M5 Pro,0
rtl_context_ltr_viewport,sparse_novel_counter,explicit_rows,121,42,3,38250,75334,2834,Menlo,16,1,release,8,24,3,false,0,0,false,Metal,Apple M5 Pro,0
rtl_context_ltr_viewport,sparse_novel_counter,explicit_rows,121,42,4,38125,75917,2750,Menlo,16,1,release,8,24,3,false,0,0,false,Metal,Apple M5 Pro,0
rtl_context_ltr_viewport,sparse_novel_counter,explicit_rows,121,42,5,38209,76834,2792,Menlo,16,1,release,8,24,3,false,0,0,false,Metal,Apple M5 Pro,0
rtl_context_ltr_viewport,sparse_novel_counter,explicit_rows,121,42,6,38125,75667,2791,Menlo,16,1,release,8,24,3,false,0,0,false,Metal,Apple M5 Pro,0
rtl_context_ltr_viewport,sparse_novel_counter,explicit_rows,121,42,7,38292,119250,2750,Menlo,16,1,release,8,24,3,false,0,0,false,Metal,Apple M5 Pro,0
rtl_context_ltr_viewport,sparse_novel_counter,explicit_rows,121,42,8,37958,75708,2792,Menlo,16,1,release,8,24,3,false,0,0,false,Metal,Apple M5 Pro,0
rtl_context_ltr_viewport,sparse_novel_counter,explicit_rows,121,42,9,38125,75916,2750,Menlo,16,1,release,8,24,3,false,0,0,false,Metal,Apple M5 Pro,0
rtl_context_ltr_viewport,sparse_novel_counter,explicit_rows,121,42,10,38041,75292,2833,Menlo,16,1,release,8,24,3,false,0,0,false,Metal,Apple M5 Pro,0
rtl_context_ltr_viewport,sparse_novel_counter,explicit_rows,121,42,11,38084,75666,2792,Menlo,16,1,release,8,24,3,false,0,0,false,Metal,Apple M5 Pro,0
rtl_context_ltr_viewport,sparse_novel_counter,explicit_rows,121,42,12,38292,76000,2750,Menlo,16,1,release,8,24,3,false,0,0,false,Metal,Apple M5 Pro,0
rtl_context_ltr_viewport,sparse_novel_counter,explicit_rows,121,42,13,38167,77667,2750,Menlo,16,1,release,8,24,3,false,0,0,false,Metal,Apple M5 Pro,0
rtl_context_ltr_viewport,sparse_novel_counter,explicit_rows,121,42,14,38041,75375,2833,Menlo,16,1,release,8,24,3,false,0,0,false,Metal,Apple M5 Pro,0
rtl_context_ltr_viewport,sparse_novel_counter,explicit_rows,121,42,15,38208,75916,2833,Menlo,16,1,release,8,24,3,false,0,0,false,Metal,Apple M5 Pro,0
rtl_context_ltr_viewport,sparse_novel_counter,explicit_rows,121,42,16,38000,75708,2834,Menlo,16,1,release,8,24,3,false,0,0,false,Metal,Apple M5 Pro,0
rtl_context_ltr_viewport,sparse_novel_counter,explicit_rows,121,42,17,38084,74750,2792,Menlo,16,1,release,8,24,3,false,0,0,false,Metal,Apple M5 Pro,0
rtl_context_ltr_viewport,sparse_novel_counter,explicit_rows,121,42,18,38584,82041,2792,Menlo,16,1,release,8,24,3,false,0,0,false,Metal,Apple M5 Pro,0
rtl_context_ltr_viewport,sparse_novel_counter,explicit_rows,121,42,19,38208,75916,2834,Menlo,16,1,release,8,24,3,false,0,0,false,Metal,Apple M5 Pro,0
rtl_context_ltr_viewport,sparse_novel_counter,explicit_rows,121,42,20,38125,75417,2791,Menlo,16,1,release,8,24,3,false,0,0,false,Metal,Apple M5 Pro,0
rtl_context_ltr_viewport,sparse_novel_counter,explicit_rows,121,42,21,38083,81084,2791,Menlo,16,1,release,8,24,3,false,0,0,false,Metal,Apple M5 Pro,0
rtl_context_ltr_viewport,sparse_novel_counter,explicit_rows,121,42,22,38208,75584,2791,Menlo,16,1,release,8,24,3,false,0,0,false,Metal,Apple M5 Pro,0
rtl_context_ltr_viewport,sparse_novel_counter,explicit_rows,121,42,23,38167,74083,2792,Menlo,16,1,release,8,24,3,false,0,0,false,Metal,Apple M5 Pro,0
rtl_context_ltr_viewport,sparse_novel_counter,softwrap,121,42,0,68167,3415708,112500,Menlo,16,1,release,8,24,3,false,10472,0,false,Metal,Apple M5 Pro,0
rtl_context_ltr_viewport,sparse_novel_counter,softwrap,121,42,1,65125,3365375,108666,Menlo,16,1,release,8,24,3,false,10472,0,false,Metal,Apple M5 Pro,0
rtl_context_ltr_viewport,sparse_novel_counter,softwrap,121,42,2,64417,3398000,107500,Menlo,16,1,release,8,24,3,false,10472,0,false,Metal,Apple M5 Pro,0
rtl_context_ltr_viewport,sparse_novel_counter,softwrap,121,42,3,65042,3407917,113083,Menlo,16,1,release,8,24,3,false,10472,0,false,Metal,Apple M5 Pro,0
rtl_context_ltr_viewport,sparse_novel_counter,softwrap,121,42,4,63959,3335291,113292,Menlo,16,1,release,8,24,3,false,10472,0,false,Metal,Apple M5 Pro,0
rtl_context_ltr_viewport,sparse_novel_counter,softwrap,121,42,5,62916,3352333,136459,Menlo,16,1,release,8,24,3,false,10472,0,false,Metal,Apple M5 Pro,0
rtl_context_ltr_viewport,sparse_novel_counter,softwrap,121,42,6,62375,3346583,113041,Menlo,16,1,release,8,24,3,false,10472,0,false,Metal,Apple M5 Pro,0
rtl_context_ltr_viewport,sparse_novel_counter,softwrap,121,42,7,63708,3383416,111208,Menlo,16,1,release,8,24,3,false,10472,0,false,Metal,Apple M5 Pro,0
rtl_context_ltr_viewport,sparse_novel_counter,softwrap,121,42,8,64292,3399375,115958,Menlo,16,1,release,8,24,3,false,10472,0,false,Metal,Apple M5 Pro,0
rtl_context_ltr_viewport,sparse_novel_counter,softwrap,121,42,9,63750,3344417,113625,Menlo,16,1,release,8,24,3,false,10472,0,false,Metal,Apple M5 Pro,0
rtl_context_ltr_viewport,sparse_novel_counter,softwrap,121,42,10,63375,3406708,113583,Menlo,16,1,release,8,24,3,false,10472,0,false,Metal,Apple M5 Pro,0
rtl_context_ltr_viewport,sparse_novel_counter,softwrap,121,42,11,63750,3467041,112958,Menlo,16,1,release,8,24,3,false,10472,0,false,Metal,Apple M5 Pro,0
rtl_context_ltr_viewport,sparse_novel_counter,softwrap,121,42,12,64000,3416042,112291,Menlo,16,1,release,8,24,3,false,10472,0,false,Metal,Apple M5 Pro,0
rtl_context_ltr_viewport,sparse_novel_counter,softwrap,121,42,13,62875,3357167,113167,Menlo,16,1,release,8,24,3,false,10472,0,false,Metal,Apple M5 Pro,0
rtl_context_ltr_viewport,sparse_novel_counter,softwrap,121,42,14,62458,3388417,106875,Menlo,16,1,release,8,24,3,false,10472,0,false,Metal,Apple M5 Pro,0
rtl_context_ltr_viewport,sparse_novel_counter,softwrap,121,42,15,64083,3361125,113167,Menlo,16,1,release,8,24,3,false,10472,0,false,Metal,Apple M5 Pro,0
rtl_context_ltr_viewport,sparse_novel_counter,softwrap,121,42,16,62250,3341500,113291,Menlo,16,1,release,8,24,3,false,10472,0,false,Metal,Apple M5 Pro,0
rtl_context_ltr_viewport,sparse_novel_counter,softwrap,121,42,17,63208,3369000,112375,Menlo,16,1,release,8,24,3,false,10472,0,false,Metal,Apple M5 Pro,0
rtl_context_ltr_viewport,sparse_novel_counter,softwrap,121,42,18,63916,3388917,112417,Menlo,16,1,release,8,24,3,false,10472,0,false,Metal,Apple M5 Pro,0
rtl_context_ltr_viewport,sparse_novel_counter,softwrap,121,42,19,63541,3378000,113709,Menlo,16,1,release,8,24,3,false,10472,0,false,Metal,Apple M5 Pro,0
rtl_context_ltr_viewport,sparse_novel_counter,softwrap,121,42,20,62625,3313208,113209,Menlo,16,1,release,8,24,3,false,10472,0,false,Metal,Apple M5 Pro,0
rtl_context_ltr_viewport,sparse_novel_counter,softwrap,121,42,21,62583,3394875,113000,Menlo,16,1,release,8,24,3,false,10472,0,false,Metal,Apple M5 Pro,0
rtl_context_ltr_viewport,sparse_novel_counter,softwrap,121,42,22,63334,3379583,112500,Menlo,16,1,release,8,24,3,false,10472,0,false,Metal,Apple M5 Pro,0
rtl_context_ltr_viewport,sparse_novel_counter,softwrap,121,42,23,63084,3311125,111750,Menlo,16,1,release,8,24,3,false,10472,0,false,Metal,Apple M5 Pro,0
rtl_context_ltr_viewport,scroll_cycle,explicit_rows,121,42,0,38458,1498125,112333,Menlo,16,1,release,8,24,3,false,0,0,false,Metal,Apple M5 Pro,10
rtl_context_ltr_viewport,scroll_cycle,explicit_rows,121,42,1,39625,420792,108959,Menlo,16,1,release,8,24,3,false,0,0,false,Metal,Apple M5 Pro,21
rtl_context_ltr_viewport,scroll_cycle,explicit_rows,121,42,2,38209,385584,111000,Menlo,16,1,release,8,24,3,false,0,0,false,Metal,Apple M5 Pro,31
rtl_context_ltr_viewport,scroll_cycle,explicit_rows,121,42,3,38417,419250,109834,Menlo,16,1,release,8,24,3,false,0,0,false,Metal,Apple M5 Pro,42
rtl_context_ltr_viewport,scroll_cycle,explicit_rows,121,42,4,38458,40917,105500,Menlo,16,1,release,8,24,3,false,0,0,false,Metal,Apple M5 Pro,31
rtl_context_ltr_viewport,scroll_cycle,explicit_rows,121,42,5,38083,37708,107667,Menlo,16,1,release,8,24,3,false,0,0,false,Metal,Apple M5 Pro,21
rtl_context_ltr_viewport,scroll_cycle,explicit_rows,121,42,6,38125,38375,108375,Menlo,16,1,release,8,24,3,false,0,0,false,Metal,Apple M5 Pro,10
rtl_context_ltr_viewport,scroll_cycle,explicit_rows,121,42,7,38250,386791,107875,Menlo,16,1,release,8,24,3,false,0,0,false,Metal,Apple M5 Pro,0
rtl_context_ltr_viewport,scroll_cycle,explicit_rows,121,42,8,38208,1533917,117750,Menlo,16,1,release,8,24,3,false,0,0,false,Metal,Apple M5 Pro,10
rtl_context_ltr_viewport,scroll_cycle,explicit_rows,121,42,9,39500,431625,110250,Menlo,16,1,release,8,24,3,false,0,0,false,Metal,Apple M5 Pro,21
rtl_context_ltr_viewport,scroll_cycle,explicit_rows,121,42,10,38375,395667,109958,Menlo,16,1,release,8,24,3,false,0,0,false,Metal,Apple M5 Pro,31
rtl_context_ltr_viewport,scroll_cycle,explicit_rows,121,42,11,38500,455708,110083,Menlo,16,1,release,8,24,3,false,0,0,false,Metal,Apple M5 Pro,42
rtl_context_ltr_viewport,scroll_cycle,explicit_rows,121,42,12,38375,39334,119709,Menlo,16,1,release,8,24,3,false,0,0,false,Metal,Apple M5 Pro,31
rtl_context_ltr_viewport,scroll_cycle,explicit_rows,121,42,13,38166,39334,108541,Menlo,16,1,release,8,24,3,false,0,0,false,Metal,Apple M5 Pro,21
rtl_context_ltr_viewport,scroll_cycle,explicit_rows,121,42,14,37959,50250,112459,Menlo,16,1,release,8,24,3,false,0,0,false,Metal,Apple M5 Pro,10
rtl_context_ltr_viewport,scroll_cycle,explicit_rows,121,42,15,37791,392375,108292,Menlo,16,1,release,8,24,3,false,0,0,false,Metal,Apple M5 Pro,0
rtl_context_ltr_viewport,scroll_cycle,explicit_rows,121,42,16,38084,1492542,111500,Menlo,16,1,release,8,24,3,false,0,0,false,Metal,Apple M5 Pro,10
rtl_context_ltr_viewport,scroll_cycle,explicit_rows,121,42,17,38833,416834,108459,Menlo,16,1,release,8,24,3,false,0,0,false,Metal,Apple M5 Pro,21
rtl_context_ltr_viewport,scroll_cycle,explicit_rows,121,42,18,38875,384833,108208,Menlo,16,1,release,8,24,3,false,0,0,false,Metal,Apple M5 Pro,31
rtl_context_ltr_viewport,scroll_cycle,explicit_rows,121,42,19,38833,424875,108708,Menlo,16,1,release,8,24,3,false,0,0,false,Metal,Apple M5 Pro,42
rtl_context_ltr_viewport,scroll_cycle,explicit_rows,121,42,20,38667,46958,111417,Menlo,16,1,release,8,24,3,false,0,0,false,Metal,Apple M5 Pro,31
rtl_context_ltr_viewport,scroll_cycle,explicit_rows,121,42,21,38417,41375,106000,Menlo,16,1,release,8,24,3,false,0,0,false,Metal,Apple M5 Pro,21
rtl_context_ltr_viewport,scroll_cycle,explicit_rows,121,42,22,38333,41375,107500,Menlo,16,1,release,8,24,3,false,0,0,false,Metal,Apple M5 Pro,10
rtl_context_ltr_viewport,scroll_cycle,explicit_rows,121,42,23,38125,410667,109292,Menlo,16,1,release,8,24,3,false,0,0,false,Metal,Apple M5 Pro,0
rtl_context_ltr_viewport,scroll_cycle,softwrap,121,42,0,64958,3420250,142166,Menlo,16,1,release,8,24,3,false,9243,1228,false,Metal,Apple M5 Pro,10
rtl_context_ltr_viewport,scroll_cycle,softwrap,121,42,1,63250,3362250,116458,Menlo,16,1,release,8,24,3,false,7891,2580,false,Metal,Apple M5 Pro,21
rtl_context_ltr_viewport,scroll_cycle,softwrap,121,42,2,62750,3370584,116500,Menlo,16,1,release,8,24,3,false,6662,3809,false,Metal,Apple M5 Pro,31
rtl_context_ltr_viewport,scroll_cycle,softwrap,121,42,3,63125,3389833,115750,Menlo,16,1,release,8,24,3,false,5310,5162,false,Metal,Apple M5 Pro,42
rtl_context_ltr_viewport,scroll_cycle,softwrap,121,42,4,62750,3347583,113667,Menlo,16,1,release,8,24,3,false,6662,3809,false,Metal,Apple M5 Pro,31
rtl_context_ltr_viewport,scroll_cycle,softwrap,121,42,5,63792,3389375,116750,Menlo,16,1,release,8,24,3,false,7891,2580,false,Metal,Apple M5 Pro,21
rtl_context_ltr_viewport,scroll_cycle,softwrap,121,42,6,63542,3380333,114500,Menlo,16,1,release,8,24,3,false,9243,1228,false,Metal,Apple M5 Pro,10
rtl_context_ltr_viewport,scroll_cycle,softwrap,121,42,7,63917,3343250,111459,Menlo,16,1,release,8,24,3,false,10472,0,false,Metal,Apple M5 Pro,0
rtl_context_ltr_viewport,scroll_cycle,softwrap,121,42,8,63791,3354459,116041,Menlo,16,1,release,8,24,3,false,9243,1228,false,Metal,Apple M5 Pro,10
rtl_context_ltr_viewport,scroll_cycle,softwrap,121,42,9,62583,3376375,116500,Menlo,16,1,release,8,24,3,false,7891,2580,false,Metal,Apple M5 Pro,21
rtl_context_ltr_viewport,scroll_cycle,softwrap,121,42,10,62792,3340125,115584,Menlo,16,1,release,8,24,3,false,6662,3809,false,Metal,Apple M5 Pro,31
rtl_context_ltr_viewport,scroll_cycle,softwrap,121,42,11,63084,3347916,117125,Menlo,16,1,release,8,24,3,false,5310,5162,false,Metal,Apple M5 Pro,42
rtl_context_ltr_viewport,scroll_cycle,softwrap,121,42,12,62917,3352916,113709,Menlo,16,1,release,8,24,3,false,6662,3809,false,Metal,Apple M5 Pro,31
rtl_context_ltr_viewport,scroll_cycle,softwrap,121,42,13,63125,3342041,113542,Menlo,16,1,release,8,24,3,false,7891,2580,false,Metal,Apple M5 Pro,21
rtl_context_ltr_viewport,scroll_cycle,softwrap,121,42,14,62791,3384625,115042,Menlo,16,1,release,8,24,3,false,9243,1228,false,Metal,Apple M5 Pro,10
rtl_context_ltr_viewport,scroll_cycle,softwrap,121,42,15,63541,3375667,114375,Menlo,16,1,release,8,24,3,false,10472,0,false,Metal,Apple M5 Pro,0
rtl_context_ltr_viewport,scroll_cycle,softwrap,121,42,16,64500,3345792,120250,Menlo,16,1,release,8,24,3,false,9243,1228,false,Metal,Apple M5 Pro,10
rtl_context_ltr_viewport,scroll_cycle,softwrap,121,42,17,74584,3388625,116083,Menlo,16,1,release,8,24,3,false,7891,2580,false,Metal,Apple M5 Pro,21
rtl_context_ltr_viewport,scroll_cycle,softwrap,121,42,18,63083,3383084,116375,Menlo,16,1,release,8,24,3,false,6662,3809,false,Metal,Apple M5 Pro,31
rtl_context_ltr_viewport,scroll_cycle,softwrap,121,42,19,75708,3422375,116959,Menlo,16,1,release,8,24,3,false,5310,5162,false,Metal,Apple M5 Pro,42
rtl_context_ltr_viewport,scroll_cycle,softwrap,121,42,20,62125,3416083,116375,Menlo,16,1,release,8,24,3,false,6662,3809,false,Metal,Apple M5 Pro,31
rtl_context_ltr_viewport,scroll_cycle,softwrap,121,42,21,64000,3369750,111917,Menlo,16,1,release,8,24,3,false,7891,2580,false,Metal,Apple M5 Pro,21
rtl_context_ltr_viewport,scroll_cycle,softwrap,121,42,22,63334,3343542,116542,Menlo,16,1,release,8,24,3,false,9243,1228,false,Metal,Apple M5 Pro,10
rtl_context_ltr_viewport,scroll_cycle,softwrap,121,42,23,62667,3404083,116625,Menlo,16,1,release,8,24,3,false,10472,0,false,Metal,Apple M5 Pro,0
rtl_context_ltr_viewport,dense_novel_text,explicit_rows,121,42,0,38417,1528917,109500,Menlo,16,1,release,8,24,3,false,0,0,false,Metal,Apple M5 Pro,0
rtl_context_ltr_viewport,dense_novel_text,explicit_rows,121,42,1,38833,1498125,111417,Menlo,16,1,release,8,24,3,false,0,0,false,Metal,Apple M5 Pro,0
rtl_context_ltr_viewport,dense_novel_text,explicit_rows,121,42,2,38333,1510583,116417,Menlo,16,1,release,8,24,3,false,0,0,false,Metal,Apple M5 Pro,0
rtl_context_ltr_viewport,dense_novel_text,explicit_rows,121,42,3,38334,1520917,120583,Menlo,16,1,release,8,24,3,false,0,0,false,Metal,Apple M5 Pro,0
rtl_context_ltr_viewport,dense_novel_text,explicit_rows,121,42,4,38208,1492750,107500,Menlo,16,1,release,8,24,3,false,0,0,false,Metal,Apple M5 Pro,0
rtl_context_ltr_viewport,dense_novel_text,explicit_rows,121,42,5,38209,1536291,111833,Menlo,16,1,release,8,24,3,false,0,0,false,Metal,Apple M5 Pro,0
rtl_context_ltr_viewport,dense_novel_text,explicit_rows,121,42,6,38291,1491500,105000,Menlo,16,1,release,8,24,3,false,0,0,false,Metal,Apple M5 Pro,0
rtl_context_ltr_viewport,dense_novel_text,explicit_rows,121,42,7,38375,1496792,110250,Menlo,16,1,release,8,24,3,false,0,0,false,Metal,Apple M5 Pro,0
rtl_context_ltr_viewport,dense_novel_text,explicit_rows,121,42,8,38333,1496083,110792,Menlo,16,1,release,8,24,3,false,0,0,false,Metal,Apple M5 Pro,0
rtl_context_ltr_viewport,dense_novel_text,explicit_rows,121,42,9,38125,1490792,107375,Menlo,16,1,release,8,24,3,false,0,0,false,Metal,Apple M5 Pro,0
rtl_context_ltr_viewport,dense_novel_text,explicit_rows,121,42,10,38209,1489500,108333,Menlo,16,1,release,8,24,3,false,0,0,false,Metal,Apple M5 Pro,0
rtl_context_ltr_viewport,dense_novel_text,explicit_rows,121,42,11,37959,1549750,110084,Menlo,16,1,release,8,24,3,false,0,0,false,Metal,Apple M5 Pro,0
rtl_context_ltr_viewport,dense_novel_text,explicit_rows,121,42,12,38292,1496500,108458,Menlo,16,1,release,8,24,3,false,0,0,false,Metal,Apple M5 Pro,0
rtl_context_ltr_viewport,dense_novel_text,explicit_rows,121,42,13,39042,1490541,109625,Menlo,16,1,release,8,24,3,false,0,0,false,Metal,Apple M5 Pro,0
rtl_context_ltr_viewport,dense_novel_text,explicit_rows,121,42,14,38083,1502958,115417,Menlo,16,1,release,8,24,3,false,0,0,false,Metal,Apple M5 Pro,0
rtl_context_ltr_viewport,dense_novel_text,explicit_rows,121,42,15,42000,1497250,117167,Menlo,16,1,release,8,24,3,false,0,0,false,Metal,Apple M5 Pro,0
rtl_context_ltr_viewport,dense_novel_text,explicit_rows,121,42,16,38166,1512000,111167,Menlo,16,1,release,8,24,3,false,0,0,false,Metal,Apple M5 Pro,0
rtl_context_ltr_viewport,dense_novel_text,explicit_rows,121,42,17,38208,1500625,110375,Menlo,16,1,release,8,24,3,false,0,0,false,Metal,Apple M5 Pro,0
rtl_context_ltr_viewport,dense_novel_text,explicit_rows,121,42,18,38500,1492958,110292,Menlo,16,1,release,8,24,3,false,0,0,false,Metal,Apple M5 Pro,0
rtl_context_ltr_viewport,dense_novel_text,explicit_rows,121,42,19,38625,1488292,124791,Menlo,16,1,release,8,24,3,false,0,0,false,Metal,Apple M5 Pro,0
rtl_context_ltr_viewport,dense_novel_text,explicit_rows,121,42,20,38416,1491417,110541,Menlo,16,1,release,8,24,3,false,0,0,false,Metal,Apple M5 Pro,0
rtl_context_ltr_viewport,dense_novel_text,explicit_rows,121,42,21,38208,1488209,109500,Menlo,16,1,release,8,24,3,false,0,0,false,Metal,Apple M5 Pro,0
rtl_context_ltr_viewport,dense_novel_text,explicit_rows,121,42,22,38125,1515916,110792,Menlo,16,1,release,8,24,3,false,0,0,false,Metal,Apple M5 Pro,0
rtl_context_ltr_viewport,dense_novel_text,explicit_rows,121,42,23,38250,1506375,110750,Menlo,16,1,release,8,24,3,false,0,0,false,Metal,Apple M5 Pro,0
rtl_context_ltr_viewport,dense_novel_text,softwrap,121,42,0,61125,3378250,112875,Menlo,16,1,release,8,24,3,false,10472,0,false,Metal,Apple M5 Pro,0
rtl_context_ltr_viewport,dense_novel_text,softwrap,121,42,1,61417,3404334,111791,Menlo,16,1,release,8,24,3,false,10472,0,false,Metal,Apple M5 Pro,0
rtl_context_ltr_viewport,dense_novel_text,softwrap,121,42,2,61875,3393542,112625,Menlo,16,1,release,8,24,3,false,10472,0,false,Metal,Apple M5 Pro,0
rtl_context_ltr_viewport,dense_novel_text,softwrap,121,42,3,61834,3372833,110875,Menlo,16,1,release,8,24,3,false,10472,0,false,Metal,Apple M5 Pro,0
rtl_context_ltr_viewport,dense_novel_text,softwrap,121,42,4,61042,3355917,113750,Menlo,16,1,release,8,24,3,false,10472,0,false,Metal,Apple M5 Pro,0
rtl_context_ltr_viewport,dense_novel_text,softwrap,121,42,5,61708,3355000,112917,Menlo,16,1,release,8,24,3,false,10472,0,false,Metal,Apple M5 Pro,0
rtl_context_ltr_viewport,dense_novel_text,softwrap,121,42,6,61833,3332750,113625,Menlo,16,1,release,8,24,3,false,10472,0,false,Metal,Apple M5 Pro,0
rtl_context_ltr_viewport,dense_novel_text,softwrap,121,42,7,61333,3366541,113459,Menlo,16,1,release,8,24,3,false,10472,0,false,Metal,Apple M5 Pro,0
rtl_context_ltr_viewport,dense_novel_text,softwrap,121,42,8,62083,3335208,112792,Menlo,16,1,release,8,24,3,false,10472,0,false,Metal,Apple M5 Pro,0
rtl_context_ltr_viewport,dense_novel_text,softwrap,121,42,9,64791,3378167,112959,Menlo,16,1,release,8,24,3,false,10472,0,false,Metal,Apple M5 Pro,0
rtl_context_ltr_viewport,dense_novel_text,softwrap,121,42,10,61917,3404041,113083,Menlo,16,1,release,8,24,3,false,10472,0,false,Metal,Apple M5 Pro,0
rtl_context_ltr_viewport,dense_novel_text,softwrap,121,42,11,61458,3341875,113541,Menlo,16,1,release,8,24,3,false,10472,0,false,Metal,Apple M5 Pro,0
rtl_context_ltr_viewport,dense_novel_text,softwrap,121,42,12,64709,3460875,113250,Menlo,16,1,release,8,24,3,false,10472,0,false,Metal,Apple M5 Pro,0
rtl_context_ltr_viewport,dense_novel_text,softwrap,121,42,13,62000,3379875,112500,Menlo,16,1,release,8,24,3,false,10472,0,false,Metal,Apple M5 Pro,0
rtl_context_ltr_viewport,dense_novel_text,softwrap,121,42,14,62459,3385167,108916,Menlo,16,1,release,8,24,3,false,10472,0,false,Metal,Apple M5 Pro,0
rtl_context_ltr_viewport,dense_novel_text,softwrap,121,42,15,61125,3404750,112958,Menlo,16,1,release,8,24,3,false,10472,0,false,Metal,Apple M5 Pro,0
rtl_context_ltr_viewport,dense_novel_text,softwrap,121,42,16,61708,3361625,113125,Menlo,16,1,release,8,24,3,false,10472,0,false,Metal,Apple M5 Pro,0
rtl_context_ltr_viewport,dense_novel_text,softwrap,121,42,17,62000,3399208,111208,Menlo,16,1,release,8,24,3,false,10472,0,false,Metal,Apple M5 Pro,0
rtl_context_ltr_viewport,dense_novel_text,softwrap,121,42,18,86667,3311750,109041,Menlo,16,1,release,8,24,3,false,10472,0,false,Metal,Apple M5 Pro,0
rtl_context_ltr_viewport,dense_novel_text,softwrap,121,42,19,69292,3421833,110708,Menlo,16,1,release,8,24,3,false,10472,0,false,Metal,Apple M5 Pro,0
rtl_context_ltr_viewport,dense_novel_text,softwrap,121,42,20,63917,3401541,113458,Menlo,16,1,release,8,24,3,false,10472,0,false,Metal,Apple M5 Pro,0
rtl_context_ltr_viewport,dense_novel_text,softwrap,121,42,21,61417,3329834,113875,Menlo,16,1,release,8,24,3,false,10472,0,false,Metal,Apple M5 Pro,0
rtl_context_ltr_viewport,dense_novel_text,softwrap,121,42,22,61875,3356375,112833,Menlo,16,1,release,8,24,3,false,10472,0,false,Metal,Apple M5 Pro,0
rtl_context_ltr_viewport,dense_novel_text,softwrap,121,42,23,61917,3414583,113709,Menlo,16,1,release,8,24,3,false,10472,0,false,Metal,Apple M5 Pro,0
