script,update_mode,wrapping,cols,rows,sample,conversion_ns,shaping_ns,prepare_ns,font,font_size,scale,profile,warmups,samples,source_screens,parser_inside_timing,bidi_prefix_bytes,bidi_suffix_bytes,bidi_context_truncated,backend,adapter,display_offset
latin_accents,sparse_novel_counter,explicit_rows,40,12,0,6334,27584,1625,Menlo,16,1,release,8,24,3,false,0,0,false,Metal,Apple M5 Pro,0
latin_accents,sparse_novel_counter,explicit_rows,40,12,1,6500,29459,1709,Menlo,16,1,release,8,24,3,false,0,0,false,Metal,Apple M5 Pro,0
latin_accents,sparse_novel_counter,explicit_rows,40,12,2,5750,27833,1542,Menlo,16,1,release,8,24,3,false,0,0,false,Metal,Apple M5 Pro,0
latin_accents,sparse_novel_counter,explicit_rows,40,12,3,5750,25959,1541,Menlo,16,1,release,8,24,3,false,0,0,false,Metal,Apple M5 Pro,0
latin_accents,sparse_novel_counter,explicit_rows,40,12,4,5708,26209,1500,Menlo,16,1,release,8,24,3,false,0,0,false,Metal,Apple M5 Pro,0
latin_accents,sparse_novel_counter,explicit_rows,40,12,5,5708,27166,1542,Menlo,16,1,release,8,24,3,false,0,0,false,Metal,Apple M5 Pro,0
latin_accents,sparse_novel_counter,explicit_rows,40,12,6,6291,27333,1625,Menlo,16,1,release,8,24,3,false,0,0,false,Metal,Apple M5 Pro,0
latin_accents,sparse_novel_counter,explicit_rows,40,12,7,5750,26000,1500,Menlo,16,1,release,8,24,3,false,0,0,false,Metal,Apple M5 Pro,0
latin_accents,sparse_novel_counter,explicit_rows,40,12,8,5666,26000,1583,Menlo,16,1,release,8,24,3,false,0,0,false,Metal,Apple M5 Pro,0
latin_accents,sparse_novel_counter,explicit_rows,40,12,9,5750,36833,1542,Menlo,16,1,release,8,24,3,false,0,0,false,Metal,Apple M5 Pro,0
latin_accents,sparse_novel_counter,explicit_rows,40,12,10,5750,27667,1542,Menlo,16,1,release,8,24,3,false,0,0,false,Metal,Apple M5 Pro,0
latin_accents,sparse_novel_counter,explicit_rows,40,12,11,5708,25875,1500,Menlo,16,1,release,8,24,3,false,0,0,false,Metal,Apple M5 Pro,0
latin_accents,sparse_novel_counter,explicit_rows,40,12,12,5667,25917,1542,Menlo,16,1,release,8,24,3,false,0,0,false,Metal,Apple M5 Pro,0
latin_accents,sparse_novel_counter,explicit_rows,40,12,13,5666,26167,1500,Menlo,16,1,release,8,24,3,false,0,0,false,Metal,Apple M5 Pro,0
latin_accents,sparse_novel_counter,explicit_rows,40,12,14,5666,27833,1458,Menlo,16,1,release,8,24,3,false,0,0,false,Metal,Apple M5 Pro,0
latin_accents,sparse_novel_counter,explicit_rows,40,12,15,5750,28250,1500,Menlo,16,1,release,8,24,3,false,0,0,false,Metal,Apple M5 Pro,0
latin_accents,sparse_novel_counter,explicit_rows,40,12,16,5708,26208,1542,Menlo,16,1,release,8,24,3,false,0,0,false,Metal,Apple M5 Pro,0
latin_accents,sparse_novel_counter,explicit_rows,40,12,17,6250,26917,1541,Menlo,16,1,release,8,24,3,false,0,0,false,Metal,Apple M5 Pro,0
latin_accents,sparse_novel_counter,explicit_rows,40,12,18,5750,26875,1542,Menlo,16,1,release,8,24,3,false,0,0,false,Metal,Apple M5 Pro,0
latin_accents,sparse_novel_counter,explicit_rows,40,12,19,5750,26208,1500,Menlo,16,1,release,8,24,3,false,0,0,false,Metal,Apple M5 Pro,0
latin_accents,sparse_novel_counter,explicit_rows,40,12,20,5750,26334,1500,Menlo,16,1,release,8,24,3,false,0,0,false,Metal,Apple M5 Pro,0
latin_accents,sparse_novel_counter,explicit_rows,40,12,21,5833,25875,1542,Menlo,16,1,release,8,24,3,false,0,0,false,Metal,Apple M5 Pro,0
latin_accents,sparse_novel_counter,explicit_rows,40,12,22,5666,26750,1500,Menlo,16,1,release,8,24,3,false,0,0,false,Metal,Apple M5 Pro,0
latin_accents,sparse_novel_counter,explicit_rows,40,12,23,5708,25583,1542,Menlo,16,1,release,8,24,3,false,0,0,false,Metal,Apple M5 Pro,0
latin_accents,sparse_novel_counter,softwrap,40,12,0,8958,362333,30583,Menlo,16,1,release,8,24,3,false,1178,0,false,Metal,Apple M5 Pro,0
latin_accents,sparse_novel_counter,softwrap,40,12,1,9250,369334,12000,Menlo,16,1,release,8,24,3,false,1178,0,false,Metal,Apple M5 Pro,0
latin_accents,sparse_novel_counter,softwrap,40,12,2,8958,363584,12084,Menlo,16,1,release,8,24,3,false,1178,0,false,Metal,Apple M5 Pro,0
latin_accents,sparse_novel_counter,softwrap,40,12,3,9875,363041,12042,Menlo,16,1,release,8,24,3,false,1178,0,false,Metal,Apple M5 Pro,0
latin_accents,sparse_novel_counter,softwrap,40,12,4,9209,365208,12083,Menlo,16,1,release,8,24,3,false,1178,0,false,Metal,Apple M5 Pro,0
latin_accents,sparse_novel_counter,softwrap,40,12,5,8875,369500,12084,Menlo,16,1,release,8,24,3,false,1178,0,false,Metal,Apple M5 Pro,0
latin_accents,sparse_novel_counter,softwrap,40,12,6,9000,387250,12083,Menlo,16,1,release,8,24,3,false,1178,0,false,Metal,Apple M5 Pro,0
latin_accents,sparse_novel_counter,softwrap,40,12,7,8875,355292,11708,Menlo,16,1,release,8,24,3,false,1178,0,false,Metal,Apple M5 Pro,0
latin_accents,sparse_novel_counter,softwrap,40,12,8,8541,355667,11667,Menlo,16,1,release,8,24,3,false,1178,0,false,Metal,Apple M5 Pro,0
latin_accents,sparse_novel_counter,softwrap,40,12,9,8459,345500,11667,Menlo,16,1,release,8,24,3,false,1178,0,false,Metal,Apple M5 Pro,0
latin_accents,sparse_novel_counter,softwrap,40,12,10,8417,345750,11667,Menlo,16,1,release,8,24,3,false,1178,0,false,Metal,Apple M5 Pro,0
latin_accents,sparse_novel_counter,softwrap,40,12,11,8292,345583,11625,Menlo,16,1,release,8,24,3,false,1178,0,false,Metal,Apple M5 Pro,0
latin_accents,sparse_novel_counter,softwrap,40,12,12,8417,348000,11666,Menlo,16,1,release,8,24,3,false,1178,0,false,Metal,Apple M5 Pro,0
latin_accents,sparse_novel_counter,softwrap,40,12,13,8541,350542,11583,Menlo,16,1,release,8,24,3,false,1178,0,false,Metal,Apple M5 Pro,0
latin_accents,sparse_novel_counter,softwrap,40,12,14,8583,354083,11834,Menlo,16,1,release,8,24,3,false,1178,0,false,Metal,Apple M5 Pro,0
latin_accents,sparse_novel_counter,softwrap,40,12,15,8542,344208,11833,Menlo,16,1,release,8,24,3,false,1178,0,false,Metal,Apple M5 Pro,0
latin_accents,sparse_novel_counter,softwrap,40,12,16,8458,345583,11875,Menlo,16,1,release,8,24,3,false,1178,0,false,Metal,Apple M5 Pro,0
latin_accents,sparse_novel_counter,softwrap,40,12,17,8500,340958,11375,Menlo,16,1,release,8,24,3,false,1178,0,false,Metal,Apple M5 Pro,0
latin_accents,sparse_novel_counter,softwrap,40,12,18,8250,332875,11209,Menlo,16,1,release,8,24,3,false,1178,0,false,Metal,Apple M5 Pro,0
latin_accents,sparse_novel_counter,softwrap,40,12,19,8208,332750,11416,Menlo,16,1,release,8,24,3,false,1178,0,false,Metal,Apple M5 Pro,0
latin_accents,sparse_novel_counter,softwrap,40,12,20,8417,331125,11458,Menlo,16,1,release,8,24,3,false,1178,0,false,Metal,Apple M5 Pro,0
latin_accents,sparse_novel_counter,softwrap,40,12,21,8416,333250,11208,Menlo,16,1,release,8,24,3,false,1178,0,false,Metal,Apple M5 Pro,0
latin_accents,sparse_novel_counter,softwrap,40,12,22,8250,333875,11334,Menlo,16,1,release,8,24,3,false,1178,0,false,Metal,Apple M5 Pro,0
latin_accents,sparse_novel_counter,softwrap,40,12,23,8291,333583,11459,Menlo,16,1,release,8,24,3,false,1178,0,false,Metal,Apple M5 Pro,0
latin_accents,scroll_cycle,explicit_rows,40,12,0,3917,3916,10833,Menlo,16,1,release,8,24,3,false,0,0,false,Metal,Apple M5 Pro,3
latin_accents,scroll_cycle,explicit_rows,40,12,1,3958,4000,10958,Menlo,16,1,release,8,24,3,false,0,0,false,Metal,Apple M5 Pro,6
latin_accents,scroll_cycle,explicit_rows,40,12,2,3916,3917,10834,Menlo,16,1,release,8,24,3,false,0,0,false,Metal,Apple M5 Pro,9
latin_accents,scroll_cycle,explicit_rows,40,12,3,3958,3959,10958,Menlo,16,1,release,8,24,3,false,0,0,false,Metal,Apple M5 Pro,12
latin_accents,scroll_cycle,explicit_rows,40,12,4,3875,3916,10833,Menlo,16,1,release,8,24,3,false,0,0,false,Metal,Apple M5 Pro,9
latin_accents,scroll_cycle,explicit_rows,40,12,5,3917,3916,10833,Menlo,16,1,release,8,24,3,false,0,0,false,Metal,Apple M5 Pro,6
latin_accents,scroll_cycle,explicit_rows,40,12,6,3917,3958,10958,Menlo,16,1,release,8,24,3,false,0,0,false,Metal,Apple M5 Pro,3
latin_accents,scroll_cycle,explicit_rows,40,12,7,3958,3958,10833,Menlo,16,1,release,8,24,3,false,0,0,false,Metal,Apple M5 Pro,0
latin_accents,scroll_cycle,explicit_rows,40,12,8,4000,3958,10542,Menlo,16,1,release,8,24,3,false,0,0,false,Metal,Apple M5 Pro,3
latin_accents,scroll_cycle,explicit_rows,40,12,9,4000,4083,10542,Menlo,16,1,release,8,24,3,false,0,0,false,Metal,Apple M5 Pro,6
latin_accents,scroll_cycle,explicit_rows,40,12,10,3958,3959,10583,Menlo,16,1,release,8,24,3,false,0,0,false,Metal,Apple M5 Pro,9
latin_accents,scroll_cycle,explicit_rows,40,12,11,3958,3917,10458,Menlo,16,1,release,8,24,3,false,0,0,false,Metal,Apple M5 Pro,12
latin_accents,scroll_cycle,explicit_rows,40,12,12,3958,3958,10459,Menlo,16,1,release,8,24,3,false,0,0,false,Metal,Apple M5 Pro,9
latin_accents,scroll_cycle,explicit_rows,40,12,13,3959,3958,10375,Menlo,16,1,release,8,24,3,false,0,0,false,Metal,Apple M5 Pro,6
latin_accents,scroll_cycle,explicit_rows,40,12,14,3958,3958,10292,Menlo,16,1,release,8,24,3,false,0,0,false,Metal,Apple M5 Pro,3
latin_accents,scroll_cycle,explicit_rows,40,12,15,3875,3917,10583,Menlo,16,1,release,8,24,3,false,0,0,false,Metal,Apple M5 Pro,0
latin_accents,scroll_cycle,explicit_rows,40,12,16,3958,3916,10458,Menlo,16,1,release,8,24,3,false,0,0,false,Metal,Apple M5 Pro,3
latin_accents,scroll_cycle,explicit_rows,40,12,17,4000,3917,10500,Menlo,16,1,release,8,24,3,false,0,0,false,Metal,Apple M5 Pro,6
latin_accents,scroll_cycle,explicit_rows,40,12,18,3917,3959,10541,Menlo,16,1,release,8,24,3,false,0,0,false,Metal,Apple M5 Pro,9
latin_accents,scroll_cycle,explicit_rows,40,12,19,3959,4042,10542,Menlo,16,1,release,8,24,3,false,0,0,false,Metal,Apple M5 Pro,12
latin_accents,scroll_cycle,explicit_rows,40,12,20,3958,3958,10583,Menlo,16,1,release,8,24,3,false,0,0,false,Metal,Apple M5 Pro,9
latin_accents,scroll_cycle,explicit_rows,40,12,21,3959,3958,10500,Menlo,16,1,release,8,24,3,false,0,0,false,Metal,Apple M5 Pro,6
latin_accents,scroll_cycle,explicit_rows,40,12,22,3917,3917,10500,Menlo,16,1,release,8,24,3,false,0,0,false,Metal,Apple M5 Pro,3
latin_accents,scroll_cycle,explicit_rows,40,12,23,3917,3959,10583,Menlo,16,1,release,8,24,3,false,0,0,false,Metal,Apple M5 Pro,0
latin_accents,scroll_cycle,softwrap,40,12,0,7584,4459,10833,Menlo,16,1,release,8,24,3,false,1040,133,false,Metal,Apple M5 Pro,3
latin_accents,scroll_cycle,softwrap,40,12,1,7458,4542,10916,Menlo,16,1,release,8,24,3,false,905,268,false,Metal,Apple M5 Pro,6
latin_accents,scroll_cycle,softwrap,40,12,2,8541,4459,10875,Menlo,16,1,release,8,24,3,false,770,403,false,Metal,Apple M5 Pro,9
latin_accents,scroll_cycle,softwrap,40,12,3,7416,4500,10834,Menlo,16,1,release,8,24,3,false,634,538,false,Metal,Apple M5 Pro,12
latin_accents,scroll_cycle,softwrap,40,12,4,7250,4375,10834,Menlo,16,1,release,8,24,3,false,770,403,false,Metal,Apple M5 Pro,9
latin_accents,scroll_cycle,softwrap,40,12,5,7250,4417,10833,Menlo,16,1,release,8,24,3,false,905,268,false,Metal,Apple M5 Pro,6
latin_accents,scroll_cycle,softwrap,40,12,6,7208,4375,10834,Menlo,16,1,release,8,24,3,false,1040,133,false,Metal,Apple M5 Pro,3
latin_accents,scroll_cycle,softwrap,40,12,7,7166,4458,9917,Menlo,16,1,release,8,24,3,false,1178,0,false,Metal,Apple M5 Pro,0
latin_accents,scroll_cycle,softwrap,40,12,8,7167,4458,10708,Menlo,16,1,release,8,24,3,false,1040,133,false,Metal,Apple M5 Pro,3
latin_accents,scroll_cycle,softwrap,40,12,9,7125,4375,10750,Menlo,16,1,release,8,24,3,false,905,268,false,Metal,Apple M5 Pro,6
latin_accents,scroll_cycle,softwrap,40,12,10,7041,4417,10750,Menlo,16,1,release,8,24,3,false,770,403,false,Metal,Apple M5 Pro,9
latin_accents,scroll_cycle,softwrap,40,12,11,7250,4417,10666,Menlo,16,1,release,8,24,3,false,634,538,false,Metal,Apple M5 Pro,12
latin_accents,scroll_cycle,softwrap,40,12,12,7041,4542,10750,Menlo,16,1,release,8,24,3,false,770,403,false,Metal,Apple M5 Pro,9
latin_accents,scroll_cycle,softwrap,40,12,13,7042,4375,10833,Menlo,16,1,release,8,24,3,false,905,268,false,Metal,Apple M5 Pro,6
latin_accents,scroll_cycle,softwrap,40,12,14,7167,4416,10750,Menlo,16,1,release,8,24,3,false,1040,133,false,Metal,Apple M5 Pro,3
latin_accents,scroll_cycle,softwrap,40,12,15,7083,4458,9917,Menlo,16,1,release,8,24,3,false,1178,0,false,Metal,Apple M5 Pro,0
latin_accents,scroll_cycle,softwrap,40,12,16,7084,4458,10667,Menlo,16,1,release,8,24,3,false,1040,133,false,Metal,Apple M5 Pro,3
latin_accents,scroll_cycle,softwrap,40,12,17,7083,4417,10708,Menlo,16,1,release,8,24,3,false,905,268,false,Metal,Apple M5 Pro,6
latin_accents,scroll_cycle,softwrap,40,12,18,7000,4417,10791,Menlo,16,1,release,8,24,3,false,770,403,false,Metal,Apple M5 Pro,9
latin_accents,scroll_cycle,softwrap,40,12,19,7167,4458,10834,Menlo,16,1,release,8,24,3,false,634,538,false,Metal,Apple M5 Pro,12
latin_accents,scroll_cycle,softwrap,40,12,20,7167,4541,10834,Menlo,16,1,release,8,24,3,false,770,403,false,Metal,Apple M5 Pro,9
latin_accents,scroll_cycle,softwrap,40,12,21,7125,4417,10667,Menlo,16,1,release,8,24,3,false,905,268,false,Metal,Apple M5 Pro,6
latin_accents,scroll_cycle,softwrap,40,12,22,7042,4375,10709,Menlo,16,1,release,8,24,3,false,1040,133,false,Metal,Apple M5 Pro,3
latin_accents,scroll_cycle,softwrap,40,12,23,7083,4375,9875,Menlo,16,1,release,8,24,3,false,1178,0,false,Metal,Apple M5 Pro,0
latin_accents,dense_novel_text,explicit_rows,40,12,0,3958,158625,10667,Menlo,16,1,release,8,24,3,false,0,0,false,Metal,Apple M5 Pro,0
latin_accents,dense_novel_text,explicit_rows,40,12,1,4083,188125,10750,Menlo,16,1,release,8,24,3,false,0,0,false,Metal,Apple M5 Pro,0
latin_accents,dense_novel_text,explicit_rows,40,12,2,4000,158208,10708,Menlo,16,1,release,8,24,3,false,0,0,false,Metal,Apple M5 Pro,0
latin_accents,dense_novel_text,explicit_rows,40,12,3,3959,159208,10791,Menlo,16,1,release,8,24,3,false,0,0,false,Metal,Apple M5 Pro,0
latin_accents,dense_novel_text,explicit_rows,40,12,4,4000,158500,10708,Menlo,16,1,release,8,24,3,false,0,0,false,Metal,Apple M5 Pro,0
latin_accents,dense_novel_text,explicit_rows,40,12,5,3917,157375,10709,Menlo,16,1,release,8,24,3,false,0,0,false,Metal,Apple M5 Pro,0
latin_accents,dense_novel_text,explicit_rows,40,12,6,3958,160042,10625,Menlo,16,1,release,8,24,3,false,0,0,false,Metal,Apple M5 Pro,0
latin_accents,dense_novel_text,explicit_rows,40,12,7,3959,157875,10708,Menlo,16,1,release,8,24,3,false,0,0,false,Metal,Apple M5 Pro,0
latin_accents,dense_novel_text,explicit_rows,40,12,8,3917,157416,10750,Menlo,16,1,release,8,24,3,false,0,0,false,Metal,Apple M5 Pro,0
latin_accents,dense_novel_text,explicit_rows,40,12,9,3875,157583,10667,Menlo,16,1,release,8,24,3,false,0,0,false,Metal,Apple M5 Pro,0
latin_accents,dense_novel_text,explicit_rows,40,12,10,3875,215167,10708,Menlo,16,1,release,8,24,3,false,0,0,false,Metal,Apple M5 Pro,0
latin_accents,dense_novel_text,explicit_rows,40,12,11,3917,157250,10750,Menlo,16,1,release,8,24,3,false,0,0,false,Metal,Apple M5 Pro,0
latin_accents,dense_novel_text,explicit_rows,40,12,12,3916,171083,25583,Menlo,16,1,release,8,24,3,false,0,0,false,Metal,Apple M5 Pro,0
latin_accents,dense_novel_text,explicit_rows,40,12,13,4584,191625,11375,Menlo,16,1,release,8,24,3,false,0,0,false,Metal,Apple M5 Pro,0
latin_accents,dense_novel_text,explicit_rows,40,12,14,4041,164625,10959,Menlo,16,1,release,8,24,3,false,0,0,false,Metal,Apple M5 Pro,0
latin_accents,dense_novel_text,explicit_rows,40,12,15,3917,166709,10833,Menlo,16,1,release,8,24,3,false,0,0,false,Metal,Apple M5 Pro,0
latin_accents,dense_novel_text,explicit_rows,40,12,16,3958,161583,10792,Menlo,16,1,release,8,24,3,false,0,0,false,Metal,Apple M5 Pro,0
latin_accents,dense_novel_text,explicit_rows,40,12,17,4000,162333,10750,Menlo,16,1,release,8,24,3,false,0,0,false,Metal,Apple M5 Pro,0
latin_accents,dense_novel_text,explicit_rows,40,12,18,3916,162042,10709,Menlo,16,1,release,8,24,3,false,0,0,false,Metal,Apple M5 Pro,0
latin_accents,dense_novel_text,explicit_rows,40,12,19,3917,161166,10708,Menlo,16,1,release,8,24,3,false,0,0,false,Metal,Apple M5 Pro,0
latin_accents,dense_novel_text,explicit_rows,40,12,20,11625,161666,10792,Menlo,16,1,release,8,24,3,false,0,0,false,Metal,Apple M5 Pro,0
latin_accents,dense_novel_text,explicit_rows,40,12,21,3875,160250,10709,Menlo,16,1,release,8,24,3,false,0,0,false,Metal,Apple M5 Pro,0
latin_accents,dense_novel_text,explicit_rows,40,12,22,3959,160500,10791,Menlo,16,1,release,8,24,3,false,0,0,false,Metal,Apple M5 Pro,0
latin_accents,dense_novel_text,explicit_rows,40,12,23,3959,162708,10750,Menlo,16,1,release,8,24,3,false,0,0,false,Metal,Apple M5 Pro,0
latin_accents,dense_novel_text,softwrap,40,12,0,7125,293625,21375,Menlo,16,1,release,8,24,3,false,1178,0,false,Metal,Apple M5 Pro,0
latin_accents,dense_novel_text,softwrap,40,12,1,7167,295625,10209,Menlo,16,1,release,8,24,3,false,1178,0,false,Metal,Apple M5 Pro,0
latin_accents,dense_novel_text,softwrap,40,12,2,7167,293666,10292,Menlo,16,1,release,8,24,3,false,1178,0,false,Metal,Apple M5 Pro,0
latin_accents,dense_novel_text,softwrap,40,12,3,7167,292875,10250,Menlo,16,1,release,8,24,3,false,1178,0,false,Metal,Apple M5 Pro,0
latin_accents,dense_novel_text,softwrap,40,12,4,7208,293250,10209,Menlo,16,1,release,8,24,3,false,1178,0,false,Metal,Apple M5 Pro,0
latin_accents,dense_novel_text,softwrap,40,12,5,7125,296833,10125,Menlo,16,1,release,8,24,3,false,1178,0,false,Metal,Apple M5 Pro,0
latin_accents,dense_novel_text,softwrap,40,12,6,7125,314375,10250,Menlo,16,1,release,8,24,3,false,1178,0,false,Metal,Apple M5 Pro,0
latin_accents,dense_novel_text,softwrap,40,12,7,7125,294125,10292,Menlo,16,1,release,8,24,3,false,1178,0,false,Metal,Apple M5 Pro,0
latin_accents,dense_novel_text,softwrap,40,12,8,6959,298292,10333,Menlo,16,1,release,8,24,3,false,1178,0,false,Metal,Apple M5 Pro,0
latin_accents,dense_novel_text,softwrap,40,12,9,7125,291833,10250,Menlo,16,1,release,8,24,3,false,1178,0,false,Metal,Apple M5 Pro,0
latin_accents,dense_novel_text,softwrap,40,12,10,7042,343541,10750,Menlo,16,1,release,8,24,3,false,1178,0,false,Metal,Apple M5 Pro,0
latin_accents,dense_novel_text,softwrap,40,12,11,8542,321083,10333,Menlo,16,1,release,8,24,3,false,1178,0,false,Metal,Apple M5 Pro,0
latin_accents,dense_novel_text,softwrap,40,12,12,7667,299958,10333,Menlo,16,1,release,8,24,3,false,1178,0,false,Metal,Apple M5 Pro,0
latin_accents,dense_novel_text,softwrap,40,12,13,7333,304167,10250,Menlo,16,1,release,8,24,3,false,1178,0,false,Metal,Apple M5 Pro,0
latin_accents,dense_novel_text,softwrap,40,12,14,7208,296458,10166,Menlo,16,1,release,8,24,3,false,1178,0,false,Metal,Apple M5 Pro,0
latin_accents,dense_novel_text,softwrap,40,12,15,7208,295042,10209,Menlo,16,1,release,8,24,3,false,1178,0,false,Metal,Apple M5 Pro,0
latin_accents,dense_novel_text,softwrap,40,12,16,7083,294459,10250,Menlo,16,1,release,8,24,3,false,1178,0,false,Metal,Apple M5 Pro,0
latin_accents,dense_novel_text,softwrap,40,12,17,7167,296000,10250,Menlo,16,1,release,8,24,3,false,1178,0,false,Metal,Apple M5 Pro,0
latin_accents,dense_novel_text,softwrap,40,12,18,7125,296500,10250,Menlo,16,1,release,8,24,3,false,1178,0,false,Metal,Apple M5 Pro,0
latin_accents,dense_novel_text,softwrap,40,12,19,7084,295125,10208,Menlo,16,1,release,8,24,3,false,1178,0,false,Metal,Apple M5 Pro,0
latin_accents,dense_novel_text,softwrap,40,12,20,7042,294125,10167,Menlo,16,1,release,8,24,3,false,1178,0,false,Metal,Apple M5 Pro,0
latin_accents,dense_novel_text,softwrap,40,12,21,7041,291334,10166,Menlo,16,1,release,8,24,3,false,1178,0,false,Metal,Apple M5 Pro,0
latin_accents,dense_novel_text,softwrap,40,12,22,7042,293000,10209,Menlo,16,1,release,8,24,3,false,1178,0,false,Metal,Apple M5 Pro,0
latin_accents,dense_novel_text,softwrap,40,12,23,7125,297458,10167,Menlo,16,1,release,8,24,3,false,1178,0,false,Metal,Apple M5 Pro,0
cyrillic,sparse_novel_counter,explicit_rows,40,12,0,3625,15959,875,Menlo,16,1,release,8,24,3,false,0,0,false,Metal,Apple M5 Pro,0
cyrillic,sparse_novel_counter,explicit_rows,40,12,1,3709,17375,917,Menlo,16,1,release,8,24,3,false,0,0,false,Metal,Apple M5 Pro,0
cyrillic,sparse_novel_counter,explicit_rows,40,12,2,3709,16959,916,Menlo,16,1,release,8,24,3,false,0,0,false,Metal,Apple M5 Pro,0
cyrillic,sparse_novel_counter,explicit_rows,40,12,3,3666,16667,875,Menlo,16,1,release,8,24,3,false,0,0,false,Metal,Apple M5 Pro,0
cyrillic,sparse_novel_counter,explicit_rows,40,12,4,3666,16958,833,Menlo,16,1,release,8,24,3,false,0,0,false,Metal,Apple M5 Pro,0
cyrillic,sparse_novel_counter,explicit_rows,40,12,5,3666,16833,917,Menlo,16,1,release,8,24,3,false,0,0,false,Metal,Apple M5 Pro,0
cyrillic,sparse_novel_counter,explicit_rows,40,12,6,3625,16750,875,Menlo,16,1,release,8,24,3,false,0,0,false,Metal,Apple M5 Pro,0
cyrillic,sparse_novel_counter,explicit_rows,40,12,7,3625,16416,917,Menlo,16,1,release,8,24,3,false,0,0,false,Metal,Apple M5 Pro,0
cyrillic,sparse_novel_counter,explicit_rows,40,12,8,3625,16583,875,Menlo,16,1,release,8,24,3,false,0,0,false,Metal,Apple M5 Pro,0
cyrillic,sparse_novel_counter,explicit_rows,40,12,9,3667,24333,917,Menlo,16,1,release,8,24,3,false,0,0,false,Metal,Apple M5 Pro,0
cyrillic,sparse_novel_counter,explicit_rows,40,12,10,3625,16667,916,Menlo,16,1,release,8,24,3,false,0,0,false,Metal,Apple M5 Pro,0
cyrillic,sparse_novel_counter,explicit_rows,40,12,11,3625,16791,917,Menlo,16,1,release,8,24,3,false,0,0,false,Metal,Apple M5 Pro,0
cyrillic,sparse_novel_counter,explicit_rows,40,12,12,3750,16417,875,Menlo,16,1,release,8,24,3,false,0,0,false,Metal,Apple M5 Pro,0
cyrillic,sparse_novel_counter,explicit_rows,40,12,13,3625,16459,916,Menlo,16,1,release,8,24,3,false,0,0,false,Metal,Apple M5 Pro,0
cyrillic,sparse_novel_counter,explicit_rows,40,12,14,3625,16750,916,Menlo,16,1,release,8,24,3,false,0,0,false,Metal,Apple M5 Pro,0
cyrillic,sparse_novel_counter,explicit_rows,40,12,15,3666,16584,916,Menlo,16,1,release,8,24,3,false,0,0,false,Metal,Apple M5 Pro,0
cyrillic,sparse_novel_counter,explicit_rows,40,12,16,3625,16625,917,Menlo,16,1,release,8,24,3,false,0,0,false,Metal,Apple M5 Pro,0
cyrillic,sparse_novel_counter,explicit_rows,40,12,17,3625,16375,875,Menlo,16,1,release,8,24,3,false,0,0,false,Metal,Apple M5 Pro,0
cyrillic,sparse_novel_counter,explicit_rows,40,12,18,3625,16584,1000,Menlo,16,1,release,8,24,3,false,0,0,false,Metal,Apple M5 Pro,0
cyrillic,sparse_novel_counter,explicit_rows,40,12,19,3625,16750,916,Menlo,16,1,release,8,24,3,false,0,0,false,Metal,Apple M5 Pro,0
cyrillic,sparse_novel_counter,explicit_rows,40,12,20,3666,16458,917,Menlo,16,1,release,8,24,3,false,0,0,false,Metal,Apple M5 Pro,0
cyrillic,sparse_novel_counter,explicit_rows,40,12,21,3625,16542,875,Menlo,16,1,release,8,24,3,false,0,0,false,Metal,Apple M5 Pro,0
cyrillic,sparse_novel_counter,explicit_rows,40,12,22,3667,16666,917,Menlo,16,1,release,8,24,3,false,0,0,false,Metal,Apple M5 Pro,0
cyrillic,sparse_novel_counter,explicit_rows,40,12,23,3750,16792,875,Menlo,16,1,release,8,24,3,false,0,0,false,Metal,Apple M5 Pro,0
cyrillic,sparse_novel_counter,softwrap,40,12,0,7500,282209,9750,Menlo,16,1,release,8,24,3,false,1702,0,false,Metal,Apple M5 Pro,0
cyrillic,sparse_novel_counter,softwrap,40,12,1,7333,280042,9750,Menlo,16,1,release,8,24,3,false,1702,0,false,Metal,Apple M5 Pro,0
cyrillic,sparse_novel_counter,softwrap,40,12,2,7583,279709,9792,Menlo,16,1,release,8,24,3,false,1702,0,false,Metal,Apple M5 Pro,0
cyrillic,sparse_novel_counter,softwrap,40,12,3,6875,277375,9750,Menlo,16,1,release,8,24,3,false,1702,0,false,Metal,Apple M5 Pro,0
cyrillic,sparse_novel_counter,softwrap,40,12,4,6875,278041,9625,Menlo,16,1,release,8,24,3,false,1702,0,false,Metal,Apple M5 Pro,0
cyrillic,sparse_novel_counter,softwrap,40,12,5,6916,276958,9709,Menlo,16,1,release,8,24,3,false,1702,0,false,Metal,Apple M5 Pro,0
cyrillic,sparse_novel_counter,softwrap,40,12,6,7000,295792,9583,Menlo,16,1,release,8,24,3,false,1702,0,false,Metal,Apple M5 Pro,0
cyrillic,sparse_novel_counter,softwrap,40,12,7,6917,277334,9708,Menlo,16,1,release,8,24,3,false,1702,0,false,Metal,Apple M5 Pro,0
cyrillic,sparse_novel_counter,softwrap,40,12,8,7250,282583,9625,Menlo,16,1,release,8,24,3,false,1702,0,false,Metal,Apple M5 Pro,0
cyrillic,sparse_novel_counter,softwrap,40,12,9,7042,275750,9666,Menlo,16,1,release,8,24,3,false,1702,0,false,Metal,Apple M5 Pro,0
cyrillic,sparse_novel_counter,softwrap,40,12,10,6875,281958,9792,Menlo,16,1,release,8,24,3,false,1702,0,false,Metal,Apple M5 Pro,0
cyrillic,sparse_novel_counter,softwrap,40,12,11,6875,275917,9792,Menlo,16,1,release,8,24,3,false,1702,0,false,Metal,Apple M5 Pro,0
cyrillic,sparse_novel_counter,softwrap,40,12,12,6958,274458,9708,Menlo,16,1,release,8,24,3,false,1702,0,false,Metal,Apple M5 Pro,0
cyrillic,sparse_novel_counter,softwrap,40,12,13,7125,278000,9541,Menlo,16,1,release,8,24,3,false,1702,0,false,Metal,Apple M5 Pro,0
cyrillic,sparse_novel_counter,softwrap,40,12,14,6958,279083,9709,Menlo,16,1,release,8,24,3,false,1702,0,false,Metal,Apple M5 Pro,0
cyrillic,sparse_novel_counter,softwrap,40,12,15,6750,288000,9666,Menlo,16,1,release,8,24,3,false,1702,0,false,Metal,Apple M5 Pro,0
cyrillic,sparse_novel_counter,softwrap,40,12,16,6916,277917,9708,Menlo,16,1,release,8,24,3,false,1702,0,false,Metal,Apple M5 Pro,0
cyrillic,sparse_novel_counter,softwrap,40,12,17,6917,280000,9667,Menlo,16,1,release,8,24,3,false,1702,0,false,Metal,Apple M5 Pro,0
cyrillic,sparse_novel_counter,softwrap,40,12,18,6833,277500,9667,Menlo,16,1,release,8,24,3,false,1702,0,false,Metal,Apple M5 Pro,0
cyrillic,sparse_novel_counter,softwrap,40,12,19,6875,276542,9666,Menlo,16,1,release,8,24,3,false,1702,0,false,Metal,Apple M5 Pro,0
cyrillic,sparse_novel_counter,softwrap,40,12,20,6916,278750,9667,Menlo,16,1,release,8,24,3,false,1702,0,false,Metal,Apple M5 Pro,0
cyrillic,sparse_novel_counter,softwrap,40,12,21,6917,275875,9666,Menlo,16,1,release,8,24,3,false,1702,0,false,Metal,Apple M5 Pro,0
cyrillic,sparse_novel_counter,softwrap,40,12,22,6875,277375,9625,Menlo,16,1,release,8,24,3,false,1702,0,false,Metal,Apple M5 Pro,0
cyrillic,sparse_novel_counter,softwrap,40,12,23,6875,281000,9709,Menlo,16,1,release,8,24,3,false,1702,0,false,Metal,Apple M5 Pro,0
cyrillic,scroll_cycle,explicit_rows,40,12,0,3708,4042,9625,Menlo,16,1,release,8,24,3,false,0,0,false,Metal,Apple M5 Pro,3
cyrillic,scroll_cycle,explicit_rows,40,12,1,3709,3958,9625,Menlo,16,1,release,8,24,3,false,0,0,false,Metal,Apple M5 Pro,6
cyrillic,scroll_cycle,explicit_rows,40,12,2,3667,4000,9667,Menlo,16,1,release,8,24,3,false,0,0,false,Metal,Apple M5 Pro,9
cyrillic,scroll_cycle,explicit_rows,40,12,3,3625,3959,9500,Menlo,16,1,release,8,24,3,false,0,0,false,Metal,Apple M5 Pro,12
cyrillic,scroll_cycle,explicit_rows,40,12,4,3750,4125,9125,Menlo,16,1,release,8,24,3,false,0,0,false,Metal,Apple M5 Pro,9
cyrillic,scroll_cycle,explicit_rows,40,12,5,3667,4041,9208,Menlo,16,1,release,8,24,3,false,0,0,false,Metal,Apple M5 Pro,6
cyrillic,scroll_cycle,explicit_rows,40,12,6,3750,4000,9125,Menlo,16,1,release,8,24,3,false,0,0,false,Metal,Apple M5 Pro,3
cyrillic,scroll_cycle,explicit_rows,40,12,7,4167,4000,9166,Menlo,16,1,release,8,24,3,false,0,0,false,Metal,Apple M5 Pro,0
cyrillic,scroll_cycle,explicit_rows,40,12,8,3667,4000,9250,Menlo,16,1,release,8,24,3,false,0,0,false,Metal,Apple M5 Pro,3
cyrillic,scroll_cycle,explicit_rows,40,12,9,3583,4000,9208,Menlo,16,1,release,8,24,3,false,0,0,false,Metal,Apple M5 Pro,6
cyrillic,scroll_cycle,explicit_rows,40,12,10,3625,20292,12791,Menlo,16,1,release,8,24,3,false,0,0,false,Metal,Apple M5 Pro,9
cyrillic,scroll_cycle,explicit_rows,40,12,11,4250,4083,9875,Menlo,16,1,release,8,24,3,false,0,0,false,Metal,Apple M5 Pro,12
cyrillic,scroll_cycle,explicit_rows,40,12,12,3750,3917,9875,Menlo,16,1,release,8,24,3,false,0,0,false,Metal,Apple M5 Pro,9
cyrillic,scroll_cycle,explicit_rows,40,12,13,3708,3875,9792,Menlo,16,1,release,8,24,3,false,0,0,false,Metal,Apple M5 Pro,6
cyrillic,scroll_cycle,explicit_rows,40,12,14,3667,3834,9792,Menlo,16,1,release,8,24,3,false,0,0,false,Metal,Apple M5 Pro,3
cyrillic,scroll_cycle,explicit_rows,40,12,15,3708,3917,9708,Menlo,16,1,release,8,24,3,false,0,0,false,Metal,Apple M5 Pro,0
cyrillic,scroll_cycle,explicit_rows,40,12,16,3708,3875,9667,Menlo,16,1,release,8,24,3,false,0,0,false,Metal,Apple M5 Pro,3
cyrillic,scroll_cycle,explicit_rows,40,12,17,3667,3875,9458,Menlo,16,1,release,8,24,3,false,0,0,false,Metal,Apple M5 Pro,6
cyrillic,scroll_cycle,explicit_rows,40,12,18,3666,3917,9416,Menlo,16,1,release,8,24,3,false,0,0,false,Metal,Apple M5 Pro,9
cyrillic,scroll_cycle,explicit_rows,40,12,19,3625,3958,9542,Menlo,16,1,release,8,24,3,false,0,0,false,Metal,Apple M5 Pro,12
cyrillic,scroll_cycle,explicit_rows,40,12,20,3666,3959,9375,Menlo,16,1,release,8,24,3,false,0,0,false,Metal,Apple M5 Pro,9
cyrillic,scroll_cycle,explicit_rows,40,12,21,3625,3917,9417,Menlo,16,1,release,8,24,3,false,0,0,false,Metal,Apple M5 Pro,6
cyrillic,scroll_cycle,explicit_rows,40,12,22,3625,3959,9459,Menlo,16,1,release,8,24,3,false,0,0,false,Metal,Apple M5 Pro,3
cyrillic,scroll_cycle,explicit_rows,40,12,23,3625,3875,9458,Menlo,16,1,release,8,24,3,false,0,0,false,Metal,Apple M5 Pro,0
cyrillic,scroll_cycle,softwrap,40,12,0,7042,4292,10458,Menlo,16,1,release,8,24,3,false,1504,177,false,Metal,Apple M5 Pro,3
cyrillic,scroll_cycle,softwrap,40,12,1,7084,4291,10375,Menlo,16,1,release,8,24,3,false,1307,375,false,Metal,Apple M5 Pro,6
cyrillic,scroll_cycle,softwrap,40,12,2,6959,4333,9750,Menlo,16,1,release,8,24,3,false,1109,570,false,Metal,Apple M5 Pro,9
cyrillic,scroll_cycle,softwrap,40,12,3,7000,4292,9958,Menlo,16,1,release,8,24,3,false,910,763,false,Metal,Apple M5 Pro,12
cyrillic,scroll_cycle,softwrap,40,12,4,6917,4291,9834,Menlo,16,1,release,8,24,3,false,1109,570,false,Metal,Apple M5 Pro,9
cyrillic,scroll_cycle,softwrap,40,12,5,6833,4250,9750,Menlo,16,1,release,8,24,3,false,1307,375,false,Metal,Apple M5 Pro,6
cyrillic,scroll_cycle,softwrap,40,12,6,6833,4291,9959,Menlo,16,1,release,8,24,3,false,1504,177,false,Metal,Apple M5 Pro,3
cyrillic,scroll_cycle,softwrap,40,12,7,6875,4292,9166,Menlo,16,1,release,8,24,3,false,1702,0,false,Metal,Apple M5 Pro,0
cyrillic,scroll_cycle,softwrap,40,12,8,20375,4292,9834,Menlo,16,1,release,8,24,3,false,1504,177,false,Metal,Apple M5 Pro,3
cyrillic,scroll_cycle,softwrap,40,12,9,6834,4375,9792,Menlo,16,1,release,8,24,3,false,1307,375,false,Metal,Apple M5 Pro,6
cyrillic,scroll_cycle,softwrap,40,12,10,6791,4250,9750,Menlo,16,1,release,8,24,3,false,1109,570,false,Metal,Apple M5 Pro,9
cyrillic,scroll_cycle,softwrap,40,12,11,6959,4333,10333,Menlo,16,1,release,8,24,3,false,910,763,false,Metal,Apple M5 Pro,12
cyrillic,scroll_cycle,softwrap,40,12,12,6792,4375,9875,Menlo,16,1,release,8,24,3,false,1109,570,false,Metal,Apple M5 Pro,9
cyrillic,scroll_cycle,softwrap,40,12,13,6791,4250,9833,Menlo,16,1,release,8,24,3,false,1307,375,false,Metal,Apple M5 Pro,6
cyrillic,scroll_cycle,softwrap,40,12,14,6833,4292,9791,Menlo,16,1,release,8,24,3,false,1504,177,false,Metal,Apple M5 Pro,3
cyrillic,scroll_cycle,softwrap,40,12,15,6875,4334,9125,Menlo,16,1,release,8,24,3,false,1702,0,false,Metal,Apple M5 Pro,0
cyrillic,scroll_cycle,softwrap,40,12,16,6791,4292,9750,Menlo,16,1,release,8,24,3,false,1504,177,false,Metal,Apple M5 Pro,3
cyrillic,scroll_cycle,softwrap,40,12,17,6708,4375,10042,Menlo,16,1,release,8,24,3,false,1307,375,false,Metal,Apple M5 Pro,6
cyrillic,scroll_cycle,softwrap,40,12,18,6792,4375,9792,Menlo,16,1,release,8,24,3,false,1109,570,false,Metal,Apple M5 Pro,9
cyrillic,scroll_cycle,softwrap,40,12,19,6833,4292,9917,Menlo,16,1,release,8,24,3,false,910,763,false,Metal,Apple M5 Pro,12
cyrillic,scroll_cycle,softwrap,40,12,20,6750,4292,9833,Menlo,16,1,release,8,24,3,false,1109,570,false,Metal,Apple M5 Pro,9
cyrillic,scroll_cycle,softwrap,40,12,21,6792,4250,9875,Menlo,16,1,release,8,24,3,false,1307,375,false,Metal,Apple M5 Pro,6
cyrillic,scroll_cycle,softwrap,40,12,22,6750,4250,9875,Menlo,16,1,release,8,24,3,false,1504,177,false,Metal,Apple M5 Pro,3
cyrillic,scroll_cycle,softwrap,40,12,23,6708,4250,8958,Menlo,16,1,release,8,24,3,false,1702,0,false,Metal,Apple M5 Pro,0
cyrillic,dense_novel_text,explicit_rows,40,12,0,3708,147542,9750,Menlo,16,1,release,8,24,3,false,0,0,false,Metal,Apple M5 Pro,0
cyrillic,dense_novel_text,explicit_rows,40,12,1,3667,177417,9791,Menlo,16,1,release,8,24,3,false,0,0,false,Metal,Apple M5 Pro,0
cyrillic,dense_novel_text,explicit_rows,40,12,2,3667,148834,9834,Menlo,16,1,release,8,24,3,false,0,0,false,Metal,Apple M5 Pro,0
cyrillic,dense_novel_text,explicit_rows,40,12,3,3667,146916,9750,Menlo,16,1,release,8,24,3,false,0,0,false,Metal,Apple M5 Pro,0
cyrillic,dense_novel_text,explicit_rows,40,12,4,3709,147375,9750,Menlo,16,1,release,8,24,3,false,0,0,false,Metal,Apple M5 Pro,0
cyrillic,dense_novel_text,explicit_rows,40,12,5,3709,146041,9709,Menlo,16,1,release,8,24,3,false,0,0,false,Metal,Apple M5 Pro,0
cyrillic,dense_novel_text,explicit_rows,40,12,6,3625,147708,9792,Menlo,16,1,release,8,24,3,false,0,0,false,Metal,Apple M5 Pro,0
cyrillic,dense_novel_text,explicit_rows,40,12,7,3709,147250,9708,Menlo,16,1,release,8,24,3,false,0,0,false,Metal,Apple M5 Pro,0
cyrillic,dense_novel_text,explicit_rows,40,12,8,3666,146709,9834,Menlo,16,1,release,8,24,3,false,0,0,false,Metal,Apple M5 Pro,0
cyrillic,dense_novel_text,explicit_rows,40,12,9,3666,146334,9708,Menlo,16,1,release,8,24,3,false,0,0,false,Metal,Apple M5 Pro,0
cyrillic,dense_novel_text,explicit_rows,40,12,10,3667,206041,9667,Menlo,16,1,release,8,24,3,false,0,0,false,Metal,Apple M5 Pro,0
cyrillic,dense_novel_text,explicit_rows,40,12,11,3666,148083,9792,Menlo,16,1,release,8,24,3,false,0,0,false,Metal,Apple M5 Pro,0
cyrillic,dense_novel_text,explicit_rows,40,12,12,3625,147416,9709,Menlo,16,1,release,8,24,3,false,0,0,false,Metal,Apple M5 Pro,0
cyrillic,dense_novel_text,explicit_rows,40,12,13,3667,152208,9708,Menlo,16,1,release,8,24,3,false,0,0,false,Metal,Apple M5 Pro,0
cyrillic,dense_novel_text,explicit_rows,40,12,14,3667,149875,9709,Menlo,16,1,release,8,24,3,false,0,0,false,Metal,Apple M5 Pro,0
cyrillic,dense_novel_text,explicit_rows,40,12,15,3709,157833,9750,Menlo,16,1,release,8,24,3,false,0,0,false,Metal,Apple M5 Pro,0
cyrillic,dense_novel_text,explicit_rows,40,12,16,3666,150667,9834,Menlo,16,1,release,8,24,3,false,0,0,false,Metal,Apple M5 Pro,0
cyrillic,dense_novel_text,explicit_rows,40,12,17,3667,155417,9708,Menlo,16,1,release,8,24,3,false,0,0,false,Metal,Apple M5 Pro,0
cyrillic,dense_novel_text,explicit_rows,40,12,18,3708,160334,9708,Menlo,16,1,release,8,24,3,false,0,0,false,Metal,Apple M5 Pro,0
cyrillic,dense_novel_text,explicit_rows,40,12,19,3667,150917,9750,Menlo,16,1,release,8,24,3,false,0,0,false,Metal,Apple M5 Pro,0
cyrillic,dense_novel_text,explicit_rows,40,12,20,3625,149292,9708,Menlo,16,1,release,8,24,3,false,0,0,false,Metal,Apple M5 Pro,0
cyrillic,dense_novel_text,explicit_rows,40,12,21,3667,147959,9667,Menlo,16,1,release,8,24,3,false,0,0,false,Metal,Apple M5 Pro,0
cyrillic,dense_novel_text,explicit_rows,40,12,22,3666,149084,9708,Menlo,16,1,release,8,24,3,false,0,0,false,Metal,Apple M5 Pro,0
cyrillic,dense_novel_text,explicit_rows,40,12,23,3750,150375,9708,Menlo,16,1,release,8,24,3,false,0,0,false,Metal,Apple M5 Pro,0
cyrillic,dense_novel_text,softwrap,40,12,0,7292,279083,9792,Menlo,16,1,release,8,24,3,false,1702,0,false,Metal,Apple M5 Pro,0
cyrillic,dense_novel_text,softwrap,40,12,1,7084,274375,9750,Menlo,16,1,release,8,24,3,false,1702,0,false,Metal,Apple M5 Pro,0
cyrillic,dense_novel_text,softwrap,40,12,2,7334,276834,9750,Menlo,16,1,release,8,24,3,false,1702,0,false,Metal,Apple M5 Pro,0
cyrillic,dense_novel_text,softwrap,40,12,3,7084,274666,9625,Menlo,16,1,release,8,24,3,false,1702,0,false,Metal,Apple M5 Pro,0
cyrillic,dense_novel_text,softwrap,40,12,4,7166,287709,9583,Menlo,16,1,release,8,24,3,false,1702,0,false,Metal,Apple M5 Pro,0
cyrillic,dense_novel_text,softwrap,40,12,5,7250,287750,9792,Menlo,16,1,release,8,24,3,false,1702,0,false,Metal,Apple M5 Pro,0
cyrillic,dense_novel_text,softwrap,40,12,6,6916,296250,9792,Menlo,16,1,release,8,24,3,false,1702,0,false,Metal,Apple M5 Pro,0
cyrillic,dense_novel_text,softwrap,40,12,7,7042,277583,9834,Menlo,16,1,release,8,24,3,false,1702,0,false,Metal,Apple M5 Pro,0
cyrillic,dense_novel_text,softwrap,40,12,8,7042,276500,9834,Menlo,16,1,release,8,24,3,false,1702,0,false,Metal,Apple M5 Pro,0
cyrillic,dense_novel_text,softwrap,40,12,9,7458,275000,9833,Menlo,16,1,release,8,24,3,false,1702,0,false,Metal,Apple M5 Pro,0
cyrillic,dense_novel_text,softwrap,40,12,10,6958,275667,9791,Menlo,16,1,release,8,24,3,false,1702,0,false,Metal,Apple M5 Pro,0
cyrillic,dense_novel_text,softwrap,40,12,11,6959,276666,9708,Menlo,16,1,release,8,24,3,false,1702,0,false,Metal,Apple M5 Pro,0
cyrillic,dense_novel_text,softwrap,40,12,12,7083,276000,9916,Menlo,16,1,release,8,24,3,false,1702,0,false,Metal,Apple M5 Pro,0
cyrillic,dense_novel_text,softwrap,40,12,13,7166,274333,9792,Menlo,16,1,release,8,24,3,false,1702,0,false,Metal,Apple M5 Pro,0
cyrillic,dense_novel_text,softwrap,40,12,14,7167,278000,9833,Menlo,16,1,release,8,24,3,false,1702,0,false,Metal,Apple M5 Pro,0
cyrillic,dense_novel_text,softwrap,40,12,15,7042,278666,9792,Menlo,16,1,release,8,24,3,false,1702,0,false,Metal,Apple M5 Pro,0
cyrillic,dense_novel_text,softwrap,40,12,16,7917,284583,9958,Menlo,16,1,release,8,24,3,false,1702,0,false,Metal,Apple M5 Pro,0
cyrillic,dense_novel_text,softwrap,40,12,17,6875,279709,9667,Menlo,16,1,release,8,24,3,false,1702,0,false,Metal,Apple M5 Pro,0
cyrillic,dense_novel_text,softwrap,40,12,18,6875,281000,9708,Menlo,16,1,release,8,24,3,false,1702,0,false,Metal,Apple M5 Pro,0
cyrillic,dense_novel_text,softwrap,40,12,19,6875,281667,9791,Menlo,16,1,release,8,24,3,false,1702,0,false,Metal,Apple M5 Pro,0
cyrillic,dense_novel_text,softwrap,40,12,20,6833,277125,9792,Menlo,16,1,release,8,24,3,false,1702,0,false,Metal,Apple M5 Pro,0
cyrillic,dense_novel_text,softwrap,40,12,21,6666,284709,9708,Menlo,16,1,release,8,24,3,false,1702,0,false,Metal,Apple M5 Pro,0
cyrillic,dense_novel_text,softwrap,40,12,22,6667,292000,9750,Menlo,16,1,release,8,24,3,false,1702,0,false,Metal,Apple M5 Pro,0
cyrillic,dense_novel_text,softwrap,40,12,23,6750,300834,9709,Menlo,16,1,release,8,24,3,false,1702,0,false,Metal,Apple M5 Pro,0
cjk,sparse_novel_counter,explicit_rows,40,12,0,3709,52833,667,Menlo,16,1,release,8,24,3,false,0,0,false,Metal,Apple M5 Pro,0
cjk,sparse_novel_counter,explicit_rows,40,12,1,3708,54042,625,Menlo,16,1,release,8,24,3,false,0,0,false,Metal,Apple M5 Pro,0
cjk,sparse_novel_counter,explicit_rows,40,12,2,3709,54542,625,Menlo,16,1,release,8,24,3,false,0,0,false,Metal,Apple M5 Pro,0
cjk,sparse_novel_counter,explicit_rows,40,12,3,3708,53291,667,Menlo,16,1,release,8,24,3,false,0,0,false,Metal,Apple M5 Pro,0
cjk,sparse_novel_counter,explicit_rows,40,12,4,3709,54291,667,Menlo,16,1,release,8,24,3,false,0,0,false,Metal,Apple M5 Pro,0
cjk,sparse_novel_counter,explicit_rows,40,12,5,3708,53458,625,Menlo,16,1,release,8,24,3,false,0,0,false,Metal,Apple M5 Pro,0
cjk,sparse_novel_counter,explicit_rows,40,12,6,3667,53375,625,Menlo,16,1,release,8,24,3,false,0,0,false,Metal,Apple M5 Pro,0
cjk,sparse_novel_counter,explicit_rows,40,12,7,3708,53292,625,Menlo,16,1,release,8,24,3,false,0,0,false,Metal,Apple M5 Pro,0
cjk,sparse_novel_counter,explicit_rows,40,12,8,3709,53042,625,Menlo,16,1,release,8,24,3,false,0,0,false,Metal,Apple M5 Pro,0
cjk,sparse_novel_counter,explicit_rows,40,12,9,3708,60000,666,Menlo,16,1,release,8,24,3,false,0,0,false,Metal,Apple M5 Pro,0
cjk,sparse_novel_counter,explicit_rows,40,12,10,3750,53333,625,Menlo,16,1,release,8,24,3,false,0,0,false,Metal,Apple M5 Pro,0
cjk,sparse_novel_counter,explicit_rows,40,12,11,3750,53167,666,Menlo,16,1,release,8,24,3,false,0,0,false,Metal,Apple M5 Pro,0
cjk,sparse_novel_counter,explicit_rows,40,12,12,3709,54166,667,Menlo,16,1,release,8,24,3,false,0,0,false,Metal,Apple M5 Pro,0
cjk,sparse_novel_counter,explicit_rows,40,12,13,3709,53166,667,Menlo,16,1,release,8,24,3,false,0,0,false,Metal,Apple M5 Pro,0
cjk,sparse_novel_counter,explicit_rows,40,12,14,3833,53042,666,Menlo,16,1,release,8,24,3,false,0,0,false,Metal,Apple M5 Pro,0
cjk,sparse_novel_counter,explicit_rows,40,12,15,3708,52834,666,Menlo,16,1,release,8,24,3,false,0,0,false,Metal,Apple M5 Pro,0
cjk,sparse_novel_counter,explicit_rows,40,12,16,3666,53250,667,Menlo,16,1,release,8,24,3,false,0,0,false,Metal,Apple M5 Pro,0
cjk,sparse_novel_counter,explicit_rows,40,12,17,3792,52833,667,Menlo,16,1,release,8,24,3,false,0,0,false,Metal,Apple M5 Pro,0
cjk,sparse_novel_counter,explicit_rows,40,12,18,3667,52750,625,Menlo,16,1,release,8,24,3,false,0,0,false,Metal,Apple M5 Pro,0
cjk,sparse_novel_counter,explicit_rows,40,12,19,3708,52750,625,Menlo,16,1,release,8,24,3,false,0,0,false,Metal,Apple M5 Pro,0
cjk,sparse_novel_counter,explicit_rows,40,12,20,3708,54125,667,Menlo,16,1,release,8,24,3,false,0,0,false,Metal,Apple M5 Pro,0
cjk,sparse_novel_counter,explicit_rows,40,12,21,3667,53167,625,Menlo,16,1,release,8,24,3,false,0,0,false,Metal,Apple M5 Pro,0
cjk,sparse_novel_counter,explicit_rows,40,12,22,3708,53375,667,Menlo,16,1,release,8,24,3,false,0,0,false,Metal,Apple M5 Pro,0
cjk,sparse_novel_counter,explicit_rows,40,12,23,3708,53458,667,Menlo,16,1,release,8,24,3,false,0,0,false,Metal,Apple M5 Pro,0
cjk,sparse_novel_counter,softwrap,40,12,0,6125,1403292,6041,Menlo,16,1,release,8,24,3,false,1410,0,false,Metal,Apple M5 Pro,0
cjk,sparse_novel_counter,softwrap,40,12,1,6083,1408625,6042,Menlo,16,1,release,8,24,3,false,1410,0,false,Metal,Apple M5 Pro,0
cjk,sparse_novel_counter,softwrap,40,12,2,6208,1442584,6125,Menlo,16,1,release,8,24,3,false,1410,0,false,Metal,Apple M5 Pro,0
cjk,sparse_novel_counter,softwrap,40,12,3,6083,1406709,6083,Menlo,16,1,release,8,24,3,false,1410,0,false,Metal,Apple M5 Pro,0
cjk,sparse_novel_counter,softwrap,40,12,4,6000,1422042,6000,Menlo,16,1,release,8,24,3,false,1410,0,false,Metal,Apple M5 Pro,0
cjk,sparse_novel_counter,softwrap,40,12,5,6041,1403292,6042,Menlo,16,1,release,8,24,3,false,1410,0,false,Metal,Apple M5 Pro,0
cjk,sparse_novel_counter,softwrap,40,12,6,6083,1420750,6125,Menlo,16,1,release,8,24,3,false,1410,0,false,Metal,Apple M5 Pro,0
cjk,sparse_novel_counter,softwrap,40,12,7,6084,1533917,6083,Menlo,16,1,release,8,24,3,false,1410,0,false,Metal,Apple M5 Pro,0
cjk,sparse_novel_counter,softwrap,40,12,8,16250,1445417,6000,Menlo,16,1,release,8,24,3,false,1410,0,false,Metal,Apple M5 Pro,0
cjk,sparse_novel_counter,softwrap,40,12,9,6792,1430833,6125,Menlo,16,1,release,8,24,3,false,1410,0,false,Metal,Apple M5 Pro,0
cjk,sparse_novel_counter,softwrap,40,12,10,6500,1409125,6000,Menlo,16,1,release,8,24,3,false,1410,0,false,Metal,Apple M5 Pro,0
cjk,sparse_novel_counter,softwrap,40,12,11,6417,1405083,6000,Menlo,16,1,release,8,24,3,false,1410,0,false,Metal,Apple M5 Pro,0
cjk,sparse_novel_counter,softwrap,40,12,12,6291,1416583,6042,Menlo,16,1,release,8,24,3,false,1410,0,false,Metal,Apple M5 Pro,0
cjk,sparse_novel_counter,softwrap,40,12,13,6166,1465209,6125,Menlo,16,1,release,8,24,3,false,1410,0,false,Metal,Apple M5 Pro,0
cjk,sparse_novel_counter,softwrap,40,12,14,7708,1491750,6000,Menlo,16,1,release,8,24,3,false,1410,0,false,Metal,Apple M5 Pro,0
cjk,sparse_novel_counter,softwrap,40,12,15,6583,1492417,6042,Menlo,16,1,release,8,24,3,false,1410,0,false,Metal,Apple M5 Pro,0
cjk,sparse_novel_counter,softwrap,40,12,16,6375,1480292,6041,Menlo,16,1,release,8,24,3,false,1410,0,false,Metal,Apple M5 Pro,0
cjk,sparse_novel_counter,softwrap,40,12,17,6208,1485875,6167,Menlo,16,1,release,8,24,3,false,1410,0,false,Metal,Apple M5 Pro,0
cjk,sparse_novel_counter,softwrap,40,12,18,6125,1472208,6042,Menlo,16,1,release,8,24,3,false,1410,0,false,Metal,Apple M5 Pro,0
cjk,sparse_novel_counter,softwrap,40,12,19,6167,1484750,5958,Menlo,16,1,release,8,24,3,false,1410,0,false,Metal,Apple M5 Pro,0
cjk,sparse_novel_counter,softwrap,40,12,20,6042,1501416,6292,Menlo,16,1,release,8,24,3,false,1410,0,false,Metal,Apple M5 Pro,0
cjk,sparse_novel_counter,softwrap,40,12,21,8041,1421500,6166,Menlo,16,1,release,8,24,3,false,1410,0,false,Metal,Apple M5 Pro,0
cjk,sparse_novel_counter,softwrap,40,12,22,6625,1409625,6250,Menlo,16,1,release,8,24,3,false,1410,0,false,Metal,Apple M5 Pro,0
cjk,sparse_novel_counter,softwrap,40,12,23,6167,1418500,6167,Menlo,16,1,release,8,24,3,false,1410,0,false,Metal,Apple M5 Pro,0
cjk,scroll_cycle,explicit_rows,40,12,0,3709,4083,6291,Menlo,16,1,release,8,24,3,false,0,0,false,Metal,Apple M5 Pro,3
cjk,scroll_cycle,explicit_rows,40,12,1,3709,4125,6416,Menlo,16,1,release,8,24,3,false,0,0,false,Metal,Apple M5 Pro,6
cjk,scroll_cycle,explicit_rows,40,12,2,3708,4000,6292,Menlo,16,1,release,8,24,3,false,0,0,false,Metal,Apple M5 Pro,9
cjk,scroll_cycle,explicit_rows,40,12,3,3667,4000,6375,Menlo,16,1,release,8,24,3,false,0,0,false,Metal,Apple M5 Pro,12
cjk,scroll_cycle,explicit_rows,40,12,4,3667,4000,6375,Menlo,16,1,release,8,24,3,false,0,0,false,Metal,Apple M5 Pro,9
cjk,scroll_cycle,explicit_rows,40,12,5,3875,4000,6417,Menlo,16,1,release,8,24,3,false,0,0,false,Metal,Apple M5 Pro,6
cjk,scroll_cycle,explicit_rows,40,12,6,3666,3958,6458,Menlo,16,1,release,8,24,3,false,0,0,false,Metal,Apple M5 Pro,3
cjk,scroll_cycle,explicit_rows,40,12,7,3708,4000,6458,Menlo,16,1,release,8,24,3,false,0,0,false,Metal,Apple M5 Pro,0
cjk,scroll_cycle,explicit_rows,40,12,8,3667,4083,6375,Menlo,16,1,release,8,24,3,false,0,0,false,Metal,Apple M5 Pro,3
cjk,scroll_cycle,explicit_rows,40,12,9,3666,4000,6333,Menlo,16,1,release,8,24,3,false,0,0,false,Metal,Apple M5 Pro,6
cjk,scroll_cycle,explicit_rows,40,12,10,3667,4167,6375,Menlo,16,1,release,8,24,3,false,0,0,false,Metal,Apple M5 Pro,9
cjk,scroll_cycle,explicit_rows,40,12,11,3667,4000,6375,Menlo,16,1,release,8,24,3,false,0,0,false,Metal,Apple M5 Pro,12
cjk,scroll_cycle,explicit_rows,40,12,12,3667,4084,6417,Menlo,16,1,release,8,24,3,false,0,0,false,Metal,Apple M5 Pro,9
cjk,scroll_cycle,explicit_rows,40,12,13,3625,3959,6417,Menlo,16,1,release,8,24,3,false,0,0,false,Metal,Apple M5 Pro,6
cjk,scroll_cycle,explicit_rows,40,12,14,3625,4042,6416,Menlo,16,1,release,8,24,3,false,0,0,false,Metal,Apple M5 Pro,3
cjk,scroll_cycle,explicit_rows,40,12,15,3667,4083,6417,Menlo,16,1,release,8,24,3,false,0,0,false,Metal,Apple M5 Pro,0
cjk,scroll_cycle,explicit_rows,40,12,16,3667,4125,6292,Menlo,16,1,release,8,24,3,false,0,0,false,Metal,Apple M5 Pro,3
cjk,scroll_cycle,explicit_rows,40,12,17,3667,4083,6458,Menlo,16,1,release,8,24,3,false,0,0,false,Metal,Apple M5 Pro,6
cjk,scroll_cycle,explicit_rows,40,12,18,3667,4041,6334,Menlo,16,1,release,8,24,3,false,0,0,false,Metal,Apple M5 Pro,9
cjk,scroll_cycle,explicit_rows,40,12,19,3666,4084,6334,Menlo,16,1,release,8,24,3,false,0,0,false,Metal,Apple M5 Pro,12
cjk,scroll_cycle,explicit_rows,40,12,20,3625,4083,6333,Menlo,16,1,release,8,24,3,false,0,0,false,Metal,Apple M5 Pro,9
cjk,scroll_cycle,explicit_rows,40,12,21,3625,4167,6292,Menlo,16,1,release,8,24,3,false,0,0,false,Metal,Apple M5 Pro,6
cjk,scroll_cycle,explicit_rows,40,12,22,3791,4042,6375,Menlo,16,1,release,8,24,3,false,0,0,false,Metal,Apple M5 Pro,3
cjk,scroll_cycle,explicit_rows,40,12,23,3667,4083,6458,Menlo,16,1,release,8,24,3,false,0,0,false,Metal,Apple M5 Pro,0
cjk,scroll_cycle,softwrap,40,12,0,6417,4458,6458,Menlo,16,1,release,8,24,3,false,1247,152,false,Metal,Apple M5 Pro,3
cjk,scroll_cycle,softwrap,40,12,1,6292,4250,6375,Menlo,16,1,release,8,24,3,false,1081,312,false,Metal,Apple M5 Pro,6
cjk,scroll_cycle,softwrap,40,12,2,6292,4292,6333,Menlo,16,1,release,8,24,3,false,919,477,false,Metal,Apple M5 Pro,9
cjk,scroll_cycle,softwrap,40,12,3,6375,4250,6125,Menlo,16,1,release,8,24,3,false,756,637,false,Metal,Apple M5 Pro,12
cjk,scroll_cycle,softwrap,40,12,4,6166,4250,6125,Menlo,16,1,release,8,24,3,false,919,477,false,Metal,Apple M5 Pro,9
cjk,scroll_cycle,softwrap,40,12,5,6167,4292,6125,Menlo,16,1,release,8,24,3,false,1081,312,false,Metal,Apple M5 Pro,6
cjk,scroll_cycle,softwrap,40,12,6,6125,4292,6208,Menlo,16,1,release,8,24,3,false,1247,152,false,Metal,Apple M5 Pro,3
cjk,scroll_cycle,softwrap,40,12,7,6000,4292,5708,Menlo,16,1,release,8,24,3,false,1410,0,false,Metal,Apple M5 Pro,0
cjk,scroll_cycle,softwrap,40,12,8,6208,4333,6250,Menlo,16,1,release,8,24,3,false,1247,152,false,Metal,Apple M5 Pro,3
cjk,scroll_cycle,softwrap,40,12,9,5959,4250,6167,Menlo,16,1,release,8,24,3,false,1081,312,false,Metal,Apple M5 Pro,6
cjk,scroll_cycle,softwrap,40,12,10,6000,4250,6083,Menlo,16,1,release,8,24,3,false,919,477,false,Metal,Apple M5 Pro,9
cjk,scroll_cycle,softwrap,40,12,11,6167,4250,6084,Menlo,16,1,release,8,24,3,false,756,637,false,Metal,Apple M5 Pro,12
cjk,scroll_cycle,softwrap,40,12,12,6042,4250,6125,Menlo,16,1,release,8,24,3,false,919,477,false,Metal,Apple M5 Pro,9
cjk,scroll_cycle,softwrap,40,12,13,5959,4250,5959,Menlo,16,1,release,8,24,3,false,1081,312,false,Metal,Apple M5 Pro,6
cjk,scroll_cycle,softwrap,40,12,14,6083,4292,6417,Menlo,16,1,release,8,24,3,false,1247,152,false,Metal,Apple M5 Pro,3
cjk,scroll_cycle,softwrap,40,12,15,5833,4333,5583,Menlo,16,1,release,8,24,3,false,1410,0,false,Metal,Apple M5 Pro,0
cjk,scroll_cycle,softwrap,40,12,16,5959,4250,6083,Menlo,16,1,release,8,24,3,false,1247,152,false,Metal,Apple M5 Pro,3
cjk,scroll_cycle,softwrap,40,12,17,5958,4208,6000,Menlo,16,1,release,8,24,3,false,1081,312,false,Metal,Apple M5 Pro,6
cjk,scroll_cycle,softwrap,40,12,18,6000,4208,6083,Menlo,16,1,release,8,24,3,false,919,477,false,Metal,Apple M5 Pro,9
cjk,scroll_cycle,softwrap,40,12,19,6167,4250,6083,Menlo,16,1,release,8,24,3,false,756,637,false,Metal,Apple M5 Pro,12
cjk,scroll_cycle,softwrap,40,12,20,5917,4250,6125,Menlo,16,1,release,8,24,3,false,919,477,false,Metal,Apple M5 Pro,9
cjk,scroll_cycle,softwrap,40,12,21,5916,4250,6042,Menlo,16,1,release,8,24,3,false,1081,312,false,Metal,Apple M5 Pro,6
cjk,scroll_cycle,softwrap,40,12,22,5959,4250,6250,Menlo,16,1,release,8,24,3,false,1247,152,false,Metal,Apple M5 Pro,3
cjk,scroll_cycle,softwrap,40,12,23,5875,4334,5583,Menlo,16,1,release,8,24,3,false,1410,0,false,Metal,Apple M5 Pro,0
cjk,dense_novel_text,explicit_rows,40,12,0,3709,615333,6541,Menlo,16,1,release,8,24,3,false,0,0,false,Metal,Apple M5 Pro,0
cjk,dense_novel_text,explicit_rows,40,12,1,3708,635667,6583,Menlo,16,1,release,8,24,3,false,0,0,false,Metal,Apple M5 Pro,0
cjk,dense_novel_text,explicit_rows,40,12,2,3666,604542,6541,Menlo,16,1,release,8,24,3,false,0,0,false,Metal,Apple M5 Pro,0
cjk,dense_novel_text,explicit_rows,40,12,3,3666,606917,6500,Menlo,16,1,release,8,24,3,false,0,0,false,Metal,Apple M5 Pro,0
cjk,dense_novel_text,explicit_rows,40,12,4,3625,609625,6542,Menlo,16,1,release,8,24,3,false,0,0,false,Metal,Apple M5 Pro,0
cjk,dense_novel_text,explicit_rows,40,12,5,3708,608500,6500,Menlo,16,1,release,8,24,3,false,0,0,false,Metal,Apple M5 Pro,0
cjk,dense_novel_text,explicit_rows,40,12,6,3708,607042,6541,Menlo,16,1,release,8,24,3,false,0,0,false,Metal,Apple M5 Pro,0
cjk,dense_novel_text,explicit_rows,40,12,7,3625,610000,6542,Menlo,16,1,release,8,24,3,false,0,0,false,Metal,Apple M5 Pro,0
cjk,dense_novel_text,explicit_rows,40,12,8,3709,627166,6625,Menlo,16,1,release,8,24,3,false,0,0,false,Metal,Apple M5 Pro,0
cjk,dense_novel_text,explicit_rows,40,12,9,3916,579292,6583,Menlo,16,1,release,8,24,3,false,0,0,false,Metal,Apple M5 Pro,0
cjk,dense_novel_text,explicit_rows,40,12,10,3750,641084,6541,Menlo,16,1,release,8,24,3,false,0,0,false,Metal,Apple M5 Pro,0
cjk,dense_novel_text,explicit_rows,40,12,11,3750,592625,6500,Menlo,16,1,release,8,24,3,false,0,0,false,Metal,Apple M5 Pro,0
cjk,dense_novel_text,explicit_rows,40,12,12,3709,577292,6458,Menlo,16,1,release,8,24,3,false,0,0,false,Metal,Apple M5 Pro,0
cjk,dense_novel_text,explicit_rows,40,12,13,3625,579042,6416,Menlo,16,1,release,8,24,3,false,0,0,false,Metal,Apple M5 Pro,0
cjk,dense_novel_text,explicit_rows,40,12,14,3834,578375,6500,Menlo,16,1,release,8,24,3,false,0,0,false,Metal,Apple M5 Pro,0
cjk,dense_novel_text,explicit_rows,40,12,15,3792,578375,6542,Menlo,16,1,release,8,24,3,false,0,0,false,Metal,Apple M5 Pro,0
cjk,dense_novel_text,explicit_rows,40,12,16,3708,580083,6500,Menlo,16,1,release,8,24,3,false,0,0,false,Metal,Apple M5 Pro,0
cjk,dense_novel_text,explicit_rows,40,12,17,3625,578792,6583,Menlo,16,1,release,8,24,3,false,0,0,false,Metal,Apple M5 Pro,0
cjk,dense_novel_text,explicit_rows,40,12,18,3708,578000,6542,Menlo,16,1,release,8,24,3,false,0,0,false,Metal,Apple M5 Pro,0
cjk,dense_novel_text,explicit_rows,40,12,19,3666,582584,6459,Menlo,16,1,release,8,24,3,false,0,0,false,Metal,Apple M5 Pro,0
cjk,dense_novel_text,explicit_rows,40,12,20,3833,591667,6500,Menlo,16,1,release,8,24,3,false,0,0,false,Metal,Apple M5 Pro,0
cjk,dense_novel_text,explicit_rows,40,12,21,3709,583875,6459,Menlo,16,1,release,8,24,3,false,0,0,false,Metal,Apple M5 Pro,0
cjk,dense_novel_text,explicit_rows,40,12,22,3708,583834,6500,Menlo,16,1,release,8,24,3,false,0,0,false,Metal,Apple M5 Pro,0
cjk,dense_novel_text,explicit_rows,40,12,23,3708,579625,6541,Menlo,16,1,release,8,24,3,false,0,0,false,Metal,Apple M5 Pro,0
cjk,dense_novel_text,softwrap,40,12,0,5833,1419458,6125,Menlo,16,1,release,8,24,3,false,1410,0,false,Metal,Apple M5 Pro,0
cjk,dense_novel_text,softwrap,40,12,1,5834,1410500,6000,Menlo,16,1,release,8,24,3,false,1410,0,false,Metal,Apple M5 Pro,0
cjk,dense_novel_text,softwrap,40,12,2,5916,1395209,6042,Menlo,16,1,release,8,24,3,false,1410,0,false,Metal,Apple M5 Pro,0
cjk,dense_novel_text,softwrap,40,12,3,5959,1423250,6042,Menlo,16,1,release,8,24,3,false,1410,0,false,Metal,Apple M5 Pro,0
cjk,dense_novel_text,softwrap,40,12,4,5875,1408625,5959,Menlo,16,1,release,8,24,3,false,1410,0,false,Metal,Apple M5 Pro,0
cjk,dense_novel_text,softwrap,40,12,5,5875,1424458,6208,Menlo,16,1,release,8,24,3,false,1410,0,false,Metal,Apple M5 Pro,0
cjk,dense_novel_text,softwrap,40,12,6,6750,1425708,6166,Menlo,16,1,release,8,24,3,false,1410,0,false,Metal,Apple M5 Pro,0
cjk,dense_novel_text,softwrap,40,12,7,6208,1399750,6167,Menlo,16,1,release,8,24,3,false,1410,0,false,Metal,Apple M5 Pro,0
cjk,dense_novel_text,softwrap,40,12,8,6125,1405500,6083,Menlo,16,1,release,8,24,3,false,1410,0,false,Metal,Apple M5 Pro,0
cjk,dense_novel_text,softwrap,40,12,9,6084,1398500,6166,Menlo,16,1,release,8,24,3,false,1410,0,false,Metal,Apple M5 Pro,0
cjk,dense_novel_text,softwrap,40,12,10,6084,1397750,6125,Menlo,16,1,release,8,24,3,false,1410,0,false,Metal,Apple M5 Pro,0
cjk,dense_novel_text,softwrap,40,12,11,6084,1395125,6125,Menlo,16,1,release,8,24,3,false,1410,0,false,Metal,Apple M5 Pro,0
cjk,dense_novel_text,softwrap,40,12,12,6083,1489750,6125,Menlo,16,1,release,8,24,3,false,1410,0,false,Metal,Apple M5 Pro,0
cjk,dense_novel_text,softwrap,40,12,13,6250,1468458,6000,Menlo,16,1,release,8,24,3,false,1410,0,false,Metal,Apple M5 Pro,0
cjk,dense_novel_text,softwrap,40,12,14,5917,1469875,6083,Menlo,16,1,release,8,24,3,false,1410,0,false,Metal,Apple M5 Pro,0
cjk,dense_novel_text,softwrap,40,12,15,5959,1499542,6042,Menlo,16,1,release,8,24,3,false,1410,0,false,Metal,Apple M5 Pro,0
cjk,dense_novel_text,softwrap,40,12,16,5917,1496250,6084,Menlo,16,1,release,8,24,3,false,1410,0,false,Metal,Apple M5 Pro,0
cjk,dense_novel_text,softwrap,40,12,17,6000,1475458,6125,Menlo,16,1,release,8,24,3,false,1410,0,false,Metal,Apple M5 Pro,0
cjk,dense_novel_text,softwrap,40,12,18,5875,1476958,6125,Menlo,16,1,release,8,24,3,false,1410,0,false,Metal,Apple M5 Pro,0
cjk,dense_novel_text,softwrap,40,12,19,6417,1415458,6167,Menlo,16,1,release,8,24,3,false,1410,0,false,Metal,Apple M5 Pro,0
cjk,dense_novel_text,softwrap,40,12,20,5959,1441000,6125,Menlo,16,1,release,8,24,3,false,1410,0,false,Metal,Apple M5 Pro,0
cjk,dense_novel_text,softwrap,40,12,21,5916,1410917,6208,Menlo,16,1,release,8,24,3,false,1410,0,false,Metal,Apple M5 Pro,0
cjk,dense_novel_text,softwrap,40,12,22,5833,1404792,6084,Menlo,16,1,release,8,24,3,false,1410,0,false,Metal,Apple M5 Pro,0
cjk,dense_novel_text,softwrap,40,12,23,5833,1394917,6167,Menlo,16,1,release,8,24,3,false,1410,0,false,Metal,Apple M5 Pro,0
arabic,sparse_novel_counter,explicit_rows,40,12,0,3666,29334,916,Menlo,16,1,release,8,24,3,false,0,0,false,Metal,Apple M5 Pro,0
arabic,sparse_novel_counter,explicit_rows,40,12,1,3708,30834,958,Menlo,16,1,release,8,24,3,false,0,0,false,Metal,Apple M5 Pro,0
arabic,sparse_novel_counter,explicit_rows,40,12,2,3625,30542,917,Menlo,16,1,release,8,24,3,false,0,0,false,Metal,Apple M5 Pro,0
arabic,sparse_novel_counter,explicit_rows,40,12,3,3667,30458,959,Menlo,16,1,release,8,24,3,false,0,0,false,Metal,Apple M5 Pro,0
arabic,sparse_novel_counter,explicit_rows,40,12,4,3666,30500,959,Menlo,16,1,release,8,24,3,false,0,0,false,Metal,Apple M5 Pro,0
arabic,sparse_novel_counter,explicit_rows,40,12,5,3666,30583,959,Menlo,16,1,release,8,24,3,false,0,0,false,Metal,Apple M5 Pro,0
arabic,sparse_novel_counter,explicit_rows,40,12,6,3666,29958,959,Menlo,16,1,release,8,24,3,false,0,0,false,Metal,Apple M5 Pro,0
arabic,sparse_novel_counter,explicit_rows,40,12,7,4125,45167,1000,Menlo,16,1,release,8,24,3,false,0,0,false,Metal,Apple M5 Pro,0
arabic,sparse_novel_counter,explicit_rows,40,12,8,3708,34167,958,Menlo,16,1,release,8,24,3,false,0,0,false,Metal,Apple M5 Pro,0
arabic,sparse_novel_counter,explicit_rows,40,12,9,3708,39583,917,Menlo,16,1,release,8,24,3,false,0,0,false,Metal,Apple M5 Pro,0
arabic,sparse_novel_counter,explicit_rows,40,12,10,3625,30875,958,Menlo,16,1,release,8,24,3,false,0,0,false,Metal,Apple M5 Pro,0
arabic,sparse_novel_counter,explicit_rows,40,12,11,3667,29916,959,Menlo,16,1,release,8,24,3,false,0,0,false,Metal,Apple M5 Pro,0
arabic,sparse_novel_counter,explicit_rows,40,12,12,3708,36292,917,Menlo,16,1,release,8,24,3,false,0,0,false,Metal,Apple M5 Pro,0
arabic,sparse_novel_counter,explicit_rows,40,12,13,3666,30167,917,Menlo,16,1,release,8,24,3,false,0,0,false,Metal,Apple M5 Pro,0
arabic,sparse_novel_counter,explicit_rows,40,12,14,3708,37209,917,Menlo,16,1,release,8,24,3,false,0,0,false,Metal,Apple M5 Pro,0
arabic,sparse_novel_counter,explicit_rows,40,12,15,3875,29916,1042,Menlo,16,1,release,8,24,3,false,0,0,false,Metal,Apple M5 Pro,0
arabic,sparse_novel_counter,explicit_rows,40,12,16,3667,30250,958,Menlo,16,1,release,8,24,3,false,0,0,false,Metal,Apple M5 Pro,0
arabic,sparse_novel_counter,explicit_rows,40,12,17,3625,30458,959,Menlo,16,1,release,8,24,3,false,0,0,false,Metal,Apple M5 Pro,0
arabic,sparse_novel_counter,explicit_rows,40,12,18,3667,30291,917,Menlo,16,1,release,8,24,3,false,0,0,false,Metal,Apple M5 Pro,0
arabic,sparse_novel_counter,explicit_rows,40,12,19,3708,29750,916,Menlo,16,1,release,8,24,3,false,0,0,false,Metal,Apple M5 Pro,0
arabic,sparse_novel_counter,explicit_rows,40,12,20,3667,29833,958,Menlo,16,1,release,8,24,3,false,0,0,false,Metal,Apple M5 Pro,0
arabic,sparse_novel_counter,explicit_rows,40,12,21,3666,30042,916,Menlo,16,1,release,8,24,3,false,0,0,false,Metal,Apple M5 Pro,0
arabic,sparse_novel_counter,explicit_rows,40,12,22,3625,30458,959,Menlo,16,1,release,8,24,3,false,0,0,false,Metal,Apple M5 Pro,0
arabic,sparse_novel_counter,explicit_rows,40,12,23,3667,29750,958,Menlo,16,1,release,8,24,3,false,0,0,false,Metal,Apple M5 Pro,0
arabic,sparse_novel_counter,softwrap,40,12,0,8958,994792,10666,Menlo,16,1,release,8,24,3,false,1814,0,false,Metal,Apple M5 Pro,0
arabic,sparse_novel_counter,softwrap,40,12,1,7750,962042,10583,Menlo,16,1,release,8,24,3,false,1814,0,false,Metal,Apple M5 Pro,0
arabic,sparse_novel_counter,softwrap,40,12,2,7791,948792,10333,Menlo,16,1,release,8,24,3,false,1814,0,false,Metal,Apple M5 Pro,0
arabic,sparse_novel_counter,softwrap,40,12,3,7500,947292,10334,Menlo,16,1,release,8,24,3,false,1814,0,false,Metal,Apple M5 Pro,0
arabic,sparse_novel_counter,softwrap,40,12,4,7417,964917,10542,Menlo,16,1,release,8,24,3,false,1814,0,false,Metal,Apple M5 Pro,0
arabic,sparse_novel_counter,softwrap,40,12,5,7416,953542,10583,Menlo,16,1,release,8,24,3,false,1814,0,false,Metal,Apple M5 Pro,0
arabic,sparse_novel_counter,softwrap,40,12,6,7333,987125,10333,Menlo,16,1,release,8,24,3,false,1814,0,false,Metal,Apple M5 Pro,0
arabic,sparse_novel_counter,softwrap,40,12,7,7125,947083,10584,Menlo,16,1,release,8,24,3,false,1814,0,false,Metal,Apple M5 Pro,0
arabic,sparse_novel_counter,softwrap,40,12,8,7333,949000,10291,Menlo,16,1,release,8,24,3,false,1814,0,false,Metal,Apple M5 Pro,0
arabic,sparse_novel_counter,softwrap,40,12,9,7083,1025875,10542,Menlo,16,1,release,8,24,3,false,1814,0,false,Metal,Apple M5 Pro,0
arabic,sparse_novel_counter,softwrap,40,12,10,9084,998125,10584,Menlo,16,1,release,8,24,3,false,1814,0,false,Metal,Apple M5 Pro,0
arabic,sparse_novel_counter,softwrap,40,12,11,7750,953917,10334,Menlo,16,1,release,8,24,3,false,1814,0,false,Metal,Apple M5 Pro,0
arabic,sparse_novel_counter,softwrap,40,12,12,7292,961375,10334,Menlo,16,1,release,8,24,3,false,1814,0,false,Metal,Apple M5 Pro,0
arabic,sparse_novel_counter,softwrap,40,12,13,7333,969625,10584,Menlo,16,1,release,8,24,3,false,1814,0,false,Metal,Apple M5 Pro,0
arabic,sparse_novel_counter,softwrap,40,12,14,7167,941667,10291,Menlo,16,1,release,8,24,3,false,1814,0,false,Metal,Apple M5 Pro,0
arabic,sparse_novel_counter,softwrap,40,12,15,7167,952958,10583,Menlo,16,1,release,8,24,3,false,1814,0,false,Metal,Apple M5 Pro,0
arabic,sparse_novel_counter,softwrap,40,12,16,7208,951417,10500,Menlo,16,1,release,8,24,3,false,1814,0,false,Metal,Apple M5 Pro,0
arabic,sparse_novel_counter,softwrap,40,12,17,7084,935917,10541,Menlo,16,1,release,8,24,3,false,1814,0,false,Metal,Apple M5 Pro,0
arabic,sparse_novel_counter,softwrap,40,12,18,7125,934500,10292,Menlo,16,1,release,8,24,3,false,1814,0,false,Metal,Apple M5 Pro,0
arabic,sparse_novel_counter,softwrap,40,12,19,7042,1013416,10542,Menlo,16,1,release,8,24,3,false,1814,0,false,Metal,Apple M5 Pro,0
arabic,sparse_novel_counter,softwrap,40,12,20,8584,977083,10333,Menlo,16,1,release,8,24,3,false,1814,0,false,Metal,Apple M5 Pro,0
arabic,sparse_novel_counter,softwrap,40,12,21,7791,954542,10375,Menlo,16,1,release,8,24,3,false,1814,0,false,Metal,Apple M5 Pro,0
arabic,sparse_novel_counter,softwrap,40,12,22,7292,945209,10333,Menlo,16,1,release,8,24,3,false,1814,0,false,Metal,Apple M5 Pro,0
arabic,sparse_novel_counter,softwrap,40,12,23,7084,941250,10250,Menlo,16,1,release,8,24,3,false,1814,0,false,Metal,Apple M5 Pro,0
arabic,scroll_cycle,explicit_rows,40,12,0,3666,4042,10375,Menlo,16,1,release,8,24,3,false,0,0,false,Metal,Apple M5 Pro,3
arabic,scroll_cycle,explicit_rows,40,12,1,3666,4042,10042,Menlo,16,1,release,8,24,3,false,0,0,false,Metal,Apple M5 Pro,6
arabic,scroll_cycle,explicit_rows,40,12,2,3791,4042,9958,Menlo,16,1,release,8,24,3,false,0,0,false,Metal,Apple M5 Pro,9
arabic,scroll_cycle,explicit_rows,40,12,3,3750,4083,10042,Menlo,16,1,release,8,24,3,false,0,0,false,Metal,Apple M5 Pro,12
arabic,scroll_cycle,explicit_rows,40,12,4,3750,4083,9834,Menlo,16,1,release,8,24,3,false,0,0,false,Metal,Apple M5 Pro,9
arabic,scroll_cycle,explicit_rows,40,12,5,3625,4083,9792,Menlo,16,1,release,8,24,3,false,0,0,false,Metal,Apple M5 Pro,6
arabic,scroll_cycle,explicit_rows,40,12,6,3625,4125,9791,Menlo,16,1,release,8,24,3,false,0,0,false,Metal,Apple M5 Pro,3
arabic,scroll_cycle,explicit_rows,40,12,7,3667,4125,9875,Menlo,16,1,release,8,24,3,false,0,0,false,Metal,Apple M5 Pro,0
arabic,scroll_cycle,explicit_rows,40,12,8,3666,4042,9833,Menlo,16,1,release,8,24,3,false,0,0,false,Metal,Apple M5 Pro,3
arabic,scroll_cycle,explicit_rows,40,12,9,3625,4125,9833,Menlo,16,1,release,8,24,3,false,0,0,false,Metal,Apple M5 Pro,6
arabic,scroll_cycle,explicit_rows,40,12,10,3625,4083,9834,Menlo,16,1,release,8,24,3,false,0,0,false,Metal,Apple M5 Pro,9
arabic,scroll_cycle,explicit_rows,40,12,11,3667,4125,9916,Menlo,16,1,release,8,24,3,false,0,0,false,Metal,Apple M5 Pro,12
arabic,scroll_cycle,explicit_rows,40,12,12,3667,4125,9833,Menlo,16,1,release,8,24,3,false,0,0,false,Metal,Apple M5 Pro,9
arabic,scroll_cycle,explicit_rows,40,12,13,3625,4084,9792,Menlo,16,1,release,8,24,3,false,0,0,false,Metal,Apple M5 Pro,6
arabic,scroll_cycle,explicit_rows,40,12,14,3667,4125,9875,Menlo,16,1,release,8,24,3,false,0,0,false,Metal,Apple M5 Pro,3
arabic,scroll_cycle,explicit_rows,40,12,15,3667,4042,9792,Menlo,16,1,release,8,24,3,false,0,0,false,Metal,Apple M5 Pro,0
arabic,scroll_cycle,explicit_rows,40,12,16,3750,4083,9833,Menlo,16,1,release,8,24,3,false,0,0,false,Metal,Apple M5 Pro,3
arabic,scroll_cycle,explicit_rows,40,12,17,3666,4083,9792,Menlo,16,1,release,8,24,3,false,0,0,false,Metal,Apple M5 Pro,6
arabic,scroll_cycle,explicit_rows,40,12,18,3625,4000,9917,Menlo,16,1,release,8,24,3,false,0,0,false,Metal,Apple M5 Pro,9
arabic,scroll_cycle,explicit_rows,40,12,19,3667,4083,9792,Menlo,16,1,release,8,24,3,false,0,0,false,Metal,Apple M5 Pro,12
arabic,scroll_cycle,explicit_rows,40,12,20,3666,4084,9792,Menlo,16,1,release,8,24,3,false,0,0,false,Metal,Apple M5 Pro,9
arabic,scroll_cycle,explicit_rows,40,12,21,3625,4000,9959,Menlo,16,1,release,8,24,3,false,0,0,false,Metal,Apple M5 Pro,6
arabic,scroll_cycle,explicit_rows,40,12,22,3667,4042,9916,Menlo,16,1,release,8,24,3,false,0,0,false,Metal,Apple M5 Pro,3
arabic,scroll_cycle,explicit_rows,40,12,23,3625,4125,9958,Menlo,16,1,release,8,24,3,false,0,0,false,Metal,Apple M5 Pro,0
arabic,scroll_cycle,softwrap,40,12,0,7542,4625,10709,Menlo,16,1,release,8,24,3,false,1605,206,false,Metal,Apple M5 Pro,3
arabic,scroll_cycle,softwrap,40,12,1,7208,4417,10833,Menlo,16,1,release,8,24,3,false,1396,412,false,Metal,Apple M5 Pro,6
arabic,scroll_cycle,softwrap,40,12,2,7041,4584,11083,Menlo,16,1,release,8,24,3,false,1186,618,false,Metal,Apple M5 Pro,9
arabic,scroll_cycle,softwrap,40,12,3,7125,4375,11166,Menlo,16,1,release,8,24,3,false,977,824,false,Metal,Apple M5 Pro,12
arabic,scroll_cycle,softwrap,40,12,4,6834,4375,11000,Menlo,16,1,release,8,24,3,false,1186,618,false,Metal,Apple M5 Pro,9
arabic,scroll_cycle,softwrap,40,12,5,6834,4416,10792,Menlo,16,1,release,8,24,3,false,1396,412,false,Metal,Apple M5 Pro,6
arabic,scroll_cycle,softwrap,40,12,6,6958,4542,10583,Menlo,16,1,release,8,24,3,false,1605,206,false,Metal,Apple M5 Pro,3
arabic,scroll_cycle,softwrap,40,12,7,7000,4458,10125,Menlo,16,1,release,8,24,3,false,1814,0,false,Metal,Apple M5 Pro,0
arabic,scroll_cycle,softwrap,40,12,8,6625,4417,10667,Menlo,16,1,release,8,24,3,false,1605,206,false,Metal,Apple M5 Pro,3
arabic,scroll_cycle,softwrap,40,12,9,6667,4458,10750,Menlo,16,1,release,8,24,3,false,1396,412,false,Metal,Apple M5 Pro,6
arabic,scroll_cycle,softwrap,40,12,10,6833,4417,10833,Menlo,16,1,release,8,24,3,false,1186,618,false,Metal,Apple M5 Pro,9
arabic,scroll_cycle,softwrap,40,12,11,6833,4292,11042,Menlo,16,1,release,8,24,3,false,977,824,false,Metal,Apple M5 Pro,12
arabic,scroll_cycle,softwrap,40,12,12,7000,4375,11000,Menlo,16,1,release,8,24,3,false,1186,618,false,Metal,Apple M5 Pro,9
arabic,scroll_cycle,softwrap,40,12,13,6666,4417,10792,Menlo,16,1,release,8,24,3,false,1396,412,false,Metal,Apple M5 Pro,6
arabic,scroll_cycle,softwrap,40,12,14,6708,4375,10666,Menlo,16,1,release,8,24,3,false,1605,206,false,Metal,Apple M5 Pro,3
arabic,scroll_cycle,softwrap,40,12,15,6708,4458,10458,Menlo,16,1,release,8,24,3,false,1814,0,false,Metal,Apple M5 Pro,0
arabic,scroll_cycle,softwrap,40,12,16,6625,4459,10709,Menlo,16,1,release,8,24,3,false,1605,206,false,Metal,Apple M5 Pro,3
arabic,scroll_cycle,softwrap,40,12,17,6750,4458,10875,Menlo,16,1,release,8,24,3,false,1396,412,false,Metal,Apple M5 Pro,6
arabic,scroll_cycle,softwrap,40,12,18,6833,4583,10959,Menlo,16,1,release,8,24,3,false,1186,618,false,Metal,Apple M5 Pro,9
arabic,scroll_cycle,softwrap,40,12,19,6792,4334,11000,Menlo,16,1,release,8,24,3,false,977,824,false,Metal,Apple M5 Pro,12
arabic,scroll_cycle,softwrap,40,12,20,6833,4458,10667,Menlo,16,1,release,8,24,3,false,1186,618,false,Metal,Apple M5 Pro,9
arabic,scroll_cycle,softwrap,40,12,21,6625,4375,10291,Menlo,16,1,release,8,24,3,false,1396,412,false,Metal,Apple M5 Pro,6
arabic,scroll_cycle,softwrap,40,12,22,6708,4417,10291,Menlo,16,1,release,8,24,3,false,1605,206,false,Metal,Apple M5 Pro,3
arabic,scroll_cycle,softwrap,40,12,23,6667,4458,9833,Menlo,16,1,release,8,24,3,false,1814,0,false,Metal,Apple M5 Pro,0
arabic,dense_novel_text,explicit_rows,40,12,0,3666,304875,10417,Menlo,16,1,release,8,24,3,false,0,0,false,Metal,Apple M5 Pro,0
arabic,dense_novel_text,explicit_rows,40,12,1,3708,334125,10459,Menlo,16,1,release,8,24,3,false,0,0,false,Metal,Apple M5 Pro,0
arabic,dense_novel_text,explicit_rows,40,12,2,3708,305084,10500,Menlo,16,1,release,8,24,3,false,0,0,false,Metal,Apple M5 Pro,0
arabic,dense_novel_text,explicit_rows,40,12,3,3667,305542,10500,Menlo,16,1,release,8,24,3,false,0,0,false,Metal,Apple M5 Pro,0
arabic,dense_novel_text,explicit_rows,40,12,4,3958,311417,10625,Menlo,16,1,release,8,24,3,false,0,0,false,Metal,Apple M5 Pro,0
arabic,dense_novel_text,explicit_rows,40,12,5,3708,304375,10500,Menlo,16,1,release,8,24,3,false,0,0,false,Metal,Apple M5 Pro,0
arabic,dense_novel_text,explicit_rows,40,12,6,3667,304584,10416,Menlo,16,1,release,8,24,3,false,0,0,false,Metal,Apple M5 Pro,0
arabic,dense_novel_text,explicit_rows,40,12,7,3667,316042,10541,Menlo,16,1,release,8,24,3,false,0,0,false,Metal,Apple M5 Pro,0
arabic,dense_novel_text,explicit_rows,40,12,8,3625,304875,10375,Menlo,16,1,release,8,24,3,false,0,0,false,Metal,Apple M5 Pro,0
arabic,dense_novel_text,explicit_rows,40,12,9,3666,304334,10334,Menlo,16,1,release,8,24,3,false,0,0,false,Metal,Apple M5 Pro,0
arabic,dense_novel_text,explicit_rows,40,12,10,3667,374375,10417,Menlo,16,1,release,8,24,3,false,0,0,false,Metal,Apple M5 Pro,0
arabic,dense_novel_text,explicit_rows,40,12,11,3667,304667,10333,Menlo,16,1,release,8,24,3,false,0,0,false,Metal,Apple M5 Pro,0
arabic,dense_novel_text,explicit_rows,40,12,12,3666,304959,10416,Menlo,16,1,release,8,24,3,false,0,0,false,Metal,Apple M5 Pro,0
arabic,dense_novel_text,explicit_rows,40,12,13,3666,320625,10375,Menlo,16,1,release,8,24,3,false,0,0,false,Metal,Apple M5 Pro,0
arabic,dense_novel_text,explicit_rows,40,12,14,3666,306334,10375,Menlo,16,1,release,8,24,3,false,0,0,false,Metal,Apple M5 Pro,0
arabic,dense_novel_text,explicit_rows,40,12,15,3667,306542,10334,Menlo,16,1,release,8,24,3,false,0,0,false,Metal,Apple M5 Pro,0
arabic,dense_novel_text,explicit_rows,40,12,16,3666,311834,10375,Menlo,16,1,release,8,24,3,false,0,0,false,Metal,Apple M5 Pro,0
arabic,dense_novel_text,explicit_rows,40,12,17,3667,307166,10375,Menlo,16,1,release,8,24,3,false,0,0,false,Metal,Apple M5 Pro,0
arabic,dense_novel_text,explicit_rows,40,12,18,3667,307375,10417,Menlo,16,1,release,8,24,3,false,0,0,false,Metal,Apple M5 Pro,0
arabic,dense_novel_text,explicit_rows,40,12,19,3666,305708,10292,Menlo,16,1,release,8,24,3,false,0,0,false,Metal,Apple M5 Pro,0
arabic,dense_novel_text,explicit_rows,40,12,20,3792,306625,10333,Menlo,16,1,release,8,24,3,false,0,0,false,Metal,Apple M5 Pro,0
arabic,dense_novel_text,explicit_rows,40,12,21,3708,306333,10334,Menlo,16,1,release,8,24,3,false,0,0,false,Metal,Apple M5 Pro,0
arabic,dense_novel_text,explicit_rows,40,12,22,3709,307417,10583,Menlo,16,1,release,8,24,3,false,0,0,false,Metal,Apple M5 Pro,0
arabic,dense_novel_text,explicit_rows,40,12,23,3666,307750,10375,Menlo,16,1,release,8,24,3,false,0,0,false,Metal,Apple M5 Pro,0
arabic,dense_novel_text,softwrap,40,12,0,7333,933292,10459,Menlo,16,1,release,8,24,3,false,1814,0,false,Metal,Apple M5 Pro,0
arabic,dense_novel_text,softwrap,40,12,1,7000,935500,10500,Menlo,16,1,release,8,24,3,false,1814,0,false,Metal,Apple M5 Pro,0
arabic,dense_novel_text,softwrap,40,12,2,7292,934958,10500,Menlo,16,1,release,8,24,3,false,1814,0,false,Metal,Apple M5 Pro,0
arabic,dense_novel_text,softwrap,40,12,3,7042,959750,10666,Menlo,16,1,release,8,24,3,false,1814,0,false,Metal,Apple M5 Pro,0
arabic,dense_novel_text,softwrap,40,12,4,7375,935500,10584,Menlo,16,1,release,8,24,3,false,1814,0,false,Metal,Apple M5 Pro,0
arabic,dense_novel_text,softwrap,40,12,5,7125,935750,10459,Menlo,16,1,release,8,24,3,false,1814,0,false,Metal,Apple M5 Pro,0
arabic,dense_novel_text,softwrap,40,12,6,7125,956708,10583,Menlo,16,1,release,8,24,3,false,1814,0,false,Metal,Apple M5 Pro,0
arabic,dense_novel_text,softwrap,40,12,7,7084,960417,10250,Menlo,16,1,release,8,24,3,false,1814,0,false,Metal,Apple M5 Pro,0
arabic,dense_novel_text,softwrap,40,12,8,7042,965125,10292,Menlo,16,1,release,8,24,3,false,1814,0,false,Metal,Apple M5 Pro,0
arabic,dense_novel_text,softwrap,40,12,9,7208,960458,10208,Menlo,16,1,release,8,24,3,false,1814,0,false,Metal,Apple M5 Pro,0
arabic,dense_novel_text,softwrap,40,12,10,7084,934375,10459,Menlo,16,1,release,8,24,3,false,1814,0,false,Metal,Apple M5 Pro,0
arabic,dense_novel_text,softwrap,40,12,11,7083,936833,10250,Menlo,16,1,release,8,24,3,false,1814,0,false,Metal,Apple M5 Pro,0
arabic,dense_novel_text,softwrap,40,12,12,6875,935708,10417,Menlo,16,1,release,8,24,3,false,1814,0,false,Metal,Apple M5 Pro,0
arabic,dense_novel_text,softwrap,40,12,13,6959,939416,10458,Menlo,16,1,release,8,24,3,false,1814,0,false,Metal,Apple M5 Pro,0
arabic,dense_novel_text,softwrap,40,12,14,6917,935667,10458,Menlo,16,1,release,8,24,3,false,1814,0,false,Metal,Apple M5 Pro,0
arabic,dense_novel_text,softwrap,40,12,15,6875,942042,10333,Menlo,16,1,release,8,24,3,false,1814,0,false,Metal,Apple M5 Pro,0
arabic,dense_novel_text,softwrap,40,12,16,6834,935834,10208,Menlo,16,1,release,8,24,3,false,1814,0,false,Metal,Apple M5 Pro,0
arabic,dense_novel_text,softwrap,40,12,17,7167,939666,10500,Menlo,16,1,release,8,24,3,false,1814,0,false,Metal,Apple M5 Pro,0
arabic,dense_novel_text,softwrap,40,12,18,6917,936458,10500,Menlo,16,1,release,8,24,3,false,1814,0,false,Metal,Apple M5 Pro,0
arabic,dense_novel_text,softwrap,40,12,19,6875,947292,10291,Menlo,16,1,release,8,24,3,false,1814,0,false,Metal,Apple M5 Pro,0
arabic,dense_novel_text,softwrap,40,12,20,6875,940583,10458,Menlo,16,1,release,8,24,3,false,1814,0,false,Metal,Apple M5 Pro,0
arabic,dense_novel_text,softwrap,40,12,21,6833,934958,10500,Menlo,16,1,release,8,24,3,false,1814,0,false,Metal,Apple M5 Pro,0
arabic,dense_novel_text,softwrap,40,12,22,6833,937250,10458,Menlo,16,1,release,8,24,3,false,1814,0,false,Metal,Apple M5 Pro,0
arabic,dense_novel_text,softwrap,40,12,23,9667,952041,10458,Menlo,16,1,release,8,24,3,false,1814,0,false,Metal,Apple M5 Pro,0
rtl_context_ltr_viewport,sparse_novel_counter,explicit_rows,40,12,0,3625,4834,625,Menlo,16,1,release,8,24,3,false,0,0,false,Metal,Apple M5 Pro,0
rtl_context_ltr_viewport,sparse_novel_counter,explicit_rows,40,12,1,3667,5083,41958,Menlo,16,1,release,8,24,3,false,0,0,false,Metal,Apple M5 Pro,0
rtl_context_ltr_viewport,sparse_novel_counter,explicit_rows,40,12,2,3750,5084,625,Menlo,16,1,release,8,24,3,false,0,0,false,Metal,Apple M5 Pro,0
rtl_context_ltr_viewport,sparse_novel_counter,explicit_rows,40,12,3,3625,4959,666,Menlo,16,1,release,8,24,3,false,0,0,false,Metal,Apple M5 Pro,0
rtl_context_ltr_viewport,sparse_novel_counter,explicit_rows,40,12,4,3625,6292,625,Menlo,16,1,release,8,24,3,false,0,0,false,Metal,Apple M5 Pro,0
rtl_context_ltr_viewport,sparse_novel_counter,explicit_rows,40,12,5,3625,5375,625,Menlo,16,1,release,8,24,3,false,0,0,false,Metal,Apple M5 Pro,0
rtl_context_ltr_viewport,sparse_novel_counter,explicit_rows,40,12,6,3625,4833,625,Menlo,16,1,release,8,24,3,false,0,0,false,Metal,Apple M5 Pro,0
rtl_context_ltr_viewport,sparse_novel_counter,explicit_rows,40,12,7,3666,5000,667,Menlo,16,1,release,8,24,3,false,0,0,false,Metal,Apple M5 Pro,0
rtl_context_ltr_viewport,sparse_novel_counter,explicit_rows,40,12,8,3625,4916,625,Menlo,16,1,release,8,24,3,false,0,0,false,Metal,Apple M5 Pro,0
rtl_context_ltr_viewport,sparse_novel_counter,explicit_rows,40,12,9,3625,12833,667,Menlo,16,1,release,8,24,3,false,0,0,false,Metal,Apple M5 Pro,0
rtl_context_ltr_viewport,sparse_novel_counter,explicit_rows,40,12,10,3625,6000,625,Menlo,16,1,release,8,24,3,false,0,0,false,Metal,Apple M5 Pro,0
rtl_context_ltr_viewport,sparse_novel_counter,explicit_rows,40,12,11,3625,4916,18959,Menlo,16,1,release,8,24,3,false,0,0,false,Metal,Apple M5 Pro,0
rtl_context_ltr_viewport,sparse_novel_counter,explicit_rows,40,12,12,3667,5000,667,Menlo,16,1,release,8,24,3,false,0,0,false,Metal,Apple M5 Pro,0
rtl_context_ltr_viewport,sparse_novel_counter,explicit_rows,40,12,13,3625,5167,625,Menlo,16,1,release,8,24,3,false,0,0,false,Metal,Apple M5 Pro,0
rtl_context_ltr_viewport,sparse_novel_counter,explicit_rows,40,12,14,3667,4958,667,Menlo,16,1,release,8,24,3,false,0,0,false,Metal,Apple M5 Pro,0
rtl_context_ltr_viewport,sparse_novel_counter,explicit_rows,40,12,15,3625,4916,667,Menlo,16,1,release,8,24,3,false,0,0,false,Metal,Apple M5 Pro,0
rtl_context_ltr_viewport,sparse_novel_counter,explicit_rows,40,12,16,3625,5625,667,Menlo,16,1,release,8,24,3,false,0,0,false,Metal,Apple M5 Pro,0
rtl_context_ltr_viewport,sparse_novel_counter,explicit_rows,40,12,17,3625,5375,625,Menlo,16,1,release,8,24,3,false,0,0,false,Metal,Apple M5 Pro,0
rtl_context_ltr_viewport,sparse_novel_counter,explicit_rows,40,12,18,3625,4916,625,Menlo,16,1,release,8,24,3,false,0,0,false,Metal,Apple M5 Pro,0
rtl_context_ltr_viewport,sparse_novel_counter,explicit_rows,40,12,19,3625,5000,666,Menlo,16,1,release,8,24,3,false,0,0,false,Metal,Apple M5 Pro,0
rtl_context_ltr_viewport,sparse_novel_counter,explicit_rows,40,12,20,3625,4917,625,Menlo,16,1,release,8,24,3,false,0,0,false,Metal,Apple M5 Pro,0
rtl_context_ltr_viewport,sparse_novel_counter,explicit_rows,40,12,21,3625,4959,17708,Menlo,16,1,release,8,24,3,false,0,0,false,Metal,Apple M5 Pro,0
rtl_context_ltr_viewport,sparse_novel_counter,explicit_rows,40,12,22,3625,5958,625,Menlo,16,1,release,8,24,3,false,0,0,false,Metal,Apple M5 Pro,0
rtl_context_ltr_viewport,sparse_novel_counter,explicit_rows,40,12,23,3667,4875,625,Menlo,16,1,release,8,24,3,false,0,0,false,Metal,Apple M5 Pro,0
rtl_context_ltr_viewport,sparse_novel_counter,softwrap,40,12,0,6542,341167,9833,Menlo,16,1,release,8,24,3,false,1081,0,false,Metal,Apple M5 Pro,0
rtl_context_ltr_viewport,sparse_novel_counter,softwrap,40,12,1,6542,342667,10000,Menlo,16,1,release,8,24,3,false,1081,0,false,Metal,Apple M5 Pro,0
rtl_context_ltr_viewport,sparse_novel_counter,softwrap,40,12,2,6417,339417,10208,Menlo,16,1,release,8,24,3,false,1081,0,false,Metal,Apple M5 Pro,0
rtl_context_ltr_viewport,sparse_novel_counter,softwrap,40,12,3,6458,340583,9917,Menlo,16,1,release,8,24,3,false,1081,0,false,Metal,Apple M5 Pro,0
rtl_context_ltr_viewport,sparse_novel_counter,softwrap,40,12,4,6542,341167,10000,Menlo,16,1,release,8,24,3,false,1081,0,false,Metal,Apple M5 Pro,0
rtl_context_ltr_viewport,sparse_novel_counter,softwrap,40,12,5,6542,340542,9917,Menlo,16,1,release,8,24,3,false,1081,0,false,Metal,Apple M5 Pro,0
rtl_context_ltr_viewport,sparse_novel_counter,softwrap,40,12,6,6250,360833,10041,Menlo,16,1,release,8,24,3,false,1081,0,false,Metal,Apple M5 Pro,0
rtl_context_ltr_viewport,sparse_novel_counter,softwrap,40,12,7,6458,352458,9917,Menlo,16,1,release,8,24,3,false,1081,0,false,Metal,Apple M5 Pro,0
rtl_context_ltr_viewport,sparse_novel_counter,softwrap,40,12,8,6417,378792,10166,Menlo,16,1,release,8,24,3,false,1081,0,false,Metal,Apple M5 Pro,0
rtl_context_ltr_viewport,sparse_novel_counter,softwrap,40,12,9,7542,357083,9917,Menlo,16,1,release,8,24,3,false,1081,0,false,Metal,Apple M5 Pro,0
rtl_context_ltr_viewport,sparse_novel_counter,softwrap,40,12,10,6834,348916,10042,Menlo,16,1,release,8,24,3,false,1081,0,false,Metal,Apple M5 Pro,0
rtl_context_ltr_viewport,sparse_novel_counter,softwrap,40,12,11,7042,345625,10000,Menlo,16,1,release,8,24,3,false,1081,0,false,Metal,Apple M5 Pro,0
rtl_context_ltr_viewport,sparse_novel_counter,softwrap,40,12,12,6667,342875,10084,Menlo,16,1,release,8,24,3,false,1081,0,false,Metal,Apple M5 Pro,0
rtl_context_ltr_viewport,sparse_novel_counter,softwrap,40,12,13,6667,343083,9833,Menlo,16,1,release,8,24,3,false,1081,0,false,Metal,Apple M5 Pro,0
rtl_context_ltr_viewport,sparse_novel_counter,softwrap,40,12,14,6792,343166,10083,Menlo,16,1,release,8,24,3,false,1081,0,false,Metal,Apple M5 Pro,0
rtl_context_ltr_viewport,sparse_novel_counter,softwrap,40,12,15,6625,342125,10167,Menlo,16,1,release,8,24,3,false,1081,0,false,Metal,Apple M5 Pro,0
rtl_context_ltr_viewport,sparse_novel_counter,softwrap,40,12,16,6584,341708,10083,Menlo,16,1,release,8,24,3,false,1081,0,false,Metal,Apple M5 Pro,0
rtl_context_ltr_viewport,sparse_novel_counter,softwrap,40,12,17,6666,341958,10084,Menlo,16,1,release,8,24,3,false,1081,0,false,Metal,Apple M5 Pro,0
rtl_context_ltr_viewport,sparse_novel_counter,softwrap,40,12,18,6625,345583,10167,Menlo,16,1,release,8,24,3,false,1081,0,false,Metal,Apple M5 Pro,0
rtl_context_ltr_viewport,sparse_novel_counter,softwrap,40,12,19,6625,343833,10083,Menlo,16,1,release,8,24,3,false,1081,0,false,Metal,Apple M5 Pro,0
rtl_context_ltr_viewport,sparse_novel_counter,softwrap,40,12,20,6666,343542,10083,Menlo,16,1,release,8,24,3,false,1081,0,false,Metal,Apple M5 Pro,0
rtl_context_ltr_viewport,sparse_novel_counter,softwrap,40,12,21,6625,342833,10042,Menlo,16,1,release,8,24,3,false,1081,0,false,Metal,Apple M5 Pro,0
rtl_context_ltr_viewport,sparse_novel_counter,softwrap,40,12,22,6584,341041,10125,Menlo,16,1,release,8,24,3,false,1081,0,false,Metal,Apple M5 Pro,0
rtl_context_ltr_viewport,sparse_novel_counter,softwrap,40,12,23,6625,342667,10084,Menlo,16,1,release,8,24,3,false,1081,0,false,Metal,Apple M5 Pro,0
rtl_context_ltr_viewport,scroll_cycle,explicit_rows,40,12,0,3666,4000,6625,Menlo,16,1,release,8,24,3,false,0,0,false,Metal,Apple M5 Pro,3
rtl_context_ltr_viewport,scroll_cycle,explicit_rows,40,12,1,3625,4125,6708,Menlo,16,1,release,8,24,3,false,0,0,false,Metal,Apple M5 Pro,6
rtl_context_ltr_viewport,scroll_cycle,explicit_rows,40,12,2,3666,4125,6708,Menlo,16,1,release,8,24,3,false,0,0,false,Metal,Apple M5 Pro,9
rtl_context_ltr_viewport,scroll_cycle,explicit_rows,40,12,3,3667,4167,6750,Menlo,16,1,release,8,24,3,false,0,0,false,Metal,Apple M5 Pro,12
rtl_context_ltr_viewport,scroll_cycle,explicit_rows,40,12,4,3709,4125,6708,Menlo,16,1,release,8,24,3,false,0,0,false,Metal,Apple M5 Pro,9
rtl_context_ltr_viewport,scroll_cycle,explicit_rows,40,12,5,3666,4209,6750,Menlo,16,1,release,8,24,3,false,0,0,false,Metal,Apple M5 Pro,6
rtl_context_ltr_viewport,scroll_cycle,explicit_rows,40,12,6,3667,4208,6750,Menlo,16,1,release,8,24,3,false,0,0,false,Metal,Apple M5 Pro,3
rtl_context_ltr_viewport,scroll_cycle,explicit_rows,40,12,7,3667,4125,6625,Menlo,16,1,release,8,24,3,false,0,0,false,Metal,Apple M5 Pro,0
rtl_context_ltr_viewport,scroll_cycle,explicit_rows,40,12,8,3666,4084,6584,Menlo,16,1,release,8,24,3,false,0,0,false,Metal,Apple M5 Pro,3
rtl_context_ltr_viewport,scroll_cycle,explicit_rows,40,12,9,3625,4125,6667,Menlo,16,1,release,8,24,3,false,0,0,false,Metal,Apple M5 Pro,6
rtl_context_ltr_viewport,scroll_cycle,explicit_rows,40,12,10,3625,4250,6792,Menlo,16,1,release,8,24,3,false,0,0,false,Metal,Apple M5 Pro,9
rtl_context_ltr_viewport,scroll_cycle,explicit_rows,40,12,11,3667,4125,6666,Menlo,16,1,release,8,24,3,false,0,0,false,Metal,Apple M5 Pro,12
rtl_context_ltr_viewport,scroll_cycle,explicit_rows,40,12,12,3667,4125,6708,Menlo,16,1,release,8,24,3,false,0,0,false,Metal,Apple M5 Pro,9
rtl_context_ltr_viewport,scroll_cycle,explicit_rows,40,12,13,3625,4083,6750,Menlo,16,1,release,8,24,3,false,0,0,false,Metal,Apple M5 Pro,6
rtl_context_ltr_viewport,scroll_cycle,explicit_rows,40,12,14,3667,4167,6666,Menlo,16,1,release,8,24,3,false,0,0,false,Metal,Apple M5 Pro,3
rtl_context_ltr_viewport,scroll_cycle,explicit_rows,40,12,15,3625,4125,6625,Menlo,16,1,release,8,24,3,false,0,0,false,Metal,Apple M5 Pro,0
rtl_context_ltr_viewport,scroll_cycle,explicit_rows,40,12,16,3625,4125,6709,Menlo,16,1,release,8,24,3,false,0,0,false,Metal,Apple M5 Pro,3
rtl_context_ltr_viewport,scroll_cycle,explicit_rows,40,12,17,3625,4125,6708,Menlo,16,1,release,8,24,3,false,0,0,false,Metal,Apple M5 Pro,6
rtl_context_ltr_viewport,scroll_cycle,explicit_rows,40,12,18,3625,4083,6542,Menlo,16,1,release,8,24,3,false,0,0,false,Metal,Apple M5 Pro,9
rtl_context_ltr_viewport,scroll_cycle,explicit_rows,40,12,19,3625,4125,6583,Menlo,16,1,release,8,24,3,false,0,0,false,Metal,Apple M5 Pro,12
rtl_context_ltr_viewport,scroll_cycle,explicit_rows,40,12,20,3625,4084,6625,Menlo,16,1,release,8,24,3,false,0,0,false,Metal,Apple M5 Pro,9
rtl_context_ltr_viewport,scroll_cycle,explicit_rows,40,12,21,3625,4167,6667,Menlo,16,1,release,8,24,3,false,0,0,false,Metal,Apple M5 Pro,6
rtl_context_ltr_viewport,scroll_cycle,explicit_rows,40,12,22,3750,4125,6750,Menlo,16,1,release,8,24,3,false,0,0,false,Metal,Apple M5 Pro,3
rtl_context_ltr_viewport,scroll_cycle,explicit_rows,40,12,23,3667,4208,6792,Menlo,16,1,release,8,24,3,false,0,0,false,Metal,Apple M5 Pro,0
rtl_context_ltr_viewport,scroll_cycle,softwrap,40,12,0,6625,4375,11292,Menlo,16,1,release,8,24,3,false,959,122,false,Metal,Apple M5 Pro,3
rtl_context_ltr_viewport,scroll_cycle,softwrap,40,12,1,6542,4375,11500,Menlo,16,1,release,8,24,3,false,837,243,false,Metal,Apple M5 Pro,6
rtl_context_ltr_viewport,scroll_cycle,softwrap,40,12,2,6500,4416,11459,Menlo,16,1,release,8,24,3,false,715,365,false,Metal,Apple M5 Pro,9
rtl_context_ltr_viewport,scroll_cycle,softwrap,40,12,3,6500,4291,11417,Menlo,16,1,release,8,24,3,false,593,487,false,Metal,Apple M5 Pro,12
rtl_context_ltr_viewport,scroll_cycle,softwrap,40,12,4,6666,4167,11375,Menlo,16,1,release,8,24,3,false,715,365,false,Metal,Apple M5 Pro,9
rtl_context_ltr_viewport,scroll_cycle,softwrap,40,12,5,6417,4250,11500,Menlo,16,1,release,8,24,3,false,837,243,false,Metal,Apple M5 Pro,6
rtl_context_ltr_viewport,scroll_cycle,softwrap,40,12,6,6417,4416,11459,Menlo,16,1,release,8,24,3,false,959,122,false,Metal,Apple M5 Pro,3
rtl_context_ltr_viewport,scroll_cycle,softwrap,40,12,7,6500,4292,10500,Menlo,16,1,release,8,24,3,false,1081,0,false,Metal,Apple M5 Pro,0
rtl_context_ltr_viewport,scroll_cycle,softwrap,40,12,8,6417,4208,11083,Menlo,16,1,release,8,24,3,false,959,122,false,Metal,Apple M5 Pro,3
rtl_context_ltr_viewport,scroll_cycle,softwrap,40,12,9,6458,4208,10917,Menlo,16,1,release,8,24,3,false,837,243,false,Metal,Apple M5 Pro,6
rtl_context_ltr_viewport,scroll_cycle,softwrap,40,12,10,6500,4166,10750,Menlo,16,1,release,8,24,3,false,715,365,false,Metal,Apple M5 Pro,9
rtl_context_ltr_viewport,scroll_cycle,softwrap,40,12,11,6541,4167,10791,Menlo,16,1,release,8,24,3,false,593,487,false,Metal,Apple M5 Pro,12
rtl_context_ltr_viewport,scroll_cycle,softwrap,40,12,12,6375,4334,11375,Menlo,16,1,release,8,24,3,false,715,365,false,Metal,Apple M5 Pro,9
rtl_context_ltr_viewport,scroll_cycle,softwrap,40,12,13,6375,4250,11375,Menlo,16,1,release,8,24,3,false,837,243,false,Metal,Apple M5 Pro,6
rtl_context_ltr_viewport,scroll_cycle,softwrap,40,12,14,6333,4208,11292,Menlo,16,1,release,8,24,3,false,959,122,false,Metal,Apple M5 Pro,3
rtl_context_ltr_viewport,scroll_cycle,softwrap,40,12,15,6375,4208,10375,Menlo,16,1,release,8,24,3,false,1081,0,false,Metal,Apple M5 Pro,0
rtl_context_ltr_viewport,scroll_cycle,softwrap,40,12,16,6334,4250,11333,Menlo,16,1,release,8,24,3,false,959,122,false,Metal,Apple M5 Pro,3
rtl_context_ltr_viewport,scroll_cycle,softwrap,40,12,17,6459,4209,11250,Menlo,16,1,release,8,24,3,false,837,243,false,Metal,Apple M5 Pro,6
rtl_context_ltr_viewport,scroll_cycle,softwrap,40,12,18,6417,4208,11209,Menlo,16,1,release,8,24,3,false,715,365,false,Metal,Apple M5 Pro,9
rtl_context_ltr_viewport,scroll_cycle,softwrap,40,12,19,6375,4250,11125,Menlo,16,1,release,8,24,3,false,593,487,false,Metal,Apple M5 Pro,12
rtl_context_ltr_viewport,scroll_cycle,softwrap,40,12,20,6417,4208,11167,Menlo,16,1,release,8,24,3,false,715,365,false,Metal,Apple M5 Pro,9
rtl_context_ltr_viewport,scroll_cycle,softwrap,40,12,21,6417,4167,11125,Menlo,16,1,release,8,24,3,false,837,243,false,Metal,Apple M5 Pro,6
rtl_context_ltr_viewport,scroll_cycle,softwrap,40,12,22,6333,4208,11333,Menlo,16,1,release,8,24,3,false,959,122,false,Metal,Apple M5 Pro,3
rtl_context_ltr_viewport,scroll_cycle,softwrap,40,12,23,6417,4208,10375,Menlo,16,1,release,8,24,3,false,1081,0,false,Metal,Apple M5 Pro,0
rtl_context_ltr_viewport,dense_novel_text,explicit_rows,40,12,0,3625,16459,7000,Menlo,16,1,release,8,24,3,false,0,0,false,Metal,Apple M5 Pro,0
rtl_context_ltr_viewport,dense_novel_text,explicit_rows,40,12,1,3666,45333,21708,Menlo,16,1,release,8,24,3,false,0,0,false,Metal,Apple M5 Pro,0
rtl_context_ltr_viewport,dense_novel_text,explicit_rows,40,12,2,3666,16292,7125,Menlo,16,1,release,8,24,3,false,0,0,false,Metal,Apple M5 Pro,0
rtl_context_ltr_viewport,dense_novel_text,explicit_rows,40,12,3,3667,16042,7125,Menlo,16,1,release,8,24,3,false,0,0,false,Metal,Apple M5 Pro,0
rtl_context_ltr_viewport,dense_novel_text,explicit_rows,40,12,4,3584,15834,7208,Menlo,16,1,release,8,24,3,false,0,0,false,Metal,Apple M5 Pro,0
rtl_context_ltr_viewport,dense_novel_text,explicit_rows,40,12,5,3625,16708,6833,Menlo,16,1,release,8,24,3,false,0,0,false,Metal,Apple M5 Pro,0
rtl_context_ltr_viewport,dense_novel_text,explicit_rows,40,12,6,3666,16584,6792,Menlo,16,1,release,8,24,3,false,0,0,false,Metal,Apple M5 Pro,0
rtl_context_ltr_viewport,dense_novel_text,explicit_rows,40,12,7,3625,16125,6792,Menlo,16,1,release,8,24,3,false,0,0,false,Metal,Apple M5 Pro,0
rtl_context_ltr_viewport,dense_novel_text,explicit_rows,40,12,8,3750,16625,6792,Menlo,16,1,release,8,24,3,false,0,0,false,Metal,Apple M5 Pro,0
rtl_context_ltr_viewport,dense_novel_text,explicit_rows,40,12,9,3667,16500,7083,Menlo,16,1,release,8,24,3,false,0,0,false,Metal,Apple M5 Pro,0
rtl_context_ltr_viewport,dense_novel_text,explicit_rows,40,12,10,3625,74417,7000,Menlo,16,1,release,8,24,3,false,0,0,false,Metal,Apple M5 Pro,0
rtl_context_ltr_viewport,dense_novel_text,explicit_rows,40,12,11,3708,15792,22625,Menlo,16,1,release,8,24,3,false,0,0,false,Metal,Apple M5 Pro,0
rtl_context_ltr_viewport,dense_novel_text,explicit_rows,40,12,12,3709,16375,7166,Menlo,16,1,release,8,24,3,false,0,0,false,Metal,Apple M5 Pro,0
rtl_context_ltr_viewport,dense_novel_text,explicit_rows,40,12,13,3708,17958,7125,Menlo,16,1,release,8,24,3,false,0,0,false,Metal,Apple M5 Pro,0
rtl_context_ltr_viewport,dense_novel_text,explicit_rows,40,12,14,3625,18458,7167,Menlo,16,1,release,8,24,3,false,0,0,false,Metal,Apple M5 Pro,0
rtl_context_ltr_viewport,dense_novel_text,explicit_rows,40,12,15,3625,18041,7209,Menlo,16,1,release,8,24,3,false,0,0,false,Metal,Apple M5 Pro,0
rtl_context_ltr_viewport,dense_novel_text,explicit_rows,40,12,16,3667,18250,7125,Menlo,16,1,release,8,24,3,false,0,0,false,Metal,Apple M5 Pro,0
rtl_context_ltr_viewport,dense_novel_text,explicit_rows,40,12,17,3708,18458,7125,Menlo,16,1,release,8,24,3,false,0,0,false,Metal,Apple M5 Pro,0
rtl_context_ltr_viewport,dense_novel_text,explicit_rows,40,12,18,3625,17875,7084,Menlo,16,1,release,8,24,3,false,0,0,false,Metal,Apple M5 Pro,0
rtl_context_ltr_viewport,dense_novel_text,explicit_rows,40,12,19,3625,18083,7125,Menlo,16,1,release,8,24,3,false,0,0,false,Metal,Apple M5 Pro,0
rtl_context_ltr_viewport,dense_novel_text,explicit_rows,40,12,20,3625,18084,7167,Menlo,16,1,release,8,24,3,false,0,0,false,Metal,Apple M5 Pro,0
rtl_context_ltr_viewport,dense_novel_text,explicit_rows,40,12,21,3625,18292,20125,Menlo,16,1,release,8,24,3,false,0,0,false,Metal,Apple M5 Pro,0
rtl_context_ltr_viewport,dense_novel_text,explicit_rows,40,12,22,3667,18250,7291,Menlo,16,1,release,8,24,3,false,0,0,false,Metal,Apple M5 Pro,0
rtl_context_ltr_viewport,dense_novel_text,explicit_rows,40,12,23,3625,23667,7167,Menlo,16,1,release,8,24,3,false,0,0,false,Metal,Apple M5 Pro,0
rtl_context_ltr_viewport,dense_novel_text,softwrap,40,12,0,6209,342000,10042,Menlo,16,1,release,8,24,3,false,1081,0,false,Metal,Apple M5 Pro,0
rtl_context_ltr_viewport,dense_novel_text,softwrap,40,12,1,6375,340750,9833,Menlo,16,1,release,8,24,3,false,1081,0,false,Metal,Apple M5 Pro,0
rtl_context_ltr_viewport,dense_novel_text,softwrap,40,12,2,6292,344625,9833,Menlo,16,1,release,8,24,3,false,1081,0,false,Metal,Apple M5 Pro,0
rtl_context_ltr_viewport,dense_novel_text,softwrap,40,12,3,6375,375833,10208,Menlo,16,1,release,8,24,3,false,1081,0,false,Metal,Apple M5 Pro,0
rtl_context_ltr_viewport,dense_novel_text,softwrap,40,12,4,7167,362333,10042,Menlo,16,1,release,8,24,3,false,1081,0,false,Metal,Apple M5 Pro,0
rtl_context_ltr_viewport,dense_novel_text,softwrap,40,12,5,6666,347000,9917,Menlo,16,1,release,8,24,3,false,1081,0,false,Metal,Apple M5 Pro,0
rtl_context_ltr_viewport,dense_novel_text,softwrap,40,12,6,6542,364292,10125,Menlo,16,1,release,8,24,3,false,1081,0,false,Metal,Apple M5 Pro,0
rtl_context_ltr_viewport,dense_novel_text,softwrap,40,12,7,6459,342041,9917,Menlo,16,1,release,8,24,3,false,1081,0,false,Metal,Apple M5 Pro,0
rtl_context_ltr_viewport,dense_novel_text,softwrap,40,12,8,6416,342542,10167,Menlo,16,1,release,8,24,3,false,1081,0,false,Metal,Apple M5 Pro,0
rtl_context_ltr_viewport,dense_novel_text,softwrap,40,12,9,6333,342333,9917,Menlo,16,1,release,8,24,3,false,1081,0,false,Metal,Apple M5 Pro,0
rtl_context_ltr_viewport,dense_novel_text,softwrap,40,12,10,6459,353625,10166,Menlo,16,1,release,8,24,3,false,1081,0,false,Metal,Apple M5 Pro,0
rtl_context_ltr_viewport,dense_novel_text,softwrap,40,12,11,6541,346083,9917,Menlo,16,1,release,8,24,3,false,1081,0,false,Metal,Apple M5 Pro,0
rtl_context_ltr_viewport,dense_novel_text,softwrap,40,12,12,6375,355708,9834,Menlo,16,1,release,8,24,3,false,1081,0,false,Metal,Apple M5 Pro,0
rtl_context_ltr_viewport,dense_novel_text,softwrap,40,12,13,6417,338708,10041,Menlo,16,1,release,8,24,3,false,1081,0,false,Metal,Apple M5 Pro,0
rtl_context_ltr_viewport,dense_novel_text,softwrap,40,12,14,6375,340875,10000,Menlo,16,1,release,8,24,3,false,1081,0,false,Metal,Apple M5 Pro,0
rtl_context_ltr_viewport,dense_novel_text,softwrap,40,12,15,6333,339375,10125,Menlo,16,1,release,8,24,3,false,1081,0,false,Metal,Apple M5 Pro,0
rtl_context_ltr_viewport,dense_novel_text,softwrap,40,12,16,6375,339584,10084,Menlo,16,1,release,8,24,3,false,1081,0,false,Metal,Apple M5 Pro,0
rtl_context_ltr_viewport,dense_novel_text,softwrap,40,12,17,6416,340167,10208,Menlo,16,1,release,8,24,3,false,1081,0,false,Metal,Apple M5 Pro,0
rtl_context_ltr_viewport,dense_novel_text,softwrap,40,12,18,6417,337709,10083,Menlo,16,1,release,8,24,3,false,1081,0,false,Metal,Apple M5 Pro,0
rtl_context_ltr_viewport,dense_novel_text,softwrap,40,12,19,6416,338250,9833,Menlo,16,1,release,8,24,3,false,1081,0,false,Metal,Apple M5 Pro,0
rtl_context_ltr_viewport,dense_novel_text,softwrap,40,12,20,6417,340083,10042,Menlo,16,1,release,8,24,3,false,1081,0,false,Metal,Apple M5 Pro,0
rtl_context_ltr_viewport,dense_novel_text,softwrap,40,12,21,6417,343708,10041,Menlo,16,1,release,8,24,3,false,1081,0,false,Metal,Apple M5 Pro,0
rtl_context_ltr_viewport,dense_novel_text,softwrap,40,12,22,6416,341042,10041,Menlo,16,1,release,8,24,3,false,1081,0,false,Metal,Apple M5 Pro,0
rtl_context_ltr_viewport,dense_novel_text,softwrap,40,12,23,6417,339917,10250,Menlo,16,1,release,8,24,3,false,1081,0,false,Metal,Apple M5 Pro,0
latin_accents,sparse_novel_counter,explicit_rows,81,25,0,15916,43417,2000,Menlo,16,1,release,8,24,3,false,0,0,false,Metal,Apple M5 Pro,0
latin_accents,sparse_novel_counter,explicit_rows,81,25,1,15958,41959,1958,Menlo,16,1,release,8,24,3,false,0,0,false,Metal,Apple M5 Pro,0
latin_accents,sparse_novel_counter,explicit_rows,81,25,2,16042,42125,1958,Menlo,16,1,release,8,24,3,false,0,0,false,Metal,Apple M5 Pro,0
latin_accents,sparse_novel_counter,explicit_rows,81,25,3,15792,43333,1916,Menlo,16,1,release,8,24,3,false,0,0,false,Metal,Apple M5 Pro,0
latin_accents,sparse_novel_counter,explicit_rows,81,25,4,15833,43042,1917,Menlo,16,1,release,8,24,3,false,0,0,false,Metal,Apple M5 Pro,0
latin_accents,sparse_novel_counter,explicit_rows,81,25,5,15916,42000,1959,Menlo,16,1,release,8,24,3,false,0,0,false,Metal,Apple M5 Pro,0
latin_accents,sparse_novel_counter,explicit_rows,81,25,6,15750,42625,1959,Menlo,16,1,release,8,24,3,false,0,0,false,Metal,Apple M5 Pro,0
latin_accents,sparse_novel_counter,explicit_rows,81,25,7,15917,41416,1959,Menlo,16,1,release,8,24,3,false,0,0,false,Metal,Apple M5 Pro,0
latin_accents,sparse_novel_counter,explicit_rows,81,25,8,15917,44083,1917,Menlo,16,1,release,8,24,3,false,0,0,false,Metal,Apple M5 Pro,0
latin_accents,sparse_novel_counter,explicit_rows,81,25,9,15917,41791,1917,Menlo,16,1,release,8,24,3,false,0,0,false,Metal,Apple M5 Pro,0
latin_accents,sparse_novel_counter,explicit_rows,81,25,10,15833,43584,1916,Menlo,16,1,release,8,24,3,false,0,0,false,Metal,Apple M5 Pro,0
latin_accents,sparse_novel_counter,explicit_rows,81,25,11,15709,41125,1917,Menlo,16,1,release,8,24,3,false,0,0,false,Metal,Apple M5 Pro,0
latin_accents,sparse_novel_counter,explicit_rows,81,25,12,15833,42458,1959,Menlo,16,1,release,8,24,3,false,0,0,false,Metal,Apple M5 Pro,0
latin_accents,sparse_novel_counter,explicit_rows,81,25,13,15875,42625,1917,Menlo,16,1,release,8,24,3,false,0,0,false,Metal,Apple M5 Pro,0
latin_accents,sparse_novel_counter,explicit_rows,81,25,14,16000,42958,1917,Menlo,16,1,release,8,24,3,false,0,0,false,Metal,Apple M5 Pro,0
latin_accents,sparse_novel_counter,explicit_rows,81,25,15,15750,41792,1833,Menlo,16,1,release,8,24,3,false,0,0,false,Metal,Apple M5 Pro,0
latin_accents,sparse_novel_counter,explicit_rows,81,25,16,15917,42667,1958,Menlo,16,1,release,8,24,3,false,0,0,false,Metal,Apple M5 Pro,0
latin_accents,sparse_novel_counter,explicit_rows,81,25,17,16000,41417,1875,Menlo,16,1,release,8,24,3,false,0,0,false,Metal,Apple M5 Pro,0
latin_accents,sparse_novel_counter,explicit_rows,81,25,18,15875,44250,1959,Menlo,16,1,release,8,24,3,false,0,0,false,Metal,Apple M5 Pro,0
latin_accents,sparse_novel_counter,explicit_rows,81,25,19,15834,41666,1917,Menlo,16,1,release,8,24,3,false,0,0,false,Metal,Apple M5 Pro,0
latin_accents,sparse_novel_counter,explicit_rows,81,25,20,15834,42459,1917,Menlo,16,1,release,8,24,3,false,0,0,false,Metal,Apple M5 Pro,0
latin_accents,sparse_novel_counter,explicit_rows,81,25,21,15958,41500,1916,Menlo,16,1,release,8,24,3,false,0,0,false,Metal,Apple M5 Pro,0
latin_accents,sparse_novel_counter,explicit_rows,81,25,22,15792,42416,1959,Menlo,16,1,release,8,24,3,false,0,0,false,Metal,Apple M5 Pro,0
latin_accents,sparse_novel_counter,explicit_rows,81,25,23,15750,42875,1917,Menlo,16,1,release,8,24,3,false,0,0,false,Metal,Apple M5 Pro,0
latin_accents,sparse_novel_counter,softwrap,81,25,0,28250,1216541,44958,Menlo,16,1,release,8,24,3,false,4677,0,false,Metal,Apple M5 Pro,0
latin_accents,sparse_novel_counter,softwrap,81,25,1,28042,1208375,45209,Menlo,16,1,release,8,24,3,false,4677,0,false,Metal,Apple M5 Pro,0
latin_accents,sparse_novel_counter,softwrap,81,25,2,27333,1210791,45459,Menlo,16,1,release,8,24,3,false,4677,0,false,Metal,Apple M5 Pro,0
latin_accents,sparse_novel_counter,softwrap,81,25,3,27459,1211125,45084,Menlo,16,1,release,8,24,3,false,4677,0,false,Metal,Apple M5 Pro,0
latin_accents,sparse_novel_counter,softwrap,81,25,4,27541,1255959,45125,Menlo,16,1,release,8,24,3,false,4677,0,false,Metal,Apple M5 Pro,0
latin_accents,sparse_novel_counter,softwrap,81,25,5,28084,1241541,45000,Menlo,16,1,release,8,24,3,false,4677,0,false,Metal,Apple M5 Pro,0
latin_accents,sparse_novel_counter,softwrap,81,25,6,28250,1261416,44958,Menlo,16,1,release,8,24,3,false,4677,0,false,Metal,Apple M5 Pro,0
latin_accents,sparse_novel_counter,softwrap,81,25,7,28459,1228708,45208,Menlo,16,1,release,8,24,3,false,4677,0,false,Metal,Apple M5 Pro,0
latin_accents,sparse_novel_counter,softwrap,81,25,8,28834,1248416,45250,Menlo,16,1,release,8,24,3,false,4677,0,false,Metal,Apple M5 Pro,0
latin_accents,sparse_novel_counter,softwrap,81,25,9,27750,1221916,44709,Menlo,16,1,release,8,24,3,false,4677,0,false,Metal,Apple M5 Pro,0
latin_accents,sparse_novel_counter,softwrap,81,25,10,27708,1233083,44125,Menlo,16,1,release,8,24,3,false,4677,0,false,Metal,Apple M5 Pro,0
latin_accents,sparse_novel_counter,softwrap,81,25,11,27625,1248583,45167,Menlo,16,1,release,8,24,3,false,4677,0,false,Metal,Apple M5 Pro,0
latin_accents,sparse_novel_counter,softwrap,81,25,12,28791,1246125,55500,Menlo,16,1,release,8,24,3,false,4677,0,false,Metal,Apple M5 Pro,0
latin_accents,sparse_novel_counter,softwrap,81,25,13,28833,1236917,45334,Menlo,16,1,release,8,24,3,false,4677,0,false,Metal,Apple M5 Pro,0
latin_accents,sparse_novel_counter,softwrap,81,25,14,28042,1233708,45208,Menlo,16,1,release,8,24,3,false,4677,0,false,Metal,Apple M5 Pro,0
latin_accents,sparse_novel_counter,softwrap,81,25,15,28084,1226875,44833,Menlo,16,1,release,8,24,3,false,4677,0,false,Metal,Apple M5 Pro,0
latin_accents,sparse_novel_counter,softwrap,81,25,16,27792,1220500,45333,Menlo,16,1,release,8,24,3,false,4677,0,false,Metal,Apple M5 Pro,0
latin_accents,sparse_novel_counter,softwrap,81,25,17,27750,1198292,43375,Menlo,16,1,release,8,24,3,false,4677,0,false,Metal,Apple M5 Pro,0
latin_accents,sparse_novel_counter,softwrap,81,25,18,28041,1242709,43875,Menlo,16,1,release,8,24,3,false,4677,0,false,Metal,Apple M5 Pro,0
latin_accents,sparse_novel_counter,softwrap,81,25,19,27750,1277667,45250,Menlo,16,1,release,8,24,3,false,4677,0,false,Metal,Apple M5 Pro,0
latin_accents,sparse_novel_counter,softwrap,81,25,20,28333,1241417,60333,Menlo,16,1,release,8,24,3,false,4677,0,false,Metal,Apple M5 Pro,0
latin_accents,sparse_novel_counter,softwrap,81,25,21,28958,1241292,45334,Menlo,16,1,release,8,24,3,false,4677,0,false,Metal,Apple M5 Pro,0
latin_accents,sparse_novel_counter,softwrap,81,25,22,28250,1220208,45125,Menlo,16,1,release,8,24,3,false,4677,0,false,Metal,Apple M5 Pro,0
latin_accents,sparse_novel_counter,softwrap,81,25,23,27750,1217292,45250,Menlo,16,1,release,8,24,3,false,4677,0,false,Metal,Apple M5 Pro,0
latin_accents,scroll_cycle,explicit_rows,81,25,0,16083,16375,44333,Menlo,16,1,release,8,24,3,false,0,0,false,Metal,Apple M5 Pro,6
latin_accents,scroll_cycle,explicit_rows,81,25,1,15833,16291,44792,Menlo,16,1,release,8,24,3,false,0,0,false,Metal,Apple M5 Pro,12
latin_accents,scroll_cycle,explicit_rows,81,25,2,15917,16416,44542,Menlo,16,1,release,8,24,3,false,0,0,false,Metal,Apple M5 Pro,18
latin_accents,scroll_cycle,explicit_rows,81,25,3,16542,16875,44917,Menlo,16,1,release,8,24,3,false,0,0,false,Metal,Apple M5 Pro,25
latin_accents,scroll_cycle,explicit_rows,81,25,4,16000,16208,44792,Menlo,16,1,release,8,24,3,false,0,0,false,Metal,Apple M5 Pro,18
latin_accents,scroll_cycle,explicit_rows,81,25,5,15875,16250,43042,Menlo,16,1,release,8,24,3,false,0,0,false,Metal,Apple M5 Pro,12
latin_accents,scroll_cycle,explicit_rows,81,25,6,15875,16417,42791,Menlo,16,1,release,8,24,3,false,0,0,false,Metal,Apple M5 Pro,6
latin_accents,scroll_cycle,explicit_rows,81,25,7,16041,16375,42834,Menlo,16,1,release,8,24,3,false,0,0,false,Metal,Apple M5 Pro,0
latin_accents,scroll_cycle,explicit_rows,81,25,8,16042,16208,43042,Menlo,16,1,release,8,24,3,false,0,0,false,Metal,Apple M5 Pro,6
latin_accents,scroll_cycle,explicit_rows,81,25,9,15875,16333,42834,Menlo,16,1,release,8,24,3,false,0,0,false,Metal,Apple M5 Pro,12
latin_accents,scroll_cycle,explicit_rows,81,25,10,15875,16292,42667,Menlo,16,1,release,8,24,3,false,0,0,false,Metal,Apple M5 Pro,18
latin_accents,scroll_cycle,explicit_rows,81,25,11,15834,16375,42958,Menlo,16,1,release,8,24,3,false,0,0,false,Metal,Apple M5 Pro,25
latin_accents,scroll_cycle,explicit_rows,81,25,12,16125,16292,45833,Menlo,16,1,release,8,24,3,false,0,0,false,Metal,Apple M5 Pro,18
latin_accents,scroll_cycle,explicit_rows,81,25,13,15875,16208,43041,Menlo,16,1,release,8,24,3,false,0,0,false,Metal,Apple M5 Pro,12
latin_accents,scroll_cycle,explicit_rows,81,25,14,16000,16458,43125,Menlo,16,1,release,8,24,3,false,0,0,false,Metal,Apple M5 Pro,6
latin_accents,scroll_cycle,explicit_rows,81,25,15,16166,16584,42667,Menlo,16,1,release,8,24,3,false,0,0,false,Metal,Apple M5 Pro,0
latin_accents,scroll_cycle,explicit_rows,81,25,16,16042,16375,43042,Menlo,16,1,release,8,24,3,false,0,0,false,Metal,Apple M5 Pro,6
latin_accents,scroll_cycle,explicit_rows,81,25,17,16250,16417,44208,Menlo,16,1,release,8,24,3,false,0,0,false,Metal,Apple M5 Pro,12
latin_accents,scroll_cycle,explicit_rows,81,25,18,16000,16125,42791,Menlo,16,1,release,8,24,3,false,0,0,false,Metal,Apple M5 Pro,18
latin_accents,scroll_cycle,explicit_rows,81,25,19,16166,16375,42792,Menlo,16,1,release,8,24,3,false,0,0,false,Metal,Apple M5 Pro,25
latin_accents,scroll_cycle,explicit_rows,81,25,20,15791,16167,42458,Menlo,16,1,release,8,24,3,false,0,0,false,Metal,Apple M5 Pro,18
latin_accents,scroll_cycle,explicit_rows,81,25,21,15916,16250,43083,Menlo,16,1,release,8,24,3,false,0,0,false,Metal,Apple M5 Pro,12
latin_accents,scroll_cycle,explicit_rows,81,25,22,15917,16167,42292,Menlo,16,1,release,8,24,3,false,0,0,false,Metal,Apple M5 Pro,6
latin_accents,scroll_cycle,explicit_rows,81,25,23,15792,16333,42500,Menlo,16,1,release,8,24,3,false,0,0,false,Metal,Apple M5 Pro,0
latin_accents,scroll_cycle,softwrap,81,25,0,27958,1259916,47500,Menlo,16,1,release,8,24,3,false,4127,542,false,Metal,Apple M5 Pro,6
latin_accents,scroll_cycle,softwrap,81,25,1,29209,1234292,47250,Menlo,16,1,release,8,24,3,false,3577,1092,false,Metal,Apple M5 Pro,12
latin_accents,scroll_cycle,softwrap,81,25,2,28750,1243375,47500,Menlo,16,1,release,8,24,3,false,3024,1642,false,Metal,Apple M5 Pro,18
latin_accents,scroll_cycle,softwrap,81,25,3,28750,1238584,47334,Menlo,16,1,release,8,24,3,false,2385,2284,false,Metal,Apple M5 Pro,25
latin_accents,scroll_cycle,softwrap,81,25,4,28209,17292,47375,Menlo,16,1,release,8,24,3,false,3024,1642,false,Metal,Apple M5 Pro,18
latin_accents,scroll_cycle,softwrap,81,25,5,27375,17250,47416,Menlo,16,1,release,8,24,3,false,3577,1092,false,Metal,Apple M5 Pro,12
latin_accents,scroll_cycle,softwrap,81,25,6,27041,17542,46875,Menlo,16,1,release,8,24,3,false,4127,542,false,Metal,Apple M5 Pro,6
latin_accents,scroll_cycle,softwrap,81,25,7,27042,1212958,46833,Menlo,16,1,release,8,24,3,false,4677,0,false,Metal,Apple M5 Pro,0
latin_accents,scroll_cycle,softwrap,81,25,8,27833,1223458,47416,Menlo,16,1,release,8,24,3,false,4127,542,false,Metal,Apple M5 Pro,6
latin_accents,scroll_cycle,softwrap,81,25,9,28083,1227459,47292,Menlo,16,1,release,8,24,3,false,3577,1092,false,Metal,Apple M5 Pro,12
latin_accents,scroll_cycle,softwrap,81,25,10,27875,1258958,47666,Menlo,16,1,release,8,24,3,false,3024,1642,false,Metal,Apple M5 Pro,18
latin_accents,scroll_cycle,softwrap,81,25,11,29042,1252459,45750,Menlo,16,1,release,8,24,3,false,2385,2284,false,Metal,Apple M5 Pro,25
latin_accents,scroll_cycle,softwrap,81,25,12,28542,17458,44292,Menlo,16,1,release,8,24,3,false,3024,1642,false,Metal,Apple M5 Pro,18
latin_accents,scroll_cycle,softwrap,81,25,13,28375,16958,44375,Menlo,16,1,release,8,24,3,false,3577,1092,false,Metal,Apple M5 Pro,12
latin_accents,scroll_cycle,softwrap,81,25,14,27417,17291,44750,Menlo,16,1,release,8,24,3,false,4127,542,false,Metal,Apple M5 Pro,6
latin_accents,scroll_cycle,softwrap,81,25,15,27334,1237166,49708,Menlo,16,1,release,8,24,3,false,4677,0,false,Metal,Apple M5 Pro,0
latin_accents,scroll_cycle,softwrap,81,25,16,27917,1232875,47292,Menlo,16,1,release,8,24,3,false,4127,542,false,Metal,Apple M5 Pro,6
latin_accents,scroll_cycle,softwrap,81,25,17,28125,1226750,47125,Menlo,16,1,release,8,24,3,false,3577,1092,false,Metal,Apple M5 Pro,12
latin_accents,scroll_cycle,softwrap,81,25,18,28084,1239417,47750,Menlo,16,1,release,8,24,3,false,3024,1642,false,Metal,Apple M5 Pro,18
latin_accents,scroll_cycle,softwrap,81,25,19,27875,1239917,47541,Menlo,16,1,release,8,24,3,false,2385,2284,false,Metal,Apple M5 Pro,25
latin_accents,scroll_cycle,softwrap,81,25,20,27833,17416,46125,Menlo,16,1,release,8,24,3,false,3024,1642,false,Metal,Apple M5 Pro,18
latin_accents,scroll_cycle,softwrap,81,25,21,27625,17250,47500,Menlo,16,1,release,8,24,3,false,3577,1092,false,Metal,Apple M5 Pro,12
latin_accents,scroll_cycle,softwrap,81,25,22,27459,17209,46416,Menlo,16,1,release,8,24,3,false,4127,542,false,Metal,Apple M5 Pro,6
latin_accents,scroll_cycle,softwrap,81,25,23,27167,1253625,46833,Menlo,16,1,release,8,24,3,false,4677,0,false,Metal,Apple M5 Pro,0
latin_accents,dense_novel_text,explicit_rows,81,25,0,15917,631834,45167,Menlo,16,1,release,8,24,3,false,0,0,false,Metal,Apple M5 Pro,0
latin_accents,dense_novel_text,explicit_rows,81,25,1,15792,655458,45250,Menlo,16,1,release,8,24,3,false,0,0,false,Metal,Apple M5 Pro,0
latin_accents,dense_novel_text,explicit_rows,81,25,2,16250,632375,45209,Menlo,16,1,release,8,24,3,false,0,0,false,Metal,Apple M5 Pro,0
latin_accents,dense_novel_text,explicit_rows,81,25,3,15916,632417,44958,Menlo,16,1,release,8,24,3,false,0,0,false,Metal,Apple M5 Pro,0
latin_accents,dense_novel_text,explicit_rows,81,25,4,15875,631125,45208,Menlo,16,1,release,8,24,3,false,0,0,false,Metal,Apple M5 Pro,0
latin_accents,dense_novel_text,explicit_rows,81,25,5,15959,629166,45042,Menlo,16,1,release,8,24,3,false,0,0,false,Metal,Apple M5 Pro,0
latin_accents,dense_novel_text,explicit_rows,81,25,6,15875,630417,45083,Menlo,16,1,release,8,24,3,false,0,0,false,Metal,Apple M5 Pro,0
latin_accents,dense_novel_text,explicit_rows,81,25,7,15750,629292,47750,Menlo,16,1,release,8,24,3,false,0,0,false,Metal,Apple M5 Pro,0
latin_accents,dense_novel_text,explicit_rows,81,25,8,15875,626542,45042,Menlo,16,1,release,8,24,3,false,0,0,false,Metal,Apple M5 Pro,0
latin_accents,dense_novel_text,explicit_rows,81,25,9,15875,634833,51083,Menlo,16,1,release,8,24,3,false,0,0,false,Metal,Apple M5 Pro,0
latin_accents,dense_novel_text,explicit_rows,81,25,10,15708,628291,44917,Menlo,16,1,release,8,24,3,false,0,0,false,Metal,Apple M5 Pro,0
latin_accents,dense_novel_text,explicit_rows,81,25,11,15709,628833,44917,Menlo,16,1,release,8,24,3,false,0,0,false,Metal,Apple M5 Pro,0
latin_accents,dense_novel_text,explicit_rows,81,25,12,15666,630500,44958,Menlo,16,1,release,8,24,3,false,0,0,false,Metal,Apple M5 Pro,0
latin_accents,dense_novel_text,explicit_rows,81,25,13,15709,630084,45000,Menlo,16,1,release,8,24,3,false,0,0,false,Metal,Apple M5 Pro,0
latin_accents,dense_novel_text,explicit_rows,81,25,14,15583,656792,45416,Menlo,16,1,release,8,24,3,false,0,0,false,Metal,Apple M5 Pro,0
latin_accents,dense_novel_text,explicit_rows,81,25,15,16625,631584,45042,Menlo,16,1,release,8,24,3,false,0,0,false,Metal,Apple M5 Pro,0
latin_accents,dense_novel_text,explicit_rows,81,25,16,15667,628333,45583,Menlo,16,1,release,8,24,3,false,0,0,false,Metal,Apple M5 Pro,0
latin_accents,dense_novel_text,explicit_rows,81,25,17,15917,667000,44583,Menlo,16,1,release,8,24,3,false,0,0,false,Metal,Apple M5 Pro,0
latin_accents,dense_novel_text,explicit_rows,81,25,18,15791,719792,45000,Menlo,16,1,release,8,24,3,false,0,0,false,Metal,Apple M5 Pro,0
latin_accents,dense_novel_text,explicit_rows,81,25,19,15750,638583,45209,Menlo,16,1,release,8,24,3,false,0,0,false,Metal,Apple M5 Pro,0
latin_accents,dense_novel_text,explicit_rows,81,25,20,15875,639291,45167,Menlo,16,1,release,8,24,3,false,0,0,false,Metal,Apple M5 Pro,0
latin_accents,dense_novel_text,explicit_rows,81,25,21,15750,627833,44959,Menlo,16,1,release,8,24,3,false,0,0,false,Metal,Apple M5 Pro,0
latin_accents,dense_novel_text,explicit_rows,81,25,22,15750,625625,44750,Menlo,16,1,release,8,24,3,false,0,0,false,Metal,Apple M5 Pro,0
latin_accents,dense_novel_text,explicit_rows,81,25,23,15750,626708,44833,Menlo,16,1,release,8,24,3,false,0,0,false,Metal,Apple M5 Pro,0
latin_accents,dense_novel_text,softwrap,81,25,0,27333,1251458,45125,Menlo,16,1,release,8,24,3,false,4677,0,false,Metal,Apple M5 Pro,0
latin_accents,dense_novel_text,softwrap,81,25,1,27791,1223584,45041,Menlo,16,1,release,8,24,3,false,4677,0,false,Metal,Apple M5 Pro,0
latin_accents,dense_novel_text,softwrap,81,25,2,27292,1224584,45250,Menlo,16,1,release,8,24,3,false,4677,0,false,Metal,Apple M5 Pro,0
latin_accents,dense_novel_text,softwrap,81,25,3,27084,1224541,45209,Menlo,16,1,release,8,24,3,false,4677,0,false,Metal,Apple M5 Pro,0
latin_accents,dense_novel_text,softwrap,81,25,4,27584,1243333,45208,Menlo,16,1,release,8,24,3,false,4677,0,false,Metal,Apple M5 Pro,0
latin_accents,dense_novel_text,softwrap,81,25,5,27166,1236875,45333,Menlo,16,1,release,8,24,3,false,4677,0,false,Metal,Apple M5 Pro,0
latin_accents,dense_novel_text,softwrap,81,25,6,27250,1220208,45167,Menlo,16,1,release,8,24,3,false,4677,0,false,Metal,Apple M5 Pro,0
latin_accents,dense_novel_text,softwrap,81,25,7,27208,1226125,45250,Menlo,16,1,release,8,24,3,false,4677,0,false,Metal,Apple M5 Pro,0
latin_accents,dense_novel_text,softwrap,81,25,8,26917,1222750,45083,Menlo,16,1,release,8,24,3,false,4677,0,false,Metal,Apple M5 Pro,0
latin_accents,dense_novel_text,softwrap,81,25,9,27458,1235791,52417,Menlo,16,1,release,8,24,3,false,4677,0,false,Metal,Apple M5 Pro,0
latin_accents,dense_novel_text,softwrap,81,25,10,27125,1211584,45209,Menlo,16,1,release,8,24,3,false,4677,0,false,Metal,Apple M5 Pro,0
latin_accents,dense_novel_text,softwrap,81,25,11,27042,1234083,55042,Menlo,16,1,release,8,24,3,false,4677,0,false,Metal,Apple M5 Pro,0
latin_accents,dense_novel_text,softwrap,81,25,12,26709,1220541,45250,Menlo,16,1,release,8,24,3,false,4677,0,false,Metal,Apple M5 Pro,0
latin_accents,dense_novel_text,softwrap,81,25,13,27000,1218250,45291,Menlo,16,1,release,8,24,3,false,4677,0,false,Metal,Apple M5 Pro,0
latin_accents,dense_novel_text,softwrap,81,25,14,27375,1241042,66125,Menlo,16,1,release,8,24,3,false,4677,0,false,Metal,Apple M5 Pro,0
latin_accents,dense_novel_text,softwrap,81,25,15,27292,1243000,45125,Menlo,16,1,release,8,24,3,false,4677,0,false,Metal,Apple M5 Pro,0
latin_accents,dense_novel_text,softwrap,81,25,16,27000,1227500,45042,Menlo,16,1,release,8,24,3,false,4677,0,false,Metal,Apple M5 Pro,0
latin_accents,dense_novel_text,softwrap,81,25,17,27334,1219625,44084,Menlo,16,1,release,8,24,3,false,4677,0,false,Metal,Apple M5 Pro,0
latin_accents,dense_novel_text,softwrap,81,25,18,26666,1223167,44708,Menlo,16,1,release,8,24,3,false,4677,0,false,Metal,Apple M5 Pro,0
latin_accents,dense_novel_text,softwrap,81,25,19,27042,1221583,49833,Menlo,16,1,release,8,24,3,false,4677,0,false,Metal,Apple M5 Pro,0
latin_accents,dense_novel_text,softwrap,81,25,20,26834,1231250,45375,Menlo,16,1,release,8,24,3,false,4677,0,false,Metal,Apple M5 Pro,0
latin_accents,dense_novel_text,softwrap,81,25,21,26584,1214708,45125,Menlo,16,1,release,8,24,3,false,4677,0,false,Metal,Apple M5 Pro,0
latin_accents,dense_novel_text,softwrap,81,25,22,27125,1240417,45166,Menlo,16,1,release,8,24,3,false,4677,0,false,Metal,Apple M5 Pro,0
latin_accents,dense_novel_text,softwrap,81,25,23,27417,1223458,45041,Menlo,16,1,release,8,24,3,false,4677,0,false,Metal,Apple M5 Pro,0
cyrillic,sparse_novel_counter,explicit_rows,81,25,0,15417,40125,1833,Menlo,16,1,release,8,24,3,false,0,0,false,Metal,Apple M5 Pro,0
cyrillic,sparse_novel_counter,explicit_rows,81,25,1,15250,40542,1834,Menlo,16,1,release,8,24,3,false,0,0,false,Metal,Apple M5 Pro,0
cyrillic,sparse_novel_counter,explicit_rows,81,25,2,15417,40125,1833,Menlo,16,1,release,8,24,3,false,0,0,false,Metal,Apple M5 Pro,0
cyrillic,sparse_novel_counter,explicit_rows,81,25,3,15375,40209,1834,Menlo,16,1,release,8,24,3,false,0,0,false,Metal,Apple M5 Pro,0
cyrillic,sparse_novel_counter,explicit_rows,81,25,4,15542,40208,1833,Menlo,16,1,release,8,24,3,false,0,0,false,Metal,Apple M5 Pro,0
cyrillic,sparse_novel_counter,explicit_rows,81,25,5,15375,40542,1792,Menlo,16,1,release,8,24,3,false,0,0,false,Metal,Apple M5 Pro,0
cyrillic,sparse_novel_counter,explicit_rows,81,25,6,15375,40208,1833,Menlo,16,1,release,8,24,3,false,0,0,false,Metal,Apple M5 Pro,0
cyrillic,sparse_novel_counter,explicit_rows,81,25,7,15375,40042,1833,Menlo,16,1,release,8,24,3,false,0,0,false,Metal,Apple M5 Pro,0
cyrillic,sparse_novel_counter,explicit_rows,81,25,8,15292,40958,1833,Menlo,16,1,release,8,24,3,false,0,0,false,Metal,Apple M5 Pro,0
cyrillic,sparse_novel_counter,explicit_rows,81,25,9,15334,40458,1833,Menlo,16,1,release,8,24,3,false,0,0,false,Metal,Apple M5 Pro,0
cyrillic,sparse_novel_counter,explicit_rows,81,25,10,15250,41000,1834,Menlo,16,1,release,8,24,3,false,0,0,false,Metal,Apple M5 Pro,0
cyrillic,sparse_novel_counter,explicit_rows,81,25,11,15500,40208,1833,Menlo,16,1,release,8,24,3,false,0,0,false,Metal,Apple M5 Pro,0
cyrillic,sparse_novel_counter,explicit_rows,81,25,12,15125,40208,1833,Menlo,16,1,release,8,24,3,false,0,0,false,Metal,Apple M5 Pro,0
cyrillic,sparse_novel_counter,explicit_rows,81,25,13,15417,40041,1833,Menlo,16,1,release,8,24,3,false,0,0,false,Metal,Apple M5 Pro,0
cyrillic,sparse_novel_counter,explicit_rows,81,25,14,15333,40292,1792,Menlo,16,1,release,8,24,3,false,0,0,false,Metal,Apple M5 Pro,0
cyrillic,sparse_novel_counter,explicit_rows,81,25,15,15333,40250,1834,Menlo,16,1,release,8,24,3,false,0,0,false,Metal,Apple M5 Pro,0
cyrillic,sparse_novel_counter,explicit_rows,81,25,16,15292,41166,1875,Menlo,16,1,release,8,24,3,false,0,0,false,Metal,Apple M5 Pro,0
cyrillic,sparse_novel_counter,explicit_rows,81,25,17,15250,40208,1833,Menlo,16,1,release,8,24,3,false,0,0,false,Metal,Apple M5 Pro,0
cyrillic,sparse_novel_counter,explicit_rows,81,25,18,15208,39833,1792,Menlo,16,1,release,8,24,3,false,0,0,false,Metal,Apple M5 Pro,0
cyrillic,sparse_novel_counter,explicit_rows,81,25,19,15375,39750,1833,Menlo,16,1,release,8,24,3,false,0,0,false,Metal,Apple M5 Pro,0
cyrillic,sparse_novel_counter,explicit_rows,81,25,20,15250,40416,1833,Menlo,16,1,release,8,24,3,false,0,0,false,Metal,Apple M5 Pro,0
cyrillic,sparse_novel_counter,explicit_rows,81,25,21,15375,40167,1791,Menlo,16,1,release,8,24,3,false,0,0,false,Metal,Apple M5 Pro,0
cyrillic,sparse_novel_counter,explicit_rows,81,25,22,15208,40042,1833,Menlo,16,1,release,8,24,3,false,0,0,false,Metal,Apple M5 Pro,0
cyrillic,sparse_novel_counter,explicit_rows,81,25,23,15333,40500,1833,Menlo,16,1,release,8,24,3,false,0,0,false,Metal,Apple M5 Pro,0
cyrillic,sparse_novel_counter,softwrap,81,25,0,27209,1150625,44125,Menlo,16,1,release,8,24,3,false,6756,0,false,Metal,Apple M5 Pro,0
cyrillic,sparse_novel_counter,softwrap,81,25,1,26500,1150125,46958,Menlo,16,1,release,8,24,3,false,6756,0,false,Metal,Apple M5 Pro,0
cyrillic,sparse_novel_counter,softwrap,81,25,2,26916,1180542,57000,Menlo,16,1,release,8,24,3,false,6756,0,false,Metal,Apple M5 Pro,0
cyrillic,sparse_novel_counter,softwrap,81,25,3,26583,1171750,42000,Menlo,16,1,release,8,24,3,false,6756,0,false,Metal,Apple M5 Pro,0
cyrillic,sparse_novel_counter,softwrap,81,25,4,27000,1152959,43084,Menlo,16,1,release,8,24,3,false,6756,0,false,Metal,Apple M5 Pro,0
cyrillic,sparse_novel_counter,softwrap,81,25,5,26791,1154625,44167,Menlo,16,1,release,8,24,3,false,6756,0,false,Metal,Apple M5 Pro,0
cyrillic,sparse_novel_counter,softwrap,81,25,6,26708,1161500,47125,Menlo,16,1,release,8,24,3,false,6756,0,false,Metal,Apple M5 Pro,0
cyrillic,sparse_novel_counter,softwrap,81,25,7,26666,1157167,47416,Menlo,16,1,release,8,24,3,false,6756,0,false,Metal,Apple M5 Pro,0
cyrillic,sparse_novel_counter,softwrap,81,25,8,26625,1149583,44042,Menlo,16,1,release,8,24,3,false,6756,0,false,Metal,Apple M5 Pro,0
cyrillic,sparse_novel_counter,softwrap,81,25,9,27416,1188250,43958,Menlo,16,1,release,8,24,3,false,6756,0,false,Metal,Apple M5 Pro,0
cyrillic,sparse_novel_counter,softwrap,81,25,10,28833,1162500,43708,Menlo,16,1,release,8,24,3,false,6756,0,false,Metal,Apple M5 Pro,0
cyrillic,sparse_novel_counter,softwrap,81,25,11,27666,1156292,43917,Menlo,16,1,release,8,24,3,false,6756,0,false,Metal,Apple M5 Pro,0
cyrillic,sparse_novel_counter,softwrap,81,25,12,27416,1153250,43917,Menlo,16,1,release,8,24,3,false,6756,0,false,Metal,Apple M5 Pro,0
cyrillic,sparse_novel_counter,softwrap,81,25,13,27333,1148625,43958,Menlo,16,1,release,8,24,3,false,6756,0,false,Metal,Apple M5 Pro,0
cyrillic,sparse_novel_counter,softwrap,81,25,14,27291,1170917,43125,Menlo,16,1,release,8,24,3,false,6756,0,false,Metal,Apple M5 Pro,0
cyrillic,sparse_novel_counter,softwrap,81,25,15,27417,1166084,42500,Menlo,16,1,release,8,24,3,false,6756,0,false,Metal,Apple M5 Pro,0
cyrillic,sparse_novel_counter,softwrap,81,25,16,26625,1188959,44334,Menlo,16,1,release,8,24,3,false,6756,0,false,Metal,Apple M5 Pro,0
cyrillic,sparse_novel_counter,softwrap,81,25,17,26958,1193416,44209,Menlo,16,1,release,8,24,3,false,6756,0,false,Metal,Apple M5 Pro,0
cyrillic,sparse_novel_counter,softwrap,81,25,18,29500,1159709,44209,Menlo,16,1,release,8,24,3,false,6756,0,false,Metal,Apple M5 Pro,0
cyrillic,sparse_novel_counter,softwrap,81,25,19,27625,1160083,44042,Menlo,16,1,release,8,24,3,false,6756,0,false,Metal,Apple M5 Pro,0
cyrillic,sparse_novel_counter,softwrap,81,25,20,27000,1151750,43916,Menlo,16,1,release,8,24,3,false,6756,0,false,Metal,Apple M5 Pro,0
cyrillic,sparse_novel_counter,softwrap,81,25,21,26792,1176500,44084,Menlo,16,1,release,8,24,3,false,6756,0,false,Metal,Apple M5 Pro,0
cyrillic,sparse_novel_counter,softwrap,81,25,22,27333,1169791,43167,Menlo,16,1,release,8,24,3,false,6756,0,false,Metal,Apple M5 Pro,0
cyrillic,sparse_novel_counter,softwrap,81,25,23,26458,1142000,44041,Menlo,16,1,release,8,24,3,false,6756,0,false,Metal,Apple M5 Pro,0
cyrillic,scroll_cycle,explicit_rows,81,25,0,15500,16417,42542,Menlo,16,1,release,8,24,3,false,0,0,false,Metal,Apple M5 Pro,6
cyrillic,scroll_cycle,explicit_rows,81,25,1,15250,16292,41833,Menlo,16,1,release,8,24,3,false,0,0,false,Metal,Apple M5 Pro,12
cyrillic,scroll_cycle,explicit_rows,81,25,2,15334,16250,40042,Menlo,16,1,release,8,24,3,false,0,0,false,Metal,Apple M5 Pro,18
cyrillic,scroll_cycle,explicit_rows,81,25,3,15500,16416,39917,Menlo,16,1,release,8,24,3,false,0,0,false,Metal,Apple M5 Pro,25
cyrillic,scroll_cycle,explicit_rows,81,25,4,15334,16167,40542,Menlo,16,1,release,8,24,3,false,0,0,false,Metal,Apple M5 Pro,18
cyrillic,scroll_cycle,explicit_rows,81,25,5,15166,16083,40042,Menlo,16,1,release,8,24,3,false,0,0,false,Metal,Apple M5 Pro,12
cyrillic,scroll_cycle,explicit_rows,81,25,6,15292,16083,40292,Menlo,16,1,release,8,24,3,false,0,0,false,Metal,Apple M5 Pro,6
cyrillic,scroll_cycle,explicit_rows,81,25,7,15292,16166,40083,Menlo,16,1,release,8,24,3,false,0,0,false,Metal,Apple M5 Pro,0
cyrillic,scroll_cycle,explicit_rows,81,25,8,15292,16125,40208,Menlo,16,1,release,8,24,3,false,0,0,false,Metal,Apple M5 Pro,6
cyrillic,scroll_cycle,explicit_rows,81,25,9,15167,16083,40291,Menlo,16,1,release,8,24,3,false,0,0,false,Metal,Apple M5 Pro,12
cyrillic,scroll_cycle,explicit_rows,81,25,10,15292,16250,40000,Menlo,16,1,release,8,24,3,false,0,0,false,Metal,Apple M5 Pro,18
cyrillic,scroll_cycle,explicit_rows,81,25,11,15375,16000,40208,Menlo,16,1,release,8,24,3,false,0,0,false,Metal,Apple M5 Pro,25
cyrillic,scroll_cycle,explicit_rows,81,25,12,15125,16291,40292,Menlo,16,1,release,8,24,3,false,0,0,false,Metal,Apple M5 Pro,18
cyrillic,scroll_cycle,explicit_rows,81,25,13,15334,16083,40041,Menlo,16,1,release,8,24,3,false,0,0,false,Metal,Apple M5 Pro,12
cyrillic,scroll_cycle,explicit_rows,81,25,14,15208,16375,40125,Menlo,16,1,release,8,24,3,false,0,0,false,Metal,Apple M5 Pro,6
cyrillic,scroll_cycle,explicit_rows,81,25,15,15334,16208,40458,Menlo,16,1,release,8,24,3,false,0,0,false,Metal,Apple M5 Pro,0
cyrillic,scroll_cycle,explicit_rows,81,25,16,15166,16292,40375,Menlo,16,1,release,8,24,3,false,0,0,false,Metal,Apple M5 Pro,6
cyrillic,scroll_cycle,explicit_rows,81,25,17,15292,16083,40375,Menlo,16,1,release,8,24,3,false,0,0,false,Metal,Apple M5 Pro,12
cyrillic,scroll_cycle,explicit_rows,81,25,18,15458,16125,40333,Menlo,16,1,release,8,24,3,false,0,0,false,Metal,Apple M5 Pro,18
cyrillic,scroll_cycle,explicit_rows,81,25,19,15333,16084,40166,Menlo,16,1,release,8,24,3,false,0,0,false,Metal,Apple M5 Pro,25
cyrillic,scroll_cycle,explicit_rows,81,25,20,15167,16083,40167,Menlo,16,1,release,8,24,3,false,0,0,false,Metal,Apple M5 Pro,18
cyrillic,scroll_cycle,explicit_rows,81,25,21,15292,16333,40000,Menlo,16,1,release,8,24,3,false,0,0,false,Metal,Apple M5 Pro,12
cyrillic,scroll_cycle,explicit_rows,81,25,22,15167,15959,40292,Menlo,16,1,release,8,24,3,false,0,0,false,Metal,Apple M5 Pro,6
cyrillic,scroll_cycle,explicit_rows,81,25,23,15292,23875,40292,Menlo,16,1,release,8,24,3,false,0,0,false,Metal,Apple M5 Pro,0
cyrillic,scroll_cycle,softwrap,81,25,0,27125,1147166,44292,Menlo,16,1,release,8,24,3,false,5960,766,false,Metal,Apple M5 Pro,6
cyrillic,scroll_cycle,softwrap,81,25,1,27666,1154958,45042,Menlo,16,1,release,8,24,3,false,5167,1563,false,Metal,Apple M5 Pro,12
cyrillic,scroll_cycle,softwrap,81,25,2,27834,1161708,43583,Menlo,16,1,release,8,24,3,false,4373,2356,false,Metal,Apple M5 Pro,18
cyrillic,scroll_cycle,softwrap,81,25,3,27334,1156291,45042,Menlo,16,1,release,8,24,3,false,3442,3285,false,Metal,Apple M5 Pro,25
cyrillic,scroll_cycle,softwrap,81,25,4,27416,17292,44084,Menlo,16,1,release,8,24,3,false,4373,2356,false,Metal,Apple M5 Pro,18
cyrillic,scroll_cycle,softwrap,81,25,5,26666,17208,43958,Menlo,16,1,release,8,24,3,false,5167,1563,false,Metal,Apple M5 Pro,12
cyrillic,scroll_cycle,softwrap,81,25,6,26666,17417,42250,Menlo,16,1,release,8,24,3,false,5960,766,false,Metal,Apple M5 Pro,6
cyrillic,scroll_cycle,softwrap,81,25,7,26375,1148208,44750,Menlo,16,1,release,8,24,3,false,6756,0,false,Metal,Apple M5 Pro,0
cyrillic,scroll_cycle,softwrap,81,25,8,26333,1157417,45208,Menlo,16,1,release,8,24,3,false,5960,766,false,Metal,Apple M5 Pro,6
cyrillic,scroll_cycle,softwrap,81,25,9,26666,1195583,45167,Menlo,16,1,release,8,24,3,false,5167,1563,false,Metal,Apple M5 Pro,12
cyrillic,scroll_cycle,softwrap,81,25,10,28417,1161667,45292,Menlo,16,1,release,8,24,3,false,4373,2356,false,Metal,Apple M5 Pro,18
cyrillic,scroll_cycle,softwrap,81,25,11,27791,1151833,45334,Menlo,16,1,release,8,24,3,false,3442,3285,false,Metal,Apple M5 Pro,25
cyrillic,scroll_cycle,softwrap,81,25,12,27834,17000,44875,Menlo,16,1,release,8,24,3,false,4373,2356,false,Metal,Apple M5 Pro,18
cyrillic,scroll_cycle,softwrap,81,25,13,27084,17583,41583,Menlo,16,1,release,8,24,3,false,5167,1563,false,Metal,Apple M5 Pro,12
cyrillic,scroll_cycle,softwrap,81,25,14,26541,17459,41500,Menlo,16,1,release,8,24,3,false,5960,766,false,Metal,Apple M5 Pro,6
cyrillic,scroll_cycle,softwrap,81,25,15,26458,1140208,44833,Menlo,16,1,release,8,24,3,false,6756,0,false,Metal,Apple M5 Pro,0
cyrillic,scroll_cycle,softwrap,81,25,16,27375,1191500,45209,Menlo,16,1,release,8,24,3,false,5960,766,false,Metal,Apple M5 Pro,6
cyrillic,scroll_cycle,softwrap,81,25,17,37167,1156875,45208,Menlo,16,1,release,8,24,3,false,5167,1563,false,Metal,Apple M5 Pro,12
cyrillic,scroll_cycle,softwrap,81,25,18,27208,1163125,44375,Menlo,16,1,release,8,24,3,false,4373,2356,false,Metal,Apple M5 Pro,18
cyrillic,scroll_cycle,softwrap,81,25,19,27500,1187584,44500,Menlo,16,1,release,8,24,3,false,3442,3285,false,Metal,Apple M5 Pro,25
cyrillic,scroll_cycle,softwrap,81,25,20,29583,17166,44250,Menlo,16,1,release,8,24,3,false,4373,2356,false,Metal,Apple M5 Pro,18
cyrillic,scroll_cycle,softwrap,81,25,21,28208,17500,43167,Menlo,16,1,release,8,24,3,false,5167,1563,false,Metal,Apple M5 Pro,12
cyrillic,scroll_cycle,softwrap,81,25,22,27500,17375,41709,Menlo,16,1,release,8,24,3,false,5960,766,false,Metal,Apple M5 Pro,6
cyrillic,scroll_cycle,softwrap,81,25,23,27041,1162250,44625,Menlo,16,1,release,8,24,3,false,6756,0,false,Metal,Apple M5 Pro,0
cyrillic,dense_novel_text,explicit_rows,81,25,0,15375,627083,42167,Menlo,16,1,release,8,24,3,false,0,0,false,Metal,Apple M5 Pro,0
cyrillic,dense_novel_text,explicit_rows,81,25,1,15708,623084,42084,Menlo,16,1,release,8,24,3,false,0,0,false,Metal,Apple M5 Pro,0
cyrillic,dense_novel_text,explicit_rows,81,25,2,15292,615125,42750,Menlo,16,1,release,8,24,3,false,0,0,false,Metal,Apple M5 Pro,0
cyrillic,dense_novel_text,explicit_rows,81,25,3,15458,616375,42667,Menlo,16,1,release,8,24,3,false,0,0,false,Metal,Apple M5 Pro,0
cyrillic,dense_novel_text,explicit_rows,81,25,4,15375,619459,42583,Menlo,16,1,release,8,24,3,false,0,0,false,Metal,Apple M5 Pro,0
cyrillic,dense_novel_text,explicit_rows,81,25,5,15417,610083,42625,Menlo,16,1,release,8,24,3,false,0,0,false,Metal,Apple M5 Pro,0
cyrillic,dense_novel_text,explicit_rows,81,25,6,15584,618875,42666,Menlo,16,1,release,8,24,3,false,0,0,false,Metal,Apple M5 Pro,0
cyrillic,dense_novel_text,explicit_rows,81,25,7,15291,606708,42584,Menlo,16,1,release,8,24,3,false,0,0,false,Metal,Apple M5 Pro,0
cyrillic,dense_novel_text,explicit_rows,81,25,8,15125,608917,42750,Menlo,16,1,release,8,24,3,false,0,0,false,Metal,Apple M5 Pro,0
cyrillic,dense_novel_text,explicit_rows,81,25,9,15208,614792,42834,Menlo,16,1,release,8,24,3,false,0,0,false,Metal,Apple M5 Pro,0
cyrillic,dense_novel_text,explicit_rows,81,25,10,15625,616834,48292,Menlo,16,1,release,8,24,3,false,0,0,false,Metal,Apple M5 Pro,0
cyrillic,dense_novel_text,explicit_rows,81,25,11,15250,609208,41125,Menlo,16,1,release,8,24,3,false,0,0,false,Metal,Apple M5 Pro,0
cyrillic,dense_novel_text,explicit_rows,81,25,12,15583,612458,42333,Menlo,16,1,release,8,24,3,false,0,0,false,Metal,Apple M5 Pro,0
cyrillic,dense_novel_text,explicit_rows,81,25,13,15458,609875,42750,Menlo,16,1,release,8,24,3,false,0,0,false,Metal,Apple M5 Pro,0
cyrillic,dense_novel_text,explicit_rows,81,25,14,15542,610875,42875,Menlo,16,1,release,8,24,3,false,0,0,false,Metal,Apple M5 Pro,0
cyrillic,dense_novel_text,explicit_rows,81,25,15,15375,605875,42625,Menlo,16,1,release,8,24,3,false,0,0,false,Metal,Apple M5 Pro,0
cyrillic,dense_novel_text,explicit_rows,81,25,16,15458,677500,42875,Menlo,16,1,release,8,24,3,false,0,0,false,Metal,Apple M5 Pro,0
cyrillic,dense_novel_text,explicit_rows,81,25,17,15708,606625,42500,Menlo,16,1,release,8,24,3,false,0,0,false,Metal,Apple M5 Pro,0
cyrillic,dense_novel_text,explicit_rows,81,25,18,15500,607541,42625,Menlo,16,1,release,8,24,3,false,0,0,false,Metal,Apple M5 Pro,0
cyrillic,dense_novel_text,explicit_rows,81,25,19,15584,605084,42625,Menlo,16,1,release,8,24,3,false,0,0,false,Metal,Apple M5 Pro,0
cyrillic,dense_novel_text,explicit_rows,81,25,20,15500,606708,42708,Menlo,16,1,release,8,24,3,false,0,0,false,Metal,Apple M5 Pro,0
cyrillic,dense_novel_text,explicit_rows,81,25,21,15250,607666,42750,Menlo,16,1,release,8,24,3,false,0,0,false,Metal,Apple M5 Pro,0
cyrillic,dense_novel_text,explicit_rows,81,25,22,15583,603625,42583,Menlo,16,1,release,8,24,3,false,0,0,false,Metal,Apple M5 Pro,0
cyrillic,dense_novel_text,explicit_rows,81,25,23,15208,624958,42708,Menlo,16,1,release,8,24,3,false,0,0,false,Metal,Apple M5 Pro,0
cyrillic,dense_novel_text,softwrap,81,25,0,26750,1154292,44083,Menlo,16,1,release,8,24,3,false,6756,0,false,Metal,Apple M5 Pro,0
cyrillic,dense_novel_text,softwrap,81,25,1,27959,1166333,44458,Menlo,16,1,release,8,24,3,false,6756,0,false,Metal,Apple M5 Pro,0
cyrillic,dense_novel_text,softwrap,81,25,2,27041,1187458,44084,Menlo,16,1,release,8,24,3,false,6756,0,false,Metal,Apple M5 Pro,0
cyrillic,dense_novel_text,softwrap,81,25,3,27084,1166500,43958,Menlo,16,1,release,8,24,3,false,6756,0,false,Metal,Apple M5 Pro,0
cyrillic,dense_novel_text,softwrap,81,25,4,26416,1143917,43958,Menlo,16,1,release,8,24,3,false,6756,0,false,Metal,Apple M5 Pro,0
cyrillic,dense_novel_text,softwrap,81,25,5,26292,1172083,43916,Menlo,16,1,release,8,24,3,false,6756,0,false,Metal,Apple M5 Pro,0
cyrillic,dense_novel_text,softwrap,81,25,6,26375,1150042,44000,Menlo,16,1,release,8,24,3,false,6756,0,false,Metal,Apple M5 Pro,0
cyrillic,dense_novel_text,softwrap,81,25,7,26125,1148500,44166,Menlo,16,1,release,8,24,3,false,6756,0,false,Metal,Apple M5 Pro,0
cyrillic,dense_novel_text,softwrap,81,25,8,26375,1183333,43792,Menlo,16,1,release,8,24,3,false,6756,0,false,Metal,Apple M5 Pro,0
cyrillic,dense_novel_text,softwrap,81,25,9,28792,1160125,44000,Menlo,16,1,release,8,24,3,false,6756,0,false,Metal,Apple M5 Pro,0
cyrillic,dense_novel_text,softwrap,81,25,10,27292,1168500,43916,Menlo,16,1,release,8,24,3,false,6756,0,false,Metal,Apple M5 Pro,0
cyrillic,dense_novel_text,softwrap,81,25,11,26958,1148375,43958,Menlo,16,1,release,8,24,3,false,6756,0,false,Metal,Apple M5 Pro,0
cyrillic,dense_novel_text,softwrap,81,25,12,26666,1136542,43250,Menlo,16,1,release,8,24,3,false,6756,0,false,Metal,Apple M5 Pro,0
cyrillic,dense_novel_text,softwrap,81,25,13,26500,1148542,43958,Menlo,16,1,release,8,24,3,false,6756,0,false,Metal,Apple M5 Pro,0
cyrillic,dense_novel_text,softwrap,81,25,14,26917,1154375,43042,Menlo,16,1,release,8,24,3,false,6756,0,false,Metal,Apple M5 Pro,0
cyrillic,dense_novel_text,softwrap,81,25,15,26334,1139834,43833,Menlo,16,1,release,8,24,3,false,6756,0,false,Metal,Apple M5 Pro,0
cyrillic,dense_novel_text,softwrap,81,25,16,26542,1174667,43875,Menlo,16,1,release,8,24,3,false,6756,0,false,Metal,Apple M5 Pro,0
cyrillic,dense_novel_text,softwrap,81,25,17,26666,1149250,44042,Menlo,16,1,release,8,24,3,false,6756,0,false,Metal,Apple M5 Pro,0
cyrillic,dense_novel_text,softwrap,81,25,18,26083,1149583,52208,Menlo,16,1,release,8,24,3,false,6756,0,false,Metal,Apple M5 Pro,0
cyrillic,dense_novel_text,softwrap,81,25,19,26750,1150458,42958,Menlo,16,1,release,8,24,3,false,6756,0,false,Metal,Apple M5 Pro,0
cyrillic,dense_novel_text,softwrap,81,25,20,26375,1140958,44292,Menlo,16,1,release,8,24,3,false,6756,0,false,Metal,Apple M5 Pro,0
cyrillic,dense_novel_text,softwrap,81,25,21,26334,1153458,44041,Menlo,16,1,release,8,24,3,false,6756,0,false,Metal,Apple M5 Pro,0
cyrillic,dense_novel_text,softwrap,81,25,22,26209,1139375,44167,Menlo,16,1,release,8,24,3,false,6756,0,false,Metal,Apple M5 Pro,0
cyrillic,dense_novel_text,softwrap,81,25,23,26500,1147958,44042,Menlo,16,1,release,8,24,3,false,6756,0,false,Metal,Apple M5 Pro,0
cjk,sparse_novel_counter,explicit_rows,81,25,0,15542,113625,1208,Menlo,16,1,release,8,24,3,false,0,0,false,Metal,Apple M5 Pro,0
cjk,sparse_novel_counter,explicit_rows,81,25,1,15709,111375,1250,Menlo,16,1,release,8,24,3,false,0,0,false,Metal,Apple M5 Pro,0
cjk,sparse_novel_counter,explicit_rows,81,25,2,23084,107958,1250,Menlo,16,1,release,8,24,3,false,0,0,false,Metal,Apple M5 Pro,0
cjk,sparse_novel_counter,explicit_rows,81,25,3,15625,108459,1250,Menlo,16,1,release,8,24,3,false,0,0,false,Metal,Apple M5 Pro,0
cjk,sparse_novel_counter,explicit_rows,81,25,4,15541,102084,1208,Menlo,16,1,release,8,24,3,false,0,0,false,Metal,Apple M5 Pro,0
cjk,sparse_novel_counter,explicit_rows,81,25,5,15333,103042,1209,Menlo,16,1,release,8,24,3,false,0,0,false,Metal,Apple M5 Pro,0
cjk,sparse_novel_counter,explicit_rows,81,25,6,15625,103042,1250,Menlo,16,1,release,8,24,3,false,0,0,false,Metal,Apple M5 Pro,0
cjk,sparse_novel_counter,explicit_rows,81,25,7,15416,102334,1208,Menlo,16,1,release,8,24,3,false,0,0,false,Metal,Apple M5 Pro,0
cjk,sparse_novel_counter,explicit_rows,81,25,8,15292,105708,1250,Menlo,16,1,release,8,24,3,false,0,0,false,Metal,Apple M5 Pro,0
cjk,sparse_novel_counter,explicit_rows,81,25,9,15375,102542,1250,Menlo,16,1,release,8,24,3,false,0,0,false,Metal,Apple M5 Pro,0
cjk,sparse_novel_counter,explicit_rows,81,25,10,15417,102500,1209,Menlo,16,1,release,8,24,3,false,0,0,false,Metal,Apple M5 Pro,0
cjk,sparse_novel_counter,explicit_rows,81,25,11,15542,102125,1208,Menlo,16,1,release,8,24,3,false,0,0,false,Metal,Apple M5 Pro,0
cjk,sparse_novel_counter,explicit_rows,81,25,12,15584,102500,1208,Menlo,16,1,release,8,24,3,false,0,0,false,Metal,Apple M5 Pro,0
cjk,sparse_novel_counter,explicit_rows,81,25,13,15542,117250,1250,Menlo,16,1,release,8,24,3,false,0,0,false,Metal,Apple M5 Pro,0
cjk,sparse_novel_counter,explicit_rows,81,25,14,15292,102208,1250,Menlo,16,1,release,8,24,3,false,0,0,false,Metal,Apple M5 Pro,0
cjk,sparse_novel_counter,explicit_rows,81,25,15,15333,113625,1208,Menlo,16,1,release,8,24,3,false,0,0,false,Metal,Apple M5 Pro,0
cjk,sparse_novel_counter,explicit_rows,81,25,16,15500,116375,1208,Menlo,16,1,release,8,24,3,false,0,0,false,Metal,Apple M5 Pro,0
cjk,sparse_novel_counter,explicit_rows,81,25,17,15334,107834,1209,Menlo,16,1,release,8,24,3,false,0,0,false,Metal,Apple M5 Pro,0
cjk,sparse_novel_counter,explicit_rows,81,25,18,15625,102750,1375,Menlo,16,1,release,8,24,3,false,0,0,false,Metal,Apple M5 Pro,0
cjk,sparse_novel_counter,explicit_rows,81,25,19,15500,102292,1208,Menlo,16,1,release,8,24,3,false,0,0,false,Metal,Apple M5 Pro,0
cjk,sparse_novel_counter,explicit_rows,81,25,20,15417,102125,1208,Menlo,16,1,release,8,24,3,false,0,0,false,Metal,Apple M5 Pro,0
cjk,sparse_novel_counter,explicit_rows,81,25,21,15458,102417,1208,Menlo,16,1,release,8,24,3,false,0,0,false,Metal,Apple M5 Pro,0
cjk,sparse_novel_counter,explicit_rows,81,25,22,15459,101958,1208,Menlo,16,1,release,8,24,3,false,0,0,false,Metal,Apple M5 Pro,0
cjk,sparse_novel_counter,explicit_rows,81,25,23,15583,102417,1209,Menlo,16,1,release,8,24,3,false,0,0,false,Metal,Apple M5 Pro,0
cjk,sparse_novel_counter,softwrap,81,25,0,23458,5826166,25459,Menlo,16,1,release,8,24,3,false,5641,0,false,Metal,Apple M5 Pro,0
cjk,sparse_novel_counter,softwrap,81,25,1,24791,5761333,27000,Menlo,16,1,release,8,24,3,false,5641,0,false,Metal,Apple M5 Pro,0
cjk,sparse_novel_counter,softwrap,81,25,2,23875,5770958,27000,Menlo,16,1,release,8,24,3,false,5641,0,false,Metal,Apple M5 Pro,0
cjk,sparse_novel_counter,softwrap,81,25,3,24750,5743958,27042,Menlo,16,1,release,8,24,3,false,5641,0,false,Metal,Apple M5 Pro,0
cjk,sparse_novel_counter,softwrap,81,25,4,23792,5794208,27042,Menlo,16,1,release,8,24,3,false,5641,0,false,Metal,Apple M5 Pro,0
cjk,sparse_novel_counter,softwrap,81,25,5,23792,5754625,27084,Menlo,16,1,release,8,24,3,false,5641,0,false,Metal,Apple M5 Pro,0
cjk,sparse_novel_counter,softwrap,81,25,6,23750,5742750,26625,Menlo,16,1,release,8,24,3,false,5641,0,false,Metal,Apple M5 Pro,0
cjk,sparse_novel_counter,softwrap,81,25,7,23084,5780791,26292,Menlo,16,1,release,8,24,3,false,5641,0,false,Metal,Apple M5 Pro,0
cjk,sparse_novel_counter,softwrap,81,25,8,25708,5756625,27083,Menlo,16,1,release,8,24,3,false,5641,0,false,Metal,Apple M5 Pro,0
cjk,sparse_novel_counter,softwrap,81,25,9,23958,5740625,26375,Menlo,16,1,release,8,24,3,false,5641,0,false,Metal,Apple M5 Pro,0
cjk,sparse_novel_counter,softwrap,81,25,10,23291,5744917,25792,Menlo,16,1,release,8,24,3,false,5641,0,false,Metal,Apple M5 Pro,0
cjk,sparse_novel_counter,softwrap,81,25,11,23583,5720458,27000,Menlo,16,1,release,8,24,3,false,5641,0,false,Metal,Apple M5 Pro,0
cjk,sparse_novel_counter,softwrap,81,25,12,23375,5748125,26333,Menlo,16,1,release,8,24,3,false,5641,0,false,Metal,Apple M5 Pro,0
cjk,sparse_novel_counter,softwrap,81,25,13,23709,5723084,26916,Menlo,16,1,release,8,24,3,false,5641,0,false,Metal,Apple M5 Pro,0
cjk,sparse_novel_counter,softwrap,81,25,14,23333,5759542,26958,Menlo,16,1,release,8,24,3,false,5641,0,false,Metal,Apple M5 Pro,0
cjk,sparse_novel_counter,softwrap,81,25,15,23959,5759041,27042,Menlo,16,1,release,8,24,3,false,5641,0,false,Metal,Apple M5 Pro,0
cjk,sparse_novel_counter,softwrap,81,25,16,23167,5711333,26958,Menlo,16,1,release,8,24,3,false,5641,0,false,Metal,Apple M5 Pro,0
cjk,sparse_novel_counter,softwrap,81,25,17,23417,5782417,26916,Menlo,16,1,release,8,24,3,false,5641,0,false,Metal,Apple M5 Pro,0
cjk,sparse_novel_counter,softwrap,81,25,18,23875,5784667,26875,Menlo,16,1,release,8,24,3,false,5641,0,false,Metal,Apple M5 Pro,0
cjk,sparse_novel_counter,softwrap,81,25,19,23333,5785917,26833,Menlo,16,1,release,8,24,3,false,5641,0,false,Metal,Apple M5 Pro,0
cjk,sparse_novel_counter,softwrap,81,25,20,23417,5731041,26417,Menlo,16,1,release,8,24,3,false,5641,0,false,Metal,Apple M5 Pro,0
cjk,sparse_novel_counter,softwrap,81,25,21,23042,5722917,27000,Menlo,16,1,release,8,24,3,false,5641,0,false,Metal,Apple M5 Pro,0
cjk,sparse_novel_counter,softwrap,81,25,22,23333,5736208,26917,Menlo,16,1,release,8,24,3,false,5641,0,false,Metal,Apple M5 Pro,0
cjk,sparse_novel_counter,softwrap,81,25,23,23833,5802125,29833,Menlo,16,1,release,8,24,3,false,5641,0,false,Metal,Apple M5 Pro,0
cjk,scroll_cycle,explicit_rows,81,25,0,15667,17083,27083,Menlo,16,1,release,8,24,3,false,0,0,false,Metal,Apple M5 Pro,6
cjk,scroll_cycle,explicit_rows,81,25,1,15416,16833,26583,Menlo,16,1,release,8,24,3,false,0,0,false,Metal,Apple M5 Pro,12
cjk,scroll_cycle,explicit_rows,81,25,2,15333,16917,25750,Menlo,16,1,release,8,24,3,false,0,0,false,Metal,Apple M5 Pro,18
cjk,scroll_cycle,explicit_rows,81,25,3,15416,16834,25750,Menlo,16,1,release,8,24,3,false,0,0,false,Metal,Apple M5 Pro,25
cjk,scroll_cycle,explicit_rows,81,25,4,15375,16625,25792,Menlo,16,1,release,8,24,3,false,0,0,false,Metal,Apple M5 Pro,18
cjk,scroll_cycle,explicit_rows,81,25,5,15291,16625,26000,Menlo,16,1,release,8,24,3,false,0,0,false,Metal,Apple M5 Pro,12
cjk,scroll_cycle,explicit_rows,81,25,6,15250,16750,25709,Menlo,16,1,release,8,24,3,false,0,0,false,Metal,Apple M5 Pro,6
cjk,scroll_cycle,explicit_rows,81,25,7,15334,16833,25792,Menlo,16,1,release,8,24,3,false,0,0,false,Metal,Apple M5 Pro,0
cjk,scroll_cycle,explicit_rows,81,25,8,15250,16750,26083,Menlo,16,1,release,8,24,3,false,0,0,false,Metal,Apple M5 Pro,6
cjk,scroll_cycle,explicit_rows,81,25,9,15333,16583,25709,Menlo,16,1,release,8,24,3,false,0,0,false,Metal,Apple M5 Pro,12
cjk,scroll_cycle,explicit_rows,81,25,10,15292,16917,25791,Menlo,16,1,release,8,24,3,false,0,0,false,Metal,Apple M5 Pro,18
cjk,scroll_cycle,explicit_rows,81,25,11,15375,16666,25834,Menlo,16,1,release,8,24,3,false,0,0,false,Metal,Apple M5 Pro,25
cjk,scroll_cycle,explicit_rows,81,25,12,15375,16541,26042,Menlo,16,1,release,8,24,3,false,0,0,false,Metal,Apple M5 Pro,18
cjk,scroll_cycle,explicit_rows,81,25,13,15208,16750,26125,Menlo,16,1,release,8,24,3,false,0,0,false,Metal,Apple M5 Pro,12
cjk,scroll_cycle,explicit_rows,81,25,14,15125,16542,25958,Menlo,16,1,release,8,24,3,false,0,0,false,Metal,Apple M5 Pro,6
cjk,scroll_cycle,explicit_rows,81,25,15,15459,16875,25958,Menlo,16,1,release,8,24,3,false,0,0,false,Metal,Apple M5 Pro,0
cjk,scroll_cycle,explicit_rows,81,25,16,15209,16834,25791,Menlo,16,1,release,8,24,3,false,0,0,false,Metal,Apple M5 Pro,6
cjk,scroll_cycle,explicit_rows,81,25,17,15250,16542,25875,Menlo,16,1,release,8,24,3,false,0,0,false,Metal,Apple M5 Pro,12
cjk,scroll_cycle,explicit_rows,81,25,18,15375,16541,25875,Menlo,16,1,release,8,24,3,false,0,0,false,Metal,Apple M5 Pro,18
cjk,scroll_cycle,explicit_rows,81,25,19,15417,16834,25709,Menlo,16,1,release,8,24,3,false,0,0,false,Metal,Apple M5 Pro,25
cjk,scroll_cycle,explicit_rows,81,25,20,15458,16666,25625,Menlo,16,1,release,8,24,3,false,0,0,false,Metal,Apple M5 Pro,18
cjk,scroll_cycle,explicit_rows,81,25,21,15292,16625,25875,Menlo,16,1,release,8,24,3,false,0,0,false,Metal,Apple M5 Pro,12
cjk,scroll_cycle,explicit_rows,81,25,22,15208,16958,25708,Menlo,16,1,release,8,24,3,false,0,0,false,Metal,Apple M5 Pro,6
cjk,scroll_cycle,explicit_rows,81,25,23,15500,16875,25875,Menlo,16,1,release,8,24,3,false,0,0,false,Metal,Apple M5 Pro,0
cjk,scroll_cycle,softwrap,81,25,0,24583,17875,26334,Menlo,16,1,release,8,24,3,false,4977,638,false,Metal,Apple M5 Pro,6
cjk,scroll_cycle,softwrap,81,25,1,23792,18208,25750,Menlo,16,1,release,8,24,3,false,4314,1301,false,Metal,Apple M5 Pro,12
cjk,scroll_cycle,softwrap,81,25,2,23834,17750,25792,Menlo,16,1,release,8,24,3,false,3650,1965,false,Metal,Apple M5 Pro,18
cjk,scroll_cycle,softwrap,81,25,3,23625,17625,26042,Menlo,16,1,release,8,24,3,false,2877,2743,false,Metal,Apple M5 Pro,25
cjk,scroll_cycle,softwrap,81,25,4,23625,17625,26291,Menlo,16,1,release,8,24,3,false,3650,1965,false,Metal,Apple M5 Pro,18
cjk,scroll_cycle,softwrap,81,25,5,23208,17583,26458,Menlo,16,1,release,8,24,3,false,4314,1301,false,Metal,Apple M5 Pro,12
cjk,scroll_cycle,softwrap,81,25,6,23375,17750,26334,Menlo,16,1,release,8,24,3,false,4977,638,false,Metal,Apple M5 Pro,6
cjk,scroll_cycle,softwrap,81,25,7,22709,17625,25334,Menlo,16,1,release,8,24,3,false,5641,0,false,Metal,Apple M5 Pro,0
cjk,scroll_cycle,softwrap,81,25,8,23208,17625,26458,Menlo,16,1,release,8,24,3,false,4977,638,false,Metal,Apple M5 Pro,6
cjk,scroll_cycle,softwrap,81,25,9,23084,17833,29333,Menlo,16,1,release,8,24,3,false,4314,1301,false,Metal,Apple M5 Pro,12
cjk,scroll_cycle,softwrap,81,25,10,23167,17708,26417,Menlo,16,1,release,8,24,3,false,3650,1965,false,Metal,Apple M5 Pro,18
cjk,scroll_cycle,softwrap,81,25,11,23500,17667,26209,Menlo,16,1,release,8,24,3,false,2877,2743,false,Metal,Apple M5 Pro,25
cjk,scroll_cycle,softwrap,81,25,12,22959,17625,25709,Menlo,16,1,release,8,24,3,false,3650,1965,false,Metal,Apple M5 Pro,18
cjk,scroll_cycle,softwrap,81,25,13,23417,17750,25916,Menlo,16,1,release,8,24,3,false,4314,1301,false,Metal,Apple M5 Pro,12
cjk,scroll_cycle,softwrap,81,25,14,23209,17625,25625,Menlo,16,1,release,8,24,3,false,4977,638,false,Metal,Apple M5 Pro,6
cjk,scroll_cycle,softwrap,81,25,15,22959,17667,24583,Menlo,16,1,release,8,24,3,false,5641,0,false,Metal,Apple M5 Pro,0
cjk,scroll_cycle,softwrap,81,25,16,23250,17666,26167,Menlo,16,1,release,8,24,3,false,4977,638,false,Metal,Apple M5 Pro,6
cjk,scroll_cycle,softwrap,81,25,17,23000,17625,26125,Menlo,16,1,release,8,24,3,false,4314,1301,false,Metal,Apple M5 Pro,12
cjk,scroll_cycle,softwrap,81,25,18,22833,17875,26000,Menlo,16,1,release,8,24,3,false,3650,1965,false,Metal,Apple M5 Pro,18
cjk,scroll_cycle,softwrap,81,25,19,23333,17542,26084,Menlo,16,1,release,8,24,3,false,2877,2743,false,Metal,Apple M5 Pro,25
cjk,scroll_cycle,softwrap,81,25,20,23125,17500,25917,Menlo,16,1,release,8,24,3,false,3650,1965,false,Metal,Apple M5 Pro,18
cjk,scroll_cycle,softwrap,81,25,21,22916,17875,25792,Menlo,16,1,release,8,24,3,false,4314,1301,false,Metal,Apple M5 Pro,12
cjk,scroll_cycle,softwrap,81,25,22,23000,17625,25666,Menlo,16,1,release,8,24,3,false,4977,638,false,Metal,Apple M5 Pro,6
cjk,scroll_cycle,softwrap,81,25,23,22584,17708,24958,Menlo,16,1,release,8,24,3,false,5641,0,false,Metal,Apple M5 Pro,0
cjk,dense_novel_text,explicit_rows,81,25,0,15375,2174709,27625,Menlo,16,1,release,8,24,3,false,0,0,false,Metal,Apple M5 Pro,0
cjk,dense_novel_text,explicit_rows,81,25,1,15542,2153834,27458,Menlo,16,1,release,8,24,3,false,0,0,false,Metal,Apple M5 Pro,0
cjk,dense_novel_text,explicit_rows,81,25,2,15416,2175542,27458,Menlo,16,1,release,8,24,3,false,0,0,false,Metal,Apple M5 Pro,0
cjk,dense_novel_text,explicit_rows,81,25,3,15500,2185209,27500,Menlo,16,1,release,8,24,3,false,0,0,false,Metal,Apple M5 Pro,0
cjk,dense_novel_text,explicit_rows,81,25,4,15500,2240333,27750,Menlo,16,1,release,8,24,3,false,0,0,false,Metal,Apple M5 Pro,0
cjk,dense_novel_text,explicit_rows,81,25,5,15500,2172583,31792,Menlo,16,1,release,8,24,3,false,0,0,false,Metal,Apple M5 Pro,0
cjk,dense_novel_text,explicit_rows,81,25,6,15875,2142000,27167,Menlo,16,1,release,8,24,3,false,0,0,false,Metal,Apple M5 Pro,0
cjk,dense_novel_text,explicit_rows,81,25,7,15708,2136333,27625,Menlo,16,1,release,8,24,3,false,0,0,false,Metal,Apple M5 Pro,0
cjk,dense_novel_text,explicit_rows,81,25,8,15417,2159708,27625,Menlo,16,1,release,8,24,3,false,0,0,false,Metal,Apple M5 Pro,0
cjk,dense_novel_text,explicit_rows,81,25,9,15542,2180250,27834,Menlo,16,1,release,8,24,3,false,0,0,false,Metal,Apple M5 Pro,0
cjk,dense_novel_text,explicit_rows,81,25,10,15708,2161667,27541,Menlo,16,1,release,8,24,3,false,0,0,false,Metal,Apple M5 Pro,0
cjk,dense_novel_text,explicit_rows,81,25,11,15500,2150042,27458,Menlo,16,1,release,8,24,3,false,0,0,false,Metal,Apple M5 Pro,0
cjk,dense_novel_text,explicit_rows,81,25,12,15542,2176166,27459,Menlo,16,1,release,8,24,3,false,0,0,false,Metal,Apple M5 Pro,0
cjk,dense_novel_text,explicit_rows,81,25,13,15416,2171542,27500,Menlo,16,1,release,8,24,3,false,0,0,false,Metal,Apple M5 Pro,0
cjk,dense_novel_text,explicit_rows,81,25,14,15542,2195042,27833,Menlo,16,1,release,8,24,3,false,0,0,false,Metal,Apple M5 Pro,0
cjk,dense_novel_text,explicit_rows,81,25,15,15833,2165750,27667,Menlo,16,1,release,8,24,3,false,0,0,false,Metal,Apple M5 Pro,0
cjk,dense_novel_text,explicit_rows,81,25,16,15666,2165292,27500,Menlo,16,1,release,8,24,3,false,0,0,false,Metal,Apple M5 Pro,0
cjk,dense_novel_text,explicit_rows,81,25,17,15459,2217875,27583,Menlo,16,1,release,8,24,3,false,0,0,false,Metal,Apple M5 Pro,0
cjk,dense_novel_text,explicit_rows,81,25,18,15583,2197167,27584,Menlo,16,1,release,8,24,3,false,0,0,false,Metal,Apple M5 Pro,0
cjk,dense_novel_text,explicit_rows,81,25,19,15708,2147250,27500,Menlo,16,1,release,8,24,3,false,0,0,false,Metal,Apple M5 Pro,0
cjk,dense_novel_text,explicit_rows,81,25,20,15500,2149416,27625,Menlo,16,1,release,8,24,3,false,0,0,false,Metal,Apple M5 Pro,0
cjk,dense_novel_text,explicit_rows,81,25,21,15584,2154834,27584,Menlo,16,1,release,8,24,3,false,0,0,false,Metal,Apple M5 Pro,0
cjk,dense_novel_text,explicit_rows,81,25,22,15334,2171792,27792,Menlo,16,1,release,8,24,3,false,0,0,false,Metal,Apple M5 Pro,0
cjk,dense_novel_text,explicit_rows,81,25,23,16250,2162333,26375,Menlo,16,1,release,8,24,3,false,0,0,false,Metal,Apple M5 Pro,0
cjk,dense_novel_text,softwrap,81,25,0,23291,5794459,26875,Menlo,16,1,release,8,24,3,false,5641,0,false,Metal,Apple M5 Pro,0
cjk,dense_novel_text,softwrap,81,25,1,23208,5744292,26250,Menlo,16,1,release,8,24,3,false,5641,0,false,Metal,Apple M5 Pro,0
cjk,dense_novel_text,softwrap,81,25,2,23041,5755958,27000,Menlo,16,1,release,8,24,3,false,5641,0,false,Metal,Apple M5 Pro,0
cjk,dense_novel_text,softwrap,81,25,3,23125,5790333,26417,Menlo,16,1,release,8,24,3,false,5641,0,false,Metal,Apple M5 Pro,0
cjk,dense_novel_text,softwrap,81,25,4,23292,5764042,26833,Menlo,16,1,release,8,24,3,false,5641,0,false,Metal,Apple M5 Pro,0
cjk,dense_novel_text,softwrap,81,25,5,23417,5709542,26292,Menlo,16,1,release,8,24,3,false,5641,0,false,Metal,Apple M5 Pro,0
cjk,dense_novel_text,softwrap,81,25,6,22791,5752792,26791,Menlo,16,1,release,8,24,3,false,5641,0,false,Metal,Apple M5 Pro,0
cjk,dense_novel_text,softwrap,81,25,7,23458,5736167,26834,Menlo,16,1,release,8,24,3,false,5641,0,false,Metal,Apple M5 Pro,0
cjk,dense_novel_text,softwrap,81,25,8,23167,5746000,26375,Menlo,16,1,release,8,24,3,false,5641,0,false,Metal,Apple M5 Pro,0
cjk,dense_novel_text,softwrap,81,25,9,23333,8550000,40458,Menlo,16,1,release,8,24,3,false,5641,0,false,Metal,Apple M5 Pro,0
cjk,dense_novel_text,softwrap,81,25,10,54167,9004958,27959,Menlo,16,1,release,8,24,3,false,5641,0,false,Metal,Apple M5 Pro,0
cjk,dense_novel_text,softwrap,81,25,11,31833,7308875,28250,Menlo,16,1,release,8,24,3,false,5641,0,false,Metal,Apple M5 Pro,0
cjk,dense_novel_text,softwrap,81,25,12,27541,5917334,34334,Menlo,16,1,release,8,24,3,false,5641,0,false,Metal,Apple M5 Pro,0
cjk,dense_novel_text,softwrap,81,25,13,26791,5840458,27250,Menlo,16,1,release,8,24,3,false,5641,0,false,Metal,Apple M5 Pro,0
cjk,dense_novel_text,softwrap,81,25,14,25041,5815125,26542,Menlo,16,1,release,8,24,3,false,5641,0,false,Metal,Apple M5 Pro,0
cjk,dense_novel_text,softwrap,81,25,15,23250,5886875,27208,Menlo,16,1,release,8,24,3,false,5641,0,false,Metal,Apple M5 Pro,0
cjk,dense_novel_text,softwrap,81,25,16,24250,5779375,25125,Menlo,16,1,release,8,24,3,false,5641,0,false,Metal,Apple M5 Pro,0
cjk,dense_novel_text,softwrap,81,25,17,23417,5847041,27334,Menlo,16,1,release,8,24,3,false,5641,0,false,Metal,Apple M5 Pro,0
cjk,dense_novel_text,softwrap,81,25,18,24792,5834083,26875,Menlo,16,1,release,8,24,3,false,5641,0,false,Metal,Apple M5 Pro,0
cjk,dense_novel_text,softwrap,81,25,19,24833,5758042,26416,Menlo,16,1,release,8,24,3,false,5641,0,false,Metal,Apple M5 Pro,0
cjk,dense_novel_text,softwrap,81,25,20,23250,5831667,26875,Menlo,16,1,release,8,24,3,false,5641,0,false,Metal,Apple M5 Pro,0
cjk,dense_novel_text,softwrap,81,25,21,23875,5768459,26792,Menlo,16,1,release,8,24,3,false,5641,0,false,Metal,Apple M5 Pro,0
cjk,dense_novel_text,softwrap,81,25,22,23250,5809417,26917,Menlo,16,1,release,8,24,3,false,5641,0,false,Metal,Apple M5 Pro,0
cjk,dense_novel_text,softwrap,81,25,23,23875,5809750,26375,Menlo,16,1,release,8,24,3,false,5641,0,false,Metal,Apple M5 Pro,0
arabic,sparse_novel_counter,explicit_rows,81,25,0,15250,68875,1875,Menlo,16,1,release,8,24,3,false,0,0,false,Metal,Apple M5 Pro,0
arabic,sparse_novel_counter,explicit_rows,81,25,1,15375,69541,1833,Menlo,16,1,release,8,24,3,false,0,0,false,Metal,Apple M5 Pro,0
arabic,sparse_novel_counter,explicit_rows,81,25,2,15375,69584,1875,Menlo,16,1,release,8,24,3,false,0,0,false,Metal,Apple M5 Pro,0
arabic,sparse_novel_counter,explicit_rows,81,25,3,15167,70333,1875,Menlo,16,1,release,8,24,3,false,0,0,false,Metal,Apple M5 Pro,0
arabic,sparse_novel_counter,explicit_rows,81,25,4,15375,69875,1875,Menlo,16,1,release,8,24,3,false,0,0,false,Metal,Apple M5 Pro,0
arabic,sparse_novel_counter,explicit_rows,81,25,5,15417,71917,1875,Menlo,16,1,release,8,24,3,false,0,0,false,Metal,Apple M5 Pro,0
arabic,sparse_novel_counter,explicit_rows,81,25,6,15375,69834,1875,Menlo,16,1,release,8,24,3,false,0,0,false,Metal,Apple M5 Pro,0
arabic,sparse_novel_counter,explicit_rows,81,25,7,15291,70167,1875,Menlo,16,1,release,8,24,3,false,0,0,false,Metal,Apple M5 Pro,0
arabic,sparse_novel_counter,explicit_rows,81,25,8,15375,70125,1875,Menlo,16,1,release,8,24,3,false,0,0,false,Metal,Apple M5 Pro,0
arabic,sparse_novel_counter,explicit_rows,81,25,9,15166,69417,1875,Menlo,16,1,release,8,24,3,false,0,0,false,Metal,Apple M5 Pro,0
arabic,sparse_novel_counter,explicit_rows,81,25,10,15292,69708,1917,Menlo,16,1,release,8,24,3,false,0,0,false,Metal,Apple M5 Pro,0
arabic,sparse_novel_counter,explicit_rows,81,25,11,15500,70250,1875,Menlo,16,1,release,8,24,3,false,0,0,false,Metal,Apple M5 Pro,0
arabic,sparse_novel_counter,explicit_rows,81,25,12,15208,70000,1875,Menlo,16,1,release,8,24,3,false,0,0,false,Metal,Apple M5 Pro,0
arabic,sparse_novel_counter,explicit_rows,81,25,13,15333,70083,1875,Menlo,16,1,release,8,24,3,false,0,0,false,Metal,Apple M5 Pro,0
arabic,sparse_novel_counter,explicit_rows,81,25,14,15334,69666,1875,Menlo,16,1,release,8,24,3,false,0,0,false,Metal,Apple M5 Pro,0
arabic,sparse_novel_counter,explicit_rows,81,25,15,15375,69167,1916,Menlo,16,1,release,8,24,3,false,0,0,false,Metal,Apple M5 Pro,0
arabic,sparse_novel_counter,explicit_rows,81,25,16,15209,69875,1916,Menlo,16,1,release,8,24,3,false,0,0,false,Metal,Apple M5 Pro,0
arabic,sparse_novel_counter,explicit_rows,81,25,17,15250,69959,1834,Menlo,16,1,release,8,24,3,false,0,0,false,Metal,Apple M5 Pro,0
arabic,sparse_novel_counter,explicit_rows,81,25,18,15208,69792,1875,Menlo,16,1,release,8,24,3,false,0,0,false,Metal,Apple M5 Pro,0
arabic,sparse_novel_counter,explicit_rows,81,25,19,15208,69417,1875,Menlo,16,1,release,8,24,3,false,0,0,false,Metal,Apple M5 Pro,0
arabic,sparse_novel_counter,explicit_rows,81,25,20,15375,70750,1875,Menlo,16,1,release,8,24,3,false,0,0,false,Metal,Apple M5 Pro,0
arabic,sparse_novel_counter,explicit_rows,81,25,21,15209,69584,1875,Menlo,16,1,release,8,24,3,false,0,0,false,Metal,Apple M5 Pro,0
arabic,sparse_novel_counter,explicit_rows,81,25,22,15334,70583,1875,Menlo,16,1,release,8,24,3,false,0,0,false,Metal,Apple M5 Pro,0
arabic,sparse_novel_counter,explicit_rows,81,25,23,15208,70041,1875,Menlo,16,1,release,8,24,3,false,0,0,false,Metal,Apple M5 Pro,0
arabic,sparse_novel_counter,softwrap,81,25,0,30084,3916875,49416,Menlo,16,1,release,8,24,3,false,7475,0,false,Metal,Apple M5 Pro,0
arabic,sparse_novel_counter,softwrap,81,25,1,29000,3891834,49375,Menlo,16,1,release,8,24,3,false,7475,0,false,Metal,Apple M5 Pro,0
arabic,sparse_novel_counter,softwrap,81,25,2,28166,3962792,49542,Menlo,16,1,release,8,24,3,false,7475,0,false,Metal,Apple M5 Pro,0
arabic,sparse_novel_counter,softwrap,81,25,3,29584,3924000,48584,Menlo,16,1,release,8,24,3,false,7475,0,false,Metal,Apple M5 Pro,0
arabic,sparse_novel_counter,softwrap,81,25,4,28375,3954875,49417,Menlo,16,1,release,8,24,3,false,7475,0,false,Metal,Apple M5 Pro,0
arabic,sparse_novel_counter,softwrap,81,25,5,29375,3932500,48542,Menlo,16,1,release,8,24,3,false,7475,0,false,Metal,Apple M5 Pro,0
arabic,sparse_novel_counter,softwrap,81,25,6,28750,3909709,49000,Menlo,16,1,release,8,24,3,false,7475,0,false,Metal,Apple M5 Pro,0
arabic,sparse_novel_counter,softwrap,81,25,7,28291,3918500,48541,Menlo,16,1,release,8,24,3,false,7475,0,false,Metal,Apple M5 Pro,0
arabic,sparse_novel_counter,softwrap,81,25,8,27833,3908917,48667,Menlo,16,1,release,8,24,3,false,7475,0,false,Metal,Apple M5 Pro,0
arabic,sparse_novel_counter,softwrap,81,25,9,28167,3897167,48916,Menlo,16,1,release,8,24,3,false,7475,0,false,Metal,Apple M5 Pro,0
arabic,sparse_novel_counter,softwrap,81,25,10,28833,3881459,48625,Menlo,16,1,release,8,24,3,false,7475,0,false,Metal,Apple M5 Pro,0
arabic,sparse_novel_counter,softwrap,81,25,11,27917,3907250,49125,Menlo,16,1,release,8,24,3,false,7475,0,false,Metal,Apple M5 Pro,0
arabic,sparse_novel_counter,softwrap,81,25,12,28375,3896875,49250,Menlo,16,1,release,8,24,3,false,7475,0,false,Metal,Apple M5 Pro,0
arabic,sparse_novel_counter,softwrap,81,25,13,27833,3890000,48459,Menlo,16,1,release,8,24,3,false,7475,0,false,Metal,Apple M5 Pro,0
arabic,sparse_novel_counter,softwrap,81,25,14,28083,3927250,49042,Menlo,16,1,release,8,24,3,false,7475,0,false,Metal,Apple M5 Pro,0
arabic,sparse_novel_counter,softwrap,81,25,15,27959,3868500,48959,Menlo,16,1,release,8,24,3,false,7475,0,false,Metal,Apple M5 Pro,0
arabic,sparse_novel_counter,softwrap,81,25,16,28000,3987000,49000,Menlo,16,1,release,8,24,3,false,7475,0,false,Metal,Apple M5 Pro,0
arabic,sparse_novel_counter,softwrap,81,25,17,28167,3895875,49000,Menlo,16,1,release,8,24,3,false,7475,0,false,Metal,Apple M5 Pro,0
arabic,sparse_novel_counter,softwrap,81,25,18,27667,3877833,48292,Menlo,16,1,release,8,24,3,false,7475,0,false,Metal,Apple M5 Pro,0
arabic,sparse_novel_counter,softwrap,81,25,19,28542,3896708,49042,Menlo,16,1,release,8,24,3,false,7475,0,false,Metal,Apple M5 Pro,0
arabic,sparse_novel_counter,softwrap,81,25,20,28458,3884667,48041,Menlo,16,1,release,8,24,3,false,7475,0,false,Metal,Apple M5 Pro,0
arabic,sparse_novel_counter,softwrap,81,25,21,28167,3902666,48959,Menlo,16,1,release,8,24,3,false,7475,0,false,Metal,Apple M5 Pro,0
arabic,sparse_novel_counter,softwrap,81,25,22,28083,3874041,48958,Menlo,16,1,release,8,24,3,false,7475,0,false,Metal,Apple M5 Pro,0
arabic,sparse_novel_counter,softwrap,81,25,23,27500,3865500,47958,Menlo,16,1,release,8,24,3,false,7475,0,false,Metal,Apple M5 Pro,0
arabic,scroll_cycle,explicit_rows,81,25,0,15625,16875,41292,Menlo,16,1,release,8,24,3,false,0,0,false,Metal,Apple M5 Pro,6
arabic,scroll_cycle,explicit_rows,81,25,1,15459,16750,40750,Menlo,16,1,release,8,24,3,false,0,0,false,Metal,Apple M5 Pro,12
arabic,scroll_cycle,explicit_rows,81,25,2,15625,17000,40542,Menlo,16,1,release,8,24,3,false,0,0,false,Metal,Apple M5 Pro,18
arabic,scroll_cycle,explicit_rows,81,25,3,15500,16750,40542,Menlo,16,1,release,8,24,3,false,0,0,false,Metal,Apple M5 Pro,25
arabic,scroll_cycle,explicit_rows,81,25,4,15250,16750,41084,Menlo,16,1,release,8,24,3,false,0,0,false,Metal,Apple M5 Pro,18
arabic,scroll_cycle,explicit_rows,81,25,5,15375,16792,40791,Menlo,16,1,release,8,24,3,false,0,0,false,Metal,Apple M5 Pro,12
arabic,scroll_cycle,explicit_rows,81,25,6,15584,16667,40875,Menlo,16,1,release,8,24,3,false,0,0,false,Metal,Apple M5 Pro,6
arabic,scroll_cycle,explicit_rows,81,25,7,15333,16750,40958,Menlo,16,1,release,8,24,3,false,0,0,false,Metal,Apple M5 Pro,0
arabic,scroll_cycle,explicit_rows,81,25,8,15375,16500,40791,Menlo,16,1,release,8,24,3,false,0,0,false,Metal,Apple M5 Pro,6
arabic,scroll_cycle,explicit_rows,81,25,9,15291,16583,40875,Menlo,16,1,release,8,24,3,false,0,0,false,Metal,Apple M5 Pro,12
arabic,scroll_cycle,explicit_rows,81,25,10,15209,16791,40792,Menlo,16,1,release,8,24,3,false,0,0,false,Metal,Apple M5 Pro,18
arabic,scroll_cycle,explicit_rows,81,25,11,15375,16583,41000,Menlo,16,1,release,8,24,3,false,0,0,false,Metal,Apple M5 Pro,25
arabic,scroll_cycle,explicit_rows,81,25,12,15958,17167,40583,Menlo,16,1,release,8,24,3,false,0,0,false,Metal,Apple M5 Pro,18
arabic,scroll_cycle,explicit_rows,81,25,13,15291,16583,40459,Menlo,16,1,release,8,24,3,false,0,0,false,Metal,Apple M5 Pro,12
arabic,scroll_cycle,explicit_rows,81,25,14,15375,16916,40458,Menlo,16,1,release,8,24,3,false,0,0,false,Metal,Apple M5 Pro,6
arabic,scroll_cycle,explicit_rows,81,25,15,15209,16709,40333,Menlo,16,1,release,8,24,3,false,0,0,false,Metal,Apple M5 Pro,0
arabic,scroll_cycle,explicit_rows,81,25,16,15417,16792,40416,Menlo,16,1,release,8,24,3,false,0,0,false,Metal,Apple M5 Pro,6
arabic,scroll_cycle,explicit_rows,81,25,17,15333,16458,40416,Menlo,16,1,release,8,24,3,false,0,0,false,Metal,Apple M5 Pro,12
arabic,scroll_cycle,explicit_rows,81,25,18,15333,16875,40500,Menlo,16,1,release,8,24,3,false,0,0,false,Metal,Apple M5 Pro,18
arabic,scroll_cycle,explicit_rows,81,25,19,15333,16625,40416,Menlo,16,1,release,8,24,3,false,0,0,false,Metal,Apple M5 Pro,25
arabic,scroll_cycle,explicit_rows,81,25,20,15375,16584,40334,Menlo,16,1,release,8,24,3,false,0,0,false,Metal,Apple M5 Pro,18
arabic,scroll_cycle,explicit_rows,81,25,21,15250,16709,40625,Menlo,16,1,release,8,24,3,false,0,0,false,Metal,Apple M5 Pro,12
arabic,scroll_cycle,explicit_rows,81,25,22,15250,16708,40709,Menlo,16,1,release,8,24,3,false,0,0,false,Metal,Apple M5 Pro,6
arabic,scroll_cycle,explicit_rows,81,25,23,15292,16667,40709,Menlo,16,1,release,8,24,3,false,0,0,false,Metal,Apple M5 Pro,0
arabic,scroll_cycle,softwrap,81,25,0,29208,3964375,46083,Menlo,16,1,release,8,24,3,false,6631,811,false,Metal,Apple M5 Pro,6
arabic,scroll_cycle,softwrap,81,25,1,30917,3911458,45709,Menlo,16,1,release,8,24,3,false,5783,1660,false,Metal,Apple M5 Pro,12
arabic,scroll_cycle,softwrap,81,25,2,29541,3936583,46292,Menlo,16,1,release,8,24,3,false,4934,2496,false,Metal,Apple M5 Pro,18
arabic,scroll_cycle,softwrap,81,25,3,29666,3938667,54958,Menlo,16,1,release,8,24,3,false,3948,3487,false,Metal,Apple M5 Pro,25
arabic,scroll_cycle,softwrap,81,25,4,29208,24792,43208,Menlo,16,1,release,8,24,3,false,4934,2496,false,Metal,Apple M5 Pro,18
arabic,scroll_cycle,softwrap,81,25,5,27791,18208,43167,Menlo,16,1,release,8,24,3,false,5783,1660,false,Metal,Apple M5 Pro,12
arabic,scroll_cycle,softwrap,81,25,6,27417,18375,51125,Menlo,16,1,release,8,24,3,false,6631,811,false,Metal,Apple M5 Pro,6
arabic,scroll_cycle,softwrap,81,25,7,27667,3911792,45542,Menlo,16,1,release,8,24,3,false,7475,0,false,Metal,Apple M5 Pro,0
arabic,scroll_cycle,softwrap,81,25,8,27875,4045167,46500,Menlo,16,1,release,8,24,3,false,6631,811,false,Metal,Apple M5 Pro,6
arabic,scroll_cycle,softwrap,81,25,9,32125,3922917,46375,Menlo,16,1,release,8,24,3,false,5783,1660,false,Metal,Apple M5 Pro,12
arabic,scroll_cycle,softwrap,81,25,10,29917,3890125,47083,Menlo,16,1,release,8,24,3,false,4934,2496,false,Metal,Apple M5 Pro,18
arabic,scroll_cycle,softwrap,81,25,11,29667,4063750,46750,Menlo,16,1,release,8,24,3,false,3948,3487,false,Metal,Apple M5 Pro,25
arabic,scroll_cycle,softwrap,81,25,12,30458,18542,45458,Menlo,16,1,release,8,24,3,false,4934,2496,false,Metal,Apple M5 Pro,18
arabic,scroll_cycle,softwrap,81,25,13,28083,18333,43250,Menlo,16,1,release,8,24,3,false,5783,1660,false,Metal,Apple M5 Pro,12
arabic,scroll_cycle,softwrap,81,25,14,27458,17833,43292,Menlo,16,1,release,8,24,3,false,6631,811,false,Metal,Apple M5 Pro,6
arabic,scroll_cycle,softwrap,81,25,15,27791,3901792,43958,Menlo,16,1,release,8,24,3,false,7475,0,false,Metal,Apple M5 Pro,0
arabic,scroll_cycle,softwrap,81,25,16,31209,3972334,46166,Menlo,16,1,release,8,24,3,false,6631,811,false,Metal,Apple M5 Pro,6
arabic,scroll_cycle,softwrap,81,25,17,29459,3937000,46417,Menlo,16,1,release,8,24,3,false,5783,1660,false,Metal,Apple M5 Pro,12
arabic,scroll_cycle,softwrap,81,25,18,29875,3995458,46208,Menlo,16,1,release,8,24,3,false,4934,2496,false,Metal,Apple M5 Pro,18
arabic,scroll_cycle,softwrap,81,25,19,30292,3923959,46375,Menlo,16,1,release,8,24,3,false,3948,3487,false,Metal,Apple M5 Pro,25
arabic,scroll_cycle,softwrap,81,25,20,28750,17875,43833,Menlo,16,1,release,8,24,3,false,4934,2496,false,Metal,Apple M5 Pro,18
arabic,scroll_cycle,softwrap,81,25,21,28042,17708,43208,Menlo,16,1,release,8,24,3,false,5783,1660,false,Metal,Apple M5 Pro,12
arabic,scroll_cycle,softwrap,81,25,22,27542,17834,43875,Menlo,16,1,release,8,24,3,false,6631,811,false,Metal,Apple M5 Pro,6
arabic,scroll_cycle,softwrap,81,25,23,27500,3977791,45834,Menlo,16,1,release,8,24,3,false,7475,0,false,Metal,Apple M5 Pro,0
arabic,dense_novel_text,explicit_rows,81,25,0,15208,1324458,42833,Menlo,16,1,release,8,24,3,false,0,0,false,Metal,Apple M5 Pro,0
arabic,dense_novel_text,explicit_rows,81,25,1,15500,1331833,43208,Menlo,16,1,release,8,24,3,false,0,0,false,Metal,Apple M5 Pro,0
arabic,dense_novel_text,explicit_rows,81,25,2,15292,1323416,43125,Menlo,16,1,release,8,24,3,false,0,0,false,Metal,Apple M5 Pro,0
arabic,dense_novel_text,explicit_rows,81,25,3,15667,1359042,43625,Menlo,16,1,release,8,24,3,false,0,0,false,Metal,Apple M5 Pro,0
arabic,dense_novel_text,explicit_rows,81,25,4,15625,1325709,43250,Menlo,16,1,release,8,24,3,false,0,0,false,Metal,Apple M5 Pro,0
arabic,dense_novel_text,explicit_rows,81,25,5,15500,1327500,43333,Menlo,16,1,release,8,24,3,false,0,0,false,Metal,Apple M5 Pro,0
arabic,dense_novel_text,explicit_rows,81,25,6,15250,1311833,43167,Menlo,16,1,release,8,24,3,false,0,0,false,Metal,Apple M5 Pro,0
arabic,dense_novel_text,explicit_rows,81,25,7,15375,1329000,42334,Menlo,16,1,release,8,24,3,false,0,0,false,Metal,Apple M5 Pro,0
arabic,dense_novel_text,explicit_rows,81,25,8,15334,1333209,43125,Menlo,16,1,release,8,24,3,false,0,0,false,Metal,Apple M5 Pro,0
arabic,dense_novel_text,explicit_rows,81,25,9,15500,1317000,43000,Menlo,16,1,release,8,24,3,false,0,0,false,Metal,Apple M5 Pro,0
arabic,dense_novel_text,explicit_rows,81,25,10,15417,1345125,42333,Menlo,16,1,release,8,24,3,false,0,0,false,Metal,Apple M5 Pro,0
arabic,dense_novel_text,explicit_rows,81,25,11,16000,1313583,43208,Menlo,16,1,release,8,24,3,false,0,0,false,Metal,Apple M5 Pro,0
arabic,dense_novel_text,explicit_rows,81,25,12,15500,1322000,43000,Menlo,16,1,release,8,24,3,false,0,0,false,Metal,Apple M5 Pro,0
arabic,dense_novel_text,explicit_rows,81,25,13,15542,1318292,43000,Menlo,16,1,release,8,24,3,false,0,0,false,Metal,Apple M5 Pro,0
arabic,dense_novel_text,explicit_rows,81,25,14,15458,1317625,42958,Menlo,16,1,release,8,24,3,false,0,0,false,Metal,Apple M5 Pro,0
arabic,dense_novel_text,explicit_rows,81,25,15,15417,1314500,43042,Menlo,16,1,release,8,24,3,false,0,0,false,Metal,Apple M5 Pro,0
arabic,dense_novel_text,explicit_rows,81,25,16,15375,1404833,43584,Menlo,16,1,release,8,24,3,false,0,0,false,Metal,Apple M5 Pro,0
arabic,dense_novel_text,explicit_rows,81,25,17,15708,1327291,42292,Menlo,16,1,release,8,24,3,false,0,0,false,Metal,Apple M5 Pro,0
arabic,dense_novel_text,explicit_rows,81,25,18,15333,1316750,43083,Menlo,16,1,release,8,24,3,false,0,0,false,Metal,Apple M5 Pro,0
arabic,dense_novel_text,explicit_rows,81,25,19,15375,1329625,49792,Menlo,16,1,release,8,24,3,false,0,0,false,Metal,Apple M5 Pro,0
arabic,dense_novel_text,explicit_rows,81,25,20,15500,1339792,42750,Menlo,16,1,release,8,24,3,false,0,0,false,Metal,Apple M5 Pro,0
arabic,dense_novel_text,explicit_rows,81,25,21,15250,1330125,42959,Menlo,16,1,release,8,24,3,false,0,0,false,Metal,Apple M5 Pro,0
arabic,dense_novel_text,explicit_rows,81,25,22,15542,1332000,43041,Menlo,16,1,release,8,24,3,false,0,0,false,Metal,Apple M5 Pro,0
arabic,dense_novel_text,explicit_rows,81,25,23,15333,1363000,43375,Menlo,16,1,release,8,24,3,false,0,0,false,Metal,Apple M5 Pro,0
arabic,dense_novel_text,softwrap,81,25,0,27334,3907042,44458,Menlo,16,1,release,8,24,3,false,7475,0,false,Metal,Apple M5 Pro,0
arabic,dense_novel_text,softwrap,81,25,1,27500,3909208,44542,Menlo,16,1,release,8,24,3,false,7475,0,false,Metal,Apple M5 Pro,0
arabic,dense_novel_text,softwrap,81,25,2,27916,3862292,44875,Menlo,16,1,release,8,24,3,false,7475,0,false,Metal,Apple M5 Pro,0
arabic,dense_novel_text,softwrap,81,25,3,27792,3915292,45291,Menlo,16,1,release,8,24,3,false,7475,0,false,Metal,Apple M5 Pro,0
arabic,dense_novel_text,softwrap,81,25,4,28375,3941709,44500,Menlo,16,1,release,8,24,3,false,7475,0,false,Metal,Apple M5 Pro,0
arabic,dense_novel_text,softwrap,81,25,5,27750,3874166,44584,Menlo,16,1,release,8,24,3,false,7475,0,false,Metal,Apple M5 Pro,0
arabic,dense_novel_text,softwrap,81,25,6,27500,3877375,45167,Menlo,16,1,release,8,24,3,false,7475,0,false,Metal,Apple M5 Pro,0
arabic,dense_novel_text,softwrap,81,25,7,27292,3824500,44625,Menlo,16,1,release,8,24,3,false,7475,0,false,Metal,Apple M5 Pro,0
arabic,dense_novel_text,softwrap,81,25,8,26458,3822083,44542,Menlo,16,1,release,8,24,3,false,7475,0,false,Metal,Apple M5 Pro,0
arabic,dense_novel_text,softwrap,81,25,9,32334,3900500,44542,Menlo,16,1,release,8,24,3,false,7475,0,false,Metal,Apple M5 Pro,0
arabic,dense_novel_text,softwrap,81,25,10,27625,3894292,45292,Menlo,16,1,release,8,24,3,false,7475,0,false,Metal,Apple M5 Pro,0
arabic,dense_novel_text,softwrap,81,25,11,26958,3909792,45625,Menlo,16,1,release,8,24,3,false,7475,0,false,Metal,Apple M5 Pro,0
arabic,dense_novel_text,softwrap,81,25,12,27750,3920208,44875,Menlo,16,1,release,8,24,3,false,7475,0,false,Metal,Apple M5 Pro,0
arabic,dense_novel_text,softwrap,81,25,13,27125,3910792,43500,Menlo,16,1,release,8,24,3,false,7475,0,false,Metal,Apple M5 Pro,0
arabic,dense_novel_text,softwrap,81,25,14,28041,3876959,44208,Menlo,16,1,release,8,24,3,false,7475,0,false,Metal,Apple M5 Pro,0
arabic,dense_novel_text,softwrap,81,25,15,27583,3865333,44375,Menlo,16,1,release,8,24,3,false,7475,0,false,Metal,Apple M5 Pro,0
arabic,dense_novel_text,softwrap,81,25,16,27042,3948250,44541,Menlo,16,1,release,8,24,3,false,7475,0,false,Metal,Apple M5 Pro,0
arabic,dense_novel_text,softwrap,81,25,17,27583,3892500,43792,Menlo,16,1,release,8,24,3,false,7475,0,false,Metal,Apple M5 Pro,0
arabic,dense_novel_text,softwrap,81,25,18,27209,3925666,45250,Menlo,16,1,release,8,24,3,false,7475,0,false,Metal,Apple M5 Pro,0
arabic,dense_novel_text,softwrap,81,25,19,28167,3904125,44459,Menlo,16,1,release,8,24,3,false,7475,0,false,Metal,Apple M5 Pro,0
arabic,dense_novel_text,softwrap,81,25,20,27208,3897417,44500,Menlo,16,1,release,8,24,3,false,7475,0,false,Metal,Apple M5 Pro,0
arabic,dense_novel_text,softwrap,81,25,21,27292,3819750,44292,Menlo,16,1,release,8,24,3,false,7475,0,false,Metal,Apple M5 Pro,0
arabic,dense_novel_text,softwrap,81,25,22,26625,3766916,44375,Menlo,16,1,release,8,24,3,false,7475,0,false,Metal,Apple M5 Pro,0
arabic,dense_novel_text,softwrap,81,25,23,26583,3829667,43458,Menlo,16,1,release,8,24,3,false,7475,0,false,Metal,Apple M5 Pro,0
rtl_context_ltr_viewport,sparse_novel_counter,explicit_rows,81,25,0,15333,40667,1917,Menlo,16,1,release,8,24,3,false,0,0,false,Metal,Apple M5 Pro,0
rtl_context_ltr_viewport,sparse_novel_counter,explicit_rows,81,25,1,15208,41791,1917,Menlo,16,1,release,8,24,3,false,0,0,false,Metal,Apple M5 Pro,0
rtl_context_ltr_viewport,sparse_novel_counter,explicit_rows,81,25,2,17083,41083,1917,Menlo,16,1,release,8,24,3,false,0,0,false,Metal,Apple M5 Pro,0
rtl_context_ltr_viewport,sparse_novel_counter,explicit_rows,81,25,3,15333,42042,1916,Menlo,16,1,release,8,24,3,false,0,0,false,Metal,Apple M5 Pro,0
rtl_context_ltr_viewport,sparse_novel_counter,explicit_rows,81,25,4,15334,41791,1875,Menlo,16,1,release,8,24,3,false,0,0,false,Metal,Apple M5 Pro,0
rtl_context_ltr_viewport,sparse_novel_counter,explicit_rows,81,25,5,15333,41375,1875,Menlo,16,1,release,8,24,3,false,0,0,false,Metal,Apple M5 Pro,0
rtl_context_ltr_viewport,sparse_novel_counter,explicit_rows,81,25,6,15333,40875,1916,Menlo,16,1,release,8,24,3,false,0,0,false,Metal,Apple M5 Pro,0
rtl_context_ltr_viewport,sparse_novel_counter,explicit_rows,81,25,7,15375,41708,1917,Menlo,16,1,release,8,24,3,false,0,0,false,Metal,Apple M5 Pro,0
rtl_context_ltr_viewport,sparse_novel_counter,explicit_rows,81,25,8,15333,42167,1958,Menlo,16,1,release,8,24,3,false,0,0,false,Metal,Apple M5 Pro,0
rtl_context_ltr_viewport,sparse_novel_counter,explicit_rows,81,25,9,15292,40584,1875,Menlo,16,1,release,8,24,3,false,0,0,false,Metal,Apple M5 Pro,0
rtl_context_ltr_viewport,sparse_novel_counter,explicit_rows,81,25,10,15250,41666,1875,Menlo,16,1,release,8,24,3,false,0,0,false,Metal,Apple M5 Pro,0
rtl_context_ltr_viewport,sparse_novel_counter,explicit_rows,81,25,11,15334,41250,1958,Menlo,16,1,release,8,24,3,false,0,0,false,Metal,Apple M5 Pro,0
rtl_context_ltr_viewport,sparse_novel_counter,explicit_rows,81,25,12,15292,41500,1875,Menlo,16,1,release,8,24,3,false,0,0,false,Metal,Apple M5 Pro,0
rtl_context_ltr_viewport,sparse_novel_counter,explicit_rows,81,25,13,15333,40625,1916,Menlo,16,1,release,8,24,3,false,0,0,false,Metal,Apple M5 Pro,0
rtl_context_ltr_viewport,sparse_novel_counter,explicit_rows,81,25,14,15250,40833,1875,Menlo,16,1,release,8,24,3,false,0,0,false,Metal,Apple M5 Pro,0
rtl_context_ltr_viewport,sparse_novel_counter,explicit_rows,81,25,15,15458,41000,1917,Menlo,16,1,release,8,24,3,false,0,0,false,Metal,Apple M5 Pro,0
rtl_context_ltr_viewport,sparse_novel_counter,explicit_rows,81,25,16,15125,41584,1875,Menlo,16,1,release,8,24,3,false,0,0,false,Metal,Apple M5 Pro,0
rtl_context_ltr_viewport,sparse_novel_counter,explicit_rows,81,25,17,15333,40791,1917,Menlo,16,1,release,8,24,3,false,0,0,false,Metal,Apple M5 Pro,0
rtl_context_ltr_viewport,sparse_novel_counter,explicit_rows,81,25,18,15292,48541,6958,Menlo,16,1,release,8,24,3,false,0,0,false,Metal,Apple M5 Pro,0
rtl_context_ltr_viewport,sparse_novel_counter,explicit_rows,81,25,19,15166,41000,1875,Menlo,16,1,release,8,24,3,false,0,0,false,Metal,Apple M5 Pro,0
rtl_context_ltr_viewport,sparse_novel_counter,explicit_rows,81,25,20,15333,41375,1917,Menlo,16,1,release,8,24,3,false,0,0,false,Metal,Apple M5 Pro,0
rtl_context_ltr_viewport,sparse_novel_counter,explicit_rows,81,25,21,15333,40667,1875,Menlo,16,1,release,8,24,3,false,0,0,false,Metal,Apple M5 Pro,0
rtl_context_ltr_viewport,sparse_novel_counter,explicit_rows,81,25,22,15500,41541,2000,Menlo,16,1,release,8,24,3,false,0,0,false,Metal,Apple M5 Pro,0
rtl_context_ltr_viewport,sparse_novel_counter,explicit_rows,81,25,23,15542,40958,1875,Menlo,16,1,release,8,24,3,false,0,0,false,Metal,Apple M5 Pro,0
rtl_context_ltr_viewport,sparse_novel_counter,softwrap,81,25,0,26042,1385208,44833,Menlo,16,1,release,8,24,3,false,4221,0,false,Metal,Apple M5 Pro,0
rtl_context_ltr_viewport,sparse_novel_counter,softwrap,81,25,1,26500,1347458,45667,Menlo,16,1,release,8,24,3,false,4221,0,false,Metal,Apple M5 Pro,0
rtl_context_ltr_viewport,sparse_novel_counter,softwrap,81,25,2,25667,1362583,45416,Menlo,16,1,release,8,24,3,false,4221,0,false,Metal,Apple M5 Pro,0
rtl_context_ltr_viewport,sparse_novel_counter,softwrap,81,25,3,25625,1331459,45500,Menlo,16,1,release,8,24,3,false,4221,0,false,Metal,Apple M5 Pro,0
rtl_context_ltr_viewport,sparse_novel_counter,softwrap,81,25,4,25875,1327458,45833,Menlo,16,1,release,8,24,3,false,4221,0,false,Metal,Apple M5 Pro,0
rtl_context_ltr_viewport,sparse_novel_counter,softwrap,81,25,5,25333,1337000,45625,Menlo,16,1,release,8,24,3,false,4221,0,false,Metal,Apple M5 Pro,0
rtl_context_ltr_viewport,sparse_novel_counter,softwrap,81,25,6,25458,1333333,45625,Menlo,16,1,release,8,24,3,false,4221,0,false,Metal,Apple M5 Pro,0
rtl_context_ltr_viewport,sparse_novel_counter,softwrap,81,25,7,25166,1352542,45458,Menlo,16,1,release,8,24,3,false,4221,0,false,Metal,Apple M5 Pro,0
rtl_context_ltr_viewport,sparse_novel_counter,softwrap,81,25,8,26000,1316917,45375,Menlo,16,1,release,8,24,3,false,4221,0,false,Metal,Apple M5 Pro,0
rtl_context_ltr_viewport,sparse_novel_counter,softwrap,81,25,9,25208,1295542,45416,Menlo,16,1,release,8,24,3,false,4221,0,false,Metal,Apple M5 Pro,0
rtl_context_ltr_viewport,sparse_novel_counter,softwrap,81,25,10,24708,1302791,45542,Menlo,16,1,release,8,24,3,false,4221,0,false,Metal,Apple M5 Pro,0
rtl_context_ltr_viewport,sparse_novel_counter,softwrap,81,25,11,25000,1290875,45416,Menlo,16,1,release,8,24,3,false,4221,0,false,Metal,Apple M5 Pro,0
rtl_context_ltr_viewport,sparse_novel_counter,softwrap,81,25,12,24750,1290584,45541,Menlo,16,1,release,8,24,3,false,4221,0,false,Metal,Apple M5 Pro,0
rtl_context_ltr_viewport,sparse_novel_counter,softwrap,81,25,13,24834,1295500,45334,Menlo,16,1,release,8,24,3,false,4221,0,false,Metal,Apple M5 Pro,0
rtl_context_ltr_viewport,sparse_novel_counter,softwrap,81,25,14,24959,1367541,45209,Menlo,16,1,release,8,24,3,false,4221,0,false,Metal,Apple M5 Pro,0
rtl_context_ltr_viewport,sparse_novel_counter,softwrap,81,25,15,26583,1383750,45917,Menlo,16,1,release,8,24,3,false,4221,0,false,Metal,Apple M5 Pro,0
rtl_context_ltr_viewport,sparse_novel_counter,softwrap,81,25,16,25458,1358750,45584,Menlo,16,1,release,8,24,3,false,4221,0,false,Metal,Apple M5 Pro,0
rtl_context_ltr_viewport,sparse_novel_counter,softwrap,81,25,17,25333,1357167,44792,Menlo,16,1,release,8,24,3,false,4221,0,false,Metal,Apple M5 Pro,0
rtl_context_ltr_viewport,sparse_novel_counter,softwrap,81,25,18,25583,1343125,45250,Menlo,16,1,release,8,24,3,false,4221,0,false,Metal,Apple M5 Pro,0
rtl_context_ltr_viewport,sparse_novel_counter,softwrap,81,25,19,25375,1336917,45541,Menlo,16,1,release,8,24,3,false,4221,0,false,Metal,Apple M5 Pro,0
rtl_context_ltr_viewport,sparse_novel_counter,softwrap,81,25,20,25667,1333042,45458,Menlo,16,1,release,8,24,3,false,4221,0,false,Metal,Apple M5 Pro,0
rtl_context_ltr_viewport,sparse_novel_counter,softwrap,81,25,21,25375,1383542,45833,Menlo,16,1,release,8,24,3,false,4221,0,false,Metal,Apple M5 Pro,0
rtl_context_ltr_viewport,sparse_novel_counter,softwrap,81,25,22,26000,1396042,49667,Menlo,16,1,release,8,24,3,false,4221,0,false,Metal,Apple M5 Pro,0
rtl_context_ltr_viewport,sparse_novel_counter,softwrap,81,25,23,25917,1355459,44666,Menlo,16,1,release,8,24,3,false,4221,0,false,Metal,Apple M5 Pro,0
rtl_context_ltr_viewport,scroll_cycle,explicit_rows,81,25,0,15250,16583,44125,Menlo,16,1,release,8,24,3,false,0,0,false,Metal,Apple M5 Pro,6
rtl_context_ltr_viewport,scroll_cycle,explicit_rows,81,25,1,15500,17125,43208,Menlo,16,1,release,8,24,3,false,0,0,false,Metal,Apple M5 Pro,12
rtl_context_ltr_viewport,scroll_cycle,explicit_rows,81,25,2,15791,16500,41792,Menlo,16,1,release,8,24,3,false,0,0,false,Metal,Apple M5 Pro,18
rtl_context_ltr_viewport,scroll_cycle,explicit_rows,81,25,3,15417,16666,41667,Menlo,16,1,release,8,24,3,false,0,0,false,Metal,Apple M5 Pro,25
rtl_context_ltr_viewport,scroll_cycle,explicit_rows,81,25,4,15458,16584,41584,Menlo,16,1,release,8,24,3,false,0,0,false,Metal,Apple M5 Pro,18
rtl_context_ltr_viewport,scroll_cycle,explicit_rows,81,25,5,15334,16459,41500,Menlo,16,1,release,8,24,3,false,0,0,false,Metal,Apple M5 Pro,12
rtl_context_ltr_viewport,scroll_cycle,explicit_rows,81,25,6,15791,16625,41542,Menlo,16,1,release,8,24,3,false,0,0,false,Metal,Apple M5 Pro,6
rtl_context_ltr_viewport,scroll_cycle,explicit_rows,81,25,7,15541,17125,41583,Menlo,16,1,release,8,24,3,false,0,0,false,Metal,Apple M5 Pro,0
rtl_context_ltr_viewport,scroll_cycle,explicit_rows,81,25,8,15500,16583,40958,Menlo,16,1,release,8,24,3,false,0,0,false,Metal,Apple M5 Pro,6
rtl_context_ltr_viewport,scroll_cycle,explicit_rows,81,25,9,15459,16917,41458,Menlo,16,1,release,8,24,3,false,0,0,false,Metal,Apple M5 Pro,12
rtl_context_ltr_viewport,scroll_cycle,explicit_rows,81,25,10,15334,16459,41125,Menlo,16,1,release,8,24,3,false,0,0,false,Metal,Apple M5 Pro,18
rtl_context_ltr_viewport,scroll_cycle,explicit_rows,81,25,11,15166,17125,41250,Menlo,16,1,release,8,24,3,false,0,0,false,Metal,Apple M5 Pro,25
rtl_context_ltr_viewport,scroll_cycle,explicit_rows,81,25,12,15208,16458,41667,Menlo,16,1,release,8,24,3,false,0,0,false,Metal,Apple M5 Pro,18
rtl_context_ltr_viewport,scroll_cycle,explicit_rows,81,25,13,15208,16834,44375,Menlo,16,1,release,8,24,3,false,0,0,false,Metal,Apple M5 Pro,12
rtl_context_ltr_viewport,scroll_cycle,explicit_rows,81,25,14,20000,18084,41666,Menlo,16,1,release,8,24,3,false,0,0,false,Metal,Apple M5 Pro,6
rtl_context_ltr_viewport,scroll_cycle,explicit_rows,81,25,15,15417,16625,41958,Menlo,16,1,release,8,24,3,false,0,0,false,Metal,Apple M5 Pro,0
rtl_context_ltr_viewport,scroll_cycle,explicit_rows,81,25,16,15334,16583,41541,Menlo,16,1,release,8,24,3,false,0,0,false,Metal,Apple M5 Pro,6
rtl_context_ltr_viewport,scroll_cycle,explicit_rows,81,25,17,15417,16625,41375,Menlo,16,1,release,8,24,3,false,0,0,false,Metal,Apple M5 Pro,12
rtl_context_ltr_viewport,scroll_cycle,explicit_rows,81,25,18,15167,17166,41417,Menlo,16,1,release,8,24,3,false,0,0,false,Metal,Apple M5 Pro,18
rtl_context_ltr_viewport,scroll_cycle,explicit_rows,81,25,19,15292,16875,41250,Menlo,16,1,release,8,24,3,false,0,0,false,Metal,Apple M5 Pro,25
rtl_context_ltr_viewport,scroll_cycle,explicit_rows,81,25,20,15250,17042,41041,Menlo,16,1,release,8,24,3,false,0,0,false,Metal,Apple M5 Pro,18
rtl_context_ltr_viewport,scroll_cycle,explicit_rows,81,25,21,15625,16875,41084,Menlo,16,1,release,8,24,3,false,0,0,false,Metal,Apple M5 Pro,12
rtl_context_ltr_viewport,scroll_cycle,explicit_rows,81,25,22,15250,16833,41167,Menlo,16,1,release,8,24,3,false,0,0,false,Metal,Apple M5 Pro,6
rtl_context_ltr_viewport,scroll_cycle,explicit_rows,81,25,23,15209,16583,65583,Menlo,16,1,release,8,24,3,false,0,0,false,Metal,Apple M5 Pro,0
rtl_context_ltr_viewport,scroll_cycle,softwrap,81,25,0,25291,1354000,48500,Menlo,16,1,release,8,24,3,false,3727,494,false,Metal,Apple M5 Pro,6
rtl_context_ltr_viewport,scroll_cycle,softwrap,81,25,1,25875,1333292,48708,Menlo,16,1,release,8,24,3,false,3233,987,false,Metal,Apple M5 Pro,12
rtl_context_ltr_viewport,scroll_cycle,softwrap,81,25,2,25375,1302167,44666,Menlo,16,1,release,8,24,3,false,2740,1481,false,Metal,Apple M5 Pro,18
rtl_context_ltr_viewport,scroll_cycle,softwrap,81,25,3,25417,1298083,45875,Menlo,16,1,release,8,24,3,false,2164,2057,false,Metal,Apple M5 Pro,25
rtl_context_ltr_viewport,scroll_cycle,softwrap,81,25,4,25166,17375,45542,Menlo,16,1,release,8,24,3,false,2740,1481,false,Metal,Apple M5 Pro,18
rtl_context_ltr_viewport,scroll_cycle,softwrap,81,25,5,25083,17250,42833,Menlo,16,1,release,8,24,3,false,3233,987,false,Metal,Apple M5 Pro,12
rtl_context_ltr_viewport,scroll_cycle,softwrap,81,25,6,24917,17334,42291,Menlo,16,1,release,8,24,3,false,3727,494,false,Metal,Apple M5 Pro,6
rtl_context_ltr_viewport,scroll_cycle,softwrap,81,25,7,24625,1297625,46333,Menlo,16,1,release,8,24,3,false,4221,0,false,Metal,Apple M5 Pro,0
rtl_context_ltr_viewport,scroll_cycle,softwrap,81,25,8,24875,1306500,45917,Menlo,16,1,release,8,24,3,false,3727,494,false,Metal,Apple M5 Pro,6
rtl_context_ltr_viewport,scroll_cycle,softwrap,81,25,9,25792,1291791,45667,Menlo,16,1,release,8,24,3,false,3233,987,false,Metal,Apple M5 Pro,12
rtl_context_ltr_viewport,scroll_cycle,softwrap,81,25,10,25166,1334792,44875,Menlo,16,1,release,8,24,3,false,2740,1481,false,Metal,Apple M5 Pro,18
rtl_context_ltr_viewport,scroll_cycle,softwrap,81,25,11,26541,1366167,46042,Menlo,16,1,release,8,24,3,false,2164,2057,false,Metal,Apple M5 Pro,25
rtl_context_ltr_viewport,scroll_cycle,softwrap,81,25,12,25750,17334,45500,Menlo,16,1,release,8,24,3,false,2740,1481,false,Metal,Apple M5 Pro,18
rtl_context_ltr_viewport,scroll_cycle,softwrap,81,25,13,25500,17417,57000,Menlo,16,1,release,8,24,3,false,3233,987,false,Metal,Apple M5 Pro,12
rtl_context_ltr_viewport,scroll_cycle,softwrap,81,25,14,25166,17167,44791,Menlo,16,1,release,8,24,3,false,3727,494,false,Metal,Apple M5 Pro,6
rtl_context_ltr_viewport,scroll_cycle,softwrap,81,25,15,25250,1352000,54333,Menlo,16,1,release,8,24,3,false,4221,0,false,Metal,Apple M5 Pro,0
rtl_context_ltr_viewport,scroll_cycle,softwrap,81,25,16,25708,1347000,45708,Menlo,16,1,release,8,24,3,false,3727,494,false,Metal,Apple M5 Pro,6
rtl_context_ltr_viewport,scroll_cycle,softwrap,81,25,17,25750,1352083,45625,Menlo,16,1,release,8,24,3,false,3233,987,false,Metal,Apple M5 Pro,12
rtl_context_ltr_viewport,scroll_cycle,softwrap,81,25,18,25375,1339625,45375,Menlo,16,1,release,8,24,3,false,2740,1481,false,Metal,Apple M5 Pro,18
rtl_context_ltr_viewport,scroll_cycle,softwrap,81,25,19,25500,1367667,45958,Menlo,16,1,release,8,24,3,false,2164,2057,false,Metal,Apple M5 Pro,25
rtl_context_ltr_viewport,scroll_cycle,softwrap,81,25,20,25459,17250,45542,Menlo,16,1,release,8,24,3,false,2740,1481,false,Metal,Apple M5 Pro,18
rtl_context_ltr_viewport,scroll_cycle,softwrap,81,25,21,25417,16958,44708,Menlo,16,1,release,8,24,3,false,3233,987,false,Metal,Apple M5 Pro,12
rtl_context_ltr_viewport,scroll_cycle,softwrap,81,25,22,25208,17334,44541,Menlo,16,1,release,8,24,3,false,3727,494,false,Metal,Apple M5 Pro,6
rtl_context_ltr_viewport,scroll_cycle,softwrap,81,25,23,26375,1373750,45292,Menlo,16,1,release,8,24,3,false,4221,0,false,Metal,Apple M5 Pro,0
rtl_context_ltr_viewport,dense_novel_text,explicit_rows,81,25,0,15459,612083,44083,Menlo,16,1,release,8,24,3,false,0,0,false,Metal,Apple M5 Pro,0
rtl_context_ltr_viewport,dense_novel_text,explicit_rows,81,25,1,15375,643125,44584,Menlo,16,1,release,8,24,3,false,0,0,false,Metal,Apple M5 Pro,0
rtl_context_ltr_viewport,dense_novel_text,explicit_rows,81,25,2,15750,609166,44167,Menlo,16,1,release,8,24,3,false,0,0,false,Metal,Apple M5 Pro,0
rtl_context_ltr_viewport,dense_novel_text,explicit_rows,81,25,3,15292,610291,44542,Menlo,16,1,release,8,24,3,false,0,0,false,Metal,Apple M5 Pro,0
rtl_context_ltr_viewport,dense_novel_text,explicit_rows,81,25,4,15584,606208,44250,Menlo,16,1,release,8,24,3,false,0,0,false,Metal,Apple M5 Pro,0
rtl_context_ltr_viewport,dense_novel_text,explicit_rows,81,25,5,15250,610250,44375,Menlo,16,1,release,8,24,3,false,0,0,false,Metal,Apple M5 Pro,0
rtl_context_ltr_viewport,dense_novel_text,explicit_rows,81,25,6,15292,608625,44250,Menlo,16,1,release,8,24,3,false,0,0,false,Metal,Apple M5 Pro,0
rtl_context_ltr_viewport,dense_novel_text,explicit_rows,81,25,7,15375,623917,44208,Menlo,16,1,release,8,24,3,false,0,0,false,Metal,Apple M5 Pro,0
rtl_context_ltr_viewport,dense_novel_text,explicit_rows,81,25,8,15208,619167,43500,Menlo,16,1,release,8,24,3,false,0,0,false,Metal,Apple M5 Pro,0
rtl_context_ltr_viewport,dense_novel_text,explicit_rows,81,25,9,15375,610292,44292,Menlo,16,1,release,8,24,3,false,0,0,false,Metal,Apple M5 Pro,0
rtl_context_ltr_viewport,dense_novel_text,explicit_rows,81,25,10,15333,609000,44333,Menlo,16,1,release,8,24,3,false,0,0,false,Metal,Apple M5 Pro,0
rtl_context_ltr_viewport,dense_novel_text,explicit_rows,81,25,11,15333,607958,44333,Menlo,16,1,release,8,24,3,false,0,0,false,Metal,Apple M5 Pro,0
rtl_context_ltr_viewport,dense_novel_text,explicit_rows,81,25,12,15375,610167,44375,Menlo,16,1,release,8,24,3,false,0,0,false,Metal,Apple M5 Pro,0
rtl_context_ltr_viewport,dense_novel_text,explicit_rows,81,25,13,15250,605291,44417,Menlo,16,1,release,8,24,3,false,0,0,false,Metal,Apple M5 Pro,0
rtl_context_ltr_viewport,dense_novel_text,explicit_rows,81,25,14,15292,635584,44625,Menlo,16,1,release,8,24,3,false,0,0,false,Metal,Apple M5 Pro,0
rtl_context_ltr_viewport,dense_novel_text,explicit_rows,81,25,15,15750,686500,44375,Menlo,16,1,release,8,24,3,false,0,0,false,Metal,Apple M5 Pro,0
rtl_context_ltr_viewport,dense_novel_text,explicit_rows,81,25,16,15333,616833,44333,Menlo,16,1,release,8,24,3,false,0,0,false,Metal,Apple M5 Pro,0
rtl_context_ltr_viewport,dense_novel_text,explicit_rows,81,25,17,15375,614042,44000,Menlo,16,1,release,8,24,3,false,0,0,false,Metal,Apple M5 Pro,0
rtl_context_ltr_viewport,dense_novel_text,explicit_rows,81,25,18,15250,612666,44375,Menlo,16,1,release,8,24,3,false,0,0,false,Metal,Apple M5 Pro,0
rtl_context_ltr_viewport,dense_novel_text,explicit_rows,81,25,19,15333,610333,44333,Menlo,16,1,release,8,24,3,false,0,0,false,Metal,Apple M5 Pro,0
rtl_context_ltr_viewport,dense_novel_text,explicit_rows,81,25,20,15375,610041,43834,Menlo,16,1,release,8,24,3,false,0,0,false,Metal,Apple M5 Pro,0
rtl_context_ltr_viewport,dense_novel_text,explicit_rows,81,25,21,15250,610208,44125,Menlo,16,1,release,8,24,3,false,0,0,false,Metal,Apple M5 Pro,0
rtl_context_ltr_viewport,dense_novel_text,explicit_rows,81,25,22,15375,611916,44042,Menlo,16,1,release,8,24,3,false,0,0,false,Metal,Apple M5 Pro,0
rtl_context_ltr_viewport,dense_novel_text,explicit_rows,81,25,23,15333,610042,44416,Menlo,16,1,release,8,24,3,false,0,0,false,Metal,Apple M5 Pro,0
rtl_context_ltr_viewport,dense_novel_text,softwrap,81,25,0,25333,1374000,45833,Menlo,16,1,release,8,24,3,false,4221,0,false,Metal,Apple M5 Pro,0
rtl_context_ltr_viewport,dense_novel_text,softwrap,81,25,1,25625,1353292,52958,Menlo,16,1,release,8,24,3,false,4221,0,false,Metal,Apple M5 Pro,0
rtl_context_ltr_viewport,dense_novel_text,softwrap,81,25,2,24959,1370500,45458,Menlo,16,1,release,8,24,3,false,4221,0,false,Metal,Apple M5 Pro,0
rtl_context_ltr_viewport,dense_novel_text,softwrap,81,25,3,25125,1364458,45542,Menlo,16,1,release,8,24,3,false,4221,0,false,Metal,Apple M5 Pro,0
rtl_context_ltr_viewport,dense_novel_text,softwrap,81,25,4,25416,1340667,46083,Menlo,16,1,release,8,24,3,false,4221,0,false,Metal,Apple M5 Pro,0
rtl_context_ltr_viewport,dense_novel_text,softwrap,81,25,5,25083,1381667,45541,Menlo,16,1,release,8,24,3,false,4221,0,false,Metal,Apple M5 Pro,0
rtl_context_ltr_viewport,dense_novel_text,softwrap,81,25,6,25458,1374084,44583,Menlo,16,1,release,8,24,3,false,4221,0,false,Metal,Apple M5 Pro,0
rtl_context_ltr_viewport,dense_novel_text,softwrap,81,25,7,25500,1346209,44625,Menlo,16,1,release,8,24,3,false,4221,0,false,Metal,Apple M5 Pro,0
rtl_context_ltr_viewport,dense_novel_text,softwrap,81,25,8,25459,1332041,45625,Menlo,16,1,release,8,24,3,false,4221,0,false,Metal,Apple M5 Pro,0
rtl_context_ltr_viewport,dense_novel_text,softwrap,81,25,9,25375,1357333,45667,Menlo,16,1,release,8,24,3,false,4221,0,false,Metal,Apple M5 Pro,0
rtl_context_ltr_viewport,dense_novel_text,softwrap,81,25,10,25166,1361292,45417,Menlo,16,1,release,8,24,3,false,4221,0,false,Metal,Apple M5 Pro,0
rtl_context_ltr_viewport,dense_novel_text,softwrap,81,25,11,25291,1358625,45500,Menlo,16,1,release,8,24,3,false,4221,0,false,Metal,Apple M5 Pro,0
rtl_context_ltr_viewport,dense_novel_text,softwrap,81,25,12,25375,1344250,45541,Menlo,16,1,release,8,24,3,false,4221,0,false,Metal,Apple M5 Pro,0
rtl_context_ltr_viewport,dense_novel_text,softwrap,81,25,13,25166,1379792,45375,Menlo,16,1,release,8,24,3,false,4221,0,false,Metal,Apple M5 Pro,0
rtl_context_ltr_viewport,dense_novel_text,softwrap,81,25,14,25208,1329667,45417,Menlo,16,1,release,8,24,3,false,4221,0,false,Metal,Apple M5 Pro,0
rtl_context_ltr_viewport,dense_novel_text,softwrap,81,25,15,25167,1343417,45500,Menlo,16,1,release,8,24,3,false,4221,0,false,Metal,Apple M5 Pro,0
rtl_context_ltr_viewport,dense_novel_text,softwrap,81,25,16,25083,1346375,50458,Menlo,16,1,release,8,24,3,false,4221,0,false,Metal,Apple M5 Pro,0
rtl_context_ltr_viewport,dense_novel_text,softwrap,81,25,17,24958,1351000,45416,Menlo,16,1,release,8,24,3,false,4221,0,false,Metal,Apple M5 Pro,0
rtl_context_ltr_viewport,dense_novel_text,softwrap,81,25,18,25000,1330583,45500,Menlo,16,1,release,8,24,3,false,4221,0,false,Metal,Apple M5 Pro,0
rtl_context_ltr_viewport,dense_novel_text,softwrap,81,25,19,24709,1328542,43125,Menlo,16,1,release,8,24,3,false,4221,0,false,Metal,Apple M5 Pro,0
rtl_context_ltr_viewport,dense_novel_text,softwrap,81,25,20,25167,1362417,45333,Menlo,16,1,release,8,24,3,false,4221,0,false,Metal,Apple M5 Pro,0
rtl_context_ltr_viewport,dense_novel_text,softwrap,81,25,21,25625,1368709,45333,Menlo,16,1,release,8,24,3,false,4221,0,false,Metal,Apple M5 Pro,0
rtl_context_ltr_viewport,dense_novel_text,softwrap,81,25,22,25500,1358833,45542,Menlo,16,1,release,8,24,3,false,4221,0,false,Metal,Apple M5 Pro,0
rtl_context_ltr_viewport,dense_novel_text,softwrap,81,25,23,24875,1348250,45416,Menlo,16,1,release,8,24,3,false,4221,0,false,Metal,Apple M5 Pro,0
latin_accents,sparse_novel_counter,explicit_rows,121,42,0,39459,76750,2916,Menlo,16,1,release,8,24,3,false,0,0,false,Metal,Apple M5 Pro,0
latin_accents,sparse_novel_counter,explicit_rows,121,42,1,42416,77208,2917,Menlo,16,1,release,8,24,3,false,0,0,false,Metal,Apple M5 Pro,0
latin_accents,sparse_novel_counter,explicit_rows,121,42,2,39375,77333,2917,Menlo,16,1,release,8,24,3,false,0,0,false,Metal,Apple M5 Pro,0
latin_accents,sparse_novel_counter,explicit_rows,121,42,3,39541,78792,2917,Menlo,16,1,release,8,24,3,false,0,0,false,Metal,Apple M5 Pro,0
latin_accents,sparse_novel_counter,explicit_rows,121,42,4,39500,77209,2916,Menlo,16,1,release,8,24,3,false,0,0,false,Metal,Apple M5 Pro,0
latin_accents,sparse_novel_counter,explicit_rows,121,42,5,39666,76875,2917,Menlo,16,1,release,8,24,3,false,0,0,false,Metal,Apple M5 Pro,0
latin_accents,sparse_novel_counter,explicit_rows,121,42,6,40209,76541,2917,Menlo,16,1,release,8,24,3,false,0,0,false,Metal,Apple M5 Pro,0
latin_accents,sparse_novel_counter,explicit_rows,121,42,7,39542,123625,2917,Menlo,16,1,release,8,24,3,false,0,0,false,Metal,Apple M5 Pro,0
latin_accents,sparse_novel_counter,explicit_rows,121,42,8,39958,77292,2875,Menlo,16,1,release,8,24,3,false,0,0,false,Metal,Apple M5 Pro,0
latin_accents,sparse_novel_counter,explicit_rows,121,42,9,39458,76666,2917,Menlo,16,1,release,8,24,3,false,0,0,false,Metal,Apple M5 Pro,0
latin_accents,sparse_novel_counter,explicit_rows,121,42,10,39208,76208,2917,Menlo,16,1,release,8,24,3,false,0,0,false,Metal,Apple M5 Pro,0
latin_accents,sparse_novel_counter,explicit_rows,121,42,11,39666,78834,2916,Menlo,16,1,release,8,24,3,false,0,0,false,Metal,Apple M5 Pro,0
latin_accents,sparse_novel_counter,explicit_rows,121,42,12,39542,77042,3000,Menlo,16,1,release,8,24,3,false,0,0,false,Metal,Apple M5 Pro,0
latin_accents,sparse_novel_counter,explicit_rows,121,42,13,39375,77125,2917,Menlo,16,1,release,8,24,3,false,0,0,false,Metal,Apple M5 Pro,0
latin_accents,sparse_novel_counter,explicit_rows,121,42,14,39292,77500,2875,Menlo,16,1,release,8,24,3,false,0,0,false,Metal,Apple M5 Pro,0
latin_accents,sparse_novel_counter,explicit_rows,121,42,15,39875,79583,2917,Menlo,16,1,release,8,24,3,false,0,0,false,Metal,Apple M5 Pro,0
latin_accents,sparse_novel_counter,explicit_rows,121,42,16,39333,77042,2916,Menlo,16,1,release,8,24,3,false,0,0,false,Metal,Apple M5 Pro,0
latin_accents,sparse_novel_counter,explicit_rows,121,42,17,39417,77250,2875,Menlo,16,1,release,8,24,3,false,0,0,false,Metal,Apple M5 Pro,0
latin_accents,sparse_novel_counter,explicit_rows,121,42,18,39500,77625,2875,Menlo,16,1,release,8,24,3,false,0,0,false,Metal,Apple M5 Pro,0
latin_accents,sparse_novel_counter,explicit_rows,121,42,19,39417,80625,2875,Menlo,16,1,release,8,24,3,false,0,0,false,Metal,Apple M5 Pro,0
latin_accents,sparse_novel_counter,explicit_rows,121,42,20,39917,76750,2916,Menlo,16,1,release,8,24,3,false,0,0,false,Metal,Apple M5 Pro,0
latin_accents,sparse_novel_counter,explicit_rows,121,42,21,39708,76209,2875,Menlo,16,1,release,8,24,3,false,0,0,false,Metal,Apple M5 Pro,0
latin_accents,sparse_novel_counter,explicit_rows,121,42,22,39583,76083,2917,Menlo,16,1,release,8,24,3,false,0,0,false,Metal,Apple M5 Pro,0
latin_accents,sparse_novel_counter,explicit_rows,121,42,23,39667,78209,2917,Menlo,16,1,release,8,24,3,false,0,0,false,Metal,Apple M5 Pro,0
latin_accents,sparse_novel_counter,softwrap,121,42,0,70750,3115042,114625,Menlo,16,1,release,8,24,3,false,11643,0,false,Metal,Apple M5 Pro,0
latin_accents,sparse_novel_counter,softwrap,121,42,1,72250,3100292,116958,Menlo,16,1,release,8,24,3,false,11643,0,false,Metal,Apple M5 Pro,0
latin_accents,sparse_novel_counter,softwrap,121,42,2,68708,3151042,116958,Menlo,16,1,release,8,24,3,false,11643,0,false,Metal,Apple M5 Pro,0
latin_accents,sparse_novel_counter,softwrap,121,42,3,66166,3071000,115542,Menlo,16,1,release,8,24,3,false,11643,0,false,Metal,Apple M5 Pro,0
latin_accents,sparse_novel_counter,softwrap,121,42,4,65417,3059209,116625,Menlo,16,1,release,8,24,3,false,11643,0,false,Metal,Apple M5 Pro,0
latin_accents,sparse_novel_counter,softwrap,121,42,5,68875,3128291,114417,Menlo,16,1,release,8,24,3,false,11643,0,false,Metal,Apple M5 Pro,0
latin_accents,sparse_novel_counter,softwrap,121,42,6,69250,3109750,116458,Menlo,16,1,release,8,24,3,false,11643,0,false,Metal,Apple M5 Pro,0
latin_accents,sparse_novel_counter,softwrap,121,42,7,71250,3093459,119584,Menlo,16,1,release,8,24,3,false,11643,0,false,Metal,Apple M5 Pro,0
latin_accents,sparse_novel_counter,softwrap,121,42,8,69708,3098709,110625,Menlo,16,1,release,8,24,3,false,11643,0,false,Metal,Apple M5 Pro,0
latin_accents,sparse_novel_counter,softwrap,121,42,9,69541,3066709,117833,Menlo,16,1,release,8,24,3,false,11643,0,false,Metal,Apple M5 Pro,0
latin_accents,sparse_novel_counter,softwrap,121,42,10,70417,3072541,116750,Menlo,16,1,release,8,24,3,false,11643,0,false,Metal,Apple M5 Pro,0
latin_accents,sparse_novel_counter,softwrap,121,42,11,69042,3094208,114958,Menlo,16,1,release,8,24,3,false,11643,0,false,Metal,Apple M5 Pro,0
latin_accents,sparse_novel_counter,softwrap,121,42,12,68208,3066500,118000,Menlo,16,1,release,8,24,3,false,11643,0,false,Metal,Apple M5 Pro,0
latin_accents,sparse_novel_counter,softwrap,121,42,13,67708,3060334,111750,Menlo,16,1,release,8,24,3,false,11643,0,false,Metal,Apple M5 Pro,0
latin_accents,sparse_novel_counter,softwrap,121,42,14,67375,3137750,114375,Menlo,16,1,release,8,24,3,false,11643,0,false,Metal,Apple M5 Pro,0
latin_accents,sparse_novel_counter,softwrap,121,42,15,67500,3055541,114250,Menlo,16,1,release,8,24,3,false,11643,0,false,Metal,Apple M5 Pro,0
latin_accents,sparse_novel_counter,softwrap,121,42,16,67166,3090250,116500,Menlo,16,1,release,8,24,3,false,11643,0,false,Metal,Apple M5 Pro,0
latin_accents,sparse_novel_counter,softwrap,121,42,17,71125,3106875,116333,Menlo,16,1,release,8,24,3,false,11643,0,false,Metal,Apple M5 Pro,0
latin_accents,sparse_novel_counter,softwrap,121,42,18,67916,3067209,114458,Menlo,16,1,release,8,24,3,false,11643,0,false,Metal,Apple M5 Pro,0
latin_accents,sparse_novel_counter,softwrap,121,42,19,67833,3064583,118375,Menlo,16,1,release,8,24,3,false,11643,0,false,Metal,Apple M5 Pro,0
latin_accents,sparse_novel_counter,softwrap,121,42,20,67208,3047792,112625,Menlo,16,1,release,8,24,3,false,11643,0,false,Metal,Apple M5 Pro,0
latin_accents,sparse_novel_counter,softwrap,121,42,21,62167,3005459,116667,Menlo,16,1,release,8,24,3,false,11643,0,false,Metal,Apple M5 Pro,0
latin_accents,sparse_novel_counter,softwrap,121,42,22,62833,3016125,116000,Menlo,16,1,release,8,24,3,false,11643,0,false,Metal,Apple M5 Pro,0
latin_accents,sparse_novel_counter,softwrap,121,42,23,62417,3062292,116916,Menlo,16,1,release,8,24,3,false,11643,0,false,Metal,Apple M5 Pro,0
latin_accents,scroll_cycle,explicit_rows,121,42,0,50666,1624750,112875,Menlo,16,1,release,8,24,3,false,0,0,false,Metal,Apple M5 Pro,10
latin_accents,scroll_cycle,explicit_rows,121,42,1,40750,439833,108458,Menlo,16,1,release,8,24,3,false,0,0,false,Metal,Apple M5 Pro,21
latin_accents,scroll_cycle,explicit_rows,121,42,2,41083,402458,111625,Menlo,16,1,release,8,24,3,false,0,0,false,Metal,Apple M5 Pro,31
latin_accents,scroll_cycle,explicit_rows,121,42,3,40042,448209,124375,Menlo,16,1,release,8,24,3,false,0,0,false,Metal,Apple M5 Pro,42
latin_accents,scroll_cycle,explicit_rows,121,42,4,40292,40791,108250,Menlo,16,1,release,8,24,3,false,0,0,false,Metal,Apple M5 Pro,31
latin_accents,scroll_cycle,explicit_rows,121,42,5,39750,40416,107708,Menlo,16,1,release,8,24,3,false,0,0,false,Metal,Apple M5 Pro,21
latin_accents,scroll_cycle,explicit_rows,121,42,6,39709,40792,107416,Menlo,16,1,release,8,24,3,false,0,0,false,Metal,Apple M5 Pro,10
latin_accents,scroll_cycle,explicit_rows,121,42,7,39666,403792,114542,Menlo,16,1,release,8,24,3,false,0,0,false,Metal,Apple M5 Pro,0
latin_accents,scroll_cycle,explicit_rows,121,42,8,39584,1553750,113250,Menlo,16,1,release,8,24,3,false,0,0,false,Metal,Apple M5 Pro,10
latin_accents,scroll_cycle,explicit_rows,121,42,9,40667,444500,109167,Menlo,16,1,release,8,24,3,false,0,0,false,Metal,Apple M5 Pro,21
latin_accents,scroll_cycle,explicit_rows,121,42,10,41125,403583,108167,Menlo,16,1,release,8,24,3,false,0,0,false,Metal,Apple M5 Pro,31
latin_accents,scroll_cycle,explicit_rows,121,42,11,40417,446958,108333,Menlo,16,1,release,8,24,3,false,0,0,false,Metal,Apple M5 Pro,42
latin_accents,scroll_cycle,explicit_rows,121,42,12,40167,40416,110792,Menlo,16,1,release,8,24,3,false,0,0,false,Metal,Apple M5 Pro,31
latin_accents,scroll_cycle,explicit_rows,121,42,13,39750,40333,110458,Menlo,16,1,release,8,24,3,false,0,0,false,Metal,Apple M5 Pro,21
latin_accents,scroll_cycle,explicit_rows,121,42,14,40000,40459,109541,Menlo,16,1,release,8,24,3,false,0,0,false,Metal,Apple M5 Pro,10
latin_accents,scroll_cycle,explicit_rows,121,42,15,39708,400875,112333,Menlo,16,1,release,8,24,3,false,0,0,false,Metal,Apple M5 Pro,0
latin_accents,scroll_cycle,explicit_rows,121,42,16,40125,1595541,114458,Menlo,16,1,release,8,24,3,false,0,0,false,Metal,Apple M5 Pro,10
latin_accents,scroll_cycle,explicit_rows,121,42,17,48500,443125,115209,Menlo,16,1,release,8,24,3,false,0,0,false,Metal,Apple M5 Pro,21
latin_accents,scroll_cycle,explicit_rows,121,42,18,41166,402917,116833,Menlo,16,1,release,8,24,3,false,0,0,false,Metal,Apple M5 Pro,31
latin_accents,scroll_cycle,explicit_rows,121,42,19,41125,435375,122291,Menlo,16,1,release,8,24,3,false,0,0,false,Metal,Apple M5 Pro,42
latin_accents,scroll_cycle,explicit_rows,121,42,20,43500,40083,108750,Menlo,16,1,release,8,24,3,false,0,0,false,Metal,Apple M5 Pro,31
latin_accents,scroll_cycle,explicit_rows,121,42,21,40334,40583,109416,Menlo,16,1,release,8,24,3,false,0,0,false,Metal,Apple M5 Pro,21
latin_accents,scroll_cycle,explicit_rows,121,42,22,40458,40125,109791,Menlo,16,1,release,8,24,3,false,0,0,false,Metal,Apple M5 Pro,10
latin_accents,scroll_cycle,explicit_rows,121,42,23,48834,400958,110291,Menlo,16,1,release,8,24,3,false,0,0,false,Metal,Apple M5 Pro,0
latin_accents,scroll_cycle,softwrap,121,42,0,68833,3045333,110583,Menlo,16,1,release,8,24,3,false,10272,1357,false,Metal,Apple M5 Pro,10
latin_accents,scroll_cycle,softwrap,121,42,1,68250,3093000,118833,Menlo,16,1,release,8,24,3,false,8766,2863,false,Metal,Apple M5 Pro,21
latin_accents,scroll_cycle,softwrap,121,42,2,68125,3125000,118458,Menlo,16,1,release,8,24,3,false,7395,4234,false,Metal,Apple M5 Pro,31
latin_accents,scroll_cycle,softwrap,121,42,3,68875,3075791,115542,Menlo,16,1,release,8,24,3,false,5889,5740,false,Metal,Apple M5 Pro,42
latin_accents,scroll_cycle,softwrap,121,42,4,69833,3055959,115083,Menlo,16,1,release,8,24,3,false,7395,4234,false,Metal,Apple M5 Pro,31
latin_accents,scroll_cycle,softwrap,121,42,5,68208,3134375,118292,Menlo,16,1,release,8,24,3,false,8766,2863,false,Metal,Apple M5 Pro,21
latin_accents,scroll_cycle,softwrap,121,42,6,69125,3084917,127583,Menlo,16,1,release,8,24,3,false,10272,1357,false,Metal,Apple M5 Pro,10
latin_accents,scroll_cycle,softwrap,121,42,7,74459,3070708,117625,Menlo,16,1,release,8,24,3,false,11643,0,false,Metal,Apple M5 Pro,0
latin_accents,scroll_cycle,softwrap,121,42,8,69708,3113458,115167,Menlo,16,1,release,8,24,3,false,10272,1357,false,Metal,Apple M5 Pro,10
latin_accents,scroll_cycle,softwrap,121,42,9,67583,3070750,118958,Menlo,16,1,release,8,24,3,false,8766,2863,false,Metal,Apple M5 Pro,21
latin_accents,scroll_cycle,softwrap,121,42,10,67542,3092916,116208,Menlo,16,1,release,8,24,3,false,7395,4234,false,Metal,Apple M5 Pro,31
latin_accents,scroll_cycle,softwrap,121,42,11,66958,3090667,118208,Menlo,16,1,release,8,24,3,false,5889,5740,false,Metal,Apple M5 Pro,42
latin_accents,scroll_cycle,softwrap,121,42,12,63625,3047750,119125,Menlo,16,1,release,8,24,3,false,7395,4234,false,Metal,Apple M5 Pro,31
latin_accents,scroll_cycle,softwrap,121,42,13,64250,3004000,118917,Menlo,16,1,release,8,24,3,false,8766,2863,false,Metal,Apple M5 Pro,21
latin_accents,scroll_cycle,softwrap,121,42,14,64875,3102292,119083,Menlo,16,1,release,8,24,3,false,10272,1357,false,Metal,Apple M5 Pro,10
latin_accents,scroll_cycle,softwrap,121,42,15,68458,3115042,117000,Menlo,16,1,release,8,24,3,false,11643,0,false,Metal,Apple M5 Pro,0
latin_accents,scroll_cycle,softwrap,121,42,16,68791,3102625,119375,Menlo,16,1,release,8,24,3,false,10272,1357,false,Metal,Apple M5 Pro,10
latin_accents,scroll_cycle,softwrap,121,42,17,77125,3105958,118791,Menlo,16,1,release,8,24,3,false,8766,2863,false,Metal,Apple M5 Pro,21
latin_accents,scroll_cycle,softwrap,121,42,18,68750,3097334,118792,Menlo,16,1,release,8,24,3,false,7395,4234,false,Metal,Apple M5 Pro,31
latin_accents,scroll_cycle,softwrap,121,42,19,67791,3097375,119750,Menlo,16,1,release,8,24,3,false,5889,5740,false,Metal,Apple M5 Pro,42
latin_accents,scroll_cycle,softwrap,121,42,20,68542,3146375,116167,Menlo,16,1,release,8,24,3,false,7395,4234,false,Metal,Apple M5 Pro,31
latin_accents,scroll_cycle,softwrap,121,42,21,67750,3111542,118667,Menlo,16,1,release,8,24,3,false,8766,2863,false,Metal,Apple M5 Pro,21
latin_accents,scroll_cycle,softwrap,121,42,22,68416,3139667,118125,Menlo,16,1,release,8,24,3,false,10272,1357,false,Metal,Apple M5 Pro,10
latin_accents,scroll_cycle,softwrap,121,42,23,73208,3112667,118084,Menlo,16,1,release,8,24,3,false,11643,0,false,Metal,Apple M5 Pro,0
latin_accents,dense_novel_text,explicit_rows,121,42,0,39375,1570875,112417,Menlo,16,1,release,8,24,3,false,0,0,false,Metal,Apple M5 Pro,0
latin_accents,dense_novel_text,explicit_rows,121,42,1,39750,1558167,116083,Menlo,16,1,release,8,24,3,false,0,0,false,Metal,Apple M5 Pro,0
latin_accents,dense_novel_text,explicit_rows,121,42,2,39625,1567000,114791,Menlo,16,1,release,8,24,3,false,0,0,false,Metal,Apple M5 Pro,0
latin_accents,dense_novel_text,explicit_rows,121,42,3,39583,1560167,114500,Menlo,16,1,release,8,24,3,false,0,0,false,Metal,Apple M5 Pro,0
latin_accents,dense_novel_text,explicit_rows,121,42,4,39500,1563375,113667,Menlo,16,1,release,8,24,3,false,0,0,false,Metal,Apple M5 Pro,0
latin_accents,dense_novel_text,explicit_rows,121,42,5,39500,1586750,115083,Menlo,16,1,release,8,24,3,false,0,0,false,Metal,Apple M5 Pro,0
latin_accents,dense_novel_text,explicit_rows,121,42,6,39708,1562542,114334,Menlo,16,1,release,8,24,3,false,0,0,false,Metal,Apple M5 Pro,0
latin_accents,dense_novel_text,explicit_rows,121,42,7,39542,1625666,114042,Menlo,16,1,release,8,24,3,false,0,0,false,Metal,Apple M5 Pro,0
latin_accents,dense_novel_text,explicit_rows,121,42,8,39709,1559333,109416,Menlo,16,1,release,8,24,3,false,0,0,false,Metal,Apple M5 Pro,0
latin_accents,dense_novel_text,explicit_rows,121,42,9,39666,1578708,114250,Menlo,16,1,release,8,24,3,false,0,0,false,Metal,Apple M5 Pro,0
latin_accents,dense_novel_text,explicit_rows,121,42,10,39334,1554917,114542,Menlo,16,1,release,8,24,3,false,0,0,false,Metal,Apple M5 Pro,0
latin_accents,dense_novel_text,explicit_rows,121,42,11,59209,1558166,113708,Menlo,16,1,release,8,24,3,false,0,0,false,Metal,Apple M5 Pro,0
latin_accents,dense_novel_text,explicit_rows,121,42,12,39416,1557125,114000,Menlo,16,1,release,8,24,3,false,0,0,false,Metal,Apple M5 Pro,0
latin_accents,dense_novel_text,explicit_rows,121,42,13,39625,1560583,113333,Menlo,16,1,release,8,24,3,false,0,0,false,Metal,Apple M5 Pro,0
latin_accents,dense_novel_text,explicit_rows,121,42,14,39333,1555083,112667,Menlo,16,1,release,8,24,3,false,0,0,false,Metal,Apple M5 Pro,0
latin_accents,dense_novel_text,explicit_rows,121,42,15,40083,1555292,113584,Menlo,16,1,release,8,24,3,false,0,0,false,Metal,Apple M5 Pro,0
latin_accents,dense_novel_text,explicit_rows,121,42,16,39959,1591666,111709,Menlo,16,1,release,8,24,3,false,0,0,false,Metal,Apple M5 Pro,0
latin_accents,dense_novel_text,explicit_rows,121,42,17,39792,1566708,112208,Menlo,16,1,release,8,24,3,false,0,0,false,Metal,Apple M5 Pro,0
latin_accents,dense_novel_text,explicit_rows,121,42,18,39666,1568792,110916,Menlo,16,1,release,8,24,3,false,0,0,false,Metal,Apple M5 Pro,0
latin_accents,dense_novel_text,explicit_rows,121,42,19,39709,1556416,114125,Menlo,16,1,release,8,24,3,false,0,0,false,Metal,Apple M5 Pro,0
latin_accents,dense_novel_text,explicit_rows,121,42,20,39458,1554708,112042,Menlo,16,1,release,8,24,3,false,0,0,false,Metal,Apple M5 Pro,0
latin_accents,dense_novel_text,explicit_rows,121,42,21,42459,1623792,113958,Menlo,16,1,release,8,24,3,false,0,0,false,Metal,Apple M5 Pro,0
latin_accents,dense_novel_text,explicit_rows,121,42,22,39583,1565041,114334,Menlo,16,1,release,8,24,3,false,0,0,false,Metal,Apple M5 Pro,0
latin_accents,dense_novel_text,explicit_rows,121,42,23,39459,1558834,112875,Menlo,16,1,release,8,24,3,false,0,0,false,Metal,Apple M5 Pro,0
latin_accents,dense_novel_text,softwrap,121,42,0,66833,3082792,112000,Menlo,16,1,release,8,24,3,false,11643,0,false,Metal,Apple M5 Pro,0
latin_accents,dense_novel_text,softwrap,121,42,1,66000,3074792,116125,Menlo,16,1,release,8,24,3,false,11643,0,false,Metal,Apple M5 Pro,0
latin_accents,dense_novel_text,softwrap,121,42,2,67000,3084833,114792,Menlo,16,1,release,8,24,3,false,11643,0,false,Metal,Apple M5 Pro,0
latin_accents,dense_novel_text,softwrap,121,42,3,66458,3043375,112708,Menlo,16,1,release,8,24,3,false,11643,0,false,Metal,Apple M5 Pro,0
latin_accents,dense_novel_text,softwrap,121,42,4,66750,3049000,109083,Menlo,16,1,release,8,24,3,false,11643,0,false,Metal,Apple M5 Pro,0
latin_accents,dense_novel_text,softwrap,121,42,5,66667,3064000,116791,Menlo,16,1,release,8,24,3,false,11643,0,false,Metal,Apple M5 Pro,0
latin_accents,dense_novel_text,softwrap,121,42,6,67292,3059209,115334,Menlo,16,1,release,8,24,3,false,11643,0,false,Metal,Apple M5 Pro,0
latin_accents,dense_novel_text,softwrap,121,42,7,66542,3033791,114042,Menlo,16,1,release,8,24,3,false,11643,0,false,Metal,Apple M5 Pro,0
latin_accents,dense_novel_text,softwrap,121,42,8,91041,3011667,113750,Menlo,16,1,release,8,24,3,false,11643,0,false,Metal,Apple M5 Pro,0
latin_accents,dense_novel_text,softwrap,121,42,9,61291,3030167,119583,Menlo,16,1,release,8,24,3,false,11643,0,false,Metal,Apple M5 Pro,0
latin_accents,dense_novel_text,softwrap,121,42,10,60833,2978208,111750,Menlo,16,1,release,8,24,3,false,11643,0,false,Metal,Apple M5 Pro,0
latin_accents,dense_novel_text,softwrap,121,42,11,61542,3085125,116542,Menlo,16,1,release,8,24,3,false,11643,0,false,Metal,Apple M5 Pro,0
latin_accents,dense_novel_text,softwrap,121,42,12,66916,3074709,116958,Menlo,16,1,release,8,24,3,false,11643,0,false,Metal,Apple M5 Pro,0
latin_accents,dense_novel_text,softwrap,121,42,13,65834,3085334,115208,Menlo,16,1,release,8,24,3,false,11643,0,false,Metal,Apple M5 Pro,0
latin_accents,dense_novel_text,softwrap,121,42,14,66333,3084250,116208,Menlo,16,1,release,8,24,3,false,11643,0,false,Metal,Apple M5 Pro,0
latin_accents,dense_novel_text,softwrap,121,42,15,65875,3037042,116208,Menlo,16,1,release,8,24,3,false,11643,0,false,Metal,Apple M5 Pro,0
latin_accents,dense_novel_text,softwrap,121,42,16,66000,3074917,132250,Menlo,16,1,release,8,24,3,false,11643,0,false,Metal,Apple M5 Pro,0
latin_accents,dense_novel_text,softwrap,121,42,17,65834,3071375,112708,Menlo,16,1,release,8,24,3,false,11643,0,false,Metal,Apple M5 Pro,0
latin_accents,dense_novel_text,softwrap,121,42,18,66708,3063875,116250,Menlo,16,1,release,8,24,3,false,11643,0,false,Metal,Apple M5 Pro,0
latin_accents,dense_novel_text,softwrap,121,42,19,67083,3141625,113667,Menlo,16,1,release,8,24,3,false,11643,0,false,Metal,Apple M5 Pro,0
latin_accents,dense_novel_text,softwrap,121,42,20,65792,3064959,112000,Menlo,16,1,release,8,24,3,false,11643,0,false,Metal,Apple M5 Pro,0
latin_accents,dense_novel_text,softwrap,121,42,21,71959,3068583,116833,Menlo,16,1,release,8,24,3,false,11643,0,false,Metal,Apple M5 Pro,0
latin_accents,dense_novel_text,softwrap,121,42,22,65583,3065958,116042,Menlo,16,1,release,8,24,3,false,11643,0,false,Metal,Apple M5 Pro,0
latin_accents,dense_novel_text,softwrap,121,42,23,66541,3074375,125417,Menlo,16,1,release,8,24,3,false,11643,0,false,Metal,Apple M5 Pro,0
cyrillic,sparse_novel_counter,explicit_rows,121,42,0,38458,75500,2750,Menlo,16,1,release,8,24,3,false,0,0,false,Metal,Apple M5 Pro,0
cyrillic,sparse_novel_counter,explicit_rows,121,42,1,38709,75833,2750,Menlo,16,1,release,8,24,3,false,0,0,false,Metal,Apple M5 Pro,0
cyrillic,sparse_novel_counter,explicit_rows,121,42,2,38125,74666,2792,Menlo,16,1,release,8,24,3,false,0,0,false,Metal,Apple M5 Pro,0
cyrillic,sparse_novel_counter,explicit_rows,121,42,3,38084,75250,2792,Menlo,16,1,release,8,24,3,false,0,0,false,Metal,Apple M5 Pro,0
cyrillic,sparse_novel_counter,explicit_rows,121,42,4,38417,74667,2792,Menlo,16,1,release,8,24,3,false,0,0,false,Metal,Apple M5 Pro,0
cyrillic,sparse_novel_counter,explicit_rows,121,42,5,38750,75792,2750,Menlo,16,1,release,8,24,3,false,0,0,false,Metal,Apple M5 Pro,0
cyrillic,sparse_novel_counter,explicit_rows,121,42,6,38542,106041,2792,Menlo,16,1,release,8,24,3,false,0,0,false,Metal,Apple M5 Pro,0
cyrillic,sparse_novel_counter,explicit_rows,121,42,7,38584,121417,2750,Menlo,16,1,release,8,24,3,false,0,0,false,Metal,Apple M5 Pro,0
cyrillic,sparse_novel_counter,explicit_rows,121,42,8,39041,75167,2750,Menlo,16,1,release,8,24,3,false,0,0,false,Metal,Apple M5 Pro,0
cyrillic,sparse_novel_counter,explicit_rows,121,42,9,38750,75000,2791,Menlo,16,1,release,8,24,3,false,0,0,false,Metal,Apple M5 Pro,0
cyrillic,sparse_novel_counter,explicit_rows,121,42,10,41666,74833,2708,Menlo,16,1,release,8,24,3,false,0,0,false,Metal,Apple M5 Pro,0
cyrillic,sparse_novel_counter,explicit_rows,121,42,11,38292,74875,2750,Menlo,16,1,release,8,24,3,false,0,0,false,Metal,Apple M5 Pro,0
cyrillic,sparse_novel_counter,explicit_rows,121,42,12,39041,74625,2750,Menlo,16,1,release,8,24,3,false,0,0,false,Metal,Apple M5 Pro,0
cyrillic,sparse_novel_counter,explicit_rows,121,42,13,38125,74666,2750,Menlo,16,1,release,8,24,3,false,0,0,false,Metal,Apple M5 Pro,0
cyrillic,sparse_novel_counter,explicit_rows,121,42,14,38500,86750,2750,Menlo,16,1,release,8,24,3,false,0,0,false,Metal,Apple M5 Pro,0
cyrillic,sparse_novel_counter,explicit_rows,121,42,15,38375,75166,2750,Menlo,16,1,release,8,24,3,false,0,0,false,Metal,Apple M5 Pro,0
cyrillic,sparse_novel_counter,explicit_rows,121,42,16,38542,75541,2750,Menlo,16,1,release,8,24,3,false,0,0,false,Metal,Apple M5 Pro,0
cyrillic,sparse_novel_counter,explicit_rows,121,42,17,38625,81000,2833,Menlo,16,1,release,8,24,3,false,0,0,false,Metal,Apple M5 Pro,0
cyrillic,sparse_novel_counter,explicit_rows,121,42,18,38167,75500,2792,Menlo,16,1,release,8,24,3,false,0,0,false,Metal,Apple M5 Pro,0
cyrillic,sparse_novel_counter,explicit_rows,121,42,19,38083,74750,2708,Menlo,16,1,release,8,24,3,false,0,0,false,Metal,Apple M5 Pro,0
cyrillic,sparse_novel_counter,explicit_rows,121,42,20,37834,74000,2792,Menlo,16,1,release,8,24,3,false,0,0,false,Metal,Apple M5 Pro,0
cyrillic,sparse_novel_counter,explicit_rows,121,42,21,38083,82000,2750,Menlo,16,1,release,8,24,3,false,0,0,false,Metal,Apple M5 Pro,0
cyrillic,sparse_novel_counter,explicit_rows,121,42,22,38292,74042,2750,Menlo,16,1,release,8,24,3,false,0,0,false,Metal,Apple M5 Pro,0
cyrillic,sparse_novel_counter,explicit_rows,121,42,23,38709,75084,2750,Menlo,16,1,release,8,24,3,false,0,0,false,Metal,Apple M5 Pro,0
cyrillic,sparse_novel_counter,softwrap,121,42,0,66791,2926125,114500,Menlo,16,1,release,8,24,3,false,16830,0,false,Metal,Apple M5 Pro,0
cyrillic,sparse_novel_counter,softwrap,121,42,1,69083,2882500,113375,Menlo,16,1,release,8,24,3,false,16830,0,false,Metal,Apple M5 Pro,0
cyrillic,sparse_novel_counter,softwrap,121,42,2,67541,2876917,111917,Menlo,16,1,release,8,24,3,false,16830,0,false,Metal,Apple M5 Pro,0
cyrillic,sparse_novel_counter,softwrap,121,42,3,68291,2890875,108250,Menlo,16,1,release,8,24,3,false,16830,0,false,Metal,Apple M5 Pro,0
cyrillic,sparse_novel_counter,softwrap,121,42,4,67417,2837750,111042,Menlo,16,1,release,8,24,3,false,16830,0,false,Metal,Apple M5 Pro,0
cyrillic,sparse_novel_counter,softwrap,121,42,5,65167,2830042,118709,Menlo,16,1,release,8,24,3,false,16830,0,false,Metal,Apple M5 Pro,0
cyrillic,sparse_novel_counter,softwrap,121,42,6,62833,2899417,111042,Menlo,16,1,release,8,24,3,false,16830,0,false,Metal,Apple M5 Pro,0
cyrillic,sparse_novel_counter,softwrap,121,42,7,67292,2912917,111958,Menlo,16,1,release,8,24,3,false,16830,0,false,Metal,Apple M5 Pro,0
cyrillic,sparse_novel_counter,softwrap,121,42,8,65958,2909500,116833,Menlo,16,1,release,8,24,3,false,16830,0,false,Metal,Apple M5 Pro,0
cyrillic,sparse_novel_counter,softwrap,121,42,9,67500,2950125,110959,Menlo,16,1,release,8,24,3,false,16830,0,false,Metal,Apple M5 Pro,0
cyrillic,sparse_novel_counter,softwrap,121,42,10,67375,2868167,112791,Menlo,16,1,release,8,24,3,false,16830,0,false,Metal,Apple M5 Pro,0
cyrillic,sparse_novel_counter,softwrap,121,42,11,65041,2872292,113583,Menlo,16,1,release,8,24,3,false,16830,0,false,Metal,Apple M5 Pro,0
cyrillic,sparse_novel_counter,softwrap,121,42,12,72291,2890875,114042,Menlo,16,1,release,8,24,3,false,16830,0,false,Metal,Apple M5 Pro,0
cyrillic,sparse_novel_counter,softwrap,121,42,13,70458,2911875,108958,Menlo,16,1,release,8,24,3,false,16830,0,false,Metal,Apple M5 Pro,0
cyrillic,sparse_novel_counter,softwrap,121,42,14,73083,2921792,113750,Menlo,16,1,release,8,24,3,false,16830,0,false,Metal,Apple M5 Pro,0
cyrillic,sparse_novel_counter,softwrap,121,42,15,68458,2905792,116375,Menlo,16,1,release,8,24,3,false,16830,0,false,Metal,Apple M5 Pro,0
cyrillic,sparse_novel_counter,softwrap,121,42,16,68208,2936125,111958,Menlo,16,1,release,8,24,3,false,16830,0,false,Metal,Apple M5 Pro,0
cyrillic,sparse_novel_counter,softwrap,121,42,17,68333,2895708,115917,Menlo,16,1,release,8,24,3,false,16830,0,false,Metal,Apple M5 Pro,0
cyrillic,sparse_novel_counter,softwrap,121,42,18,68750,2884958,113208,Menlo,16,1,release,8,24,3,false,16830,0,false,Metal,Apple M5 Pro,0
cyrillic,sparse_novel_counter,softwrap,121,42,19,69375,2916667,113333,Menlo,16,1,release,8,24,3,false,16830,0,false,Metal,Apple M5 Pro,0
cyrillic,sparse_novel_counter,softwrap,121,42,20,65959,2949917,107000,Menlo,16,1,release,8,24,3,false,16830,0,false,Metal,Apple M5 Pro,0
cyrillic,sparse_novel_counter,softwrap,121,42,21,65834,2879708,113458,Menlo,16,1,release,8,24,3,false,16830,0,false,Metal,Apple M5 Pro,0
cyrillic,sparse_novel_counter,softwrap,121,42,22,66125,2891083,113792,Menlo,16,1,release,8,24,3,false,16830,0,false,Metal,Apple M5 Pro,0
cyrillic,sparse_novel_counter,softwrap,121,42,23,63083,2827042,112958,Menlo,16,1,release,8,24,3,false,16830,0,false,Metal,Apple M5 Pro,0
cyrillic,scroll_cycle,explicit_rows,121,42,0,38833,1493042,104041,Menlo,16,1,release,8,24,3,false,0,0,false,Metal,Apple M5 Pro,10
cyrillic,scroll_cycle,explicit_rows,121,42,1,38667,422583,104917,Menlo,16,1,release,8,24,3,false,0,0,false,Metal,Apple M5 Pro,21
cyrillic,scroll_cycle,explicit_rows,121,42,2,39083,385958,105459,Menlo,16,1,release,8,24,3,false,0,0,false,Metal,Apple M5 Pro,31
cyrillic,scroll_cycle,explicit_rows,121,42,3,38666,431542,132083,Menlo,16,1,release,8,24,3,false,0,0,false,Metal,Apple M5 Pro,42
cyrillic,scroll_cycle,explicit_rows,121,42,4,38167,40416,102583,Menlo,16,1,release,8,24,3,false,0,0,false,Metal,Apple M5 Pro,31
cyrillic,scroll_cycle,explicit_rows,121,42,5,41167,39917,103333,Menlo,16,1,release,8,24,3,false,0,0,false,Metal,Apple M5 Pro,21
cyrillic,scroll_cycle,explicit_rows,121,42,6,38167,39625,107667,Menlo,16,1,release,8,24,3,false,0,0,false,Metal,Apple M5 Pro,10
cyrillic,scroll_cycle,explicit_rows,121,42,7,38875,389750,116958,Menlo,16,1,release,8,24,3,false,0,0,false,Metal,Apple M5 Pro,0
cyrillic,scroll_cycle,explicit_rows,121,42,8,38583,1500209,107083,Menlo,16,1,release,8,24,3,false,0,0,false,Metal,Apple M5 Pro,10
cyrillic,scroll_cycle,explicit_rows,121,42,9,38250,420875,108041,Menlo,16,1,release,8,24,3,false,0,0,false,Metal,Apple M5 Pro,21
cyrillic,scroll_cycle,explicit_rows,121,42,10,38458,395583,108000,Menlo,16,1,release,8,24,3,false,0,0,false,Metal,Apple M5 Pro,31
cyrillic,scroll_cycle,explicit_rows,121,42,11,38417,420791,105042,Menlo,16,1,release,8,24,3,false,0,0,false,Metal,Apple M5 Pro,42
cyrillic,scroll_cycle,explicit_rows,121,42,12,38458,39708,102125,Menlo,16,1,release,8,24,3,false,0,0,false,Metal,Apple M5 Pro,31
cyrillic,scroll_cycle,explicit_rows,121,42,13,38875,39833,101708,Menlo,16,1,release,8,24,3,false,0,0,false,Metal,Apple M5 Pro,21
cyrillic,scroll_cycle,explicit_rows,121,42,14,39209,39250,101917,Menlo,16,1,release,8,24,3,false,0,0,false,Metal,Apple M5 Pro,10
cyrillic,scroll_cycle,explicit_rows,121,42,15,39334,391125,106500,Menlo,16,1,release,8,24,3,false,0,0,false,Metal,Apple M5 Pro,0
cyrillic,scroll_cycle,explicit_rows,121,42,16,38208,1484417,109000,Menlo,16,1,release,8,24,3,false,0,0,false,Metal,Apple M5 Pro,10
cyrillic,scroll_cycle,explicit_rows,121,42,17,38292,419875,104584,Menlo,16,1,release,8,24,3,false,0,0,false,Metal,Apple M5 Pro,21
cyrillic,scroll_cycle,explicit_rows,121,42,18,48917,395333,107125,Menlo,16,1,release,8,24,3,false,0,0,false,Metal,Apple M5 Pro,31
cyrillic,scroll_cycle,explicit_rows,121,42,19,38958,419667,108125,Menlo,16,1,release,8,24,3,false,0,0,false,Metal,Apple M5 Pro,42
cyrillic,scroll_cycle,explicit_rows,121,42,20,38750,40041,105000,Menlo,16,1,release,8,24,3,false,0,0,false,Metal,Apple M5 Pro,31
cyrillic,scroll_cycle,explicit_rows,121,42,21,38542,39333,102583,Menlo,16,1,release,8,24,3,false,0,0,false,Metal,Apple M5 Pro,21
cyrillic,scroll_cycle,explicit_rows,121,42,22,39000,39750,110417,Menlo,16,1,release,8,24,3,false,0,0,false,Metal,Apple M5 Pro,10
cyrillic,scroll_cycle,explicit_rows,121,42,23,38542,386250,119917,Menlo,16,1,release,8,24,3,false,0,0,false,Metal,Apple M5 Pro,0
cyrillic,scroll_cycle,softwrap,121,42,0,67125,2901042,114083,Menlo,16,1,release,8,24,3,false,14850,1934,false,Metal,Apple M5 Pro,10
cyrillic,scroll_cycle,softwrap,121,42,1,67000,2909834,113416,Menlo,16,1,release,8,24,3,false,12671,4115,false,Metal,Apple M5 Pro,21
cyrillic,scroll_cycle,softwrap,121,42,2,70333,2937708,108917,Menlo,16,1,release,8,24,3,false,10691,6095,false,Metal,Apple M5 Pro,31
cyrillic,scroll_cycle,softwrap,121,42,3,70292,2897625,112583,Menlo,16,1,release,8,24,3,false,8513,8267,false,Metal,Apple M5 Pro,42
cyrillic,scroll_cycle,softwrap,121,42,4,65875,2890458,115541,Menlo,16,1,release,8,24,3,false,10691,6095,false,Metal,Apple M5 Pro,31
cyrillic,scroll_cycle,softwrap,121,42,5,66542,2887834,108541,Menlo,16,1,release,8,24,3,false,12671,4115,false,Metal,Apple M5 Pro,21
cyrillic,scroll_cycle,softwrap,121,42,6,76500,2932625,114167,Menlo,16,1,release,8,24,3,false,14850,1934,false,Metal,Apple M5 Pro,10
cyrillic,scroll_cycle,softwrap,121,42,7,68333,2875417,114167,Menlo,16,1,release,8,24,3,false,16830,0,false,Metal,Apple M5 Pro,0
cyrillic,scroll_cycle,softwrap,121,42,8,66166,2924500,112375,Menlo,16,1,release,8,24,3,false,14850,1934,false,Metal,Apple M5 Pro,10
cyrillic,scroll_cycle,softwrap,121,42,9,66916,2894833,118958,Menlo,16,1,release,8,24,3,false,12671,4115,false,Metal,Apple M5 Pro,21
cyrillic,scroll_cycle,softwrap,121,42,10,66625,2910959,114917,Menlo,16,1,release,8,24,3,false,10691,6095,false,Metal,Apple M5 Pro,31
cyrillic,scroll_cycle,softwrap,121,42,11,65916,2871209,117209,Menlo,16,1,release,8,24,3,false,8513,8267,false,Metal,Apple M5 Pro,42
cyrillic,scroll_cycle,softwrap,121,42,12,66167,2892958,108958,Menlo,16,1,release,8,24,3,false,10691,6095,false,Metal,Apple M5 Pro,31
cyrillic,scroll_cycle,softwrap,121,42,13,64292,2880125,113959,Menlo,16,1,release,8,24,3,false,12671,4115,false,Metal,Apple M5 Pro,21
cyrillic,scroll_cycle,softwrap,121,42,14,66375,2855417,113333,Menlo,16,1,release,8,24,3,false,14850,1934,false,Metal,Apple M5 Pro,10
cyrillic,scroll_cycle,softwrap,121,42,15,66459,2870166,113000,Menlo,16,1,release,8,24,3,false,16830,0,false,Metal,Apple M5 Pro,0
cyrillic,scroll_cycle,softwrap,121,42,16,63542,2844958,115375,Menlo,16,1,release,8,24,3,false,14850,1934,false,Metal,Apple M5 Pro,10
cyrillic,scroll_cycle,softwrap,121,42,17,63667,2867375,112625,Menlo,16,1,release,8,24,3,false,12671,4115,false,Metal,Apple M5 Pro,21
cyrillic,scroll_cycle,softwrap,121,42,18,63667,2849583,122333,Menlo,16,1,release,8,24,3,false,10691,6095,false,Metal,Apple M5 Pro,31
cyrillic,scroll_cycle,softwrap,121,42,19,66125,2881917,113167,Menlo,16,1,release,8,24,3,false,8513,8267,false,Metal,Apple M5 Pro,42
cyrillic,scroll_cycle,softwrap,121,42,20,65000,2906667,122667,Menlo,16,1,release,8,24,3,false,10691,6095,false,Metal,Apple M5 Pro,31
cyrillic,scroll_cycle,softwrap,121,42,21,65459,2873625,130666,Menlo,16,1,release,8,24,3,false,12671,4115,false,Metal,Apple M5 Pro,21
cyrillic,scroll_cycle,softwrap,121,42,22,66375,2857292,111042,Menlo,16,1,release,8,24,3,false,14850,1934,false,Metal,Apple M5 Pro,10
cyrillic,scroll_cycle,softwrap,121,42,23,67166,2844084,113875,Menlo,16,1,release,8,24,3,false,16830,0,false,Metal,Apple M5 Pro,0
cyrillic,dense_novel_text,explicit_rows,121,42,0,38917,1489958,105958,Menlo,16,1,release,8,24,3,false,0,0,false,Metal,Apple M5 Pro,0
cyrillic,dense_novel_text,explicit_rows,121,42,1,38083,1495625,105333,Menlo,16,1,release,8,24,3,false,0,0,false,Metal,Apple M5 Pro,0
cyrillic,dense_novel_text,explicit_rows,121,42,2,38125,1500416,105958,Menlo,16,1,release,8,24,3,false,0,0,false,Metal,Apple M5 Pro,0
cyrillic,dense_novel_text,explicit_rows,121,42,3,38083,1506333,105042,Menlo,16,1,release,8,24,3,false,0,0,false,Metal,Apple M5 Pro,0
cyrillic,dense_novel_text,explicit_rows,121,42,4,38250,1498417,107500,Menlo,16,1,release,8,24,3,false,0,0,false,Metal,Apple M5 Pro,0
cyrillic,dense_novel_text,explicit_rows,121,42,5,41042,1507542,106208,Menlo,16,1,release,8,24,3,false,0,0,false,Metal,Apple M5 Pro,0
cyrillic,dense_novel_text,explicit_rows,121,42,6,37958,1506917,110500,Menlo,16,1,release,8,24,3,false,0,0,false,Metal,Apple M5 Pro,0
cyrillic,dense_novel_text,explicit_rows,121,42,7,38291,1466500,107583,Menlo,16,1,release,8,24,3,false,0,0,false,Metal,Apple M5 Pro,0
cyrillic,dense_novel_text,explicit_rows,121,42,8,38042,1463416,105209,Menlo,16,1,release,8,24,3,false,0,0,false,Metal,Apple M5 Pro,0
cyrillic,dense_novel_text,explicit_rows,121,42,9,45750,1550750,105542,Menlo,16,1,release,8,24,3,false,0,0,false,Metal,Apple M5 Pro,0
cyrillic,dense_novel_text,explicit_rows,121,42,10,38709,1494875,106084,Menlo,16,1,release,8,24,3,false,0,0,false,Metal,Apple M5 Pro,0
cyrillic,dense_novel_text,explicit_rows,121,42,11,38209,1524291,107958,Menlo,16,1,release,8,24,3,false,0,0,false,Metal,Apple M5 Pro,0
cyrillic,dense_novel_text,explicit_rows,121,42,12,38083,1496750,106791,Menlo,16,1,release,8,24,3,false,0,0,false,Metal,Apple M5 Pro,0
cyrillic,dense_novel_text,explicit_rows,121,42,13,38458,1489875,107208,Menlo,16,1,release,8,24,3,false,0,0,false,Metal,Apple M5 Pro,0
cyrillic,dense_novel_text,explicit_rows,121,42,14,38125,1526125,108500,Menlo,16,1,release,8,24,3,false,0,0,false,Metal,Apple M5 Pro,0
cyrillic,dense_novel_text,explicit_rows,121,42,15,38167,1493833,108084,Menlo,16,1,release,8,24,3,false,0,0,false,Metal,Apple M5 Pro,0
cyrillic,dense_novel_text,explicit_rows,121,42,16,38292,1492958,107625,Menlo,16,1,release,8,24,3,false,0,0,false,Metal,Apple M5 Pro,0
cyrillic,dense_novel_text,explicit_rows,121,42,17,38166,1506750,103667,Menlo,16,1,release,8,24,3,false,0,0,false,Metal,Apple M5 Pro,0
cyrillic,dense_novel_text,explicit_rows,121,42,18,38459,1496791,108292,Menlo,16,1,release,8,24,3,false,0,0,false,Metal,Apple M5 Pro,0
cyrillic,dense_novel_text,explicit_rows,121,42,19,38084,1490166,107417,Menlo,16,1,release,8,24,3,false,0,0,false,Metal,Apple M5 Pro,0
cyrillic,dense_novel_text,explicit_rows,121,42,20,38041,1514875,107833,Menlo,16,1,release,8,24,3,false,0,0,false,Metal,Apple M5 Pro,0
cyrillic,dense_novel_text,explicit_rows,121,42,21,38250,1495334,113416,Menlo,16,1,release,8,24,3,false,0,0,false,Metal,Apple M5 Pro,0
cyrillic,dense_novel_text,explicit_rows,121,42,22,38250,1487125,108125,Menlo,16,1,release,8,24,3,false,0,0,false,Metal,Apple M5 Pro,0
cyrillic,dense_novel_text,explicit_rows,121,42,23,38042,1489000,107250,Menlo,16,1,release,8,24,3,false,0,0,false,Metal,Apple M5 Pro,0
cyrillic,dense_novel_text,softwrap,121,42,0,64500,2878042,109125,Menlo,16,1,release,8,24,3,false,16830,0,false,Metal,Apple M5 Pro,0
cyrillic,dense_novel_text,softwrap,121,42,1,64292,2926167,110791,Menlo,16,1,release,8,24,3,false,16830,0,false,Metal,Apple M5 Pro,0
cyrillic,dense_novel_text,softwrap,121,42,2,65250,2857875,113208,Menlo,16,1,release,8,24,3,false,16830,0,false,Metal,Apple M5 Pro,0
cyrillic,dense_novel_text,softwrap,121,42,3,65417,2887167,112792,Menlo,16,1,release,8,24,3,false,16830,0,false,Metal,Apple M5 Pro,0
cyrillic,dense_novel_text,softwrap,121,42,4,64333,2923792,115959,Menlo,16,1,release,8,24,3,false,16830,0,false,Metal,Apple M5 Pro,0
cyrillic,dense_novel_text,softwrap,121,42,5,65166,2913875,120750,Menlo,16,1,release,8,24,3,false,16830,0,false,Metal,Apple M5 Pro,0
cyrillic,dense_novel_text,softwrap,121,42,6,73541,2907458,112250,Menlo,16,1,release,8,24,3,false,16830,0,false,Metal,Apple M5 Pro,0
cyrillic,dense_novel_text,softwrap,121,42,7,64625,2872458,118375,Menlo,16,1,release,8,24,3,false,16830,0,false,Metal,Apple M5 Pro,0
cyrillic,dense_novel_text,softwrap,121,42,8,64917,2921542,111125,Menlo,16,1,release,8,24,3,false,16830,0,false,Metal,Apple M5 Pro,0
cyrillic,dense_novel_text,softwrap,121,42,9,64834,2908166,113084,Menlo,16,1,release,8,24,3,false,16830,0,false,Metal,Apple M5 Pro,0
cyrillic,dense_novel_text,softwrap,121,42,10,64583,2901000,108500,Menlo,16,1,release,8,24,3,false,16830,0,false,Metal,Apple M5 Pro,0
cyrillic,dense_novel_text,softwrap,121,42,11,65083,2933500,108750,Menlo,16,1,release,8,24,3,false,16830,0,false,Metal,Apple M5 Pro,0
cyrillic,dense_novel_text,softwrap,121,42,12,64625,2898541,109750,Menlo,16,1,release,8,24,3,false,16830,0,false,Metal,Apple M5 Pro,0
cyrillic,dense_novel_text,softwrap,121,42,13,64250,2884584,116333,Menlo,16,1,release,8,24,3,false,16830,0,false,Metal,Apple M5 Pro,0
cyrillic,dense_novel_text,softwrap,121,42,14,65125,2903208,116292,Menlo,16,1,release,8,24,3,false,16830,0,false,Metal,Apple M5 Pro,0
cyrillic,dense_novel_text,softwrap,121,42,15,62500,2808292,112125,Menlo,16,1,release,8,24,3,false,16830,0,false,Metal,Apple M5 Pro,0
cyrillic,dense_novel_text,softwrap,121,42,16,61833,2878208,109292,Menlo,16,1,release,8,24,3,false,16830,0,false,Metal,Apple M5 Pro,0
cyrillic,dense_novel_text,softwrap,121,42,17,61792,2888084,112000,Menlo,16,1,release,8,24,3,false,16830,0,false,Metal,Apple M5 Pro,0
cyrillic,dense_novel_text,softwrap,121,42,18,64334,2880833,114292,Menlo,16,1,release,8,24,3,false,16830,0,false,Metal,Apple M5 Pro,0
cyrillic,dense_novel_text,softwrap,121,42,19,64000,2860750,108875,Menlo,16,1,release,8,24,3,false,16830,0,false,Metal,Apple M5 Pro,0
cyrillic,dense_novel_text,softwrap,121,42,20,63750,2886959,110917,Menlo,16,1,release,8,24,3,false,16830,0,false,Metal,Apple M5 Pro,0
cyrillic,dense_novel_text,softwrap,121,42,21,65667,2844958,108250,Menlo,16,1,release,8,24,3,false,16830,0,false,Metal,Apple M5 Pro,0
cyrillic,dense_novel_text,softwrap,121,42,22,64291,2869958,113792,Menlo,16,1,release,8,24,3,false,16830,0,false,Metal,Apple M5 Pro,0
cyrillic,dense_novel_text,softwrap,121,42,23,64625,2943834,107250,Menlo,16,1,release,8,24,3,false,16830,0,false,Metal,Apple M5 Pro,0
cjk,sparse_novel_counter,explicit_rows,121,42,0,38875,158708,1875,Menlo,16,1,release,8,24,3,false,0,0,false,Metal,Apple M5 Pro,0
cjk,sparse_novel_counter,explicit_rows,121,42,1,38417,157125,1792,Menlo,16,1,release,8,24,3,false,0,0,false,Metal,Apple M5 Pro,0
cjk,sparse_novel_counter,explicit_rows,121,42,2,38250,156875,1833,Menlo,16,1,release,8,24,3,false,0,0,false,Metal,Apple M5 Pro,0
cjk,sparse_novel_counter,explicit_rows,121,42,3,38875,156416,1792,Menlo,16,1,release,8,24,3,false,0,0,false,Metal,Apple M5 Pro,0
cjk,sparse_novel_counter,explicit_rows,121,42,4,38708,156333,1792,Menlo,16,1,release,8,24,3,false,0,0,false,Metal,Apple M5 Pro,0
cjk,sparse_novel_counter,explicit_rows,121,42,5,38666,156875,1792,Menlo,16,1,release,8,24,3,false,0,0,false,Metal,Apple M5 Pro,0
cjk,sparse_novel_counter,explicit_rows,121,42,6,38500,156250,1834,Menlo,16,1,release,8,24,3,false,0,0,false,Metal,Apple M5 Pro,0
cjk,sparse_novel_counter,explicit_rows,121,42,7,38208,204833,1833,Menlo,16,1,release,8,24,3,false,0,0,false,Metal,Apple M5 Pro,0
cjk,sparse_novel_counter,explicit_rows,121,42,8,38166,155125,1792,Menlo,16,1,release,8,24,3,false,0,0,false,Metal,Apple M5 Pro,0
cjk,sparse_novel_counter,explicit_rows,121,42,9,38208,156542,1792,Menlo,16,1,release,8,24,3,false,0,0,false,Metal,Apple M5 Pro,0
cjk,sparse_novel_counter,explicit_rows,121,42,10,38583,155333,1833,Menlo,16,1,release,8,24,3,false,0,0,false,Metal,Apple M5 Pro,0
cjk,sparse_novel_counter,explicit_rows,121,42,11,38750,155584,1833,Menlo,16,1,release,8,24,3,false,0,0,false,Metal,Apple M5 Pro,0
cjk,sparse_novel_counter,explicit_rows,121,42,12,38416,155667,1833,Menlo,16,1,release,8,24,3,false,0,0,false,Metal,Apple M5 Pro,0
cjk,sparse_novel_counter,explicit_rows,121,42,13,38458,155667,1833,Menlo,16,1,release,8,24,3,false,0,0,false,Metal,Apple M5 Pro,0
cjk,sparse_novel_counter,explicit_rows,121,42,14,38333,156333,1792,Menlo,16,1,release,8,24,3,false,0,0,false,Metal,Apple M5 Pro,0
cjk,sparse_novel_counter,explicit_rows,121,42,15,37833,155125,1833,Menlo,16,1,release,8,24,3,false,0,0,false,Metal,Apple M5 Pro,0
cjk,sparse_novel_counter,explicit_rows,121,42,16,38208,155583,1833,Menlo,16,1,release,8,24,3,false,0,0,false,Metal,Apple M5 Pro,0
cjk,sparse_novel_counter,explicit_rows,121,42,17,38084,155083,1833,Menlo,16,1,release,8,24,3,false,0,0,false,Metal,Apple M5 Pro,0
cjk,sparse_novel_counter,explicit_rows,121,42,18,38000,155500,1792,Menlo,16,1,release,8,24,3,false,0,0,false,Metal,Apple M5 Pro,0
cjk,sparse_novel_counter,explicit_rows,121,42,19,38375,156084,1833,Menlo,16,1,release,8,24,3,false,0,0,false,Metal,Apple M5 Pro,0
cjk,sparse_novel_counter,explicit_rows,121,42,20,38166,155334,1833,Menlo,16,1,release,8,24,3,false,0,0,false,Metal,Apple M5 Pro,0
cjk,sparse_novel_counter,explicit_rows,121,42,21,38375,155208,1792,Menlo,16,1,release,8,24,3,false,0,0,false,Metal,Apple M5 Pro,0
cjk,sparse_novel_counter,explicit_rows,121,42,22,38792,156209,1916,Menlo,16,1,release,8,24,3,false,0,0,false,Metal,Apple M5 Pro,0
cjk,sparse_novel_counter,explicit_rows,121,42,23,38792,156000,1916,Menlo,16,1,release,8,24,3,false,0,0,false,Metal,Apple M5 Pro,0
cjk,sparse_novel_counter,softwrap,121,42,0,59459,14388459,68166,Menlo,16,1,release,8,24,3,false,14016,0,false,Metal,Apple M5 Pro,0
cjk,sparse_novel_counter,softwrap,121,42,1,61000,14484000,69500,Menlo,16,1,release,8,24,3,false,14016,0,false,Metal,Apple M5 Pro,0
cjk,sparse_novel_counter,softwrap,121,42,2,63458,14415500,69167,Menlo,16,1,release,8,24,3,false,14016,0,false,Metal,Apple M5 Pro,0
cjk,sparse_novel_counter,softwrap,121,42,3,59625,14257458,65958,Menlo,16,1,release,8,24,3,false,14016,0,false,Metal,Apple M5 Pro,0
cjk,sparse_novel_counter,softwrap,121,42,4,58125,14322542,69125,Menlo,16,1,release,8,24,3,false,14016,0,false,Metal,Apple M5 Pro,0
cjk,sparse_novel_counter,softwrap,121,42,5,58083,14437250,69542,Menlo,16,1,release,8,24,3,false,14016,0,false,Metal,Apple M5 Pro,0
cjk,sparse_novel_counter,softwrap,121,42,6,57750,14403541,68125,Menlo,16,1,release,8,24,3,false,14016,0,false,Metal,Apple M5 Pro,0
cjk,sparse_novel_counter,softwrap,121,42,7,58083,14351542,69458,Menlo,16,1,release,8,24,3,false,14016,0,false,Metal,Apple M5 Pro,0
cjk,sparse_novel_counter,softwrap,121,42,8,59625,14325917,69833,Menlo,16,1,release,8,24,3,false,14016,0,false,Metal,Apple M5 Pro,0
cjk,sparse_novel_counter,softwrap,121,42,9,58333,14309042,67542,Menlo,16,1,release,8,24,3,false,14016,0,false,Metal,Apple M5 Pro,0
cjk,sparse_novel_counter,softwrap,121,42,10,57583,14467958,69708,Menlo,16,1,release,8,24,3,false,14016,0,false,Metal,Apple M5 Pro,0
cjk,sparse_novel_counter,softwrap,121,42,11,70125,14284709,67250,Menlo,16,1,release,8,24,3,false,14016,0,false,Metal,Apple M5 Pro,0
cjk,sparse_novel_counter,softwrap,121,42,12,59208,14305292,71250,Menlo,16,1,release,8,24,3,false,14016,0,false,Metal,Apple M5 Pro,0
cjk,sparse_novel_counter,softwrap,121,42,13,58500,14434041,66542,Menlo,16,1,release,8,24,3,false,14016,0,false,Metal,Apple M5 Pro,0
cjk,sparse_novel_counter,softwrap,121,42,14,58667,14376084,69333,Menlo,16,1,release,8,24,3,false,14016,0,false,Metal,Apple M5 Pro,0
cjk,sparse_novel_counter,softwrap,121,42,15,56208,14306500,69375,Menlo,16,1,release,8,24,3,false,14016,0,false,Metal,Apple M5 Pro,0
cjk,sparse_novel_counter,softwrap,121,42,16,57042,14303917,68209,Menlo,16,1,release,8,24,3,false,14016,0,false,Metal,Apple M5 Pro,0
cjk,sparse_novel_counter,softwrap,121,42,17,57334,14354750,69583,Menlo,16,1,release,8,24,3,false,14016,0,false,Metal,Apple M5 Pro,0
cjk,sparse_novel_counter,softwrap,121,42,18,56875,14432750,69375,Menlo,16,1,release,8,24,3,false,14016,0,false,Metal,Apple M5 Pro,0
cjk,sparse_novel_counter,softwrap,121,42,19,56375,14420667,67916,Menlo,16,1,release,8,24,3,false,14016,0,false,Metal,Apple M5 Pro,0
cjk,sparse_novel_counter,softwrap,121,42,20,58458,14332500,71042,Menlo,16,1,release,8,24,3,false,14016,0,false,Metal,Apple M5 Pro,0
cjk,sparse_novel_counter,softwrap,121,42,21,57917,14346417,69166,Menlo,16,1,release,8,24,3,false,14016,0,false,Metal,Apple M5 Pro,0
cjk,sparse_novel_counter,softwrap,121,42,22,58541,14354584,67792,Menlo,16,1,release,8,24,3,false,14016,0,false,Metal,Apple M5 Pro,0
cjk,sparse_novel_counter,softwrap,121,42,23,57500,14350583,68708,Menlo,16,1,release,8,24,3,false,14016,0,false,Metal,Apple M5 Pro,0
cjk,scroll_cycle,explicit_rows,121,42,0,39625,40041,65000,Menlo,16,1,release,8,24,3,false,0,0,false,Metal,Apple M5 Pro,10
cjk,scroll_cycle,explicit_rows,121,42,1,38917,40541,65250,Menlo,16,1,release,8,24,3,false,0,0,false,Metal,Apple M5 Pro,21
cjk,scroll_cycle,explicit_rows,121,42,2,38750,40500,65958,Menlo,16,1,release,8,24,3,false,0,0,false,Metal,Apple M5 Pro,31
cjk,scroll_cycle,explicit_rows,121,42,3,39375,41000,65708,Menlo,16,1,release,8,24,3,false,0,0,false,Metal,Apple M5 Pro,42
cjk,scroll_cycle,explicit_rows,121,42,4,38584,45791,65125,Menlo,16,1,release,8,24,3,false,0,0,false,Metal,Apple M5 Pro,31
cjk,scroll_cycle,explicit_rows,121,42,5,38292,40333,65667,Menlo,16,1,release,8,24,3,false,0,0,false,Metal,Apple M5 Pro,21
cjk,scroll_cycle,explicit_rows,121,42,6,49208,40125,65166,Menlo,16,1,release,8,24,3,false,0,0,false,Metal,Apple M5 Pro,10
cjk,scroll_cycle,explicit_rows,121,42,7,39250,40042,65375,Menlo,16,1,release,8,24,3,false,0,0,false,Metal,Apple M5 Pro,0
cjk,scroll_cycle,explicit_rows,121,42,8,41583,40083,65583,Menlo,16,1,release,8,24,3,false,0,0,false,Metal,Apple M5 Pro,10
cjk,scroll_cycle,explicit_rows,121,42,9,38500,40375,65916,Menlo,16,1,release,8,24,3,false,0,0,false,Metal,Apple M5 Pro,21
cjk,scroll_cycle,explicit_rows,121,42,10,38667,40625,65458,Menlo,16,1,release,8,24,3,false,0,0,false,Metal,Apple M5 Pro,31
cjk,scroll_cycle,explicit_rows,121,42,11,38666,39834,65666,Menlo,16,1,release,8,24,3,false,0,0,false,Metal,Apple M5 Pro,42
cjk,scroll_cycle,explicit_rows,121,42,12,40917,39916,65375,Menlo,16,1,release,8,24,3,false,0,0,false,Metal,Apple M5 Pro,31
cjk,scroll_cycle,explicit_rows,121,42,13,38500,39875,65167,Menlo,16,1,release,8,24,3,false,0,0,false,Metal,Apple M5 Pro,21
cjk,scroll_cycle,explicit_rows,121,42,14,39208,41083,65667,Menlo,16,1,release,8,24,3,false,0,0,false,Metal,Apple M5 Pro,10
cjk,scroll_cycle,explicit_rows,121,42,15,39042,43583,65292,Menlo,16,1,release,8,24,3,false,0,0,false,Metal,Apple M5 Pro,0
cjk,scroll_cycle,explicit_rows,121,42,16,38792,40208,88333,Menlo,16,1,release,8,24,3,false,0,0,false,Metal,Apple M5 Pro,10
cjk,scroll_cycle,explicit_rows,121,42,17,38667,41958,64416,Menlo,16,1,release,8,24,3,false,0,0,false,Metal,Apple M5 Pro,21
cjk,scroll_cycle,explicit_rows,121,42,18,41167,41417,64375,Menlo,16,1,release,8,24,3,false,0,0,false,Metal,Apple M5 Pro,31
cjk,scroll_cycle,explicit_rows,121,42,19,39041,42000,64583,Menlo,16,1,release,8,24,3,false,0,0,false,Metal,Apple M5 Pro,42
cjk,scroll_cycle,explicit_rows,121,42,20,38209,41834,63833,Menlo,16,1,release,8,24,3,false,0,0,false,Metal,Apple M5 Pro,31
cjk,scroll_cycle,explicit_rows,121,42,21,38500,42916,64000,Menlo,16,1,release,8,24,3,false,0,0,false,Metal,Apple M5 Pro,21
cjk,scroll_cycle,explicit_rows,121,42,22,38959,41083,64000,Menlo,16,1,release,8,24,3,false,0,0,false,Metal,Apple M5 Pro,10
cjk,scroll_cycle,explicit_rows,121,42,23,39292,42833,63917,Menlo,16,1,release,8,24,3,false,0,0,false,Metal,Apple M5 Pro,0
cjk,scroll_cycle,softwrap,121,42,0,58792,43041,67875,Menlo,16,1,release,8,24,3,false,12369,1639,false,Metal,Apple M5 Pro,10
cjk,scroll_cycle,softwrap,121,42,1,58708,14452583,90417,Menlo,16,1,release,8,24,3,false,10554,3453,false,Metal,Apple M5 Pro,21
cjk,scroll_cycle,softwrap,121,42,2,60750,14404709,67500,Menlo,16,1,release,8,24,3,false,8907,5105,false,Metal,Apple M5 Pro,31
cjk,scroll_cycle,softwrap,121,42,3,61375,14309584,66125,Menlo,16,1,release,8,24,3,false,7092,6920,false,Metal,Apple M5 Pro,42
cjk,scroll_cycle,softwrap,121,42,4,59458,43083,67417,Menlo,16,1,release,8,24,3,false,8907,5105,false,Metal,Apple M5 Pro,31
cjk,scroll_cycle,softwrap,121,42,5,57375,14361917,67791,Menlo,16,1,release,8,24,3,false,10554,3453,false,Metal,Apple M5 Pro,21
cjk,scroll_cycle,softwrap,121,42,6,58792,14391166,76083,Menlo,16,1,release,8,24,3,false,12369,1639,false,Metal,Apple M5 Pro,10
cjk,scroll_cycle,softwrap,121,42,7,76584,15806250,78250,Menlo,16,1,release,8,24,3,false,14016,0,false,Metal,Apple M5 Pro,0
cjk,scroll_cycle,softwrap,121,42,8,82250,58042,76083,Menlo,16,1,release,8,24,3,false,12369,1639,false,Metal,Apple M5 Pro,10
cjk,scroll_cycle,softwrap,121,42,9,59958,15846750,72709,Menlo,16,1,release,8,24,3,false,10554,3453,false,Metal,Apple M5 Pro,21
cjk,scroll_cycle,softwrap,121,42,10,75791,15302125,70875,Menlo,16,1,release,8,24,3,false,8907,5105,false,Metal,Apple M5 Pro,31
cjk,scroll_cycle,softwrap,121,42,11,67625,15459834,66375,Menlo,16,1,release,8,24,3,false,7092,6920,false,Metal,Apple M5 Pro,42
cjk,scroll_cycle,softwrap,121,42,12,67541,45042,71125,Menlo,16,1,release,8,24,3,false,8907,5105,false,Metal,Apple M5 Pro,31
cjk,scroll_cycle,softwrap,121,42,13,57833,14566792,72458,Menlo,16,1,release,8,24,3,false,10554,3453,false,Metal,Apple M5 Pro,21
cjk,scroll_cycle,softwrap,121,42,14,62375,15056708,70375,Menlo,16,1,release,8,24,3,false,12369,1639,false,Metal,Apple M5 Pro,10
cjk,scroll_cycle,softwrap,121,42,15,60041,14801750,66541,Menlo,16,1,release,8,24,3,false,14016,0,false,Metal,Apple M5 Pro,0
cjk,scroll_cycle,softwrap,121,42,16,65250,45458,66875,Menlo,16,1,release,8,24,3,false,12369,1639,false,Metal,Apple M5 Pro,10
cjk,scroll_cycle,softwrap,121,42,17,68916,14563792,75208,Menlo,16,1,release,8,24,3,false,10554,3453,false,Metal,Apple M5 Pro,21
cjk,scroll_cycle,softwrap,121,42,18,61292,14503625,70458,Menlo,16,1,release,8,24,3,false,8907,5105,false,Metal,Apple M5 Pro,31
cjk,scroll_cycle,softwrap,121,42,19,62375,14509417,69584,Menlo,16,1,release,8,24,3,false,7092,6920,false,Metal,Apple M5 Pro,42
cjk,scroll_cycle,softwrap,121,42,20,61834,42791,67250,Menlo,16,1,release,8,24,3,false,8907,5105,false,Metal,Apple M5 Pro,31
cjk,scroll_cycle,softwrap,121,42,21,58167,14780541,71459,Menlo,16,1,release,8,24,3,false,10554,3453,false,Metal,Apple M5 Pro,21
cjk,scroll_cycle,softwrap,121,42,22,58083,14451459,70459,Menlo,16,1,release,8,24,3,false,12369,1639,false,Metal,Apple M5 Pro,10
cjk,scroll_cycle,softwrap,121,42,23,58792,14483250,69875,Menlo,16,1,release,8,24,3,false,14016,0,false,Metal,Apple M5 Pro,0
cjk,dense_novel_text,explicit_rows,121,42,0,38875,4945708,79750,Menlo,16,1,release,8,24,3,false,0,0,false,Metal,Apple M5 Pro,0
cjk,dense_novel_text,explicit_rows,121,42,1,38458,5059625,69209,Menlo,16,1,release,8,24,3,false,0,0,false,Metal,Apple M5 Pro,0
cjk,dense_novel_text,explicit_rows,121,42,2,39209,5164041,68750,Menlo,16,1,release,8,24,3,false,0,0,false,Metal,Apple M5 Pro,0
cjk,dense_novel_text,explicit_rows,121,42,3,38583,5024208,68708,Menlo,16,1,release,8,24,3,false,0,0,false,Metal,Apple M5 Pro,0
cjk,dense_novel_text,explicit_rows,121,42,4,39000,4878917,68625,Menlo,16,1,release,8,24,3,false,0,0,false,Metal,Apple M5 Pro,0
cjk,dense_novel_text,explicit_rows,121,42,5,38375,4914458,67250,Menlo,16,1,release,8,24,3,false,0,0,false,Metal,Apple M5 Pro,0
cjk,dense_novel_text,explicit_rows,121,42,6,38667,4984833,68083,Menlo,16,1,release,8,24,3,false,0,0,false,Metal,Apple M5 Pro,0
cjk,dense_novel_text,explicit_rows,121,42,7,38500,5040958,68250,Menlo,16,1,release,8,24,3,false,0,0,false,Metal,Apple M5 Pro,0
cjk,dense_novel_text,explicit_rows,121,42,8,38542,4964125,67958,Menlo,16,1,release,8,24,3,false,0,0,false,Metal,Apple M5 Pro,0
cjk,dense_novel_text,explicit_rows,121,42,9,38625,4993583,68583,Menlo,16,1,release,8,24,3,false,0,0,false,Metal,Apple M5 Pro,0
cjk,dense_novel_text,explicit_rows,121,42,10,38708,4958625,68250,Menlo,16,1,release,8,24,3,false,0,0,false,Metal,Apple M5 Pro,0
cjk,dense_novel_text,explicit_rows,121,42,11,38625,4947125,68375,Menlo,16,1,release,8,24,3,false,0,0,false,Metal,Apple M5 Pro,0
cjk,dense_novel_text,explicit_rows,121,42,12,38667,4958541,68333,Menlo,16,1,release,8,24,3,false,0,0,false,Metal,Apple M5 Pro,0
cjk,dense_novel_text,explicit_rows,121,42,13,41500,5224083,68333,Menlo,16,1,release,8,24,3,false,0,0,false,Metal,Apple M5 Pro,0
cjk,dense_novel_text,explicit_rows,121,42,14,38292,5130084,68208,Menlo,16,1,release,8,24,3,false,0,0,false,Metal,Apple M5 Pro,0
cjk,dense_novel_text,explicit_rows,121,42,15,38417,4911375,67042,Menlo,16,1,release,8,24,3,false,0,0,false,Metal,Apple M5 Pro,0
cjk,dense_novel_text,explicit_rows,121,42,16,38625,4946958,68875,Menlo,16,1,release,8,24,3,false,0,0,false,Metal,Apple M5 Pro,0
cjk,dense_novel_text,explicit_rows,121,42,17,38625,4922292,68625,Menlo,16,1,release,8,24,3,false,0,0,false,Metal,Apple M5 Pro,0
cjk,dense_novel_text,explicit_rows,121,42,18,38500,4940291,69125,Menlo,16,1,release,8,24,3,false,0,0,false,Metal,Apple M5 Pro,0
cjk,dense_novel_text,explicit_rows,121,42,19,38916,4920833,68333,Menlo,16,1,release,8,24,3,false,0,0,false,Metal,Apple M5 Pro,0
cjk,dense_novel_text,explicit_rows,121,42,20,38458,4995667,68500,Menlo,16,1,release,8,24,3,false,0,0,false,Metal,Apple M5 Pro,0
cjk,dense_novel_text,explicit_rows,121,42,21,38583,4966708,68750,Menlo,16,1,release,8,24,3,false,0,0,false,Metal,Apple M5 Pro,0
cjk,dense_novel_text,explicit_rows,121,42,22,38500,4961625,68458,Menlo,16,1,release,8,24,3,false,0,0,false,Metal,Apple M5 Pro,0
cjk,dense_novel_text,explicit_rows,121,42,23,38666,4905625,68500,Menlo,16,1,release,8,24,3,false,0,0,false,Metal,Apple M5 Pro,0
cjk,dense_novel_text,softwrap,121,42,0,56292,14568792,65958,Menlo,16,1,release,8,24,3,false,14016,0,false,Metal,Apple M5 Pro,0
cjk,dense_novel_text,softwrap,121,42,1,56584,14434541,65917,Menlo,16,1,release,8,24,3,false,14016,0,false,Metal,Apple M5 Pro,0
cjk,dense_novel_text,softwrap,121,42,2,56167,14548416,69459,Menlo,16,1,release,8,24,3,false,14016,0,false,Metal,Apple M5 Pro,0
cjk,dense_novel_text,softwrap,121,42,3,56000,14481375,69333,Menlo,16,1,release,8,24,3,false,14016,0,false,Metal,Apple M5 Pro,0
cjk,dense_novel_text,softwrap,121,42,4,56416,14904000,69500,Menlo,16,1,release,8,24,3,false,14016,0,false,Metal,Apple M5 Pro,0
cjk,dense_novel_text,softwrap,121,42,5,56375,14395083,69583,Menlo,16,1,release,8,24,3,false,14016,0,false,Metal,Apple M5 Pro,0
cjk,dense_novel_text,softwrap,121,42,6,56000,14511709,67584,Menlo,16,1,release,8,24,3,false,14016,0,false,Metal,Apple M5 Pro,0
cjk,dense_novel_text,softwrap,121,42,7,55833,14753125,69584,Menlo,16,1,release,8,24,3,false,14016,0,false,Metal,Apple M5 Pro,0
cjk,dense_novel_text,softwrap,121,42,8,56458,14533167,68792,Menlo,16,1,release,8,24,3,false,14016,0,false,Metal,Apple M5 Pro,0
cjk,dense_novel_text,softwrap,121,42,9,56417,14402208,68125,Menlo,16,1,release,8,24,3,false,14016,0,false,Metal,Apple M5 Pro,0
cjk,dense_novel_text,softwrap,121,42,10,55917,14484083,68917,Menlo,16,1,release,8,24,3,false,14016,0,false,Metal,Apple M5 Pro,0
cjk,dense_novel_text,softwrap,121,42,11,56416,14708625,69750,Menlo,16,1,release,8,24,3,false,14016,0,false,Metal,Apple M5 Pro,0
cjk,dense_novel_text,softwrap,121,42,12,56000,14534959,68625,Menlo,16,1,release,8,24,3,false,14016,0,false,Metal,Apple M5 Pro,0
cjk,dense_novel_text,softwrap,121,42,13,56000,14392167,69291,Menlo,16,1,release,8,24,3,false,14016,0,false,Metal,Apple M5 Pro,0
cjk,dense_novel_text,softwrap,121,42,14,56167,14539042,67542,Menlo,16,1,release,8,24,3,false,14016,0,false,Metal,Apple M5 Pro,0
cjk,dense_novel_text,softwrap,121,42,15,56000,14618833,66333,Menlo,16,1,release,8,24,3,false,14016,0,false,Metal,Apple M5 Pro,0
cjk,dense_novel_text,softwrap,121,42,16,56458,14573167,68209,Menlo,16,1,release,8,24,3,false,14016,0,false,Metal,Apple M5 Pro,0
cjk,dense_novel_text,softwrap,121,42,17,56375,14423916,69167,Menlo,16,1,release,8,24,3,false,14016,0,false,Metal,Apple M5 Pro,0
cjk,dense_novel_text,softwrap,121,42,18,56292,14538791,66667,Menlo,16,1,release,8,24,3,false,14016,0,false,Metal,Apple M5 Pro,0
cjk,dense_novel_text,softwrap,121,42,19,56000,14594166,68208,Menlo,16,1,release,8,24,3,false,14016,0,false,Metal,Apple M5 Pro,0
cjk,dense_novel_text,softwrap,121,42,20,55834,14676458,69208,Menlo,16,1,release,8,24,3,false,14016,0,false,Metal,Apple M5 Pro,0
cjk,dense_novel_text,softwrap,121,42,21,61791,14490417,67541,Menlo,16,1,release,8,24,3,false,14016,0,false,Metal,Apple M5 Pro,0
cjk,dense_novel_text,softwrap,121,42,22,55875,14521708,69292,Menlo,16,1,release,8,24,3,false,14016,0,false,Metal,Apple M5 Pro,0
cjk,dense_novel_text,softwrap,121,42,23,56125,14519375,69417,Menlo,16,1,release,8,24,3,false,14016,0,false,Metal,Apple M5 Pro,0
arabic,sparse_novel_counter,explicit_rows,121,42,0,39125,128166,2792,Menlo,16,1,release,8,24,3,false,0,0,false,Metal,Apple M5 Pro,0
arabic,sparse_novel_counter,explicit_rows,121,42,1,39500,128583,2792,Menlo,16,1,release,8,24,3,false,0,0,false,Metal,Apple M5 Pro,0
arabic,sparse_novel_counter,explicit_rows,121,42,2,38584,130000,2834,Menlo,16,1,release,8,24,3,false,0,0,false,Metal,Apple M5 Pro,0
arabic,sparse_novel_counter,explicit_rows,121,42,3,38417,127917,2875,Menlo,16,1,release,8,24,3,false,0,0,false,Metal,Apple M5 Pro,0
arabic,sparse_novel_counter,explicit_rows,121,42,4,38750,128375,2792,Menlo,16,1,release,8,24,3,false,0,0,false,Metal,Apple M5 Pro,0
arabic,sparse_novel_counter,explicit_rows,121,42,5,38541,129583,2792,Menlo,16,1,release,8,24,3,false,0,0,false,Metal,Apple M5 Pro,0
arabic,sparse_novel_counter,explicit_rows,121,42,6,38666,128042,2792,Menlo,16,1,release,8,24,3,false,0,0,false,Metal,Apple M5 Pro,0
arabic,sparse_novel_counter,explicit_rows,121,42,7,39000,184916,2917,Menlo,16,1,release,8,24,3,false,0,0,false,Metal,Apple M5 Pro,0
arabic,sparse_novel_counter,explicit_rows,121,42,8,38333,129042,2833,Menlo,16,1,release,8,24,3,false,0,0,false,Metal,Apple M5 Pro,0
arabic,sparse_novel_counter,explicit_rows,121,42,9,38166,130125,2917,Menlo,16,1,release,8,24,3,false,0,0,false,Metal,Apple M5 Pro,0
arabic,sparse_novel_counter,explicit_rows,121,42,10,38125,127584,2833,Menlo,16,1,release,8,24,3,false,0,0,false,Metal,Apple M5 Pro,0
arabic,sparse_novel_counter,explicit_rows,121,42,11,38125,129458,2791,Menlo,16,1,release,8,24,3,false,0,0,false,Metal,Apple M5 Pro,0
arabic,sparse_novel_counter,explicit_rows,121,42,12,39167,127542,2833,Menlo,16,1,release,8,24,3,false,0,0,false,Metal,Apple M5 Pro,0
arabic,sparse_novel_counter,explicit_rows,121,42,13,39500,127583,2875,Menlo,16,1,release,8,24,3,false,0,0,false,Metal,Apple M5 Pro,0
arabic,sparse_novel_counter,explicit_rows,121,42,14,38458,129917,2833,Menlo,16,1,release,8,24,3,false,0,0,false,Metal,Apple M5 Pro,0
arabic,sparse_novel_counter,explicit_rows,121,42,15,38750,128625,2833,Menlo,16,1,release,8,24,3,false,0,0,false,Metal,Apple M5 Pro,0
arabic,sparse_novel_counter,explicit_rows,121,42,16,38833,128875,2834,Menlo,16,1,release,8,24,3,false,0,0,false,Metal,Apple M5 Pro,0
arabic,sparse_novel_counter,explicit_rows,121,42,17,38667,128792,2792,Menlo,16,1,release,8,24,3,false,0,0,false,Metal,Apple M5 Pro,0
arabic,sparse_novel_counter,explicit_rows,121,42,18,38875,128083,2833,Menlo,16,1,release,8,24,3,false,0,0,false,Metal,Apple M5 Pro,0
arabic,sparse_novel_counter,explicit_rows,121,42,19,38417,127708,2791,Menlo,16,1,release,8,24,3,false,0,0,false,Metal,Apple M5 Pro,0
arabic,sparse_novel_counter,explicit_rows,121,42,20,38250,128167,2833,Menlo,16,1,release,8,24,3,false,0,0,false,Metal,Apple M5 Pro,0
arabic,sparse_novel_counter,explicit_rows,121,42,21,38375,127958,2792,Menlo,16,1,release,8,24,3,false,0,0,false,Metal,Apple M5 Pro,0
arabic,sparse_novel_counter,explicit_rows,121,42,22,38875,127833,2792,Menlo,16,1,release,8,24,3,false,0,0,false,Metal,Apple M5 Pro,0
arabic,sparse_novel_counter,explicit_rows,121,42,23,39042,128333,2792,Menlo,16,1,release,8,24,3,false,0,0,false,Metal,Apple M5 Pro,0
arabic,sparse_novel_counter,softwrap,121,42,0,71000,9707875,115042,Menlo,16,1,release,8,24,3,false,18333,0,false,Metal,Apple M5 Pro,0
arabic,sparse_novel_counter,softwrap,121,42,1,72750,9852958,113958,Menlo,16,1,release,8,24,3,false,18333,0,false,Metal,Apple M5 Pro,0
arabic,sparse_novel_counter,softwrap,121,42,2,72375,9729292,116959,Menlo,16,1,release,8,24,3,false,18333,0,false,Metal,Apple M5 Pro,0
arabic,sparse_novel_counter,softwrap,121,42,3,70000,9597708,115500,Menlo,16,1,release,8,24,3,false,18333,0,false,Metal,Apple M5 Pro,0
arabic,sparse_novel_counter,softwrap,121,42,4,70292,9701750,118125,Menlo,16,1,release,8,24,3,false,18333,0,false,Metal,Apple M5 Pro,0
arabic,sparse_novel_counter,softwrap,121,42,5,72709,9673125,129000,Menlo,16,1,release,8,24,3,false,18333,0,false,Metal,Apple M5 Pro,0
arabic,sparse_novel_counter,softwrap,121,42,6,69333,9735708,116792,Menlo,16,1,release,8,24,3,false,18333,0,false,Metal,Apple M5 Pro,0
arabic,sparse_novel_counter,softwrap,121,42,7,71000,9857250,116208,Menlo,16,1,release,8,24,3,false,18333,0,false,Metal,Apple M5 Pro,0
arabic,sparse_novel_counter,softwrap,121,42,8,71583,9688625,116917,Menlo,16,1,release,8,24,3,false,18333,0,false,Metal,Apple M5 Pro,0
arabic,sparse_novel_counter,softwrap,121,42,9,69542,9693833,118750,Menlo,16,1,release,8,24,3,false,18333,0,false,Metal,Apple M5 Pro,0
arabic,sparse_novel_counter,softwrap,121,42,10,70625,9609167,114833,Menlo,16,1,release,8,24,3,false,18333,0,false,Metal,Apple M5 Pro,0
arabic,sparse_novel_counter,softwrap,121,42,11,69833,9696875,117416,Menlo,16,1,release,8,24,3,false,18333,0,false,Metal,Apple M5 Pro,0
arabic,sparse_novel_counter,softwrap,121,42,12,69750,9666584,116250,Menlo,16,1,release,8,24,3,false,18333,0,false,Metal,Apple M5 Pro,0
arabic,sparse_novel_counter,softwrap,121,42,13,70167,9874416,116459,Menlo,16,1,release,8,24,3,false,18333,0,false,Metal,Apple M5 Pro,0
arabic,sparse_novel_counter,softwrap,121,42,14,70000,9761958,118875,Menlo,16,1,release,8,24,3,false,18333,0,false,Metal,Apple M5 Pro,0
arabic,sparse_novel_counter,softwrap,121,42,15,70541,9652167,116792,Menlo,16,1,release,8,24,3,false,18333,0,false,Metal,Apple M5 Pro,0
arabic,sparse_novel_counter,softwrap,121,42,16,69958,9672583,117375,Menlo,16,1,release,8,24,3,false,18333,0,false,Metal,Apple M5 Pro,0
arabic,sparse_novel_counter,softwrap,121,42,17,68917,9674125,118000,Menlo,16,1,release,8,24,3,false,18333,0,false,Metal,Apple M5 Pro,0
arabic,sparse_novel_counter,softwrap,121,42,18,70250,9615208,117750,Menlo,16,1,release,8,24,3,false,18333,0,false,Metal,Apple M5 Pro,0
arabic,sparse_novel_counter,softwrap,121,42,19,69166,9836709,117625,Menlo,16,1,release,8,24,3,false,18333,0,false,Metal,Apple M5 Pro,0
arabic,sparse_novel_counter,softwrap,121,42,20,69042,9673042,113708,Menlo,16,1,release,8,24,3,false,18333,0,false,Metal,Apple M5 Pro,0
arabic,sparse_novel_counter,softwrap,121,42,21,68542,9677958,118125,Menlo,16,1,release,8,24,3,false,18333,0,false,Metal,Apple M5 Pro,0
arabic,sparse_novel_counter,softwrap,121,42,22,68833,9593708,112583,Menlo,16,1,release,8,24,3,false,18333,0,false,Metal,Apple M5 Pro,0
arabic,sparse_novel_counter,softwrap,121,42,23,68625,9703250,117167,Menlo,16,1,release,8,24,3,false,18333,0,false,Metal,Apple M5 Pro,0
arabic,scroll_cycle,explicit_rows,121,42,0,38416,3713209,112041,Menlo,16,1,release,8,24,3,false,0,0,false,Metal,Apple M5 Pro,10
arabic,scroll_cycle,explicit_rows,121,42,1,43167,1008709,109750,Menlo,16,1,release,8,24,3,false,0,0,false,Metal,Apple M5 Pro,21
arabic,scroll_cycle,explicit_rows,121,42,2,38542,908084,105916,Menlo,16,1,release,8,24,3,false,0,0,false,Metal,Apple M5 Pro,31
arabic,scroll_cycle,explicit_rows,121,42,3,38334,994792,109542,Menlo,16,1,release,8,24,3,false,0,0,false,Metal,Apple M5 Pro,42
arabic,scroll_cycle,explicit_rows,121,42,4,39042,40125,109125,Menlo,16,1,release,8,24,3,false,0,0,false,Metal,Apple M5 Pro,31
arabic,scroll_cycle,explicit_rows,121,42,5,38500,40625,107250,Menlo,16,1,release,8,24,3,false,0,0,false,Metal,Apple M5 Pro,21
arabic,scroll_cycle,explicit_rows,121,42,6,38584,40542,105250,Menlo,16,1,release,8,24,3,false,0,0,false,Metal,Apple M5 Pro,10
arabic,scroll_cycle,explicit_rows,121,42,7,38458,906708,109000,Menlo,16,1,release,8,24,3,false,0,0,false,Metal,Apple M5 Pro,0
arabic,scroll_cycle,explicit_rows,121,42,8,38917,3692041,111792,Menlo,16,1,release,8,24,3,false,0,0,false,Metal,Apple M5 Pro,10
arabic,scroll_cycle,explicit_rows,121,42,9,38792,1006917,116833,Menlo,16,1,release,8,24,3,false,0,0,false,Metal,Apple M5 Pro,21
arabic,scroll_cycle,explicit_rows,121,42,10,44542,922500,110750,Menlo,16,1,release,8,24,3,false,0,0,false,Metal,Apple M5 Pro,31
arabic,scroll_cycle,explicit_rows,121,42,11,39333,1010709,110416,Menlo,16,1,release,8,24,3,false,0,0,false,Metal,Apple M5 Pro,42
arabic,scroll_cycle,explicit_rows,121,42,12,38500,40583,107041,Menlo,16,1,release,8,24,3,false,0,0,false,Metal,Apple M5 Pro,31
arabic,scroll_cycle,explicit_rows,121,42,13,38791,40917,107708,Menlo,16,1,release,8,24,3,false,0,0,false,Metal,Apple M5 Pro,21
arabic,scroll_cycle,explicit_rows,121,42,14,38875,40625,107125,Menlo,16,1,release,8,24,3,false,0,0,false,Metal,Apple M5 Pro,10
arabic,scroll_cycle,explicit_rows,121,42,15,38125,902917,113542,Menlo,16,1,release,8,24,3,false,0,0,false,Metal,Apple M5 Pro,0
arabic,scroll_cycle,explicit_rows,121,42,16,38958,3729667,111708,Menlo,16,1,release,8,24,3,false,0,0,false,Metal,Apple M5 Pro,10
arabic,scroll_cycle,explicit_rows,121,42,17,40000,995084,113250,Menlo,16,1,release,8,24,3,false,0,0,false,Metal,Apple M5 Pro,21
arabic,scroll_cycle,explicit_rows,121,42,18,38666,909417,113833,Menlo,16,1,release,8,24,3,false,0,0,false,Metal,Apple M5 Pro,31
arabic,scroll_cycle,explicit_rows,121,42,19,41125,987542,108000,Menlo,16,1,release,8,24,3,false,0,0,false,Metal,Apple M5 Pro,42
arabic,scroll_cycle,explicit_rows,121,42,20,38333,39833,108375,Menlo,16,1,release,8,24,3,false,0,0,false,Metal,Apple M5 Pro,31
arabic,scroll_cycle,explicit_rows,121,42,21,38750,41708,103917,Menlo,16,1,release,8,24,3,false,0,0,false,Metal,Apple M5 Pro,21
arabic,scroll_cycle,explicit_rows,121,42,22,38667,40791,109042,Menlo,16,1,release,8,24,3,false,0,0,false,Metal,Apple M5 Pro,10
arabic,scroll_cycle,explicit_rows,121,42,23,38625,927875,108459,Menlo,16,1,release,8,24,3,false,0,0,false,Metal,Apple M5 Pro,0
arabic,scroll_cycle,softwrap,121,42,0,71000,9691500,110208,Menlo,16,1,release,8,24,3,false,16220,2065,false,Metal,Apple M5 Pro,10
arabic,scroll_cycle,softwrap,121,42,1,70583,9656417,109041,Menlo,16,1,release,8,24,3,false,13909,4377,false,Metal,Apple M5 Pro,21
arabic,scroll_cycle,softwrap,121,42,2,71167,9763416,115125,Menlo,16,1,release,8,24,3,false,11796,6489,false,Metal,Apple M5 Pro,31
arabic,scroll_cycle,softwrap,121,42,3,74875,9706000,110291,Menlo,16,1,release,8,24,3,false,9485,8800,false,Metal,Apple M5 Pro,42
arabic,scroll_cycle,softwrap,121,42,4,71250,9714041,109375,Menlo,16,1,release,8,24,3,false,11796,6489,false,Metal,Apple M5 Pro,31
arabic,scroll_cycle,softwrap,121,42,5,69666,9884125,112792,Menlo,16,1,release,8,24,3,false,13909,4377,false,Metal,Apple M5 Pro,21
arabic,scroll_cycle,softwrap,121,42,6,71916,9740667,114750,Menlo,16,1,release,8,24,3,false,16220,2065,false,Metal,Apple M5 Pro,10
arabic,scroll_cycle,softwrap,121,42,7,70209,9659959,109458,Menlo,16,1,release,8,24,3,false,18333,0,false,Metal,Apple M5 Pro,0
arabic,scroll_cycle,softwrap,121,42,8,70292,9633708,110583,Menlo,16,1,release,8,24,3,false,16220,2065,false,Metal,Apple M5 Pro,10
arabic,scroll_cycle,softwrap,121,42,9,69709,9702833,110042,Menlo,16,1,release,8,24,3,false,13909,4377,false,Metal,Apple M5 Pro,21
arabic,scroll_cycle,softwrap,121,42,10,74625,9648167,112459,Menlo,16,1,release,8,24,3,false,11796,6489,false,Metal,Apple M5 Pro,31
arabic,scroll_cycle,softwrap,121,42,11,71334,9871375,115958,Menlo,16,1,release,8,24,3,false,9485,8800,false,Metal,Apple M5 Pro,42
arabic,scroll_cycle,softwrap,121,42,12,69125,9737209,109209,Menlo,16,1,release,8,24,3,false,11796,6489,false,Metal,Apple M5 Pro,31
arabic,scroll_cycle,softwrap,121,42,13,69833,9732292,112125,Menlo,16,1,release,8,24,3,false,13909,4377,false,Metal,Apple M5 Pro,21
arabic,scroll_cycle,softwrap,121,42,14,69792,9634958,108500,Menlo,16,1,release,8,24,3,false,16220,2065,false,Metal,Apple M5 Pro,10
arabic,scroll_cycle,softwrap,121,42,15,68250,9630666,108167,Menlo,16,1,release,8,24,3,false,18333,0,false,Metal,Apple M5 Pro,0
arabic,scroll_cycle,softwrap,121,42,16,69667,9668458,134458,Menlo,16,1,release,8,24,3,false,16220,2065,false,Metal,Apple M5 Pro,10
arabic,scroll_cycle,softwrap,121,42,17,69333,9874500,112417,Menlo,16,1,release,8,24,3,false,13909,4377,false,Metal,Apple M5 Pro,21
arabic,scroll_cycle,softwrap,121,42,18,68542,9702584,134666,Menlo,16,1,release,8,24,3,false,11796,6489,false,Metal,Apple M5 Pro,31
arabic,scroll_cycle,softwrap,121,42,19,70917,9705666,135542,Menlo,16,1,release,8,24,3,false,9485,8800,false,Metal,Apple M5 Pro,42
arabic,scroll_cycle,softwrap,121,42,20,70625,9643750,110083,Menlo,16,1,release,8,24,3,false,11796,6489,false,Metal,Apple M5 Pro,31
arabic,scroll_cycle,softwrap,121,42,21,90083,9599209,114458,Menlo,16,1,release,8,24,3,false,13909,4377,false,Metal,Apple M5 Pro,21
arabic,scroll_cycle,softwrap,121,42,22,71250,9707208,108375,Menlo,16,1,release,8,24,3,false,16220,2065,false,Metal,Apple M5 Pro,10
arabic,scroll_cycle,softwrap,121,42,23,70167,9941667,110250,Menlo,16,1,release,8,24,3,false,18333,0,false,Metal,Apple M5 Pro,0
arabic,dense_novel_text,explicit_rows,121,42,0,41250,3665459,106375,Menlo,16,1,release,8,24,3,false,0,0,false,Metal,Apple M5 Pro,0
arabic,dense_novel_text,explicit_rows,121,42,1,38750,3734250,108916,Menlo,16,1,release,8,24,3,false,0,0,false,Metal,Apple M5 Pro,0
arabic,dense_novel_text,explicit_rows,121,42,2,38333,3760875,124834,Menlo,16,1,release,8,24,3,false,0,0,false,Metal,Apple M5 Pro,0
arabic,dense_novel_text,explicit_rows,121,42,3,41000,3745208,108583,Menlo,16,1,release,8,24,3,false,0,0,false,Metal,Apple M5 Pro,0
arabic,dense_novel_text,explicit_rows,121,42,4,38500,3712375,108667,Menlo,16,1,release,8,24,3,false,0,0,false,Metal,Apple M5 Pro,0
arabic,dense_novel_text,explicit_rows,121,42,5,38292,3699250,106333,Menlo,16,1,release,8,24,3,false,0,0,false,Metal,Apple M5 Pro,0
arabic,dense_novel_text,explicit_rows,121,42,6,38167,3675916,107875,Menlo,16,1,release,8,24,3,false,0,0,false,Metal,Apple M5 Pro,0
arabic,dense_novel_text,explicit_rows,121,42,7,39125,3670334,107417,Menlo,16,1,release,8,24,3,false,0,0,false,Metal,Apple M5 Pro,0
arabic,dense_novel_text,explicit_rows,121,42,8,38209,3684375,109084,Menlo,16,1,release,8,24,3,false,0,0,false,Metal,Apple M5 Pro,0
arabic,dense_novel_text,explicit_rows,121,42,9,38542,3659417,105167,Menlo,16,1,release,8,24,3,false,0,0,false,Metal,Apple M5 Pro,0
arabic,dense_novel_text,explicit_rows,121,42,10,38166,3659833,109542,Menlo,16,1,release,8,24,3,false,0,0,false,Metal,Apple M5 Pro,0
arabic,dense_novel_text,explicit_rows,121,42,11,38417,3727083,108625,Menlo,16,1,release,8,24,3,false,0,0,false,Metal,Apple M5 Pro,0
arabic,dense_novel_text,explicit_rows,121,42,12,38125,3709625,109542,Menlo,16,1,release,8,24,3,false,0,0,false,Metal,Apple M5 Pro,0
arabic,dense_novel_text,explicit_rows,121,42,13,38250,3746542,103500,Menlo,16,1,release,8,24,3,false,0,0,false,Metal,Apple M5 Pro,0
arabic,dense_novel_text,explicit_rows,121,42,14,38333,3678208,108333,Menlo,16,1,release,8,24,3,false,0,0,false,Metal,Apple M5 Pro,0
arabic,dense_novel_text,explicit_rows,121,42,15,38167,3696500,109375,Menlo,16,1,release,8,24,3,false,0,0,false,Metal,Apple M5 Pro,0
arabic,dense_novel_text,explicit_rows,121,42,16,38167,3801708,105666,Menlo,16,1,release,8,24,3,false,0,0,false,Metal,Apple M5 Pro,0
arabic,dense_novel_text,explicit_rows,121,42,17,38459,3740583,108292,Menlo,16,1,release,8,24,3,false,0,0,false,Metal,Apple M5 Pro,0
arabic,dense_novel_text,explicit_rows,121,42,18,38125,3782958,107125,Menlo,16,1,release,8,24,3,false,0,0,false,Metal,Apple M5 Pro,0
arabic,dense_novel_text,explicit_rows,121,42,19,38083,3702125,108958,Menlo,16,1,release,8,24,3,false,0,0,false,Metal,Apple M5 Pro,0
arabic,dense_novel_text,explicit_rows,121,42,20,38083,3673500,109000,Menlo,16,1,release,8,24,3,false,0,0,false,Metal,Apple M5 Pro,0
arabic,dense_novel_text,explicit_rows,121,42,21,41083,3648166,104125,Menlo,16,1,release,8,24,3,false,0,0,false,Metal,Apple M5 Pro,0
arabic,dense_novel_text,explicit_rows,121,42,22,38250,3655375,104708,Menlo,16,1,release,8,24,3,false,0,0,false,Metal,Apple M5 Pro,0
arabic,dense_novel_text,explicit_rows,121,42,23,48917,3670416,104750,Menlo,16,1,release,8,24,3,false,0,0,false,Metal,Apple M5 Pro,0
arabic,dense_novel_text,softwrap,121,42,0,67167,9807583,119167,Menlo,16,1,release,8,24,3,false,18333,0,false,Metal,Apple M5 Pro,0
arabic,dense_novel_text,softwrap,121,42,1,67542,9700750,115875,Menlo,16,1,release,8,24,3,false,18333,0,false,Metal,Apple M5 Pro,0
arabic,dense_novel_text,softwrap,121,42,2,67667,9636375,110958,Menlo,16,1,release,8,24,3,false,18333,0,false,Metal,Apple M5 Pro,0
arabic,dense_novel_text,softwrap,121,42,3,67541,9735084,115291,Menlo,16,1,release,8,24,3,false,18333,0,false,Metal,Apple M5 Pro,0
arabic,dense_novel_text,softwrap,121,42,4,66750,9653167,111375,Menlo,16,1,release,8,24,3,false,18333,0,false,Metal,Apple M5 Pro,0
arabic,dense_novel_text,softwrap,121,42,5,66792,9727875,113792,Menlo,16,1,release,8,24,3,false,18333,0,false,Metal,Apple M5 Pro,0
arabic,dense_novel_text,softwrap,121,42,6,73542,9861083,115208,Menlo,16,1,release,8,24,3,false,18333,0,false,Metal,Apple M5 Pro,0
arabic,dense_novel_text,softwrap,121,42,7,67833,9667458,116833,Menlo,16,1,release,8,24,3,false,18333,0,false,Metal,Apple M5 Pro,0
arabic,dense_novel_text,softwrap,121,42,8,67833,9634708,113334,Menlo,16,1,release,8,24,3,false,18333,0,false,Metal,Apple M5 Pro,0
arabic,dense_novel_text,softwrap,121,42,9,66375,9687750,112667,Menlo,16,1,release,8,24,3,false,18333,0,false,Metal,Apple M5 Pro,0
arabic,dense_novel_text,softwrap,121,42,10,67042,9689916,110583,Menlo,16,1,release,8,24,3,false,18333,0,false,Metal,Apple M5 Pro,0
arabic,dense_novel_text,softwrap,121,42,11,67375,9731666,115792,Menlo,16,1,release,8,24,3,false,18333,0,false,Metal,Apple M5 Pro,0
arabic,dense_novel_text,softwrap,121,42,12,67375,9749792,114083,Menlo,16,1,release,8,24,3,false,18333,0,false,Metal,Apple M5 Pro,0
arabic,dense_novel_text,softwrap,121,42,13,67459,9656166,113958,Menlo,16,1,release,8,24,3,false,18333,0,false,Metal,Apple M5 Pro,0
arabic,dense_novel_text,softwrap,121,42,14,68166,9674417,109750,Menlo,16,1,release,8,24,3,false,18333,0,false,Metal,Apple M5 Pro,0
arabic,dense_novel_text,softwrap,121,42,15,67667,9618292,115625,Menlo,16,1,release,8,24,3,false,18333,0,false,Metal,Apple M5 Pro,0
arabic,dense_novel_text,softwrap,121,42,16,67708,9728292,112292,Menlo,16,1,release,8,24,3,false,18333,0,false,Metal,Apple M5 Pro,0
arabic,dense_novel_text,softwrap,121,42,17,73792,9782583,115708,Menlo,16,1,release,8,24,3,false,18333,0,false,Metal,Apple M5 Pro,0
arabic,dense_novel_text,softwrap,121,42,18,67834,9759083,113416,Menlo,16,1,release,8,24,3,false,18333,0,false,Metal,Apple M5 Pro,0
arabic,dense_novel_text,softwrap,121,42,19,66791,9707958,115334,Menlo,16,1,release,8,24,3,false,18333,0,false,Metal,Apple M5 Pro,0
arabic,dense_novel_text,softwrap,121,42,20,68167,9650292,112708,Menlo,16,1,release,8,24,3,false,18333,0,false,Metal,Apple M5 Pro,0
arabic,dense_novel_text,softwrap,121,42,21,66916,9711167,113791,Menlo,16,1,release,8,24,3,false,18333,0,false,Metal,Apple M5 Pro,0
arabic,dense_novel_text,softwrap,121,42,22,70583,9626542,111625,Menlo,16,1,release,8,24,3,false,18333,0,false,Metal,Apple M5 Pro,0
arabic,dense_novel_text,softwrap,121,42,23,68167,9828125,115209,Menlo,16,1,release,8,24,3,false,18333,0,false,Metal,Apple M5 Pro,0
rtl_context_ltr_viewport,sparse_novel_counter,explicit_rows,121,42,0,38541,76084,2834,Menlo,16,1,release,8,24,3,false,0,0,false,Metal,Apple M5 Pro,0
rtl_context_ltr_viewport,sparse_novel_counter,explicit_rows,121,42,1,38458,76333,2875,Menlo,16,1,release,8,24,3,false,0,0,false,Metal,Apple M5 Pro,0
rtl_context_ltr_viewport,sparse_novel_counter,explicit_rows,121,42,2,38667,76875,2792,Menlo,16,1,release,8,24,3,false,0,0,false,Metal,Apple M5 Pro,0
rtl_context_ltr_viewport,sparse_novel_counter,explicit_rows,121,42,3,38833,76083,2875,Menlo,16,1,release,8,24,3,false,0,0,false,Metal,Apple M5 Pro,0
rtl_context_ltr_viewport,sparse_novel_counter,explicit_rows,121,42,4,38417,77250,2834,Menlo,16,1,release,8,24,3,false,0,0,false,Metal,Apple M5 Pro,0
rtl_context_ltr_viewport,sparse_novel_counter,explicit_rows,121,42,5,38917,76792,2833,Menlo,16,1,release,8,24,3,false,0,0,false,Metal,Apple M5 Pro,0
rtl_context_ltr_viewport,sparse_novel_counter,explicit_rows,121,42,6,38791,76209,2833,Menlo,16,1,release,8,24,3,false,0,0,false,Metal,Apple M5 Pro,0
rtl_context_ltr_viewport,sparse_novel_counter,explicit_rows,121,42,7,38250,122333,2792,Menlo,16,1,release,8,24,3,false,0,0,false,Metal,Apple M5 Pro,0
rtl_context_ltr_viewport,sparse_novel_counter,explicit_rows,121,42,8,38375,77917,2834,Menlo,16,1,release,8,24,3,false,0,0,false,Metal,Apple M5 Pro,0
rtl_context_ltr_viewport,sparse_novel_counter,explicit_rows,121,42,9,38125,76250,2834,Menlo,16,1,release,8,24,3,false,0,0,false,Metal,Apple M5 Pro,0
rtl_context_ltr_viewport,sparse_novel_counter,explicit_rows,121,42,10,38166,76584,2833,Menlo,16,1,release,8,24,3,false,0,0,false,Metal,Apple M5 Pro,0
rtl_context_ltr_viewport,sparse_novel_counter,explicit_rows,121,42,11,38709,76834,2792,Menlo,16,1,release,8,24,3,false,0,0,false,Metal,Apple M5 Pro,0
rtl_context_ltr_viewport,sparse_novel_counter,explicit_rows,121,42,12,38167,76333,2833,Menlo,16,1,release,8,24,3,false,0,0,false,Metal,Apple M5 Pro,0
rtl_context_ltr_viewport,sparse_novel_counter,explicit_rows,121,42,13,38375,75541,2834,Menlo,16,1,release,8,24,3,false,0,0,false,Metal,Apple M5 Pro,0
rtl_context_ltr_viewport,sparse_novel_counter,explicit_rows,121,42,14,38167,76875,2792,Menlo,16,1,release,8,24,3,false,0,0,false,Metal,Apple M5 Pro,0
rtl_context_ltr_viewport,sparse_novel_counter,explicit_rows,121,42,15,38542,76500,2750,Menlo,16,1,release,8,24,3,false,0,0,false,Metal,Apple M5 Pro,0
rtl_context_ltr_viewport,sparse_novel_counter,explicit_rows,121,42,16,38167,76208,2750,Menlo,16,1,release,8,24,3,false,0,0,false,Metal,Apple M5 Pro,0
rtl_context_ltr_viewport,sparse_novel_counter,explicit_rows,121,42,17,38542,76458,2875,Menlo,16,1,release,8,24,3,false,0,0,false,Metal,Apple M5 Pro,0
rtl_context_ltr_viewport,sparse_novel_counter,explicit_rows,121,42,18,38500,76458,2833,Menlo,16,1,release,8,24,3,false,0,0,false,Metal,Apple M5 Pro,0
rtl_context_ltr_viewport,sparse_novel_counter,explicit_rows,121,42,19,38208,76958,2833,Menlo,16,1,release,8,24,3,false,0,0,false,Metal,Apple M5 Pro,0
rtl_context_ltr_viewport,sparse_novel_counter,explicit_rows,121,42,20,38208,76458,2834,Menlo,16,1,release,8,24,3,false,0,0,false,Metal,Apple M5 Pro,0
rtl_context_ltr_viewport,sparse_novel_counter,explicit_rows,121,42,21,38250,76333,2834,Menlo,16,1,release,8,24,3,false,0,0,false,Metal,Apple M5 Pro,0
rtl_context_ltr_viewport,sparse_novel_counter,explicit_rows,121,42,22,38209,77167,2875,Menlo,16,1,release,8,24,3,false,0,0,false,Metal,Apple M5 Pro,0
rtl_context_ltr_viewport,sparse_novel_counter,explicit_rows,121,42,23,38292,77375,2792,Menlo,16,1,release,8,24,3,false,0,0,false,Metal,Apple M5 Pro,0
rtl_context_ltr_viewport,sparse_novel_counter,softwrap,121,42,0,63125,3383250,112291,Menlo,16,1,release,8,24,3,false,10472,0,false,Metal,Apple M5 Pro,0
rtl_context_ltr_viewport,sparse_novel_counter,softwrap,121,42,1,63083,3442584,110916,Menlo,16,1,release,8,24,3,false,10472,0,false,Metal,Apple M5 Pro,0
rtl_context_ltr_viewport,sparse_novel_counter,softwrap,121,42,2,65584,3393750,111625,Menlo,16,1,release,8,24,3,false,10472,0,false,Metal,Apple M5 Pro,0
rtl_context_ltr_viewport,sparse_novel_counter,softwrap,121,42,3,63584,3362666,115000,Menlo,16,1,release,8,24,3,false,10472,0,false,Metal,Apple M5 Pro,0
rtl_context_ltr_viewport,sparse_novel_counter,softwrap,121,42,4,64250,3421458,109083,Menlo,16,1,release,8,24,3,false,10472,0,false,Metal,Apple M5 Pro,0
rtl_context_ltr_viewport,sparse_novel_counter,softwrap,121,42,5,63666,3340292,114958,Menlo,16,1,release,8,24,3,false,10472,0,false,Metal,Apple M5 Pro,0
rtl_context_ltr_viewport,sparse_novel_counter,softwrap,121,42,6,63250,3336833,109083,Menlo,16,1,release,8,24,3,false,10472,0,false,Metal,Apple M5 Pro,0
rtl_context_ltr_viewport,sparse_novel_counter,softwrap,121,42,7,63000,3339958,114833,Menlo,16,1,release,8,24,3,false,10472,0,false,Metal,Apple M5 Pro,0
rtl_context_ltr_viewport,sparse_novel_counter,softwrap,121,42,8,63083,3355583,114917,Menlo,16,1,release,8,24,3,false,10472,0,false,Metal,Apple M5 Pro,0
rtl_context_ltr_viewport,sparse_novel_counter,softwrap,121,42,9,64250,3361792,115583,Menlo,16,1,release,8,24,3,false,10472,0,false,Metal,Apple M5 Pro,0
rtl_context_ltr_viewport,sparse_novel_counter,softwrap,121,42,10,76375,3435833,115500,Menlo,16,1,release,8,24,3,false,10472,0,false,Metal,Apple M5 Pro,0
rtl_context_ltr_viewport,sparse_novel_counter,softwrap,121,42,11,63041,3339417,114458,Menlo,16,1,release,8,24,3,false,10472,0,false,Metal,Apple M5 Pro,0
rtl_context_ltr_viewport,sparse_novel_counter,softwrap,121,42,12,62000,3382334,115250,Menlo,16,1,release,8,24,3,false,10472,0,false,Metal,Apple M5 Pro,0
rtl_context_ltr_viewport,sparse_novel_counter,softwrap,121,42,13,62625,3327958,109750,Menlo,16,1,release,8,24,3,false,10472,0,false,Metal,Apple M5 Pro,0
rtl_context_ltr_viewport,sparse_novel_counter,softwrap,121,42,14,63667,3304333,111333,Menlo,16,1,release,8,24,3,false,10472,0,false,Metal,Apple M5 Pro,0
rtl_context_ltr_viewport,sparse_novel_counter,softwrap,121,42,15,63458,3402667,113917,Menlo,16,1,release,8,24,3,false,10472,0,false,Metal,Apple M5 Pro,0
rtl_context_ltr_viewport,sparse_novel_counter,softwrap,121,42,16,62542,3358375,114500,Menlo,16,1,release,8,24,3,false,10472,0,false,Metal,Apple M5 Pro,0
rtl_context_ltr_viewport,sparse_novel_counter,softwrap,121,42,17,62083,3321333,117542,Menlo,16,1,release,8,24,3,false,10472,0,false,Metal,Apple M5 Pro,0
rtl_context_ltr_viewport,sparse_novel_counter,softwrap,121,42,18,61167,3359167,113500,Menlo,16,1,release,8,24,3,false,10472,0,false,Metal,Apple M5 Pro,0
rtl_context_ltr_viewport,sparse_novel_counter,softwrap,121,42,19,62209,3392875,113750,Menlo,16,1,release,8,24,3,false,10472,0,false,Metal,Apple M5 Pro,0
rtl_context_ltr_viewport,sparse_novel_counter,softwrap,121,42,20,61834,3339042,112625,Menlo,16,1,release,8,24,3,false,10472,0,false,Metal,Apple M5 Pro,0
rtl_context_ltr_viewport,sparse_novel_counter,softwrap,121,42,21,62417,3338625,113916,Menlo,16,1,release,8,24,3,false,10472,0,false,Metal,Apple M5 Pro,0
rtl_context_ltr_viewport,sparse_novel_counter,softwrap,121,42,22,61417,3301333,112292,Menlo,16,1,release,8,24,3,false,10472,0,false,Metal,Apple M5 Pro,0
rtl_context_ltr_viewport,sparse_novel_counter,softwrap,121,42,23,63167,3381708,115167,Menlo,16,1,release,8,24,3,false,10472,0,false,Metal,Apple M5 Pro,0
rtl_context_ltr_viewport,scroll_cycle,explicit_rows,121,42,0,38208,1543500,111875,Menlo,16,1,release,8,24,3,false,0,0,false,Metal,Apple M5 Pro,10
rtl_context_ltr_viewport,scroll_cycle,explicit_rows,121,42,1,38625,460708,110500,Menlo,16,1,release,8,24,3,false,0,0,false,Metal,Apple M5 Pro,21
rtl_context_ltr_viewport,scroll_cycle,explicit_rows,121,42,2,40041,388834,110250,Menlo,16,1,release,8,24,3,false,0,0,false,Metal,Apple M5 Pro,31
rtl_context_ltr_viewport,scroll_cycle,explicit_rows,121,42,3,38375,426000,106750,Menlo,16,1,release,8,24,3,false,0,0,false,Metal,Apple M5 Pro,42
rtl_context_ltr_viewport,scroll_cycle,explicit_rows,121,42,4,39125,41833,104500,Menlo,16,1,release,8,24,3,false,0,0,false,Metal,Apple M5 Pro,31
rtl_context_ltr_viewport,scroll_cycle,explicit_rows,121,42,5,38417,41250,104667,Menlo,16,1,release,8,24,3,false,0,0,false,Metal,Apple M5 Pro,21
rtl_context_ltr_viewport,scroll_cycle,explicit_rows,121,42,6,41500,41250,104541,Menlo,16,1,release,8,24,3,false,0,0,false,Metal,Apple M5 Pro,10
rtl_context_ltr_viewport,scroll_cycle,explicit_rows,121,42,7,38459,390125,110708,Menlo,16,1,release,8,24,3,false,0,0,false,Metal,Apple M5 Pro,0
rtl_context_ltr_viewport,scroll_cycle,explicit_rows,121,42,8,38542,1500666,114500,Menlo,16,1,release,8,24,3,false,0,0,false,Metal,Apple M5 Pro,10
rtl_context_ltr_viewport,scroll_cycle,explicit_rows,121,42,9,38917,444875,109459,Menlo,16,1,release,8,24,3,false,0,0,false,Metal,Apple M5 Pro,21
rtl_context_ltr_viewport,scroll_cycle,explicit_rows,121,42,10,39750,396000,115083,Menlo,16,1,release,8,24,3,false,0,0,false,Metal,Apple M5 Pro,31
rtl_context_ltr_viewport,scroll_cycle,explicit_rows,121,42,11,39125,424667,109334,Menlo,16,1,release,8,24,3,false,0,0,false,Metal,Apple M5 Pro,42
rtl_context_ltr_viewport,scroll_cycle,explicit_rows,121,42,12,39167,41083,105625,Menlo,16,1,release,8,24,3,false,0,0,false,Metal,Apple M5 Pro,31
rtl_context_ltr_viewport,scroll_cycle,explicit_rows,121,42,13,38417,41083,104083,Menlo,16,1,release,8,24,3,false,0,0,false,Metal,Apple M5 Pro,21
rtl_context_ltr_viewport,scroll_cycle,explicit_rows,121,42,14,38333,41084,104334,Menlo,16,1,release,8,24,3,false,0,0,false,Metal,Apple M5 Pro,10
rtl_context_ltr_viewport,scroll_cycle,explicit_rows,121,42,15,38125,390333,110833,Menlo,16,1,release,8,24,3,false,0,0,false,Metal,Apple M5 Pro,0
rtl_context_ltr_viewport,scroll_cycle,explicit_rows,121,42,16,38625,1507083,108667,Menlo,16,1,release,8,24,3,false,0,0,false,Metal,Apple M5 Pro,10
rtl_context_ltr_viewport,scroll_cycle,explicit_rows,121,42,17,39208,420583,130916,Menlo,16,1,release,8,24,3,false,0,0,false,Metal,Apple M5 Pro,21
rtl_context_ltr_viewport,scroll_cycle,explicit_rows,121,42,18,38583,399792,110333,Menlo,16,1,release,8,24,3,false,0,0,false,Metal,Apple M5 Pro,31
rtl_context_ltr_viewport,scroll_cycle,explicit_rows,121,42,19,39500,436334,110208,Menlo,16,1,release,8,24,3,false,0,0,false,Metal,Apple M5 Pro,42
rtl_context_ltr_viewport,scroll_cycle,explicit_rows,121,42,20,38292,40250,110541,Menlo,16,1,release,8,24,3,false,0,0,false,Metal,Apple M5 Pro,31
rtl_context_ltr_viewport,scroll_cycle,explicit_rows,121,42,21,38000,40084,109916,Menlo,16,1,release,8,24,3,false,0,0,false,Metal,Apple M5 Pro,21
rtl_context_ltr_viewport,scroll_cycle,explicit_rows,121,42,22,37750,39917,104417,Menlo,16,1,release,8,24,3,false,0,0,false,Metal,Apple M5 Pro,10
rtl_context_ltr_viewport,scroll_cycle,explicit_rows,121,42,23,37958,391417,109958,Menlo,16,1,release,8,24,3,false,0,0,false,Metal,Apple M5 Pro,0
rtl_context_ltr_viewport,scroll_cycle,softwrap,121,42,0,64000,3416417,109833,Menlo,16,1,release,8,24,3,false,9243,1228,false,Metal,Apple M5 Pro,10
rtl_context_ltr_viewport,scroll_cycle,softwrap,121,42,1,64583,3339500,115625,Menlo,16,1,release,8,24,3,false,7891,2580,false,Metal,Apple M5 Pro,21
rtl_context_ltr_viewport,scroll_cycle,softwrap,121,42,2,63042,3386667,117125,Menlo,16,1,release,8,24,3,false,6662,3809,false,Metal,Apple M5 Pro,31
rtl_context_ltr_viewport,scroll_cycle,softwrap,121,42,3,63292,3404375,118000,Menlo,16,1,release,8,24,3,false,5310,5162,false,Metal,Apple M5 Pro,42
rtl_context_ltr_viewport,scroll_cycle,softwrap,121,42,4,64000,3368667,116375,Menlo,16,1,release,8,24,3,false,6662,3809,false,Metal,Apple M5 Pro,31
rtl_context_ltr_viewport,scroll_cycle,softwrap,121,42,5,62209,3401458,114708,Menlo,16,1,release,8,24,3,false,7891,2580,false,Metal,Apple M5 Pro,21
rtl_context_ltr_viewport,scroll_cycle,softwrap,121,42,6,64042,3411291,117417,Menlo,16,1,release,8,24,3,false,9243,1228,false,Metal,Apple M5 Pro,10
rtl_context_ltr_viewport,scroll_cycle,softwrap,121,42,7,64875,3426625,112791,Menlo,16,1,release,8,24,3,false,10472,0,false,Metal,Apple M5 Pro,0
rtl_context_ltr_viewport,scroll_cycle,softwrap,121,42,8,65875,3378333,116292,Menlo,16,1,release,8,24,3,false,9243,1228,false,Metal,Apple M5 Pro,10
rtl_context_ltr_viewport,scroll_cycle,softwrap,121,42,9,64292,3394125,116917,Menlo,16,1,release,8,24,3,false,7891,2580,false,Metal,Apple M5 Pro,21
rtl_context_ltr_viewport,scroll_cycle,softwrap,121,42,10,67042,3372791,114250,Menlo,16,1,release,8,24,3,false,6662,3809,false,Metal,Apple M5 Pro,31
rtl_context_ltr_viewport,scroll_cycle,softwrap,121,42,11,62791,3320834,115208,Menlo,16,1,release,8,24,3,false,5310,5162,false,Metal,Apple M5 Pro,42
rtl_context_ltr_viewport,scroll_cycle,softwrap,121,42,12,63250,3400125,118416,Menlo,16,1,release,8,24,3,false,6662,3809,false,Metal,Apple M5 Pro,31
rtl_context_ltr_viewport,scroll_cycle,softwrap,121,42,13,63500,3342000,115250,Menlo,16,1,release,8,24,3,false,7891,2580,false,Metal,Apple M5 Pro,21
rtl_context_ltr_viewport,scroll_cycle,softwrap,121,42,14,64208,3331625,117083,Menlo,16,1,release,8,24,3,false,9243,1228,false,Metal,Apple M5 Pro,10
rtl_context_ltr_viewport,scroll_cycle,softwrap,121,42,15,65084,3351417,115125,Menlo,16,1,release,8,24,3,false,10472,0,false,Metal,Apple M5 Pro,0
rtl_context_ltr_viewport,scroll_cycle,softwrap,121,42,16,62416,3376292,111333,Menlo,16,1,release,8,24,3,false,9243,1228,false,Metal,Apple M5 Pro,10
rtl_context_ltr_viewport,scroll_cycle,softwrap,121,42,17,63167,3371584,117291,Menlo,16,1,release,8,24,3,false,7891,2580,false,Metal,Apple M5 Pro,21
rtl_context_ltr_viewport,scroll_cycle,softwrap,121,42,18,61333,3411291,117459,Menlo,16,1,release,8,24,3,false,6662,3809,false,Metal,Apple M5 Pro,31
rtl_context_ltr_viewport,scroll_cycle,softwrap,121,42,19,62666,3355167,117042,Menlo,16,1,release,8,24,3,false,5310,5162,false,Metal,Apple M5 Pro,42
rtl_context_ltr_viewport,scroll_cycle,softwrap,121,42,20,62542,3364500,113875,Menlo,16,1,release,8,24,3,false,6662,3809,false,Metal,Apple M5 Pro,31
rtl_context_ltr_viewport,scroll_cycle,softwrap,121,42,21,63375,3401209,114417,Menlo,16,1,release,8,24,3,false,7891,2580,false,Metal,Apple M5 Pro,21
rtl_context_ltr_viewport,scroll_cycle,softwrap,121,42,22,62750,3384542,121291,Menlo,16,1,release,8,24,3,false,9243,1228,false,Metal,Apple M5 Pro,10
rtl_context_ltr_viewport,scroll_cycle,softwrap,121,42,23,72792,3357625,111500,Menlo,16,1,release,8,24,3,false,10472,0,false,Metal,Apple M5 Pro,0
rtl_context_ltr_viewport,dense_novel_text,explicit_rows,121,42,0,38625,1516541,107250,Menlo,16,1,release,8,24,3,false,0,0,false,Metal,Apple M5 Pro,0
rtl_context_ltr_viewport,dense_novel_text,explicit_rows,121,42,1,37917,1503333,134542,Menlo,16,1,release,8,24,3,false,0,0,false,Metal,Apple M5 Pro,0
rtl_context_ltr_viewport,dense_novel_text,explicit_rows,121,42,2,38583,1517875,106709,Menlo,16,1,release,8,24,3,false,0,0,false,Metal,Apple M5 Pro,0
rtl_context_ltr_viewport,dense_novel_text,explicit_rows,121,42,3,38250,1509750,114375,Menlo,16,1,release,8,24,3,false,0,0,false,Metal,Apple M5 Pro,0
rtl_context_ltr_viewport,dense_novel_text,explicit_rows,121,42,4,38167,1507000,110000,Menlo,16,1,release,8,24,3,false,0,0,false,Metal,Apple M5 Pro,0
rtl_context_ltr_viewport,dense_novel_text,explicit_rows,121,42,5,38250,1516042,110500,Menlo,16,1,release,8,24,3,false,0,0,false,Metal,Apple M5 Pro,0
rtl_context_ltr_viewport,dense_novel_text,explicit_rows,121,42,6,38084,1527708,118958,Menlo,16,1,release,8,24,3,false,0,0,false,Metal,Apple M5 Pro,0
rtl_context_ltr_viewport,dense_novel_text,explicit_rows,121,42,7,38458,1528583,109250,Menlo,16,1,release,8,24,3,false,0,0,false,Metal,Apple M5 Pro,0
rtl_context_ltr_viewport,dense_novel_text,explicit_rows,121,42,8,38250,1509458,110250,Menlo,16,1,release,8,24,3,false,0,0,false,Metal,Apple M5 Pro,0
rtl_context_ltr_viewport,dense_novel_text,explicit_rows,121,42,9,38083,1506250,108167,Menlo,16,1,release,8,24,3,false,0,0,false,Metal,Apple M5 Pro,0
rtl_context_ltr_viewport,dense_novel_text,explicit_rows,121,42,10,38125,1508792,110625,Menlo,16,1,release,8,24,3,false,0,0,false,Metal,Apple M5 Pro,0
rtl_context_ltr_viewport,dense_novel_text,explicit_rows,121,42,11,41125,1502083,109750,Menlo,16,1,release,8,24,3,false,0,0,false,Metal,Apple M5 Pro,0
rtl_context_ltr_viewport,dense_novel_text,explicit_rows,121,42,12,38209,1524833,111375,Menlo,16,1,release,8,24,3,false,0,0,false,Metal,Apple M5 Pro,0
rtl_context_ltr_viewport,dense_novel_text,explicit_rows,121,42,13,38416,1500125,110333,Menlo,16,1,release,8,24,3,false,0,0,false,Metal,Apple M5 Pro,0
rtl_context_ltr_viewport,dense_novel_text,explicit_rows,121,42,14,38375,1507125,114292,Menlo,16,1,release,8,24,3,false,0,0,false,Metal,Apple M5 Pro,0
rtl_context_ltr_viewport,dense_novel_text,explicit_rows,121,42,15,38458,1513292,110667,Menlo,16,1,release,8,24,3,false,0,0,false,Metal,Apple M5 Pro,0
rtl_context_ltr_viewport,dense_novel_text,explicit_rows,121,42,16,38250,1508708,110333,Menlo,16,1,release,8,24,3,false,0,0,false,Metal,Apple M5 Pro,0
rtl_context_ltr_viewport,dense_novel_text,explicit_rows,121,42,17,38084,1497416,134375,Menlo,16,1,release,8,24,3,false,0,0,false,Metal,Apple M5 Pro,0
rtl_context_ltr_viewport,dense_novel_text,explicit_rows,121,42,18,39000,1516875,108542,Menlo,16,1,release,8,24,3,false,0,0,false,Metal,Apple M5 Pro,0
rtl_context_ltr_viewport,dense_novel_text,explicit_rows,121,42,19,38209,1553334,110209,Menlo,16,1,release,8,24,3,false,0,0,false,Metal,Apple M5 Pro,0
rtl_context_ltr_viewport,dense_novel_text,explicit_rows,121,42,20,37875,1505292,108333,Menlo,16,1,release,8,24,3,false,0,0,false,Metal,Apple M5 Pro,0
rtl_context_ltr_viewport,dense_novel_text,explicit_rows,121,42,21,38250,1527542,110667,Menlo,16,1,release,8,24,3,false,0,0,false,Metal,Apple M5 Pro,0
rtl_context_ltr_viewport,dense_novel_text,explicit_rows,121,42,22,37792,1568750,110875,Menlo,16,1,release,8,24,3,false,0,0,false,Metal,Apple M5 Pro,0
rtl_context_ltr_viewport,dense_novel_text,explicit_rows,121,42,23,38000,1537583,108000,Menlo,16,1,release,8,24,3,false,0,0,false,Metal,Apple M5 Pro,0
rtl_context_ltr_viewport,dense_novel_text,softwrap,121,42,0,61625,3335458,114500,Menlo,16,1,release,8,24,3,false,10472,0,false,Metal,Apple M5 Pro,0
rtl_context_ltr_viewport,dense_novel_text,softwrap,121,42,1,61208,3350750,109459,Menlo,16,1,release,8,24,3,false,10472,0,false,Metal,Apple M5 Pro,0
rtl_context_ltr_viewport,dense_novel_text,softwrap,121,42,2,62542,3411875,116083,Menlo,16,1,release,8,24,3,false,10472,0,false,Metal,Apple M5 Pro,0
rtl_context_ltr_viewport,dense_novel_text,softwrap,121,42,3,61708,3369250,114334,Menlo,16,1,release,8,24,3,false,10472,0,false,Metal,Apple M5 Pro,0
rtl_context_ltr_viewport,dense_novel_text,softwrap,121,42,4,61458,3354709,113042,Menlo,16,1,release,8,24,3,false,10472,0,false,Metal,Apple M5 Pro,0
rtl_context_ltr_viewport,dense_novel_text,softwrap,121,42,5,62958,3420084,114750,Menlo,16,1,release,8,24,3,false,10472,0,false,Metal,Apple M5 Pro,0
rtl_context_ltr_viewport,dense_novel_text,softwrap,121,42,6,62083,3351958,113750,Menlo,16,1,release,8,24,3,false,10472,0,false,Metal,Apple M5 Pro,0
rtl_context_ltr_viewport,dense_novel_text,softwrap,121,42,7,62167,3377708,115333,Menlo,16,1,release,8,24,3,false,10472,0,false,Metal,Apple M5 Pro,0
rtl_context_ltr_viewport,dense_novel_text,softwrap,121,42,8,61958,3352208,115625,Menlo,16,1,release,8,24,3,false,10472,0,false,Metal,Apple M5 Pro,0
rtl_context_ltr_viewport,dense_novel_text,softwrap,121,42,9,61375,3323583,114750,Menlo,16,1,release,8,24,3,false,10472,0,false,Metal,Apple M5 Pro,0
rtl_context_ltr_viewport,dense_novel_text,softwrap,121,42,10,61125,3337416,111792,Menlo,16,1,release,8,24,3,false,10472,0,false,Metal,Apple M5 Pro,0
rtl_context_ltr_viewport,dense_novel_text,softwrap,121,42,11,61875,3309875,114541,Menlo,16,1,release,8,24,3,false,10472,0,false,Metal,Apple M5 Pro,0
rtl_context_ltr_viewport,dense_novel_text,softwrap,121,42,12,61833,3323000,114584,Menlo,16,1,release,8,24,3,false,10472,0,false,Metal,Apple M5 Pro,0
rtl_context_ltr_viewport,dense_novel_text,softwrap,121,42,13,60959,3389166,112667,Menlo,16,1,release,8,24,3,false,10472,0,false,Metal,Apple M5 Pro,0
rtl_context_ltr_viewport,dense_novel_text,softwrap,121,42,14,61542,3320209,114458,Menlo,16,1,release,8,24,3,false,10472,0,false,Metal,Apple M5 Pro,0
rtl_context_ltr_viewport,dense_novel_text,softwrap,121,42,15,61042,3339083,114541,Menlo,16,1,release,8,24,3,false,10472,0,false,Metal,Apple M5 Pro,0
rtl_context_ltr_viewport,dense_novel_text,softwrap,121,42,16,62500,3365416,115209,Menlo,16,1,release,8,24,3,false,10472,0,false,Metal,Apple M5 Pro,0
rtl_context_ltr_viewport,dense_novel_text,softwrap,121,42,17,73083,3328125,115417,Menlo,16,1,release,8,24,3,false,10472,0,false,Metal,Apple M5 Pro,0
rtl_context_ltr_viewport,dense_novel_text,softwrap,121,42,18,61375,3425875,111625,Menlo,16,1,release,8,24,3,false,10472,0,false,Metal,Apple M5 Pro,0
rtl_context_ltr_viewport,dense_novel_text,softwrap,121,42,19,61625,3354959,121750,Menlo,16,1,release,8,24,3,false,10472,0,false,Metal,Apple M5 Pro,0
rtl_context_ltr_viewport,dense_novel_text,softwrap,121,42,20,61708,3358959,114666,Menlo,16,1,release,8,24,3,false,10472,0,false,Metal,Apple M5 Pro,0
rtl_context_ltr_viewport,dense_novel_text,softwrap,121,42,21,61333,3353209,115125,Menlo,16,1,release,8,24,3,false,10472,0,false,Metal,Apple M5 Pro,0
rtl_context_ltr_viewport,dense_novel_text,softwrap,121,42,22,61250,3313291,110084,Menlo,16,1,release,8,24,3,false,10472,0,false,Metal,Apple M5 Pro,0
rtl_context_ltr_viewport,dense_novel_text,softwrap,121,42,23,62042,3298792,115417,Menlo,16,1,release,8,24,3,false,10472,0,false,Metal,Apple M5 Pro,0
