script,update_mode,wrapping,cols,rows,sample,conversion_ns,shaping_ns,prepare_ns,font,font_size,scale,profile,warmups,samples,source_screens,parser_inside_timing,bidi_prefix_bytes,bidi_suffix_bytes,bidi_context_truncated,backend,adapter
latin_accents,sparse_novel_counter,explicit_rows,40,12,0,4083,18291,1084,Menlo,16,1,release,8,24,3,false,0,0,false,Metal,Apple M5 Pro
latin_accents,sparse_novel_counter,explicit_rows,40,12,1,4000,20084,1042,Menlo,16,1,release,8,24,3,false,0,0,false,Metal,Apple M5 Pro
latin_accents,sparse_novel_counter,explicit_rows,40,12,2,4000,18542,1000,Menlo,16,1,release,8,24,3,false,0,0,false,Metal,Apple M5 Pro
latin_accents,sparse_novel_counter,explicit_rows,40,12,3,4166,18459,1042,Menlo,16,1,release,8,24,3,false,0,0,false,Metal,Apple M5 Pro
latin_accents,sparse_novel_counter,explicit_rows,40,12,4,4000,18500,1041,Menlo,16,1,release,8,24,3,false,0,0,false,Metal,Apple M5 Pro
latin_accents,sparse_novel_counter,explicit_rows,40,12,5,4041,21042,1041,Menlo,16,1,release,8,24,3,false,0,0,false,Metal,Apple M5 Pro
latin_accents,sparse_novel_counter,explicit_rows,40,12,6,4000,18375,1042,Menlo,16,1,release,8,24,3,false,0,0,false,Metal,Apple M5 Pro
latin_accents,sparse_novel_counter,explicit_rows,40,12,7,4000,18458,1042,Menlo,16,1,release,8,24,3,false,0,0,false,Metal,Apple M5 Pro
latin_accents,sparse_novel_counter,explicit_rows,40,12,8,3916,18167,1042,Menlo,16,1,release,8,24,3,false,0,0,false,Metal,Apple M5 Pro
latin_accents,sparse_novel_counter,explicit_rows,40,12,9,3959,27250,1042,Menlo,16,1,release,8,24,3,false,0,0,false,Metal,Apple M5 Pro
latin_accents,sparse_novel_counter,explicit_rows,40,12,10,4333,18375,1084,Menlo,16,1,release,8,24,3,false,0,0,false,Metal,Apple M5 Pro
latin_accents,sparse_novel_counter,explicit_rows,40,12,11,4000,18458,1042,Menlo,16,1,release,8,24,3,false,0,0,false,Metal,Apple M5 Pro
latin_accents,sparse_novel_counter,explicit_rows,40,12,12,4000,18208,1042,Menlo,16,1,release,8,24,3,false,0,0,false,Metal,Apple M5 Pro
latin_accents,sparse_novel_counter,explicit_rows,40,12,13,3958,19709,1083,Menlo,16,1,release,8,24,3,false,0,0,false,Metal,Apple M5 Pro
latin_accents,sparse_novel_counter,explicit_rows,40,12,14,4042,18208,1083,Menlo,16,1,release,8,24,3,false,0,0,false,Metal,Apple M5 Pro
latin_accents,sparse_novel_counter,explicit_rows,40,12,15,3958,18292,1042,Menlo,16,1,release,8,24,3,false,0,0,false,Metal,Apple M5 Pro
latin_accents,sparse_novel_counter,explicit_rows,40,12,16,4125,18416,1084,Menlo,16,1,release,8,24,3,false,0,0,false,Metal,Apple M5 Pro
latin_accents,sparse_novel_counter,explicit_rows,40,12,17,4042,20917,1083,Menlo,16,1,release,8,24,3,false,0,0,false,Metal,Apple M5 Pro
latin_accents,sparse_novel_counter,explicit_rows,40,12,18,4042,18458,1084,Menlo,16,1,release,8,24,3,false,0,0,false,Metal,Apple M5 Pro
latin_accents,sparse_novel_counter,explicit_rows,40,12,19,4083,18250,1042,Menlo,16,1,release,8,24,3,false,0,0,false,Metal,Apple M5 Pro
latin_accents,sparse_novel_counter,explicit_rows,40,12,20,4083,18500,1083,Menlo,16,1,release,8,24,3,false,0,0,false,Metal,Apple M5 Pro
latin_accents,sparse_novel_counter,explicit_rows,40,12,21,3958,19584,1083,Menlo,16,1,release,8,24,3,false,0,0,false,Metal,Apple M5 Pro
latin_accents,sparse_novel_counter,explicit_rows,40,12,22,4000,18250,1042,Menlo,16,1,release,8,24,3,false,0,0,false,Metal,Apple M5 Pro
latin_accents,sparse_novel_counter,explicit_rows,40,12,23,4000,18167,1041,Menlo,16,1,release,8,24,3,false,0,0,false,Metal,Apple M5 Pro
latin_accents,sparse_novel_counter,softwrap,40,12,0,6708,301500,23500,Menlo,16,1,release,8,24,3,false,1100,0,false,Metal,Apple M5 Pro
latin_accents,sparse_novel_counter,softwrap,40,12,1,6500,300042,11042,Menlo,16,1,release,8,24,3,false,1100,0,false,Metal,Apple M5 Pro
latin_accents,sparse_novel_counter,softwrap,40,12,2,6334,300208,10958,Menlo,16,1,release,8,24,3,false,1100,0,false,Metal,Apple M5 Pro
latin_accents,sparse_novel_counter,softwrap,40,12,3,6250,299959,11084,Menlo,16,1,release,8,24,3,false,1100,0,false,Metal,Apple M5 Pro
latin_accents,sparse_novel_counter,softwrap,40,12,4,6334,300833,11000,Menlo,16,1,release,8,24,3,false,1100,0,false,Metal,Apple M5 Pro
latin_accents,sparse_novel_counter,softwrap,40,12,5,6333,300833,11125,Menlo,16,1,release,8,24,3,false,1100,0,false,Metal,Apple M5 Pro
latin_accents,sparse_novel_counter,softwrap,40,12,6,6125,323250,11084,Menlo,16,1,release,8,24,3,false,1100,0,false,Metal,Apple M5 Pro
latin_accents,sparse_novel_counter,softwrap,40,12,7,6333,301833,11000,Menlo,16,1,release,8,24,3,false,1100,0,false,Metal,Apple M5 Pro
latin_accents,sparse_novel_counter,softwrap,40,12,8,6291,299917,11000,Menlo,16,1,release,8,24,3,false,1100,0,false,Metal,Apple M5 Pro
latin_accents,sparse_novel_counter,softwrap,40,12,9,6292,302167,11000,Menlo,16,1,release,8,24,3,false,1100,0,false,Metal,Apple M5 Pro
latin_accents,sparse_novel_counter,softwrap,40,12,10,6208,299333,11000,Menlo,16,1,release,8,24,3,false,1100,0,false,Metal,Apple M5 Pro
latin_accents,sparse_novel_counter,softwrap,40,12,11,6500,300708,11000,Menlo,16,1,release,8,24,3,false,1100,0,false,Metal,Apple M5 Pro
latin_accents,sparse_novel_counter,softwrap,40,12,12,6250,306958,11084,Menlo,16,1,release,8,24,3,false,1100,0,false,Metal,Apple M5 Pro
latin_accents,sparse_novel_counter,softwrap,40,12,13,6250,298167,11042,Menlo,16,1,release,8,24,3,false,1100,0,false,Metal,Apple M5 Pro
latin_accents,sparse_novel_counter,softwrap,40,12,14,6250,298334,11000,Menlo,16,1,release,8,24,3,false,1100,0,false,Metal,Apple M5 Pro
latin_accents,sparse_novel_counter,softwrap,40,12,15,6291,298583,11000,Menlo,16,1,release,8,24,3,false,1100,0,false,Metal,Apple M5 Pro
latin_accents,sparse_novel_counter,softwrap,40,12,16,6375,297166,11042,Menlo,16,1,release,8,24,3,false,1100,0,false,Metal,Apple M5 Pro
latin_accents,sparse_novel_counter,softwrap,40,12,17,6292,298333,11000,Menlo,16,1,release,8,24,3,false,1100,0,false,Metal,Apple M5 Pro
latin_accents,sparse_novel_counter,softwrap,40,12,18,6167,295667,10958,Menlo,16,1,release,8,24,3,false,1100,0,false,Metal,Apple M5 Pro
latin_accents,sparse_novel_counter,softwrap,40,12,19,6167,295125,10959,Menlo,16,1,release,8,24,3,false,1100,0,false,Metal,Apple M5 Pro
latin_accents,sparse_novel_counter,softwrap,40,12,20,6209,295875,10959,Menlo,16,1,release,8,24,3,false,1100,0,false,Metal,Apple M5 Pro
latin_accents,sparse_novel_counter,softwrap,40,12,21,6209,295000,10959,Menlo,16,1,release,8,24,3,false,1100,0,false,Metal,Apple M5 Pro
latin_accents,sparse_novel_counter,softwrap,40,12,22,6167,296542,11000,Menlo,16,1,release,8,24,3,false,1100,0,false,Metal,Apple M5 Pro
latin_accents,sparse_novel_counter,softwrap,40,12,23,6209,294208,10958,Menlo,16,1,release,8,24,3,false,1100,0,false,Metal,Apple M5 Pro
latin_accents,scroll_triangle,explicit_rows,40,12,0,3958,16791,10417,Menlo,16,1,release,8,24,3,false,0,0,false,Metal,Apple M5 Pro
latin_accents,scroll_triangle,explicit_rows,40,12,1,3958,18375,10500,Menlo,16,1,release,8,24,3,false,0,0,false,Metal,Apple M5 Pro
latin_accents,scroll_triangle,explicit_rows,40,12,2,4041,17250,10583,Menlo,16,1,release,8,24,3,false,0,0,false,Metal,Apple M5 Pro
latin_accents,scroll_triangle,explicit_rows,40,12,3,3792,4125,83,Menlo,16,1,release,8,24,3,false,0,0,false,Metal,Apple M5 Pro
latin_accents,scroll_triangle,explicit_rows,40,12,4,3750,4041,10584,Menlo,16,1,release,8,24,3,false,0,0,false,Metal,Apple M5 Pro
latin_accents,scroll_triangle,explicit_rows,40,12,5,3792,4000,10542,Menlo,16,1,release,8,24,3,false,0,0,false,Metal,Apple M5 Pro
latin_accents,scroll_triangle,explicit_rows,40,12,6,3791,4042,10542,Menlo,16,1,release,8,24,3,false,0,0,false,Metal,Apple M5 Pro
latin_accents,scroll_triangle,explicit_rows,40,12,7,3958,4042,10625,Menlo,16,1,release,8,24,3,false,0,0,false,Metal,Apple M5 Pro
latin_accents,scroll_triangle,explicit_rows,40,12,8,3750,4000,10709,Menlo,16,1,release,8,24,3,false,0,0,false,Metal,Apple M5 Pro
latin_accents,scroll_triangle,explicit_rows,40,12,9,3791,4000,10500,Menlo,16,1,release,8,24,3,false,0,0,false,Metal,Apple M5 Pro
latin_accents,scroll_triangle,explicit_rows,40,12,10,3792,4042,10542,Menlo,16,1,release,8,24,3,false,0,0,false,Metal,Apple M5 Pro
latin_accents,scroll_triangle,explicit_rows,40,12,11,3750,4042,10458,Menlo,16,1,release,8,24,3,false,0,0,false,Metal,Apple M5 Pro
latin_accents,scroll_triangle,explicit_rows,40,12,12,3750,4083,10500,Menlo,16,1,release,8,24,3,false,0,0,false,Metal,Apple M5 Pro
latin_accents,scroll_triangle,explicit_rows,40,12,13,3792,4042,10500,Menlo,16,1,release,8,24,3,false,0,0,false,Metal,Apple M5 Pro
latin_accents,scroll_triangle,explicit_rows,40,12,14,3791,17667,10500,Menlo,16,1,release,8,24,3,false,0,0,false,Metal,Apple M5 Pro
latin_accents,scroll_triangle,explicit_rows,40,12,15,3916,4083,42,Menlo,16,1,release,8,24,3,false,0,0,false,Metal,Apple M5 Pro
latin_accents,scroll_triangle,explicit_rows,40,12,16,3792,4042,10583,Menlo,16,1,release,8,24,3,false,0,0,false,Metal,Apple M5 Pro
latin_accents,scroll_triangle,explicit_rows,40,12,17,3791,4042,10417,Menlo,16,1,release,8,24,3,false,0,0,false,Metal,Apple M5 Pro
latin_accents,scroll_triangle,explicit_rows,40,12,18,4125,4125,10500,Menlo,16,1,release,8,24,3,false,0,0,false,Metal,Apple M5 Pro
latin_accents,scroll_triangle,explicit_rows,40,12,19,3792,4042,10125,Menlo,16,1,release,8,24,3,false,0,0,false,Metal,Apple M5 Pro
latin_accents,scroll_triangle,explicit_rows,40,12,20,3750,4125,9917,Menlo,16,1,release,8,24,3,false,0,0,false,Metal,Apple M5 Pro
latin_accents,scroll_triangle,explicit_rows,40,12,21,3833,4083,10083,Menlo,16,1,release,8,24,3,false,0,0,false,Metal,Apple M5 Pro
latin_accents,scroll_triangle,explicit_rows,40,12,22,3792,4042,10083,Menlo,16,1,release,8,24,3,false,0,0,false,Metal,Apple M5 Pro
latin_accents,scroll_triangle,explicit_rows,40,12,23,3791,4125,10084,Menlo,16,1,release,8,24,3,false,0,0,false,Metal,Apple M5 Pro
latin_accents,scroll_triangle,softwrap,40,12,0,7167,295166,11000,Menlo,16,1,release,8,24,3,false,686,414,false,Metal,Apple M5 Pro
latin_accents,scroll_triangle,softwrap,40,12,1,7333,297541,11000,Menlo,16,1,release,8,24,3,false,642,458,false,Metal,Apple M5 Pro
latin_accents,scroll_triangle,softwrap,40,12,2,7042,295208,11042,Menlo,16,1,release,8,24,3,false,596,504,false,Metal,Apple M5 Pro
latin_accents,scroll_triangle,softwrap,40,12,3,7083,4708,42,Menlo,16,1,release,8,24,3,false,596,504,false,Metal,Apple M5 Pro
latin_accents,scroll_triangle,softwrap,40,12,4,6667,4458,11041,Menlo,16,1,release,8,24,3,false,642,458,false,Metal,Apple M5 Pro
latin_accents,scroll_triangle,softwrap,40,12,5,6625,4500,10917,Menlo,16,1,release,8,24,3,false,686,414,false,Metal,Apple M5 Pro
latin_accents,scroll_triangle,softwrap,40,12,6,6625,4375,10958,Menlo,16,1,release,8,24,3,false,732,368,false,Metal,Apple M5 Pro
latin_accents,scroll_triangle,softwrap,40,12,7,6542,4416,11042,Menlo,16,1,release,8,24,3,false,778,322,false,Metal,Apple M5 Pro
latin_accents,scroll_triangle,softwrap,40,12,8,6500,4333,11000,Menlo,16,1,release,8,24,3,false,825,275,false,Metal,Apple M5 Pro
latin_accents,scroll_triangle,softwrap,40,12,9,6625,4417,11000,Menlo,16,1,release,8,24,3,false,871,229,false,Metal,Apple M5 Pro
latin_accents,scroll_triangle,softwrap,40,12,10,6458,4375,10958,Menlo,16,1,release,8,24,3,false,917,183,false,Metal,Apple M5 Pro
latin_accents,scroll_triangle,softwrap,40,12,11,6458,4292,11000,Menlo,16,1,release,8,24,3,false,961,139,false,Metal,Apple M5 Pro
latin_accents,scroll_triangle,softwrap,40,12,12,6292,4333,10958,Menlo,16,1,release,8,24,3,false,1007,93,false,Metal,Apple M5 Pro
latin_accents,scroll_triangle,softwrap,40,12,13,6459,4333,11042,Menlo,16,1,release,8,24,3,false,1053,47,false,Metal,Apple M5 Pro
latin_accents,scroll_triangle,softwrap,40,12,14,6167,340416,11417,Menlo,16,1,release,8,24,3,false,1100,0,false,Metal,Apple M5 Pro
latin_accents,scroll_triangle,softwrap,40,12,15,8708,5417,125,Menlo,16,1,release,8,24,3,false,1100,0,false,Metal,Apple M5 Pro
latin_accents,scroll_triangle,softwrap,40,12,16,7417,4666,11042,Menlo,16,1,release,8,24,3,false,1053,47,false,Metal,Apple M5 Pro
latin_accents,scroll_triangle,softwrap,40,12,17,7209,4625,11041,Menlo,16,1,release,8,24,3,false,1007,93,false,Metal,Apple M5 Pro
latin_accents,scroll_triangle,softwrap,40,12,18,7625,4584,10916,Menlo,16,1,release,8,24,3,false,961,139,false,Metal,Apple M5 Pro
latin_accents,scroll_triangle,softwrap,40,12,19,10250,4583,11000,Menlo,16,1,release,8,24,3,false,917,183,false,Metal,Apple M5 Pro
latin_accents,scroll_triangle,softwrap,40,12,20,7291,4625,11000,Menlo,16,1,release,8,24,3,false,871,229,false,Metal,Apple M5 Pro
latin_accents,scroll_triangle,softwrap,40,12,21,7292,4666,10959,Menlo,16,1,release,8,24,3,false,825,275,false,Metal,Apple M5 Pro
latin_accents,scroll_triangle,softwrap,40,12,22,7083,4500,10875,Menlo,16,1,release,8,24,3,false,778,322,false,Metal,Apple M5 Pro
latin_accents,scroll_triangle,softwrap,40,12,23,7083,4500,10917,Menlo,16,1,release,8,24,3,false,732,368,false,Metal,Apple M5 Pro
latin_accents,dense_novel_text,explicit_rows,40,12,0,3792,153666,10542,Menlo,16,1,release,8,24,3,false,0,0,false,Metal,Apple M5 Pro
latin_accents,dense_novel_text,explicit_rows,40,12,1,3916,183417,10625,Menlo,16,1,release,8,24,3,false,0,0,false,Metal,Apple M5 Pro
latin_accents,dense_novel_text,explicit_rows,40,12,2,3875,154417,10583,Menlo,16,1,release,8,24,3,false,0,0,false,Metal,Apple M5 Pro
latin_accents,dense_novel_text,explicit_rows,40,12,3,3875,153791,10542,Menlo,16,1,release,8,24,3,false,0,0,false,Metal,Apple M5 Pro
latin_accents,dense_novel_text,explicit_rows,40,12,4,3875,154125,10584,Menlo,16,1,release,8,24,3,false,0,0,false,Metal,Apple M5 Pro
latin_accents,dense_novel_text,explicit_rows,40,12,5,3875,155166,10458,Menlo,16,1,release,8,24,3,false,0,0,false,Metal,Apple M5 Pro
latin_accents,dense_novel_text,explicit_rows,40,12,6,3833,157584,10500,Menlo,16,1,release,8,24,3,false,0,0,false,Metal,Apple M5 Pro
latin_accents,dense_novel_text,explicit_rows,40,12,7,3834,154625,10500,Menlo,16,1,release,8,24,3,false,0,0,false,Metal,Apple M5 Pro
latin_accents,dense_novel_text,explicit_rows,40,12,8,3875,154375,10666,Menlo,16,1,release,8,24,3,false,0,0,false,Metal,Apple M5 Pro
latin_accents,dense_novel_text,explicit_rows,40,12,9,3875,154458,10500,Menlo,16,1,release,8,24,3,false,0,0,false,Metal,Apple M5 Pro
latin_accents,dense_novel_text,explicit_rows,40,12,10,3833,211708,10542,Menlo,16,1,release,8,24,3,false,0,0,false,Metal,Apple M5 Pro
latin_accents,dense_novel_text,explicit_rows,40,12,11,3875,153625,10625,Menlo,16,1,release,8,24,3,false,0,0,false,Metal,Apple M5 Pro
latin_accents,dense_novel_text,explicit_rows,40,12,12,3833,156292,10500,Menlo,16,1,release,8,24,3,false,0,0,false,Metal,Apple M5 Pro
latin_accents,dense_novel_text,explicit_rows,40,12,13,3791,157750,10542,Menlo,16,1,release,8,24,3,false,0,0,false,Metal,Apple M5 Pro
latin_accents,dense_novel_text,explicit_rows,40,12,14,3792,157000,10584,Menlo,16,1,release,8,24,3,false,0,0,false,Metal,Apple M5 Pro
latin_accents,dense_novel_text,explicit_rows,40,12,15,3833,157542,10583,Menlo,16,1,release,8,24,3,false,0,0,false,Metal,Apple M5 Pro
latin_accents,dense_novel_text,explicit_rows,40,12,16,3834,157250,10417,Menlo,16,1,release,8,24,3,false,0,0,false,Metal,Apple M5 Pro
latin_accents,dense_novel_text,explicit_rows,40,12,17,3792,157916,10459,Menlo,16,1,release,8,24,3,false,0,0,false,Metal,Apple M5 Pro
latin_accents,dense_novel_text,explicit_rows,40,12,18,3792,157375,10500,Menlo,16,1,release,8,24,3,false,0,0,false,Metal,Apple M5 Pro
latin_accents,dense_novel_text,explicit_rows,40,12,19,3792,156750,10584,Menlo,16,1,release,8,24,3,false,0,0,false,Metal,Apple M5 Pro
latin_accents,dense_novel_text,explicit_rows,40,12,20,3792,158250,10500,Menlo,16,1,release,8,24,3,false,0,0,false,Metal,Apple M5 Pro
latin_accents,dense_novel_text,explicit_rows,40,12,21,3875,158542,10542,Menlo,16,1,release,8,24,3,false,0,0,false,Metal,Apple M5 Pro
latin_accents,dense_novel_text,explicit_rows,40,12,22,3833,156958,10667,Menlo,16,1,release,8,24,3,false,0,0,false,Metal,Apple M5 Pro
latin_accents,dense_novel_text,explicit_rows,40,12,23,4000,157000,10500,Menlo,16,1,release,8,24,3,false,0,0,false,Metal,Apple M5 Pro
latin_accents,dense_novel_text,softwrap,40,12,0,6292,294333,18917,Menlo,16,1,release,8,24,3,false,1100,0,false,Metal,Apple M5 Pro
latin_accents,dense_novel_text,softwrap,40,12,1,6333,295417,11041,Menlo,16,1,release,8,24,3,false,1100,0,false,Metal,Apple M5 Pro
latin_accents,dense_novel_text,softwrap,40,12,2,6209,294667,11041,Menlo,16,1,release,8,24,3,false,1100,0,false,Metal,Apple M5 Pro
latin_accents,dense_novel_text,softwrap,40,12,3,6291,296250,10958,Menlo,16,1,release,8,24,3,false,1100,0,false,Metal,Apple M5 Pro
latin_accents,dense_novel_text,softwrap,40,12,4,6250,295542,11041,Menlo,16,1,release,8,24,3,false,1100,0,false,Metal,Apple M5 Pro
latin_accents,dense_novel_text,softwrap,40,12,5,6167,292375,10959,Menlo,16,1,release,8,24,3,false,1100,0,false,Metal,Apple M5 Pro
latin_accents,dense_novel_text,softwrap,40,12,6,6167,311000,11083,Menlo,16,1,release,8,24,3,false,1100,0,false,Metal,Apple M5 Pro
latin_accents,dense_novel_text,softwrap,40,12,7,6125,294500,10958,Menlo,16,1,release,8,24,3,false,1100,0,false,Metal,Apple M5 Pro
latin_accents,dense_novel_text,softwrap,40,12,8,6084,294792,11000,Menlo,16,1,release,8,24,3,false,1100,0,false,Metal,Apple M5 Pro
latin_accents,dense_novel_text,softwrap,40,12,9,6125,293541,11042,Menlo,16,1,release,8,24,3,false,1100,0,false,Metal,Apple M5 Pro
latin_accents,dense_novel_text,softwrap,40,12,10,6125,291250,10917,Menlo,16,1,release,8,24,3,false,1100,0,false,Metal,Apple M5 Pro
latin_accents,dense_novel_text,softwrap,40,12,11,6125,294708,11042,Menlo,16,1,release,8,24,3,false,1100,0,false,Metal,Apple M5 Pro
latin_accents,dense_novel_text,softwrap,40,12,12,6084,294459,11000,Menlo,16,1,release,8,24,3,false,1100,0,false,Metal,Apple M5 Pro
latin_accents,dense_novel_text,softwrap,40,12,13,6125,295250,11041,Menlo,16,1,release,8,24,3,false,1100,0,false,Metal,Apple M5 Pro
latin_accents,dense_novel_text,softwrap,40,12,14,6083,294792,10958,Menlo,16,1,release,8,24,3,false,1100,0,false,Metal,Apple M5 Pro
latin_accents,dense_novel_text,softwrap,40,12,15,6084,293625,10916,Menlo,16,1,release,8,24,3,false,1100,0,false,Metal,Apple M5 Pro
latin_accents,dense_novel_text,softwrap,40,12,16,6083,295667,11000,Menlo,16,1,release,8,24,3,false,1100,0,false,Metal,Apple M5 Pro
latin_accents,dense_novel_text,softwrap,40,12,17,6083,293042,10958,Menlo,16,1,release,8,24,3,false,1100,0,false,Metal,Apple M5 Pro
latin_accents,dense_novel_text,softwrap,40,12,18,6167,296791,10917,Menlo,16,1,release,8,24,3,false,1100,0,false,Metal,Apple M5 Pro
latin_accents,dense_novel_text,softwrap,40,12,19,6083,294292,11000,Menlo,16,1,release,8,24,3,false,1100,0,false,Metal,Apple M5 Pro
latin_accents,dense_novel_text,softwrap,40,12,20,6083,297083,10958,Menlo,16,1,release,8,24,3,false,1100,0,false,Metal,Apple M5 Pro
latin_accents,dense_novel_text,softwrap,40,12,21,6083,296250,11000,Menlo,16,1,release,8,24,3,false,1100,0,false,Metal,Apple M5 Pro
latin_accents,dense_novel_text,softwrap,40,12,22,6083,292833,10958,Menlo,16,1,release,8,24,3,false,1100,0,false,Metal,Apple M5 Pro
latin_accents,dense_novel_text,softwrap,40,12,23,6083,293709,10959,Menlo,16,1,release,8,24,3,false,1100,0,false,Metal,Apple M5 Pro
cyrillic,sparse_novel_counter,explicit_rows,40,12,0,3583,16250,875,Menlo,16,1,release,8,24,3,false,0,0,false,Metal,Apple M5 Pro
cyrillic,sparse_novel_counter,explicit_rows,40,12,1,3667,16750,875,Menlo,16,1,release,8,24,3,false,0,0,false,Metal,Apple M5 Pro
cyrillic,sparse_novel_counter,explicit_rows,40,12,2,3625,16541,917,Menlo,16,1,release,8,24,3,false,0,0,false,Metal,Apple M5 Pro
cyrillic,sparse_novel_counter,explicit_rows,40,12,3,3625,16542,917,Menlo,16,1,release,8,24,3,false,0,0,false,Metal,Apple M5 Pro
cyrillic,sparse_novel_counter,explicit_rows,40,12,4,3583,16584,875,Menlo,16,1,release,8,24,3,false,0,0,false,Metal,Apple M5 Pro
cyrillic,sparse_novel_counter,explicit_rows,40,12,5,3625,16459,875,Menlo,16,1,release,8,24,3,false,0,0,false,Metal,Apple M5 Pro
cyrillic,sparse_novel_counter,explicit_rows,40,12,6,3750,16375,875,Menlo,16,1,release,8,24,3,false,0,0,false,Metal,Apple M5 Pro
cyrillic,sparse_novel_counter,explicit_rows,40,12,7,3583,16417,916,Menlo,16,1,release,8,24,3,false,0,0,false,Metal,Apple M5 Pro
cyrillic,sparse_novel_counter,explicit_rows,40,12,8,3625,16333,875,Menlo,16,1,release,8,24,3,false,0,0,false,Metal,Apple M5 Pro
cyrillic,sparse_novel_counter,explicit_rows,40,12,9,3583,24417,916,Menlo,16,1,release,8,24,3,false,0,0,false,Metal,Apple M5 Pro
cyrillic,sparse_novel_counter,explicit_rows,40,12,10,3583,16500,917,Menlo,16,1,release,8,24,3,false,0,0,false,Metal,Apple M5 Pro
cyrillic,sparse_novel_counter,explicit_rows,40,12,11,3583,16584,916,Menlo,16,1,release,8,24,3,false,0,0,false,Metal,Apple M5 Pro
cyrillic,sparse_novel_counter,explicit_rows,40,12,12,3625,16541,875,Menlo,16,1,release,8,24,3,false,0,0,false,Metal,Apple M5 Pro
cyrillic,sparse_novel_counter,explicit_rows,40,12,13,3584,16459,916,Menlo,16,1,release,8,24,3,false,0,0,false,Metal,Apple M5 Pro
cyrillic,sparse_novel_counter,explicit_rows,40,12,14,3584,16292,875,Menlo,16,1,release,8,24,3,false,0,0,false,Metal,Apple M5 Pro
cyrillic,sparse_novel_counter,explicit_rows,40,12,15,3625,16250,875,Menlo,16,1,release,8,24,3,false,0,0,false,Metal,Apple M5 Pro
cyrillic,sparse_novel_counter,explicit_rows,40,12,16,3542,16667,875,Menlo,16,1,release,8,24,3,false,0,0,false,Metal,Apple M5 Pro
cyrillic,sparse_novel_counter,explicit_rows,40,12,17,3584,16500,916,Menlo,16,1,release,8,24,3,false,0,0,false,Metal,Apple M5 Pro
cyrillic,sparse_novel_counter,explicit_rows,40,12,18,3625,16291,917,Menlo,16,1,release,8,24,3,false,0,0,false,Metal,Apple M5 Pro
cyrillic,sparse_novel_counter,explicit_rows,40,12,19,3583,16500,875,Menlo,16,1,release,8,24,3,false,0,0,false,Metal,Apple M5 Pro
cyrillic,sparse_novel_counter,explicit_rows,40,12,20,3542,16333,875,Menlo,16,1,release,8,24,3,false,0,0,false,Metal,Apple M5 Pro
cyrillic,sparse_novel_counter,explicit_rows,40,12,21,3584,16666,875,Menlo,16,1,release,8,24,3,false,0,0,false,Metal,Apple M5 Pro
cyrillic,sparse_novel_counter,explicit_rows,40,12,22,3542,16375,875,Menlo,16,1,release,8,24,3,false,0,0,false,Metal,Apple M5 Pro
cyrillic,sparse_novel_counter,explicit_rows,40,12,23,3584,16291,917,Menlo,16,1,release,8,24,3,false,0,0,false,Metal,Apple M5 Pro
cyrillic,sparse_novel_counter,softwrap,40,12,0,6625,279417,23541,Menlo,16,1,release,8,24,3,false,1700,0,false,Metal,Apple M5 Pro
cyrillic,sparse_novel_counter,softwrap,40,12,1,6459,281542,10042,Menlo,16,1,release,8,24,3,false,1700,0,false,Metal,Apple M5 Pro
cyrillic,sparse_novel_counter,softwrap,40,12,2,6500,278708,9916,Menlo,16,1,release,8,24,3,false,1700,0,false,Metal,Apple M5 Pro
cyrillic,sparse_novel_counter,softwrap,40,12,3,6334,276625,9791,Menlo,16,1,release,8,24,3,false,1700,0,false,Metal,Apple M5 Pro
cyrillic,sparse_novel_counter,softwrap,40,12,4,6416,280959,9833,Menlo,16,1,release,8,24,3,false,1700,0,false,Metal,Apple M5 Pro
cyrillic,sparse_novel_counter,softwrap,40,12,5,6375,280250,9916,Menlo,16,1,release,8,24,3,false,1700,0,false,Metal,Apple M5 Pro
cyrillic,sparse_novel_counter,softwrap,40,12,6,6375,300167,9917,Menlo,16,1,release,8,24,3,false,1700,0,false,Metal,Apple M5 Pro
cyrillic,sparse_novel_counter,softwrap,40,12,7,6375,279500,9792,Menlo,16,1,release,8,24,3,false,1700,0,false,Metal,Apple M5 Pro
cyrillic,sparse_novel_counter,softwrap,40,12,8,8125,279209,9958,Menlo,16,1,release,8,24,3,false,1700,0,false,Metal,Apple M5 Pro
cyrillic,sparse_novel_counter,softwrap,40,12,9,6375,278708,9833,Menlo,16,1,release,8,24,3,false,1700,0,false,Metal,Apple M5 Pro
cyrillic,sparse_novel_counter,softwrap,40,12,10,6417,280333,9958,Menlo,16,1,release,8,24,3,false,1700,0,false,Metal,Apple M5 Pro
cyrillic,sparse_novel_counter,softwrap,40,12,11,6334,280583,9875,Menlo,16,1,release,8,24,3,false,1700,0,false,Metal,Apple M5 Pro
cyrillic,sparse_novel_counter,softwrap,40,12,12,6500,278125,9917,Menlo,16,1,release,8,24,3,false,1700,0,false,Metal,Apple M5 Pro
cyrillic,sparse_novel_counter,softwrap,40,12,13,6417,282000,9833,Menlo,16,1,release,8,24,3,false,1700,0,false,Metal,Apple M5 Pro
cyrillic,sparse_novel_counter,softwrap,40,12,14,6334,281875,9917,Menlo,16,1,release,8,24,3,false,1700,0,false,Metal,Apple M5 Pro
cyrillic,sparse_novel_counter,softwrap,40,12,15,6250,281083,9833,Menlo,16,1,release,8,24,3,false,1700,0,false,Metal,Apple M5 Pro
cyrillic,sparse_novel_counter,softwrap,40,12,16,6250,282334,9875,Menlo,16,1,release,8,24,3,false,1700,0,false,Metal,Apple M5 Pro
cyrillic,sparse_novel_counter,softwrap,40,12,17,6250,317375,10083,Menlo,16,1,release,8,24,3,false,1700,0,false,Metal,Apple M5 Pro
cyrillic,sparse_novel_counter,softwrap,40,12,18,8375,285292,9916,Menlo,16,1,release,8,24,3,false,1700,0,false,Metal,Apple M5 Pro
cyrillic,sparse_novel_counter,softwrap,40,12,19,7166,284750,9792,Menlo,16,1,release,8,24,3,false,1700,0,false,Metal,Apple M5 Pro
cyrillic,sparse_novel_counter,softwrap,40,12,20,6583,284459,9833,Menlo,16,1,release,8,24,3,false,1700,0,false,Metal,Apple M5 Pro
cyrillic,sparse_novel_counter,softwrap,40,12,21,6416,281292,9791,Menlo,16,1,release,8,24,3,false,1700,0,false,Metal,Apple M5 Pro
cyrillic,sparse_novel_counter,softwrap,40,12,22,6291,281334,9916,Menlo,16,1,release,8,24,3,false,1700,0,false,Metal,Apple M5 Pro
cyrillic,sparse_novel_counter,softwrap,40,12,23,6292,280875,9792,Menlo,16,1,release,8,24,3,false,1700,0,false,Metal,Apple M5 Pro
cyrillic,scroll_triangle,explicit_rows,40,12,0,3708,15750,9458,Menlo,16,1,release,8,24,3,false,0,0,false,Metal,Apple M5 Pro
cyrillic,scroll_triangle,explicit_rows,40,12,1,3666,16667,9583,Menlo,16,1,release,8,24,3,false,0,0,false,Metal,Apple M5 Pro
cyrillic,scroll_triangle,explicit_rows,40,12,2,3625,16333,9666,Menlo,16,1,release,8,24,3,false,0,0,false,Metal,Apple M5 Pro
cyrillic,scroll_triangle,explicit_rows,40,12,3,3583,4041,42,Menlo,16,1,release,8,24,3,false,0,0,false,Metal,Apple M5 Pro
cyrillic,scroll_triangle,explicit_rows,40,12,4,3583,4042,9625,Menlo,16,1,release,8,24,3,false,0,0,false,Metal,Apple M5 Pro
cyrillic,scroll_triangle,explicit_rows,40,12,5,3625,4042,9583,Menlo,16,1,release,8,24,3,false,0,0,false,Metal,Apple M5 Pro
cyrillic,scroll_triangle,explicit_rows,40,12,6,3584,3959,9583,Menlo,16,1,release,8,24,3,false,0,0,false,Metal,Apple M5 Pro
cyrillic,scroll_triangle,explicit_rows,40,12,7,3583,4042,9583,Menlo,16,1,release,8,24,3,false,0,0,false,Metal,Apple M5 Pro
cyrillic,scroll_triangle,explicit_rows,40,12,8,3541,3917,9584,Menlo,16,1,release,8,24,3,false,0,0,false,Metal,Apple M5 Pro
cyrillic,scroll_triangle,explicit_rows,40,12,9,3584,4000,9583,Menlo,16,1,release,8,24,3,false,0,0,false,Metal,Apple M5 Pro
cyrillic,scroll_triangle,explicit_rows,40,12,10,3584,3958,9625,Menlo,16,1,release,8,24,3,false,0,0,false,Metal,Apple M5 Pro
cyrillic,scroll_triangle,explicit_rows,40,12,11,3542,4000,9625,Menlo,16,1,release,8,24,3,false,0,0,false,Metal,Apple M5 Pro
cyrillic,scroll_triangle,explicit_rows,40,12,12,3541,4042,9750,Menlo,16,1,release,8,24,3,false,0,0,false,Metal,Apple M5 Pro
cyrillic,scroll_triangle,explicit_rows,40,12,13,3542,4000,9625,Menlo,16,1,release,8,24,3,false,0,0,false,Metal,Apple M5 Pro
cyrillic,scroll_triangle,explicit_rows,40,12,14,3583,16708,9625,Menlo,16,1,release,8,24,3,false,0,0,false,Metal,Apple M5 Pro
cyrillic,scroll_triangle,explicit_rows,40,12,15,3542,4125,42,Menlo,16,1,release,8,24,3,false,0,0,false,Metal,Apple M5 Pro
cyrillic,scroll_triangle,explicit_rows,40,12,16,3542,4042,9583,Menlo,16,1,release,8,24,3,false,0,0,false,Metal,Apple M5 Pro
cyrillic,scroll_triangle,explicit_rows,40,12,17,3583,3958,9584,Menlo,16,1,release,8,24,3,false,0,0,false,Metal,Apple M5 Pro
cyrillic,scroll_triangle,explicit_rows,40,12,18,3542,3958,9708,Menlo,16,1,release,8,24,3,false,0,0,false,Metal,Apple M5 Pro
cyrillic,scroll_triangle,explicit_rows,40,12,19,3542,4083,9583,Menlo,16,1,release,8,24,3,false,0,0,false,Metal,Apple M5 Pro
cyrillic,scroll_triangle,explicit_rows,40,12,20,3542,4041,9500,Menlo,16,1,release,8,24,3,false,0,0,false,Metal,Apple M5 Pro
cyrillic,scroll_triangle,explicit_rows,40,12,21,3500,3958,9583,Menlo,16,1,release,8,24,3,false,0,0,false,Metal,Apple M5 Pro
cyrillic,scroll_triangle,explicit_rows,40,12,22,3542,4083,9625,Menlo,16,1,release,8,24,3,false,0,0,false,Metal,Apple M5 Pro
cyrillic,scroll_triangle,explicit_rows,40,12,23,3500,4000,9583,Menlo,16,1,release,8,24,3,false,0,0,false,Metal,Apple M5 Pro
cyrillic,scroll_triangle,softwrap,40,12,0,6833,284500,10667,Menlo,16,1,release,8,24,3,false,1088,592,false,Metal,Apple M5 Pro
cyrillic,scroll_triangle,softwrap,40,12,1,7167,285125,10584,Menlo,16,1,release,8,24,3,false,1020,660,false,Metal,Apple M5 Pro
cyrillic,scroll_triangle,softwrap,40,12,2,7250,282166,10625,Menlo,16,1,release,8,24,3,false,950,727,false,Metal,Apple M5 Pro
cyrillic,scroll_triangle,softwrap,40,12,3,6750,4541,42,Menlo,16,1,release,8,24,3,false,950,727,false,Metal,Apple M5 Pro
cyrillic,scroll_triangle,softwrap,40,12,4,6583,4417,10500,Menlo,16,1,release,8,24,3,false,1020,660,false,Metal,Apple M5 Pro
cyrillic,scroll_triangle,softwrap,40,12,5,6458,4333,10583,Menlo,16,1,release,8,24,3,false,1088,592,false,Metal,Apple M5 Pro
cyrillic,scroll_triangle,softwrap,40,12,6,6500,4333,10250,Menlo,16,1,release,8,24,3,false,1155,525,false,Metal,Apple M5 Pro
cyrillic,scroll_triangle,softwrap,40,12,7,6500,4416,10292,Menlo,16,1,release,8,24,3,false,1223,455,false,Metal,Apple M5 Pro
cyrillic,scroll_triangle,softwrap,40,12,8,6416,4375,10583,Menlo,16,1,release,8,24,3,false,1290,387,false,Metal,Apple M5 Pro
cyrillic,scroll_triangle,softwrap,40,12,9,6583,4417,10500,Menlo,16,1,release,8,24,3,false,1360,320,false,Metal,Apple M5 Pro
cyrillic,scroll_triangle,softwrap,40,12,10,6458,4500,10459,Menlo,16,1,release,8,24,3,false,1428,252,false,Metal,Apple M5 Pro
cyrillic,scroll_triangle,softwrap,40,12,11,6458,4334,10500,Menlo,16,1,release,8,24,3,false,1495,185,false,Metal,Apple M5 Pro
cyrillic,scroll_triangle,softwrap,40,12,12,6375,4333,10542,Menlo,16,1,release,8,24,3,false,1563,115,false,Metal,Apple M5 Pro
cyrillic,scroll_triangle,softwrap,40,12,13,6334,4458,10542,Menlo,16,1,release,8,24,3,false,1630,47,false,Metal,Apple M5 Pro
cyrillic,scroll_triangle,softwrap,40,12,14,6250,283750,10083,Menlo,16,1,release,8,24,3,false,1700,0,false,Metal,Apple M5 Pro
cyrillic,scroll_triangle,softwrap,40,12,15,6375,4416,42,Menlo,16,1,release,8,24,3,false,1700,0,false,Metal,Apple M5 Pro
cyrillic,scroll_triangle,softwrap,40,12,16,6416,4375,10625,Menlo,16,1,release,8,24,3,false,1630,47,false,Metal,Apple M5 Pro
cyrillic,scroll_triangle,softwrap,40,12,17,6458,4375,10541,Menlo,16,1,release,8,24,3,false,1563,115,false,Metal,Apple M5 Pro
cyrillic,scroll_triangle,softwrap,40,12,18,6500,4375,10542,Menlo,16,1,release,8,24,3,false,1495,185,false,Metal,Apple M5 Pro
cyrillic,scroll_triangle,softwrap,40,12,19,6375,4416,10500,Menlo,16,1,release,8,24,3,false,1428,252,false,Metal,Apple M5 Pro
cyrillic,scroll_triangle,softwrap,40,12,20,6417,4500,10458,Menlo,16,1,release,8,24,3,false,1360,320,false,Metal,Apple M5 Pro
cyrillic,scroll_triangle,softwrap,40,12,21,6375,4458,10084,Menlo,16,1,release,8,24,3,false,1290,387,false,Metal,Apple M5 Pro
cyrillic,scroll_triangle,softwrap,40,12,22,6375,4459,9834,Menlo,16,1,release,8,24,3,false,1223,455,false,Metal,Apple M5 Pro
cyrillic,scroll_triangle,softwrap,40,12,23,6417,4416,10125,Menlo,16,1,release,8,24,3,false,1155,525,false,Metal,Apple M5 Pro
cyrillic,dense_novel_text,explicit_rows,40,12,0,3916,146500,9750,Menlo,16,1,release,8,24,3,false,0,0,false,Metal,Apple M5 Pro
cyrillic,dense_novel_text,explicit_rows,40,12,1,3583,178083,9834,Menlo,16,1,release,8,24,3,false,0,0,false,Metal,Apple M5 Pro
cyrillic,dense_novel_text,explicit_rows,40,12,2,3583,146667,9791,Menlo,16,1,release,8,24,3,false,0,0,false,Metal,Apple M5 Pro
cyrillic,dense_novel_text,explicit_rows,40,12,3,3584,146084,9750,Menlo,16,1,release,8,24,3,false,0,0,false,Metal,Apple M5 Pro
cyrillic,dense_novel_text,explicit_rows,40,12,4,3583,146125,9834,Menlo,16,1,release,8,24,3,false,0,0,false,Metal,Apple M5 Pro
cyrillic,dense_novel_text,explicit_rows,40,12,5,3583,147291,9750,Menlo,16,1,release,8,24,3,false,0,0,false,Metal,Apple M5 Pro
cyrillic,dense_novel_text,explicit_rows,40,12,6,3625,147875,9833,Menlo,16,1,release,8,24,3,false,0,0,false,Metal,Apple M5 Pro
cyrillic,dense_novel_text,explicit_rows,40,12,7,3625,146708,9791,Menlo,16,1,release,8,24,3,false,0,0,false,Metal,Apple M5 Pro
cyrillic,dense_novel_text,explicit_rows,40,12,8,3542,146459,9709,Menlo,16,1,release,8,24,3,false,0,0,false,Metal,Apple M5 Pro
cyrillic,dense_novel_text,explicit_rows,40,12,9,3625,145792,9666,Menlo,16,1,release,8,24,3,false,0,0,false,Metal,Apple M5 Pro
cyrillic,dense_novel_text,explicit_rows,40,12,10,3583,211417,9708,Menlo,16,1,release,8,24,3,false,0,0,false,Metal,Apple M5 Pro
cyrillic,dense_novel_text,explicit_rows,40,12,11,3542,145917,9708,Menlo,16,1,release,8,24,3,false,0,0,false,Metal,Apple M5 Pro
cyrillic,dense_novel_text,explicit_rows,40,12,12,3625,147000,9750,Menlo,16,1,release,8,24,3,false,0,0,false,Metal,Apple M5 Pro
cyrillic,dense_novel_text,explicit_rows,40,12,13,3584,151125,9834,Menlo,16,1,release,8,24,3,false,0,0,false,Metal,Apple M5 Pro
cyrillic,dense_novel_text,explicit_rows,40,12,14,3542,150875,9833,Menlo,16,1,release,8,24,3,false,0,0,false,Metal,Apple M5 Pro
cyrillic,dense_novel_text,explicit_rows,40,12,15,3584,150125,9791,Menlo,16,1,release,8,24,3,false,0,0,false,Metal,Apple M5 Pro
cyrillic,dense_novel_text,explicit_rows,40,12,16,3625,149708,9792,Menlo,16,1,release,8,24,3,false,0,0,false,Metal,Apple M5 Pro
cyrillic,dense_novel_text,explicit_rows,40,12,17,3584,150166,9750,Menlo,16,1,release,8,24,3,false,0,0,false,Metal,Apple M5 Pro
cyrillic,dense_novel_text,explicit_rows,40,12,18,3583,150458,9750,Menlo,16,1,release,8,24,3,false,0,0,false,Metal,Apple M5 Pro
cyrillic,dense_novel_text,explicit_rows,40,12,19,3584,149625,9750,Menlo,16,1,release,8,24,3,false,0,0,false,Metal,Apple M5 Pro
cyrillic,dense_novel_text,explicit_rows,40,12,20,3625,149958,9791,Menlo,16,1,release,8,24,3,false,0,0,false,Metal,Apple M5 Pro
cyrillic,dense_novel_text,explicit_rows,40,12,21,3541,149542,9750,Menlo,16,1,release,8,24,3,false,0,0,false,Metal,Apple M5 Pro
cyrillic,dense_novel_text,explicit_rows,40,12,22,3750,150250,9750,Menlo,16,1,release,8,24,3,false,0,0,false,Metal,Apple M5 Pro
cyrillic,dense_novel_text,explicit_rows,40,12,23,3625,150583,9750,Menlo,16,1,release,8,24,3,false,0,0,false,Metal,Apple M5 Pro
cyrillic,dense_novel_text,softwrap,40,12,0,6292,278583,17250,Menlo,16,1,release,8,24,3,false,1700,0,false,Metal,Apple M5 Pro
cyrillic,dense_novel_text,softwrap,40,12,1,6417,279125,9875,Menlo,16,1,release,8,24,3,false,1700,0,false,Metal,Apple M5 Pro
cyrillic,dense_novel_text,softwrap,40,12,2,6334,279166,9875,Menlo,16,1,release,8,24,3,false,1700,0,false,Metal,Apple M5 Pro
cyrillic,dense_novel_text,softwrap,40,12,3,6292,280500,9958,Menlo,16,1,release,8,24,3,false,1700,0,false,Metal,Apple M5 Pro
cyrillic,dense_novel_text,softwrap,40,12,4,6209,280250,9833,Menlo,16,1,release,8,24,3,false,1700,0,false,Metal,Apple M5 Pro
cyrillic,dense_novel_text,softwrap,40,12,5,6250,279833,9833,Menlo,16,1,release,8,24,3,false,1700,0,false,Metal,Apple M5 Pro
cyrillic,dense_novel_text,softwrap,40,12,6,6209,300541,9875,Menlo,16,1,release,8,24,3,false,1700,0,false,Metal,Apple M5 Pro
cyrillic,dense_novel_text,softwrap,40,12,7,6250,309709,9959,Menlo,16,1,release,8,24,3,false,1700,0,false,Metal,Apple M5 Pro
cyrillic,dense_novel_text,softwrap,40,12,8,8125,286625,9875,Menlo,16,1,release,8,24,3,false,1700,0,false,Metal,Apple M5 Pro
cyrillic,dense_novel_text,softwrap,40,12,9,7084,282334,9833,Menlo,16,1,release,8,24,3,false,1700,0,false,Metal,Apple M5 Pro
cyrillic,dense_novel_text,softwrap,40,12,10,6417,279708,9791,Menlo,16,1,release,8,24,3,false,1700,0,false,Metal,Apple M5 Pro
cyrillic,dense_novel_text,softwrap,40,12,11,6250,276375,9917,Menlo,16,1,release,8,24,3,false,1700,0,false,Metal,Apple M5 Pro
cyrillic,dense_novel_text,softwrap,40,12,12,6167,282000,9792,Menlo,16,1,release,8,24,3,false,1700,0,false,Metal,Apple M5 Pro
cyrillic,dense_novel_text,softwrap,40,12,13,6208,283625,9875,Menlo,16,1,release,8,24,3,false,1700,0,false,Metal,Apple M5 Pro
cyrillic,dense_novel_text,softwrap,40,12,14,6167,284250,9875,Menlo,16,1,release,8,24,3,false,1700,0,false,Metal,Apple M5 Pro
cyrillic,dense_novel_text,softwrap,40,12,15,6292,280375,9875,Menlo,16,1,release,8,24,3,false,1700,0,false,Metal,Apple M5 Pro
cyrillic,dense_novel_text,softwrap,40,12,16,6125,281375,9875,Menlo,16,1,release,8,24,3,false,1700,0,false,Metal,Apple M5 Pro
cyrillic,dense_novel_text,softwrap,40,12,17,6250,281875,9833,Menlo,16,1,release,8,24,3,false,1700,0,false,Metal,Apple M5 Pro
cyrillic,dense_novel_text,softwrap,40,12,18,6125,282542,9875,Menlo,16,1,release,8,24,3,false,1700,0,false,Metal,Apple M5 Pro
cyrillic,dense_novel_text,softwrap,40,12,19,6208,283583,9875,Menlo,16,1,release,8,24,3,false,1700,0,false,Metal,Apple M5 Pro
cyrillic,dense_novel_text,softwrap,40,12,20,6167,283750,9875,Menlo,16,1,release,8,24,3,false,1700,0,false,Metal,Apple M5 Pro
cyrillic,dense_novel_text,softwrap,40,12,21,6125,280834,9916,Menlo,16,1,release,8,24,3,false,1700,0,false,Metal,Apple M5 Pro
cyrillic,dense_novel_text,softwrap,40,12,22,6208,284042,9834,Menlo,16,1,release,8,24,3,false,1700,0,false,Metal,Apple M5 Pro
cyrillic,dense_novel_text,softwrap,40,12,23,6208,309792,9875,Menlo,16,1,release,8,24,3,false,1700,0,false,Metal,Apple M5 Pro
cjk,sparse_novel_counter,explicit_rows,40,12,0,3625,51625,625,Menlo,16,1,release,8,24,3,false,0,0,false,Metal,Apple M5 Pro
cjk,sparse_novel_counter,explicit_rows,40,12,1,3667,52917,625,Menlo,16,1,release,8,24,3,false,0,0,false,Metal,Apple M5 Pro
cjk,sparse_novel_counter,explicit_rows,40,12,2,3625,52333,625,Menlo,16,1,release,8,24,3,false,0,0,false,Metal,Apple M5 Pro
cjk,sparse_novel_counter,explicit_rows,40,12,3,3583,52417,625,Menlo,16,1,release,8,24,3,false,0,0,false,Metal,Apple M5 Pro
cjk,sparse_novel_counter,explicit_rows,40,12,4,3625,52667,625,Menlo,16,1,release,8,24,3,false,0,0,false,Metal,Apple M5 Pro
cjk,sparse_novel_counter,explicit_rows,40,12,5,3667,53792,625,Menlo,16,1,release,8,24,3,false,0,0,false,Metal,Apple M5 Pro
cjk,sparse_novel_counter,explicit_rows,40,12,6,3583,51958,625,Menlo,16,1,release,8,24,3,false,0,0,false,Metal,Apple M5 Pro
cjk,sparse_novel_counter,explicit_rows,40,12,7,3583,52208,625,Menlo,16,1,release,8,24,3,false,0,0,false,Metal,Apple M5 Pro
cjk,sparse_novel_counter,explicit_rows,40,12,8,3583,52416,625,Menlo,16,1,release,8,24,3,false,0,0,false,Metal,Apple M5 Pro
cjk,sparse_novel_counter,explicit_rows,40,12,9,3667,59875,625,Menlo,16,1,release,8,24,3,false,0,0,false,Metal,Apple M5 Pro
cjk,sparse_novel_counter,explicit_rows,40,12,10,3625,51833,625,Menlo,16,1,release,8,24,3,false,0,0,false,Metal,Apple M5 Pro
cjk,sparse_novel_counter,explicit_rows,40,12,11,3792,52916,625,Menlo,16,1,release,8,24,3,false,0,0,false,Metal,Apple M5 Pro
cjk,sparse_novel_counter,explicit_rows,40,12,12,3750,52125,625,Menlo,16,1,release,8,24,3,false,0,0,false,Metal,Apple M5 Pro
cjk,sparse_novel_counter,explicit_rows,40,12,13,3583,53208,583,Menlo,16,1,release,8,24,3,false,0,0,false,Metal,Apple M5 Pro
cjk,sparse_novel_counter,explicit_rows,40,12,14,3625,52125,625,Menlo,16,1,release,8,24,3,false,0,0,false,Metal,Apple M5 Pro
cjk,sparse_novel_counter,explicit_rows,40,12,15,3583,51916,625,Menlo,16,1,release,8,24,3,false,0,0,false,Metal,Apple M5 Pro
cjk,sparse_novel_counter,explicit_rows,40,12,16,3792,52167,584,Menlo,16,1,release,8,24,3,false,0,0,false,Metal,Apple M5 Pro
cjk,sparse_novel_counter,explicit_rows,40,12,17,3708,52292,584,Menlo,16,1,release,8,24,3,false,0,0,false,Metal,Apple M5 Pro
cjk,sparse_novel_counter,explicit_rows,40,12,18,3583,52208,625,Menlo,16,1,release,8,24,3,false,0,0,false,Metal,Apple M5 Pro
cjk,sparse_novel_counter,explicit_rows,40,12,19,3625,51916,625,Menlo,16,1,release,8,24,3,false,0,0,false,Metal,Apple M5 Pro
cjk,sparse_novel_counter,explicit_rows,40,12,20,3583,52000,625,Menlo,16,1,release,8,24,3,false,0,0,false,Metal,Apple M5 Pro
cjk,sparse_novel_counter,explicit_rows,40,12,21,3625,53250,625,Menlo,16,1,release,8,24,3,false,0,0,false,Metal,Apple M5 Pro
cjk,sparse_novel_counter,explicit_rows,40,12,22,3625,52542,625,Menlo,16,1,release,8,24,3,false,0,0,false,Metal,Apple M5 Pro
cjk,sparse_novel_counter,explicit_rows,40,12,23,3625,52000,625,Menlo,16,1,release,8,24,3,false,0,0,false,Metal,Apple M5 Pro
cjk,sparse_novel_counter,softwrap,40,12,0,6125,1501250,17166,Menlo,16,1,release,8,24,3,false,1400,0,false,Metal,Apple M5 Pro
cjk,sparse_novel_counter,softwrap,40,12,1,6042,1497708,6125,Menlo,16,1,release,8,24,3,false,1400,0,false,Metal,Apple M5 Pro
cjk,sparse_novel_counter,softwrap,40,12,2,5959,1494583,6041,Menlo,16,1,release,8,24,3,false,1400,0,false,Metal,Apple M5 Pro
cjk,sparse_novel_counter,softwrap,40,12,3,5916,1557792,6125,Menlo,16,1,release,8,24,3,false,1400,0,false,Metal,Apple M5 Pro
cjk,sparse_novel_counter,softwrap,40,12,4,7459,1511000,6125,Menlo,16,1,release,8,24,3,false,1400,0,false,Metal,Apple M5 Pro
cjk,sparse_novel_counter,softwrap,40,12,5,6625,1496333,6041,Menlo,16,1,release,8,24,3,false,1400,0,false,Metal,Apple M5 Pro
cjk,sparse_novel_counter,softwrap,40,12,6,6500,1505958,6125,Menlo,16,1,release,8,24,3,false,1400,0,false,Metal,Apple M5 Pro
cjk,sparse_novel_counter,softwrap,40,12,7,6333,1487917,6042,Menlo,16,1,release,8,24,3,false,1400,0,false,Metal,Apple M5 Pro
cjk,sparse_novel_counter,softwrap,40,12,8,6042,1486958,6083,Menlo,16,1,release,8,24,3,false,1400,0,false,Metal,Apple M5 Pro
cjk,sparse_novel_counter,softwrap,40,12,9,5959,1487375,6083,Menlo,16,1,release,8,24,3,false,1400,0,false,Metal,Apple M5 Pro
cjk,sparse_novel_counter,softwrap,40,12,10,5958,1604667,6125,Menlo,16,1,release,8,24,3,false,1400,0,false,Metal,Apple M5 Pro
cjk,sparse_novel_counter,softwrap,40,12,11,7458,1511417,6042,Menlo,16,1,release,8,24,3,false,1400,0,false,Metal,Apple M5 Pro
cjk,sparse_novel_counter,softwrap,40,12,12,6375,1490083,6041,Menlo,16,1,release,8,24,3,false,1400,0,false,Metal,Apple M5 Pro
cjk,sparse_novel_counter,softwrap,40,12,13,5875,1492042,6042,Menlo,16,1,release,8,24,3,false,1400,0,false,Metal,Apple M5 Pro
cjk,sparse_novel_counter,softwrap,40,12,14,5875,1495750,6041,Menlo,16,1,release,8,24,3,false,1400,0,false,Metal,Apple M5 Pro
cjk,sparse_novel_counter,softwrap,40,12,15,5917,1490125,6083,Menlo,16,1,release,8,24,3,false,1400,0,false,Metal,Apple M5 Pro
cjk,sparse_novel_counter,softwrap,40,12,16,5917,1523792,6167,Menlo,16,1,release,8,24,3,false,1400,0,false,Metal,Apple M5 Pro
cjk,sparse_novel_counter,softwrap,40,12,17,7375,1498334,6042,Menlo,16,1,release,8,24,3,false,1400,0,false,Metal,Apple M5 Pro
cjk,sparse_novel_counter,softwrap,40,12,18,6375,1496500,6084,Menlo,16,1,release,8,24,3,false,1400,0,false,Metal,Apple M5 Pro
cjk,sparse_novel_counter,softwrap,40,12,19,6125,1494000,6041,Menlo,16,1,release,8,24,3,false,1400,0,false,Metal,Apple M5 Pro
cjk,sparse_novel_counter,softwrap,40,12,20,5959,1534000,6166,Menlo,16,1,release,8,24,3,false,1400,0,false,Metal,Apple M5 Pro
cjk,sparse_novel_counter,softwrap,40,12,21,5917,1494709,6084,Menlo,16,1,release,8,24,3,false,1400,0,false,Metal,Apple M5 Pro
cjk,sparse_novel_counter,softwrap,40,12,22,5875,1483042,6083,Menlo,16,1,release,8,24,3,false,1400,0,false,Metal,Apple M5 Pro
cjk,sparse_novel_counter,softwrap,40,12,23,5875,1606750,6125,Menlo,16,1,release,8,24,3,false,1400,0,false,Metal,Apple M5 Pro
cjk,scroll_triangle,explicit_rows,40,12,0,3584,52125,6500,Menlo,16,1,release,8,24,3,false,0,0,false,Metal,Apple M5 Pro
cjk,scroll_triangle,explicit_rows,40,12,1,3708,53000,6583,Menlo,16,1,release,8,24,3,false,0,0,false,Metal,Apple M5 Pro
cjk,scroll_triangle,explicit_rows,40,12,2,3625,52667,6500,Menlo,16,1,release,8,24,3,false,0,0,false,Metal,Apple M5 Pro
cjk,scroll_triangle,explicit_rows,40,12,3,3583,4083,42,Menlo,16,1,release,8,24,3,false,0,0,false,Metal,Apple M5 Pro
cjk,scroll_triangle,explicit_rows,40,12,4,3584,4041,6584,Menlo,16,1,release,8,24,3,false,0,0,false,Metal,Apple M5 Pro
cjk,scroll_triangle,explicit_rows,40,12,5,3583,4042,6500,Menlo,16,1,release,8,24,3,false,0,0,false,Metal,Apple M5 Pro
cjk,scroll_triangle,explicit_rows,40,12,6,3542,4000,6500,Menlo,16,1,release,8,24,3,false,0,0,false,Metal,Apple M5 Pro
cjk,scroll_triangle,explicit_rows,40,12,7,3542,4041,6458,Menlo,16,1,release,8,24,3,false,0,0,false,Metal,Apple M5 Pro
cjk,scroll_triangle,explicit_rows,40,12,8,3542,4042,6500,Menlo,16,1,release,8,24,3,false,0,0,false,Metal,Apple M5 Pro
cjk,scroll_triangle,explicit_rows,40,12,9,3542,4000,6542,Menlo,16,1,release,8,24,3,false,0,0,false,Metal,Apple M5 Pro
cjk,scroll_triangle,explicit_rows,40,12,10,3625,4000,6500,Menlo,16,1,release,8,24,3,false,0,0,false,Metal,Apple M5 Pro
cjk,scroll_triangle,explicit_rows,40,12,11,3583,4167,6459,Menlo,16,1,release,8,24,3,false,0,0,false,Metal,Apple M5 Pro
cjk,scroll_triangle,explicit_rows,40,12,12,3542,4042,6375,Menlo,16,1,release,8,24,3,false,0,0,false,Metal,Apple M5 Pro
cjk,scroll_triangle,explicit_rows,40,12,13,3583,4000,6375,Menlo,16,1,release,8,24,3,false,0,0,false,Metal,Apple M5 Pro
cjk,scroll_triangle,explicit_rows,40,12,14,3583,53292,6417,Menlo,16,1,release,8,24,3,false,0,0,false,Metal,Apple M5 Pro
cjk,scroll_triangle,explicit_rows,40,12,15,3625,4083,41,Menlo,16,1,release,8,24,3,false,0,0,false,Metal,Apple M5 Pro
cjk,scroll_triangle,explicit_rows,40,12,16,3542,4000,6333,Menlo,16,1,release,8,24,3,false,0,0,false,Metal,Apple M5 Pro
cjk,scroll_triangle,explicit_rows,40,12,17,3583,4042,6375,Menlo,16,1,release,8,24,3,false,0,0,false,Metal,Apple M5 Pro
cjk,scroll_triangle,explicit_rows,40,12,18,3541,4000,6333,Menlo,16,1,release,8,24,3,false,0,0,false,Metal,Apple M5 Pro
cjk,scroll_triangle,explicit_rows,40,12,19,3584,4041,6334,Menlo,16,1,release,8,24,3,false,0,0,false,Metal,Apple M5 Pro
cjk,scroll_triangle,explicit_rows,40,12,20,3541,4042,6250,Menlo,16,1,release,8,24,3,false,0,0,false,Metal,Apple M5 Pro
cjk,scroll_triangle,explicit_rows,40,12,21,3584,4125,6333,Menlo,16,1,release,8,24,3,false,0,0,false,Metal,Apple M5 Pro
cjk,scroll_triangle,explicit_rows,40,12,22,3542,4083,6292,Menlo,16,1,release,8,24,3,false,0,0,false,Metal,Apple M5 Pro
cjk,scroll_triangle,explicit_rows,40,12,23,3542,3958,6333,Menlo,16,1,release,8,24,3,false,0,0,false,Metal,Apple M5 Pro
cjk,scroll_triangle,softwrap,40,12,0,6834,1490250,6333,Menlo,16,1,release,8,24,3,false,895,499,false,Metal,Apple M5 Pro
cjk,scroll_triangle,softwrap,40,12,1,6708,1484833,6375,Menlo,16,1,release,8,24,3,false,839,554,false,Metal,Apple M5 Pro
cjk,scroll_triangle,softwrap,40,12,2,6625,1510542,6375,Menlo,16,1,release,8,24,3,false,783,610,false,Metal,Apple M5 Pro
cjk,scroll_triangle,softwrap,40,12,3,7500,4417,41,Menlo,16,1,release,8,24,3,false,783,610,false,Metal,Apple M5 Pro
cjk,scroll_triangle,softwrap,40,12,4,6416,4375,6375,Menlo,16,1,release,8,24,3,false,839,554,false,Metal,Apple M5 Pro
cjk,scroll_triangle,softwrap,40,12,5,6292,4250,6334,Menlo,16,1,release,8,24,3,false,895,499,false,Metal,Apple M5 Pro
cjk,scroll_triangle,softwrap,40,12,6,6250,4208,6333,Menlo,16,1,release,8,24,3,false,951,443,false,Metal,Apple M5 Pro
cjk,scroll_triangle,softwrap,40,12,7,6084,4208,6291,Menlo,16,1,release,8,24,3,false,1006,387,false,Metal,Apple M5 Pro
cjk,scroll_triangle,softwrap,40,12,8,6083,4292,6250,Menlo,16,1,release,8,24,3,false,1062,329,false,Metal,Apple M5 Pro
cjk,scroll_triangle,softwrap,40,12,9,6125,4542,6292,Menlo,16,1,release,8,24,3,false,1119,272,false,Metal,Apple M5 Pro
cjk,scroll_triangle,softwrap,40,12,10,6042,4333,6333,Menlo,16,1,release,8,24,3,false,1177,216,false,Metal,Apple M5 Pro
cjk,scroll_triangle,softwrap,40,12,11,6209,4375,6333,Menlo,16,1,release,8,24,3,false,1233,160,false,Metal,Apple M5 Pro
cjk,scroll_triangle,softwrap,40,12,12,6041,4375,6334,Menlo,16,1,release,8,24,3,false,1289,105,false,Metal,Apple M5 Pro
cjk,scroll_triangle,softwrap,40,12,13,5958,4333,6334,Menlo,16,1,release,8,24,3,false,1345,49,false,Metal,Apple M5 Pro
cjk,scroll_triangle,softwrap,40,12,14,5709,1493958,6042,Menlo,16,1,release,8,24,3,false,1400,0,false,Metal,Apple M5 Pro
cjk,scroll_triangle,softwrap,40,12,15,6000,4375,41,Menlo,16,1,release,8,24,3,false,1400,0,false,Metal,Apple M5 Pro
cjk,scroll_triangle,softwrap,40,12,16,5875,4333,6417,Menlo,16,1,release,8,24,3,false,1345,49,false,Metal,Apple M5 Pro
cjk,scroll_triangle,softwrap,40,12,17,5875,4292,6291,Menlo,16,1,release,8,24,3,false,1289,105,false,Metal,Apple M5 Pro
cjk,scroll_triangle,softwrap,40,12,18,6041,4292,6375,Menlo,16,1,release,8,24,3,false,1233,160,false,Metal,Apple M5 Pro
cjk,scroll_triangle,softwrap,40,12,19,5792,4250,6333,Menlo,16,1,release,8,24,3,false,1177,216,false,Metal,Apple M5 Pro
cjk,scroll_triangle,softwrap,40,12,20,6042,4291,6250,Menlo,16,1,release,8,24,3,false,1119,272,false,Metal,Apple M5 Pro
cjk,scroll_triangle,softwrap,40,12,21,5958,4250,6208,Menlo,16,1,release,8,24,3,false,1062,329,false,Metal,Apple M5 Pro
cjk,scroll_triangle,softwrap,40,12,22,5916,4292,6250,Menlo,16,1,release,8,24,3,false,1006,387,false,Metal,Apple M5 Pro
cjk,scroll_triangle,softwrap,40,12,23,5875,4375,6292,Menlo,16,1,release,8,24,3,false,951,443,false,Metal,Apple M5 Pro
cjk,dense_novel_text,explicit_rows,40,12,0,3583,569625,6458,Menlo,16,1,release,8,24,3,false,0,0,false,Metal,Apple M5 Pro
cjk,dense_novel_text,explicit_rows,40,12,1,3625,603125,6500,Menlo,16,1,release,8,24,3,false,0,0,false,Metal,Apple M5 Pro
cjk,dense_novel_text,explicit_rows,40,12,2,3625,600750,6666,Menlo,16,1,release,8,24,3,false,0,0,false,Metal,Apple M5 Pro
cjk,dense_novel_text,explicit_rows,40,12,3,3875,578625,6500,Menlo,16,1,release,8,24,3,false,0,0,false,Metal,Apple M5 Pro
cjk,dense_novel_text,explicit_rows,40,12,4,3708,574916,6500,Menlo,16,1,release,8,24,3,false,0,0,false,Metal,Apple M5 Pro
cjk,dense_novel_text,explicit_rows,40,12,5,3583,575958,6500,Menlo,16,1,release,8,24,3,false,0,0,false,Metal,Apple M5 Pro
cjk,dense_novel_text,explicit_rows,40,12,6,3625,575833,6500,Menlo,16,1,release,8,24,3,false,0,0,false,Metal,Apple M5 Pro
cjk,dense_novel_text,explicit_rows,40,12,7,3667,574125,6500,Menlo,16,1,release,8,24,3,false,0,0,false,Metal,Apple M5 Pro
cjk,dense_novel_text,explicit_rows,40,12,8,3583,575083,6500,Menlo,16,1,release,8,24,3,false,0,0,false,Metal,Apple M5 Pro
cjk,dense_novel_text,explicit_rows,40,12,9,3583,573416,6459,Menlo,16,1,release,8,24,3,false,0,0,false,Metal,Apple M5 Pro
cjk,dense_novel_text,explicit_rows,40,12,10,3625,637708,6541,Menlo,16,1,release,8,24,3,false,0,0,false,Metal,Apple M5 Pro
cjk,dense_novel_text,explicit_rows,40,12,11,3625,573292,6541,Menlo,16,1,release,8,24,3,false,0,0,false,Metal,Apple M5 Pro
cjk,dense_novel_text,explicit_rows,40,12,12,3583,574417,6500,Menlo,16,1,release,8,24,3,false,0,0,false,Metal,Apple M5 Pro
cjk,dense_novel_text,explicit_rows,40,12,13,3583,577250,6500,Menlo,16,1,release,8,24,3,false,0,0,false,Metal,Apple M5 Pro
cjk,dense_novel_text,explicit_rows,40,12,14,3584,575416,6500,Menlo,16,1,release,8,24,3,false,0,0,false,Metal,Apple M5 Pro
cjk,dense_novel_text,explicit_rows,40,12,15,3583,575875,6459,Menlo,16,1,release,8,24,3,false,0,0,false,Metal,Apple M5 Pro
cjk,dense_novel_text,explicit_rows,40,12,16,3584,576709,6541,Menlo,16,1,release,8,24,3,false,0,0,false,Metal,Apple M5 Pro
cjk,dense_novel_text,explicit_rows,40,12,17,3583,575833,6542,Menlo,16,1,release,8,24,3,false,0,0,false,Metal,Apple M5 Pro
cjk,dense_novel_text,explicit_rows,40,12,18,3875,579041,6500,Menlo,16,1,release,8,24,3,false,0,0,false,Metal,Apple M5 Pro
cjk,dense_novel_text,explicit_rows,40,12,19,3625,578292,6500,Menlo,16,1,release,8,24,3,false,0,0,false,Metal,Apple M5 Pro
cjk,dense_novel_text,explicit_rows,40,12,20,3584,576000,6541,Menlo,16,1,release,8,24,3,false,0,0,false,Metal,Apple M5 Pro
cjk,dense_novel_text,explicit_rows,40,12,21,3625,576666,6500,Menlo,16,1,release,8,24,3,false,0,0,false,Metal,Apple M5 Pro
cjk,dense_novel_text,explicit_rows,40,12,22,3625,578333,6500,Menlo,16,1,release,8,24,3,false,0,0,false,Metal,Apple M5 Pro
cjk,dense_novel_text,explicit_rows,40,12,23,3916,580084,6500,Menlo,16,1,release,8,24,3,false,0,0,false,Metal,Apple M5 Pro
cjk,dense_novel_text,softwrap,40,12,0,5708,1498583,13875,Menlo,16,1,release,8,24,3,false,1400,0,false,Metal,Apple M5 Pro
cjk,dense_novel_text,softwrap,40,12,1,5792,1494416,6125,Menlo,16,1,release,8,24,3,false,1400,0,false,Metal,Apple M5 Pro
cjk,dense_novel_text,softwrap,40,12,2,5708,1519166,6167,Menlo,16,1,release,8,24,3,false,1400,0,false,Metal,Apple M5 Pro
cjk,dense_novel_text,softwrap,40,12,3,6125,1493208,6125,Menlo,16,1,release,8,24,3,false,1400,0,false,Metal,Apple M5 Pro
cjk,dense_novel_text,softwrap,40,12,4,5792,1491500,6041,Menlo,16,1,release,8,24,3,false,1400,0,false,Metal,Apple M5 Pro
cjk,dense_novel_text,softwrap,40,12,5,5625,1496583,6250,Menlo,16,1,release,8,24,3,false,1400,0,false,Metal,Apple M5 Pro
cjk,dense_novel_text,softwrap,40,12,6,5709,1515625,6167,Menlo,16,1,release,8,24,3,false,1400,0,false,Metal,Apple M5 Pro
cjk,dense_novel_text,softwrap,40,12,7,5833,1491458,6083,Menlo,16,1,release,8,24,3,false,1400,0,false,Metal,Apple M5 Pro
cjk,dense_novel_text,softwrap,40,12,8,5750,1487666,6084,Menlo,16,1,release,8,24,3,false,1400,0,false,Metal,Apple M5 Pro
cjk,dense_novel_text,softwrap,40,12,9,5917,1506833,6125,Menlo,16,1,release,8,24,3,false,1400,0,false,Metal,Apple M5 Pro
cjk,dense_novel_text,softwrap,40,12,10,6334,1484375,6042,Menlo,16,1,release,8,24,3,false,1400,0,false,Metal,Apple M5 Pro
cjk,dense_novel_text,softwrap,40,12,11,5875,1485166,6042,Menlo,16,1,release,8,24,3,false,1400,0,false,Metal,Apple M5 Pro
cjk,dense_novel_text,softwrap,40,12,12,6167,1480292,6208,Menlo,16,1,release,8,24,3,false,1400,0,false,Metal,Apple M5 Pro
cjk,dense_novel_text,softwrap,40,12,13,5834,1482000,6083,Menlo,16,1,release,8,24,3,false,1400,0,false,Metal,Apple M5 Pro
cjk,dense_novel_text,softwrap,40,12,14,5833,1483000,6000,Menlo,16,1,release,8,24,3,false,1400,0,false,Metal,Apple M5 Pro
cjk,dense_novel_text,softwrap,40,12,15,5833,1515208,6292,Menlo,16,1,release,8,24,3,false,1400,0,false,Metal,Apple M5 Pro
cjk,dense_novel_text,softwrap,40,12,16,6958,1495250,6083,Menlo,16,1,release,8,24,3,false,1400,0,false,Metal,Apple M5 Pro
cjk,dense_novel_text,softwrap,40,12,17,6250,1486875,5875,Menlo,16,1,release,8,24,3,false,1400,0,false,Metal,Apple M5 Pro
cjk,dense_novel_text,softwrap,40,12,18,6000,1481750,6125,Menlo,16,1,release,8,24,3,false,1400,0,false,Metal,Apple M5 Pro
cjk,dense_novel_text,softwrap,40,12,19,5917,1481458,6125,Menlo,16,1,release,8,24,3,false,1400,0,false,Metal,Apple M5 Pro
cjk,dense_novel_text,softwrap,40,12,20,5833,1522250,6167,Menlo,16,1,release,8,24,3,false,1400,0,false,Metal,Apple M5 Pro
cjk,dense_novel_text,softwrap,40,12,21,5833,1484417,6125,Menlo,16,1,release,8,24,3,false,1400,0,false,Metal,Apple M5 Pro
cjk,dense_novel_text,softwrap,40,12,22,5791,1486709,6125,Menlo,16,1,release,8,24,3,false,1400,0,false,Metal,Apple M5 Pro
cjk,dense_novel_text,softwrap,40,12,23,5833,1484250,6083,Menlo,16,1,release,8,24,3,false,1400,0,false,Metal,Apple M5 Pro
arabic,sparse_novel_counter,explicit_rows,40,12,0,3583,28375,750,Menlo,16,1,release,8,24,3,false,0,0,false,Metal,Apple M5 Pro
arabic,sparse_novel_counter,explicit_rows,40,12,1,3583,29250,792,Menlo,16,1,release,8,24,3,false,0,0,false,Metal,Apple M5 Pro
arabic,sparse_novel_counter,explicit_rows,40,12,2,3583,29333,791,Menlo,16,1,release,8,24,3,false,0,0,false,Metal,Apple M5 Pro
arabic,sparse_novel_counter,explicit_rows,40,12,3,3583,29000,792,Menlo,16,1,release,8,24,3,false,0,0,false,Metal,Apple M5 Pro
arabic,sparse_novel_counter,explicit_rows,40,12,4,3583,29458,792,Menlo,16,1,release,8,24,3,false,0,0,false,Metal,Apple M5 Pro
arabic,sparse_novel_counter,explicit_rows,40,12,5,3541,29167,791,Menlo,16,1,release,8,24,3,false,0,0,false,Metal,Apple M5 Pro
arabic,sparse_novel_counter,explicit_rows,40,12,6,3583,29167,750,Menlo,16,1,release,8,24,3,false,0,0,false,Metal,Apple M5 Pro
arabic,sparse_novel_counter,explicit_rows,40,12,7,3542,29167,792,Menlo,16,1,release,8,24,3,false,0,0,false,Metal,Apple M5 Pro
arabic,sparse_novel_counter,explicit_rows,40,12,8,3583,29417,750,Menlo,16,1,release,8,24,3,false,0,0,false,Metal,Apple M5 Pro
arabic,sparse_novel_counter,explicit_rows,40,12,9,3542,37666,792,Menlo,16,1,release,8,24,3,false,0,0,false,Metal,Apple M5 Pro
arabic,sparse_novel_counter,explicit_rows,40,12,10,3542,28875,791,Menlo,16,1,release,8,24,3,false,0,0,false,Metal,Apple M5 Pro
arabic,sparse_novel_counter,explicit_rows,40,12,11,3541,29334,750,Menlo,16,1,release,8,24,3,false,0,0,false,Metal,Apple M5 Pro
arabic,sparse_novel_counter,explicit_rows,40,12,12,3542,29000,791,Menlo,16,1,release,8,24,3,false,0,0,false,Metal,Apple M5 Pro
arabic,sparse_novel_counter,explicit_rows,40,12,13,3542,29666,792,Menlo,16,1,release,8,24,3,false,0,0,false,Metal,Apple M5 Pro
arabic,sparse_novel_counter,explicit_rows,40,12,14,3541,29584,750,Menlo,16,1,release,8,24,3,false,0,0,false,Metal,Apple M5 Pro
arabic,sparse_novel_counter,explicit_rows,40,12,15,3542,29000,750,Menlo,16,1,release,8,24,3,false,0,0,false,Metal,Apple M5 Pro
arabic,sparse_novel_counter,explicit_rows,40,12,16,3542,29500,750,Menlo,16,1,release,8,24,3,false,0,0,false,Metal,Apple M5 Pro
arabic,sparse_novel_counter,explicit_rows,40,12,17,3542,29375,750,Menlo,16,1,release,8,24,3,false,0,0,false,Metal,Apple M5 Pro
arabic,sparse_novel_counter,explicit_rows,40,12,18,3542,29542,792,Menlo,16,1,release,8,24,3,false,0,0,false,Metal,Apple M5 Pro
arabic,sparse_novel_counter,explicit_rows,40,12,19,3542,28916,750,Menlo,16,1,release,8,24,3,false,0,0,false,Metal,Apple M5 Pro
arabic,sparse_novel_counter,explicit_rows,40,12,20,3542,29250,750,Menlo,16,1,release,8,24,3,false,0,0,false,Metal,Apple M5 Pro
arabic,sparse_novel_counter,explicit_rows,40,12,21,3542,30833,792,Menlo,16,1,release,8,24,3,false,0,0,false,Metal,Apple M5 Pro
arabic,sparse_novel_counter,explicit_rows,40,12,22,3584,29083,791,Menlo,16,1,release,8,24,3,false,0,0,false,Metal,Apple M5 Pro
arabic,sparse_novel_counter,explicit_rows,40,12,23,3584,29125,791,Menlo,16,1,release,8,24,3,false,0,0,false,Metal,Apple M5 Pro
arabic,sparse_novel_counter,softwrap,40,12,0,7292,996708,32042,Menlo,16,1,release,8,24,3,false,1919,0,false,Metal,Apple M5 Pro
arabic,sparse_novel_counter,softwrap,40,12,1,7208,999459,10791,Menlo,16,1,release,8,24,3,false,1919,0,false,Metal,Apple M5 Pro
arabic,sparse_novel_counter,softwrap,40,12,2,9208,995709,10667,Menlo,16,1,release,8,24,3,false,1919,0,false,Metal,Apple M5 Pro
arabic,sparse_novel_counter,softwrap,40,12,3,7125,996042,10708,Menlo,16,1,release,8,24,3,false,1919,0,false,Metal,Apple M5 Pro
arabic,sparse_novel_counter,softwrap,40,12,4,6791,998042,10709,Menlo,16,1,release,8,24,3,false,1919,0,false,Metal,Apple M5 Pro
arabic,sparse_novel_counter,softwrap,40,12,5,6917,1037708,10958,Menlo,16,1,release,8,24,3,false,1919,0,false,Metal,Apple M5 Pro
arabic,sparse_novel_counter,softwrap,40,12,6,8958,1080583,10792,Menlo,16,1,release,8,24,3,false,1919,0,false,Metal,Apple M5 Pro
arabic,sparse_novel_counter,softwrap,40,12,7,7916,1013834,10792,Menlo,16,1,release,8,24,3,false,1919,0,false,Metal,Apple M5 Pro
arabic,sparse_novel_counter,softwrap,40,12,8,7375,1002583,10833,Menlo,16,1,release,8,24,3,false,1919,0,false,Metal,Apple M5 Pro
arabic,sparse_novel_counter,softwrap,40,12,9,7250,998875,10833,Menlo,16,1,release,8,24,3,false,1919,0,false,Metal,Apple M5 Pro
arabic,sparse_novel_counter,softwrap,40,12,10,9208,996958,10750,Menlo,16,1,release,8,24,3,false,1919,0,false,Metal,Apple M5 Pro
arabic,sparse_novel_counter,softwrap,40,12,11,7458,995334,10709,Menlo,16,1,release,8,24,3,false,1919,0,false,Metal,Apple M5 Pro
arabic,sparse_novel_counter,softwrap,40,12,12,7125,995709,10750,Menlo,16,1,release,8,24,3,false,1919,0,false,Metal,Apple M5 Pro
arabic,sparse_novel_counter,softwrap,40,12,13,7125,998125,10708,Menlo,16,1,release,8,24,3,false,1919,0,false,Metal,Apple M5 Pro
arabic,sparse_novel_counter,softwrap,40,12,14,7125,994292,11125,Menlo,16,1,release,8,24,3,false,1919,0,false,Metal,Apple M5 Pro
arabic,sparse_novel_counter,softwrap,40,12,15,7083,1083042,10917,Menlo,16,1,release,8,24,3,false,1919,0,false,Metal,Apple M5 Pro
arabic,sparse_novel_counter,softwrap,40,12,16,8791,1037417,10709,Menlo,16,1,release,8,24,3,false,1919,0,false,Metal,Apple M5 Pro
arabic,sparse_novel_counter,softwrap,40,12,17,7541,1015167,10833,Menlo,16,1,release,8,24,3,false,1919,0,false,Metal,Apple M5 Pro
arabic,sparse_novel_counter,softwrap,40,12,18,7334,1003875,10750,Menlo,16,1,release,8,24,3,false,1919,0,false,Metal,Apple M5 Pro
arabic,sparse_novel_counter,softwrap,40,12,19,7208,1001708,10750,Menlo,16,1,release,8,24,3,false,1919,0,false,Metal,Apple M5 Pro
arabic,sparse_novel_counter,softwrap,40,12,20,7166,1001042,10875,Menlo,16,1,release,8,24,3,false,1919,0,false,Metal,Apple M5 Pro
arabic,sparse_novel_counter,softwrap,40,12,21,7042,997833,10750,Menlo,16,1,release,8,24,3,false,1919,0,false,Metal,Apple M5 Pro
arabic,sparse_novel_counter,softwrap,40,12,22,7167,996500,10750,Menlo,16,1,release,8,24,3,false,1919,0,false,Metal,Apple M5 Pro
arabic,sparse_novel_counter,softwrap,40,12,23,7083,998125,10708,Menlo,16,1,release,8,24,3,false,1919,0,false,Metal,Apple M5 Pro
arabic,scroll_triangle,explicit_rows,40,12,0,3833,28500,8541,Menlo,16,1,release,8,24,3,false,0,0,false,Metal,Apple M5 Pro
arabic,scroll_triangle,explicit_rows,40,12,1,3584,29375,8542,Menlo,16,1,release,8,24,3,false,0,0,false,Metal,Apple M5 Pro
arabic,scroll_triangle,explicit_rows,40,12,2,3667,29500,8500,Menlo,16,1,release,8,24,3,false,0,0,false,Metal,Apple M5 Pro
arabic,scroll_triangle,explicit_rows,40,12,3,3625,4042,42,Menlo,16,1,release,8,24,3,false,0,0,false,Metal,Apple M5 Pro
arabic,scroll_triangle,explicit_rows,40,12,4,3750,4083,16500,Menlo,16,1,release,8,24,3,false,0,0,false,Metal,Apple M5 Pro
arabic,scroll_triangle,explicit_rows,40,12,5,3541,4083,8500,Menlo,16,1,release,8,24,3,false,0,0,false,Metal,Apple M5 Pro
arabic,scroll_triangle,explicit_rows,40,12,6,3625,4125,8500,Menlo,16,1,release,8,24,3,false,0,0,false,Metal,Apple M5 Pro
arabic,scroll_triangle,explicit_rows,40,12,7,3709,4125,8458,Menlo,16,1,release,8,24,3,false,0,0,false,Metal,Apple M5 Pro
arabic,scroll_triangle,explicit_rows,40,12,8,3625,4083,8333,Menlo,16,1,release,8,24,3,false,0,0,false,Metal,Apple M5 Pro
arabic,scroll_triangle,explicit_rows,40,12,9,3625,4042,8500,Menlo,16,1,release,8,24,3,false,0,0,false,Metal,Apple M5 Pro
arabic,scroll_triangle,explicit_rows,40,12,10,3584,4083,8458,Menlo,16,1,release,8,24,3,false,0,0,false,Metal,Apple M5 Pro
arabic,scroll_triangle,explicit_rows,40,12,11,3667,4041,8375,Menlo,16,1,release,8,24,3,false,0,0,false,Metal,Apple M5 Pro
arabic,scroll_triangle,explicit_rows,40,12,12,3667,4042,8375,Menlo,16,1,release,8,24,3,false,0,0,false,Metal,Apple M5 Pro
arabic,scroll_triangle,explicit_rows,40,12,13,3542,4083,8416,Menlo,16,1,release,8,24,3,false,0,0,false,Metal,Apple M5 Pro
arabic,scroll_triangle,explicit_rows,40,12,14,3542,29875,8416,Menlo,16,1,release,8,24,3,false,0,0,false,Metal,Apple M5 Pro
arabic,scroll_triangle,explicit_rows,40,12,15,3542,4084,0,Menlo,16,1,release,8,24,3,false,0,0,false,Metal,Apple M5 Pro
arabic,scroll_triangle,explicit_rows,40,12,16,3583,4042,8292,Menlo,16,1,release,8,24,3,false,0,0,false,Metal,Apple M5 Pro
arabic,scroll_triangle,explicit_rows,40,12,17,3542,4041,8375,Menlo,16,1,release,8,24,3,false,0,0,false,Metal,Apple M5 Pro
arabic,scroll_triangle,explicit_rows,40,12,18,3542,4042,8333,Menlo,16,1,release,8,24,3,false,0,0,false,Metal,Apple M5 Pro
arabic,scroll_triangle,explicit_rows,40,12,19,3583,4042,8375,Menlo,16,1,release,8,24,3,false,0,0,false,Metal,Apple M5 Pro
arabic,scroll_triangle,explicit_rows,40,12,20,3542,4042,8291,Menlo,16,1,release,8,24,3,false,0,0,false,Metal,Apple M5 Pro
arabic,scroll_triangle,explicit_rows,40,12,21,3625,4166,8334,Menlo,16,1,release,8,24,3,false,0,0,false,Metal,Apple M5 Pro
arabic,scroll_triangle,explicit_rows,40,12,22,3583,4083,8333,Menlo,16,1,release,8,24,3,false,0,0,false,Metal,Apple M5 Pro
arabic,scroll_triangle,explicit_rows,40,12,23,3583,4083,8250,Menlo,16,1,release,8,24,3,false,0,0,false,Metal,Apple M5 Pro
arabic,scroll_triangle,softwrap,40,12,0,7958,987792,10958,Menlo,16,1,release,8,24,3,false,1278,632,false,Metal,Apple M5 Pro
arabic,scroll_triangle,softwrap,40,12,1,7750,987167,43125,Menlo,16,1,release,8,24,3,false,1204,706,false,Metal,Apple M5 Pro
arabic,scroll_triangle,softwrap,40,12,2,7542,987583,26500,Menlo,16,1,release,8,24,3,false,1139,779,false,Metal,Apple M5 Pro
arabic,scroll_triangle,softwrap,40,12,3,7250,4750,84,Menlo,16,1,release,8,24,3,false,1139,779,false,Metal,Apple M5 Pro
arabic,scroll_triangle,softwrap,40,12,4,7042,4500,10708,Menlo,16,1,release,8,24,3,false,1204,706,false,Metal,Apple M5 Pro
arabic,scroll_triangle,softwrap,40,12,5,7042,4459,10709,Menlo,16,1,release,8,24,3,false,1278,632,false,Metal,Apple M5 Pro
arabic,scroll_triangle,softwrap,40,12,6,7000,4541,10542,Menlo,16,1,release,8,24,3,false,1352,566,false,Metal,Apple M5 Pro
arabic,scroll_triangle,softwrap,40,12,7,7083,4542,10292,Menlo,16,1,release,8,24,3,false,1418,492,false,Metal,Apple M5 Pro
arabic,scroll_triangle,softwrap,40,12,8,7125,4458,10709,Menlo,16,1,release,8,24,3,false,1491,418,false,Metal,Apple M5 Pro
arabic,scroll_triangle,softwrap,40,12,9,7042,4458,10792,Menlo,16,1,release,8,24,3,false,1565,352,false,Metal,Apple M5 Pro
arabic,scroll_triangle,softwrap,40,12,10,7083,4458,10959,Menlo,16,1,release,8,24,3,false,1631,278,false,Metal,Apple M5 Pro
arabic,scroll_triangle,softwrap,40,12,11,7000,4542,10833,Menlo,16,1,release,8,24,3,false,1705,206,false,Metal,Apple M5 Pro
arabic,scroll_triangle,softwrap,40,12,12,6958,4458,10875,Menlo,16,1,release,8,24,3,false,1774,138,false,Metal,Apple M5 Pro
arabic,scroll_triangle,softwrap,40,12,13,7083,4583,10875,Menlo,16,1,release,8,24,3,false,1845,64,false,Metal,Apple M5 Pro
arabic,scroll_triangle,softwrap,40,12,14,6917,990667,36458,Menlo,16,1,release,8,24,3,false,1919,0,false,Metal,Apple M5 Pro
arabic,scroll_triangle,softwrap,40,12,15,7416,4583,42,Menlo,16,1,release,8,24,3,false,1919,0,false,Metal,Apple M5 Pro
arabic,scroll_triangle,softwrap,40,12,16,7083,4583,10959,Menlo,16,1,release,8,24,3,false,1845,64,false,Metal,Apple M5 Pro
arabic,scroll_triangle,softwrap,40,12,17,6875,4458,10916,Menlo,16,1,release,8,24,3,false,1774,138,false,Metal,Apple M5 Pro
arabic,scroll_triangle,softwrap,40,12,18,6875,4458,10875,Menlo,16,1,release,8,24,3,false,1705,206,false,Metal,Apple M5 Pro
arabic,scroll_triangle,softwrap,40,12,19,7041,4417,10833,Menlo,16,1,release,8,24,3,false,1631,278,false,Metal,Apple M5 Pro
arabic,scroll_triangle,softwrap,40,12,20,6917,4458,10833,Menlo,16,1,release,8,24,3,false,1565,352,false,Metal,Apple M5 Pro
arabic,scroll_triangle,softwrap,40,12,21,6917,4417,10667,Menlo,16,1,release,8,24,3,false,1491,418,false,Metal,Apple M5 Pro
arabic,scroll_triangle,softwrap,40,12,22,6958,4459,10750,Menlo,16,1,release,8,24,3,false,1418,492,false,Metal,Apple M5 Pro
arabic,scroll_triangle,softwrap,40,12,23,6958,4500,10959,Menlo,16,1,release,8,24,3,false,1352,566,false,Metal,Apple M5 Pro
arabic,dense_novel_text,explicit_rows,40,12,0,3583,294625,8292,Menlo,16,1,release,8,24,3,false,0,0,false,Metal,Apple M5 Pro
arabic,dense_novel_text,explicit_rows,40,12,1,3583,324542,8334,Menlo,16,1,release,8,24,3,false,0,0,false,Metal,Apple M5 Pro
arabic,dense_novel_text,explicit_rows,40,12,2,3583,294958,8417,Menlo,16,1,release,8,24,3,false,0,0,false,Metal,Apple M5 Pro
arabic,dense_novel_text,explicit_rows,40,12,3,3583,294000,8291,Menlo,16,1,release,8,24,3,false,0,0,false,Metal,Apple M5 Pro
arabic,dense_novel_text,explicit_rows,40,12,4,3542,293916,8334,Menlo,16,1,release,8,24,3,false,0,0,false,Metal,Apple M5 Pro
arabic,dense_novel_text,explicit_rows,40,12,5,3625,328000,8458,Menlo,16,1,release,8,24,3,false,0,0,false,Metal,Apple M5 Pro
arabic,dense_novel_text,explicit_rows,40,12,6,3917,299291,8292,Menlo,16,1,release,8,24,3,false,0,0,false,Metal,Apple M5 Pro
arabic,dense_novel_text,explicit_rows,40,12,7,3625,297625,8333,Menlo,16,1,release,8,24,3,false,0,0,false,Metal,Apple M5 Pro
arabic,dense_novel_text,explicit_rows,40,12,8,3625,296667,8209,Menlo,16,1,release,8,24,3,false,0,0,false,Metal,Apple M5 Pro
arabic,dense_novel_text,explicit_rows,40,12,9,3583,297459,8209,Menlo,16,1,release,8,24,3,false,0,0,false,Metal,Apple M5 Pro
arabic,dense_novel_text,explicit_rows,40,12,10,3625,357458,8334,Menlo,16,1,release,8,24,3,false,0,0,false,Metal,Apple M5 Pro
arabic,dense_novel_text,explicit_rows,40,12,11,3875,295917,8250,Menlo,16,1,release,8,24,3,false,0,0,false,Metal,Apple M5 Pro
arabic,dense_novel_text,explicit_rows,40,12,12,3541,296209,8250,Menlo,16,1,release,8,24,3,false,0,0,false,Metal,Apple M5 Pro
arabic,dense_novel_text,explicit_rows,40,12,13,3667,300958,8334,Menlo,16,1,release,8,24,3,false,0,0,false,Metal,Apple M5 Pro
arabic,dense_novel_text,explicit_rows,40,12,14,3625,301459,8292,Menlo,16,1,release,8,24,3,false,0,0,false,Metal,Apple M5 Pro
arabic,dense_novel_text,explicit_rows,40,12,15,3542,300416,8333,Menlo,16,1,release,8,24,3,false,0,0,false,Metal,Apple M5 Pro
arabic,dense_novel_text,explicit_rows,40,12,16,3542,299542,8208,Menlo,16,1,release,8,24,3,false,0,0,false,Metal,Apple M5 Pro
arabic,dense_novel_text,explicit_rows,40,12,17,3583,299250,8292,Menlo,16,1,release,8,24,3,false,0,0,false,Metal,Apple M5 Pro
arabic,dense_novel_text,explicit_rows,40,12,18,3542,299334,8250,Menlo,16,1,release,8,24,3,false,0,0,false,Metal,Apple M5 Pro
arabic,dense_novel_text,explicit_rows,40,12,19,3541,299667,8250,Menlo,16,1,release,8,24,3,false,0,0,false,Metal,Apple M5 Pro
arabic,dense_novel_text,explicit_rows,40,12,20,3583,299208,8292,Menlo,16,1,release,8,24,3,false,0,0,false,Metal,Apple M5 Pro
arabic,dense_novel_text,explicit_rows,40,12,21,3667,299917,8250,Menlo,16,1,release,8,24,3,false,0,0,false,Metal,Apple M5 Pro
arabic,dense_novel_text,explicit_rows,40,12,22,3542,299584,8333,Menlo,16,1,release,8,24,3,false,0,0,false,Metal,Apple M5 Pro
arabic,dense_novel_text,explicit_rows,40,12,23,3584,300084,8291,Menlo,16,1,release,8,24,3,false,0,0,false,Metal,Apple M5 Pro
arabic,dense_novel_text,softwrap,40,12,0,6916,996000,29209,Menlo,16,1,release,8,24,3,false,1919,0,false,Metal,Apple M5 Pro
arabic,dense_novel_text,softwrap,40,12,1,6958,997791,10959,Menlo,16,1,release,8,24,3,false,1919,0,false,Metal,Apple M5 Pro
arabic,dense_novel_text,softwrap,40,12,2,7041,998792,10958,Menlo,16,1,release,8,24,3,false,1919,0,false,Metal,Apple M5 Pro
arabic,dense_novel_text,softwrap,40,12,3,6958,993084,10917,Menlo,16,1,release,8,24,3,false,1919,0,false,Metal,Apple M5 Pro
arabic,dense_novel_text,softwrap,40,12,4,7208,994625,10958,Menlo,16,1,release,8,24,3,false,1919,0,false,Metal,Apple M5 Pro
arabic,dense_novel_text,softwrap,40,12,5,6834,991708,11167,Menlo,16,1,release,8,24,3,false,1919,0,false,Metal,Apple M5 Pro
arabic,dense_novel_text,softwrap,40,12,6,6792,1020000,11167,Menlo,16,1,release,8,24,3,false,1919,0,false,Metal,Apple M5 Pro
arabic,dense_novel_text,softwrap,40,12,7,6792,1024000,11375,Menlo,16,1,release,8,24,3,false,1919,0,false,Metal,Apple M5 Pro
arabic,dense_novel_text,softwrap,40,12,8,7250,1001375,10916,Menlo,16,1,release,8,24,3,false,1919,0,false,Metal,Apple M5 Pro
arabic,dense_novel_text,softwrap,40,12,9,6917,999083,11167,Menlo,16,1,release,8,24,3,false,1919,0,false,Metal,Apple M5 Pro
arabic,dense_novel_text,softwrap,40,12,10,7000,997834,11084,Menlo,16,1,release,8,24,3,false,1919,0,false,Metal,Apple M5 Pro
arabic,dense_novel_text,softwrap,40,12,11,6917,1006250,11250,Menlo,16,1,release,8,24,3,false,1919,0,false,Metal,Apple M5 Pro
arabic,dense_novel_text,softwrap,40,12,12,6875,999958,10875,Menlo,16,1,release,8,24,3,false,1919,0,false,Metal,Apple M5 Pro
arabic,dense_novel_text,softwrap,40,12,13,6792,997833,10875,Menlo,16,1,release,8,24,3,false,1919,0,false,Metal,Apple M5 Pro
arabic,dense_novel_text,softwrap,40,12,14,6875,1001792,10916,Menlo,16,1,release,8,24,3,false,1919,0,false,Metal,Apple M5 Pro
arabic,dense_novel_text,softwrap,40,12,15,6917,997666,10875,Menlo,16,1,release,8,24,3,false,1919,0,false,Metal,Apple M5 Pro
arabic,dense_novel_text,softwrap,40,12,16,6875,1000375,10917,Menlo,16,1,release,8,24,3,false,1919,0,false,Metal,Apple M5 Pro
arabic,dense_novel_text,softwrap,40,12,17,6791,999167,11000,Menlo,16,1,release,8,24,3,false,1919,0,false,Metal,Apple M5 Pro
arabic,dense_novel_text,softwrap,40,12,18,6875,994333,10916,Menlo,16,1,release,8,24,3,false,1919,0,false,Metal,Apple M5 Pro
arabic,dense_novel_text,softwrap,40,12,19,6792,997875,10959,Menlo,16,1,release,8,24,3,false,1919,0,false,Metal,Apple M5 Pro
arabic,dense_novel_text,softwrap,40,12,20,6833,996416,10917,Menlo,16,1,release,8,24,3,false,1919,0,false,Metal,Apple M5 Pro
arabic,dense_novel_text,softwrap,40,12,21,7209,994917,10958,Menlo,16,1,release,8,24,3,false,1919,0,false,Metal,Apple M5 Pro
arabic,dense_novel_text,softwrap,40,12,22,7000,997042,10958,Menlo,16,1,release,8,24,3,false,1919,0,false,Metal,Apple M5 Pro
arabic,dense_novel_text,softwrap,40,12,23,6833,995792,10916,Menlo,16,1,release,8,24,3,false,1919,0,false,Metal,Apple M5 Pro
rtl_context_ltr_viewport,sparse_novel_counter,explicit_rows,40,12,0,3583,5416,667,Menlo,16,1,release,8,24,3,false,0,0,false,Metal,Apple M5 Pro
rtl_context_ltr_viewport,sparse_novel_counter,explicit_rows,40,12,1,3833,6166,21000,Menlo,16,1,release,8,24,3,false,0,0,false,Metal,Apple M5 Pro
rtl_context_ltr_viewport,sparse_novel_counter,explicit_rows,40,12,2,3667,6000,708,Menlo,16,1,release,8,24,3,false,0,0,false,Metal,Apple M5 Pro
rtl_context_ltr_viewport,sparse_novel_counter,explicit_rows,40,12,3,3625,5792,708,Menlo,16,1,release,8,24,3,false,0,0,false,Metal,Apple M5 Pro
rtl_context_ltr_viewport,sparse_novel_counter,explicit_rows,40,12,4,3583,6583,708,Menlo,16,1,release,8,24,3,false,0,0,false,Metal,Apple M5 Pro
rtl_context_ltr_viewport,sparse_novel_counter,explicit_rows,40,12,5,3625,6208,708,Menlo,16,1,release,8,24,3,false,0,0,false,Metal,Apple M5 Pro
rtl_context_ltr_viewport,sparse_novel_counter,explicit_rows,40,12,6,4750,7500,917,Menlo,16,1,release,8,24,3,false,0,0,false,Metal,Apple M5 Pro
rtl_context_ltr_viewport,sparse_novel_counter,explicit_rows,40,12,7,3583,5833,709,Menlo,16,1,release,8,24,3,false,0,0,false,Metal,Apple M5 Pro
rtl_context_ltr_viewport,sparse_novel_counter,explicit_rows,40,12,8,3583,5750,708,Menlo,16,1,release,8,24,3,false,0,0,false,Metal,Apple M5 Pro
rtl_context_ltr_viewport,sparse_novel_counter,explicit_rows,40,12,9,3583,13750,708,Menlo,16,1,release,8,24,3,false,0,0,false,Metal,Apple M5 Pro
rtl_context_ltr_viewport,sparse_novel_counter,explicit_rows,40,12,10,3625,6667,750,Menlo,16,1,release,8,24,3,false,0,0,false,Metal,Apple M5 Pro
rtl_context_ltr_viewport,sparse_novel_counter,explicit_rows,40,12,11,3667,5666,22833,Menlo,16,1,release,8,24,3,false,0,0,false,Metal,Apple M5 Pro
rtl_context_ltr_viewport,sparse_novel_counter,explicit_rows,40,12,12,3625,5833,708,Menlo,16,1,release,8,24,3,false,0,0,false,Metal,Apple M5 Pro
rtl_context_ltr_viewport,sparse_novel_counter,explicit_rows,40,12,13,3625,6041,709,Menlo,16,1,release,8,24,3,false,0,0,false,Metal,Apple M5 Pro
rtl_context_ltr_viewport,sparse_novel_counter,explicit_rows,40,12,14,3625,5708,708,Menlo,16,1,release,8,24,3,false,0,0,false,Metal,Apple M5 Pro
rtl_context_ltr_viewport,sparse_novel_counter,explicit_rows,40,12,15,3625,5834,791,Menlo,16,1,release,8,24,3,false,0,0,false,Metal,Apple M5 Pro
rtl_context_ltr_viewport,sparse_novel_counter,explicit_rows,40,12,16,3583,6625,666,Menlo,16,1,release,8,24,3,false,0,0,false,Metal,Apple M5 Pro
rtl_context_ltr_viewport,sparse_novel_counter,explicit_rows,40,12,17,3625,6000,708,Menlo,16,1,release,8,24,3,false,0,0,false,Metal,Apple M5 Pro
rtl_context_ltr_viewport,sparse_novel_counter,explicit_rows,40,12,18,3584,5792,708,Menlo,16,1,release,8,24,3,false,0,0,false,Metal,Apple M5 Pro
rtl_context_ltr_viewport,sparse_novel_counter,explicit_rows,40,12,19,3584,5750,792,Menlo,16,1,release,8,24,3,false,0,0,false,Metal,Apple M5 Pro
rtl_context_ltr_viewport,sparse_novel_counter,explicit_rows,40,12,20,3583,5625,709,Menlo,16,1,release,8,24,3,false,0,0,false,Metal,Apple M5 Pro
rtl_context_ltr_viewport,sparse_novel_counter,explicit_rows,40,12,21,3583,5666,18834,Menlo,16,1,release,8,24,3,false,0,0,false,Metal,Apple M5 Pro
rtl_context_ltr_viewport,sparse_novel_counter,explicit_rows,40,12,22,3667,6625,708,Menlo,16,1,release,8,24,3,false,0,0,false,Metal,Apple M5 Pro
rtl_context_ltr_viewport,sparse_novel_counter,explicit_rows,40,12,23,3625,5834,708,Menlo,16,1,release,8,24,3,false,0,0,false,Metal,Apple M5 Pro
rtl_context_ltr_viewport,sparse_novel_counter,softwrap,40,12,0,6541,356375,24166,Menlo,16,1,release,8,24,3,false,1082,0,false,Metal,Apple M5 Pro
rtl_context_ltr_viewport,sparse_novel_counter,softwrap,40,12,1,6625,357458,10042,Menlo,16,1,release,8,24,3,false,1082,0,false,Metal,Apple M5 Pro
rtl_context_ltr_viewport,sparse_novel_counter,softwrap,40,12,2,6667,356375,9959,Menlo,16,1,release,8,24,3,false,1082,0,false,Metal,Apple M5 Pro
rtl_context_ltr_viewport,sparse_novel_counter,softwrap,40,12,3,6500,358792,9958,Menlo,16,1,release,8,24,3,false,1082,0,false,Metal,Apple M5 Pro
rtl_context_ltr_viewport,sparse_novel_counter,softwrap,40,12,4,22208,398500,10333,Menlo,16,1,release,8,24,3,false,1082,0,false,Metal,Apple M5 Pro
rtl_context_ltr_viewport,sparse_novel_counter,softwrap,40,12,5,7500,365209,10084,Menlo,16,1,release,8,24,3,false,1082,0,false,Metal,Apple M5 Pro
rtl_context_ltr_viewport,sparse_novel_counter,softwrap,40,12,6,6667,377875,10000,Menlo,16,1,release,8,24,3,false,1082,0,false,Metal,Apple M5 Pro
rtl_context_ltr_viewport,sparse_novel_counter,softwrap,40,12,7,6500,356209,10166,Menlo,16,1,release,8,24,3,false,1082,0,false,Metal,Apple M5 Pro
rtl_context_ltr_viewport,sparse_novel_counter,softwrap,40,12,8,6458,355375,10000,Menlo,16,1,release,8,24,3,false,1082,0,false,Metal,Apple M5 Pro
rtl_context_ltr_viewport,sparse_novel_counter,softwrap,40,12,9,6459,353375,10000,Menlo,16,1,release,8,24,3,false,1082,0,false,Metal,Apple M5 Pro
rtl_context_ltr_viewport,sparse_novel_counter,softwrap,40,12,10,6375,358709,10000,Menlo,16,1,release,8,24,3,false,1082,0,false,Metal,Apple M5 Pro
rtl_context_ltr_viewport,sparse_novel_counter,softwrap,40,12,11,6333,352500,10083,Menlo,16,1,release,8,24,3,false,1082,0,false,Metal,Apple M5 Pro
rtl_context_ltr_viewport,sparse_novel_counter,softwrap,40,12,12,6583,354542,10041,Menlo,16,1,release,8,24,3,false,1082,0,false,Metal,Apple M5 Pro
rtl_context_ltr_viewport,sparse_novel_counter,softwrap,40,12,13,6458,358167,10000,Menlo,16,1,release,8,24,3,false,1082,0,false,Metal,Apple M5 Pro
rtl_context_ltr_viewport,sparse_novel_counter,softwrap,40,12,14,6375,355167,9958,Menlo,16,1,release,8,24,3,false,1082,0,false,Metal,Apple M5 Pro
rtl_context_ltr_viewport,sparse_novel_counter,softwrap,40,12,15,6334,356625,9917,Menlo,16,1,release,8,24,3,false,1082,0,false,Metal,Apple M5 Pro
rtl_context_ltr_viewport,sparse_novel_counter,softwrap,40,12,16,6375,358000,9958,Menlo,16,1,release,8,24,3,false,1082,0,false,Metal,Apple M5 Pro
rtl_context_ltr_viewport,sparse_novel_counter,softwrap,40,12,17,6500,356000,9958,Menlo,16,1,release,8,24,3,false,1082,0,false,Metal,Apple M5 Pro
rtl_context_ltr_viewport,sparse_novel_counter,softwrap,40,12,18,6458,372083,10375,Menlo,16,1,release,8,24,3,false,1082,0,false,Metal,Apple M5 Pro
rtl_context_ltr_viewport,sparse_novel_counter,softwrap,40,12,19,6917,416958,10791,Menlo,16,1,release,8,24,3,false,1082,0,false,Metal,Apple M5 Pro
rtl_context_ltr_viewport,sparse_novel_counter,softwrap,40,12,20,6583,410917,13500,Menlo,16,1,release,8,24,3,false,1082,0,false,Metal,Apple M5 Pro
rtl_context_ltr_viewport,sparse_novel_counter,softwrap,40,12,21,6834,428583,11917,Menlo,16,1,release,8,24,3,false,1082,0,false,Metal,Apple M5 Pro
rtl_context_ltr_viewport,sparse_novel_counter,softwrap,40,12,22,7541,403333,13625,Menlo,16,1,release,8,24,3,false,1082,0,false,Metal,Apple M5 Pro
rtl_context_ltr_viewport,sparse_novel_counter,softwrap,40,12,23,6834,427000,12625,Menlo,16,1,release,8,24,3,false,1082,0,false,Metal,Apple M5 Pro
rtl_context_ltr_viewport,scroll_triangle,explicit_rows,40,12,0,3625,5084,7084,Menlo,16,1,release,8,24,3,false,0,0,false,Metal,Apple M5 Pro
rtl_context_ltr_viewport,scroll_triangle,explicit_rows,40,12,1,3584,5250,7250,Menlo,16,1,release,8,24,3,false,0,0,false,Metal,Apple M5 Pro
rtl_context_ltr_viewport,scroll_triangle,explicit_rows,40,12,2,3625,5250,7250,Menlo,16,1,release,8,24,3,false,0,0,false,Metal,Apple M5 Pro
rtl_context_ltr_viewport,scroll_triangle,explicit_rows,40,12,3,3500,4167,83,Menlo,16,1,release,8,24,3,false,0,0,false,Metal,Apple M5 Pro
rtl_context_ltr_viewport,scroll_triangle,explicit_rows,40,12,4,3500,4208,7250,Menlo,16,1,release,8,24,3,false,0,0,false,Metal,Apple M5 Pro
rtl_context_ltr_viewport,scroll_triangle,explicit_rows,40,12,5,3667,4167,7250,Menlo,16,1,release,8,24,3,false,0,0,false,Metal,Apple M5 Pro
rtl_context_ltr_viewport,scroll_triangle,explicit_rows,40,12,6,3541,4167,7208,Menlo,16,1,release,8,24,3,false,0,0,false,Metal,Apple M5 Pro
rtl_context_ltr_viewport,scroll_triangle,explicit_rows,40,12,7,3625,4209,7209,Menlo,16,1,release,8,24,3,false,0,0,false,Metal,Apple M5 Pro
rtl_context_ltr_viewport,scroll_triangle,explicit_rows,40,12,8,3542,4250,7250,Menlo,16,1,release,8,24,3,false,0,0,false,Metal,Apple M5 Pro
rtl_context_ltr_viewport,scroll_triangle,explicit_rows,40,12,9,3542,4125,7167,Menlo,16,1,release,8,24,3,false,0,0,false,Metal,Apple M5 Pro
rtl_context_ltr_viewport,scroll_triangle,explicit_rows,40,12,10,3583,4208,7209,Menlo,16,1,release,8,24,3,false,0,0,false,Metal,Apple M5 Pro
rtl_context_ltr_viewport,scroll_triangle,explicit_rows,40,12,11,3541,4167,7208,Menlo,16,1,release,8,24,3,false,0,0,false,Metal,Apple M5 Pro
rtl_context_ltr_viewport,scroll_triangle,explicit_rows,40,12,12,3541,4167,7167,Menlo,16,1,release,8,24,3,false,0,0,false,Metal,Apple M5 Pro
rtl_context_ltr_viewport,scroll_triangle,explicit_rows,40,12,13,3542,4125,7208,Menlo,16,1,release,8,24,3,false,0,0,false,Metal,Apple M5 Pro
rtl_context_ltr_viewport,scroll_triangle,explicit_rows,40,12,14,3542,5209,7333,Menlo,16,1,release,8,24,3,false,0,0,false,Metal,Apple M5 Pro
rtl_context_ltr_viewport,scroll_triangle,explicit_rows,40,12,15,3500,4166,42,Menlo,16,1,release,8,24,3,false,0,0,false,Metal,Apple M5 Pro
rtl_context_ltr_viewport,scroll_triangle,explicit_rows,40,12,16,3542,4250,7292,Menlo,16,1,release,8,24,3,false,0,0,false,Metal,Apple M5 Pro
rtl_context_ltr_viewport,scroll_triangle,explicit_rows,40,12,17,3542,4375,7334,Menlo,16,1,release,8,24,3,false,0,0,false,Metal,Apple M5 Pro
rtl_context_ltr_viewport,scroll_triangle,explicit_rows,40,12,18,3541,4250,7250,Menlo,16,1,release,8,24,3,false,0,0,false,Metal,Apple M5 Pro
rtl_context_ltr_viewport,scroll_triangle,explicit_rows,40,12,19,3542,4208,7250,Menlo,16,1,release,8,24,3,false,0,0,false,Metal,Apple M5 Pro
rtl_context_ltr_viewport,scroll_triangle,explicit_rows,40,12,20,3541,4208,7334,Menlo,16,1,release,8,24,3,false,0,0,false,Metal,Apple M5 Pro
rtl_context_ltr_viewport,scroll_triangle,explicit_rows,40,12,21,3500,4209,7333,Menlo,16,1,release,8,24,3,false,0,0,false,Metal,Apple M5 Pro
rtl_context_ltr_viewport,scroll_triangle,explicit_rows,40,12,22,3541,4167,7459,Menlo,16,1,release,8,24,3,false,0,0,false,Metal,Apple M5 Pro
rtl_context_ltr_viewport,scroll_triangle,explicit_rows,40,12,23,3541,4167,7333,Menlo,16,1,release,8,24,3,false,0,0,false,Metal,Apple M5 Pro
rtl_context_ltr_viewport,scroll_triangle,softwrap,40,12,0,6500,355917,11459,Menlo,16,1,release,8,24,3,false,716,366,false,Metal,Apple M5 Pro
rtl_context_ltr_viewport,scroll_triangle,softwrap,40,12,1,6708,357792,11542,Menlo,16,1,release,8,24,3,false,675,406,false,Metal,Apple M5 Pro
rtl_context_ltr_viewport,scroll_triangle,softwrap,40,12,2,6666,356750,11584,Menlo,16,1,release,8,24,3,false,635,447,false,Metal,Apple M5 Pro
rtl_context_ltr_viewport,scroll_triangle,softwrap,40,12,3,6542,4458,42,Menlo,16,1,release,8,24,3,false,635,447,false,Metal,Apple M5 Pro
rtl_context_ltr_viewport,scroll_triangle,softwrap,40,12,4,6375,4334,11625,Menlo,16,1,release,8,24,3,false,675,406,false,Metal,Apple M5 Pro
rtl_context_ltr_viewport,scroll_triangle,softwrap,40,12,5,6334,4333,11458,Menlo,16,1,release,8,24,3,false,716,366,false,Metal,Apple M5 Pro
rtl_context_ltr_viewport,scroll_triangle,softwrap,40,12,6,6292,4250,11500,Menlo,16,1,release,8,24,3,false,757,325,false,Metal,Apple M5 Pro
rtl_context_ltr_viewport,scroll_triangle,softwrap,40,12,7,6334,4250,11375,Menlo,16,1,release,8,24,3,false,797,284,false,Metal,Apple M5 Pro
rtl_context_ltr_viewport,scroll_triangle,softwrap,40,12,8,6333,4250,11333,Menlo,16,1,release,8,24,3,false,838,244,false,Metal,Apple M5 Pro
rtl_context_ltr_viewport,scroll_triangle,softwrap,40,12,9,6458,4333,11459,Menlo,16,1,release,8,24,3,false,879,203,false,Metal,Apple M5 Pro
rtl_context_ltr_viewport,scroll_triangle,softwrap,40,12,10,6166,4292,11375,Menlo,16,1,release,8,24,3,false,919,162,false,Metal,Apple M5 Pro
rtl_context_ltr_viewport,scroll_triangle,softwrap,40,12,11,6333,4333,11500,Menlo,16,1,release,8,24,3,false,960,122,false,Metal,Apple M5 Pro
rtl_context_ltr_viewport,scroll_triangle,softwrap,40,12,12,6375,4250,11209,Menlo,16,1,release,8,24,3,false,1001,81,false,Metal,Apple M5 Pro
rtl_context_ltr_viewport,scroll_triangle,softwrap,40,12,13,6167,4250,11292,Menlo,16,1,release,8,24,3,false,1041,40,false,Metal,Apple M5 Pro
rtl_context_ltr_viewport,scroll_triangle,softwrap,40,12,14,6459,355542,10542,Menlo,16,1,release,8,24,3,false,1082,0,false,Metal,Apple M5 Pro
rtl_context_ltr_viewport,scroll_triangle,softwrap,40,12,15,6667,4250,0,Menlo,16,1,release,8,24,3,false,1082,0,false,Metal,Apple M5 Pro
rtl_context_ltr_viewport,scroll_triangle,softwrap,40,12,16,6333,4250,11500,Menlo,16,1,release,8,24,3,false,1041,40,false,Metal,Apple M5 Pro
rtl_context_ltr_viewport,scroll_triangle,softwrap,40,12,17,6292,4250,11292,Menlo,16,1,release,8,24,3,false,1001,81,false,Metal,Apple M5 Pro
rtl_context_ltr_viewport,scroll_triangle,softwrap,40,12,18,6334,4209,28291,Menlo,16,1,release,8,24,3,false,960,122,false,Metal,Apple M5 Pro
rtl_context_ltr_viewport,scroll_triangle,softwrap,40,12,19,7792,4875,11541,Menlo,16,1,release,8,24,3,false,919,162,false,Metal,Apple M5 Pro
rtl_context_ltr_viewport,scroll_triangle,softwrap,40,12,20,6833,4583,11417,Menlo,16,1,release,8,24,3,false,879,203,false,Metal,Apple M5 Pro
rtl_context_ltr_viewport,scroll_triangle,softwrap,40,12,21,6584,4458,11292,Menlo,16,1,release,8,24,3,false,838,244,false,Metal,Apple M5 Pro
rtl_context_ltr_viewport,scroll_triangle,softwrap,40,12,22,7000,4458,11417,Menlo,16,1,release,8,24,3,false,797,284,false,Metal,Apple M5 Pro
rtl_context_ltr_viewport,scroll_triangle,softwrap,40,12,23,6583,4541,11250,Menlo,16,1,release,8,24,3,false,757,325,false,Metal,Apple M5 Pro
rtl_context_ltr_viewport,dense_novel_text,explicit_rows,40,12,0,3542,17042,7417,Menlo,16,1,release,8,24,3,false,0,0,false,Metal,Apple M5 Pro
rtl_context_ltr_viewport,dense_novel_text,explicit_rows,40,12,1,3625,45875,19500,Menlo,16,1,release,8,24,3,false,0,0,false,Metal,Apple M5 Pro
rtl_context_ltr_viewport,dense_novel_text,explicit_rows,40,12,2,3542,17375,7459,Menlo,16,1,release,8,24,3,false,0,0,false,Metal,Apple M5 Pro
rtl_context_ltr_viewport,dense_novel_text,explicit_rows,40,12,3,3500,16500,7416,Menlo,16,1,release,8,24,3,false,0,0,false,Metal,Apple M5 Pro
rtl_context_ltr_viewport,dense_novel_text,explicit_rows,40,12,4,3541,17334,7459,Menlo,16,1,release,8,24,3,false,0,0,false,Metal,Apple M5 Pro
rtl_context_ltr_viewport,dense_novel_text,explicit_rows,40,12,5,3542,17625,7458,Menlo,16,1,release,8,24,3,false,0,0,false,Metal,Apple M5 Pro
rtl_context_ltr_viewport,dense_novel_text,explicit_rows,40,12,6,3542,16833,7333,Menlo,16,1,release,8,24,3,false,0,0,false,Metal,Apple M5 Pro
rtl_context_ltr_viewport,dense_novel_text,explicit_rows,40,12,7,3542,16292,7458,Menlo,16,1,release,8,24,3,false,0,0,false,Metal,Apple M5 Pro
rtl_context_ltr_viewport,dense_novel_text,explicit_rows,40,12,8,3584,17125,7375,Menlo,16,1,release,8,24,3,false,0,0,false,Metal,Apple M5 Pro
rtl_context_ltr_viewport,dense_novel_text,explicit_rows,40,12,9,3584,16791,7459,Menlo,16,1,release,8,24,3,false,0,0,false,Metal,Apple M5 Pro
rtl_context_ltr_viewport,dense_novel_text,explicit_rows,40,12,10,3500,75250,7458,Menlo,16,1,release,8,24,3,false,0,0,false,Metal,Apple M5 Pro
rtl_context_ltr_viewport,dense_novel_text,explicit_rows,40,12,11,3500,15750,19042,Menlo,16,1,release,8,24,3,false,0,0,false,Metal,Apple M5 Pro
rtl_context_ltr_viewport,dense_novel_text,explicit_rows,40,12,12,3583,16542,7458,Menlo,16,1,release,8,24,3,false,0,0,false,Metal,Apple M5 Pro
rtl_context_ltr_viewport,dense_novel_text,explicit_rows,40,12,13,3541,18375,7416,Menlo,16,1,release,8,24,3,false,0,0,false,Metal,Apple M5 Pro
rtl_context_ltr_viewport,dense_novel_text,explicit_rows,40,12,14,3750,18500,7333,Menlo,16,1,release,8,24,3,false,0,0,false,Metal,Apple M5 Pro
rtl_context_ltr_viewport,dense_novel_text,explicit_rows,40,12,15,3542,18417,7458,Menlo,16,1,release,8,24,3,false,0,0,false,Metal,Apple M5 Pro
rtl_context_ltr_viewport,dense_novel_text,explicit_rows,40,12,16,3583,18500,7375,Menlo,16,1,release,8,24,3,false,0,0,false,Metal,Apple M5 Pro
rtl_context_ltr_viewport,dense_novel_text,explicit_rows,40,12,17,3542,18250,7417,Menlo,16,1,release,8,24,3,false,0,0,false,Metal,Apple M5 Pro
rtl_context_ltr_viewport,dense_novel_text,explicit_rows,40,12,18,3500,18500,7292,Menlo,16,1,release,8,24,3,false,0,0,false,Metal,Apple M5 Pro
rtl_context_ltr_viewport,dense_novel_text,explicit_rows,40,12,19,3542,18500,7375,Menlo,16,1,release,8,24,3,false,0,0,false,Metal,Apple M5 Pro
rtl_context_ltr_viewport,dense_novel_text,explicit_rows,40,12,20,3500,18167,7375,Menlo,16,1,release,8,24,3,false,0,0,false,Metal,Apple M5 Pro
rtl_context_ltr_viewport,dense_novel_text,explicit_rows,40,12,21,3458,18375,21458,Menlo,16,1,release,8,24,3,false,0,0,false,Metal,Apple M5 Pro
rtl_context_ltr_viewport,dense_novel_text,explicit_rows,40,12,22,3541,18459,7666,Menlo,16,1,release,8,24,3,false,0,0,false,Metal,Apple M5 Pro
rtl_context_ltr_viewport,dense_novel_text,explicit_rows,40,12,23,3541,18375,7625,Menlo,16,1,release,8,24,3,false,0,0,false,Metal,Apple M5 Pro
rtl_context_ltr_viewport,dense_novel_text,softwrap,40,12,0,6459,348959,18708,Menlo,16,1,release,8,24,3,false,1082,0,false,Metal,Apple M5 Pro
rtl_context_ltr_viewport,dense_novel_text,softwrap,40,12,1,6709,349667,10333,Menlo,16,1,release,8,24,3,false,1082,0,false,Metal,Apple M5 Pro
rtl_context_ltr_viewport,dense_novel_text,softwrap,40,12,2,6625,385292,10458,Menlo,16,1,release,8,24,3,false,1082,0,false,Metal,Apple M5 Pro
rtl_context_ltr_viewport,dense_novel_text,softwrap,40,12,3,7084,371583,10333,Menlo,16,1,release,8,24,3,false,1082,0,false,Metal,Apple M5 Pro
rtl_context_ltr_viewport,dense_novel_text,softwrap,40,12,4,6708,355041,10208,Menlo,16,1,release,8,24,3,false,1082,0,false,Metal,Apple M5 Pro
rtl_context_ltr_viewport,dense_novel_text,softwrap,40,12,5,6458,352458,10292,Menlo,16,1,release,8,24,3,false,1082,0,false,Metal,Apple M5 Pro
rtl_context_ltr_viewport,dense_novel_text,softwrap,40,12,6,6375,368208,10458,Menlo,16,1,release,8,24,3,false,1082,0,false,Metal,Apple M5 Pro
rtl_context_ltr_viewport,dense_novel_text,softwrap,40,12,7,6250,349792,10291,Menlo,16,1,release,8,24,3,false,1082,0,false,Metal,Apple M5 Pro
rtl_context_ltr_viewport,dense_novel_text,softwrap,40,12,8,6209,349792,10458,Menlo,16,1,release,8,24,3,false,1082,0,false,Metal,Apple M5 Pro
rtl_context_ltr_viewport,dense_novel_text,softwrap,40,12,9,6459,347916,10250,Menlo,16,1,release,8,24,3,false,1082,0,false,Metal,Apple M5 Pro
rtl_context_ltr_viewport,dense_novel_text,softwrap,40,12,10,6125,346416,10375,Menlo,16,1,release,8,24,3,false,1082,0,false,Metal,Apple M5 Pro
rtl_context_ltr_viewport,dense_novel_text,softwrap,40,12,11,6125,347458,10292,Menlo,16,1,release,8,24,3,false,1082,0,false,Metal,Apple M5 Pro
rtl_context_ltr_viewport,dense_novel_text,softwrap,40,12,12,6209,347458,10458,Menlo,16,1,release,8,24,3,false,1082,0,false,Metal,Apple M5 Pro
rtl_context_ltr_viewport,dense_novel_text,softwrap,40,12,13,6208,348667,10375,Menlo,16,1,release,8,24,3,false,1082,0,false,Metal,Apple M5 Pro
rtl_context_ltr_viewport,dense_novel_text,softwrap,40,12,14,6167,348708,10250,Menlo,16,1,release,8,24,3,false,1082,0,false,Metal,Apple M5 Pro
rtl_context_ltr_viewport,dense_novel_text,softwrap,40,12,15,6333,345667,10250,Menlo,16,1,release,8,24,3,false,1082,0,false,Metal,Apple M5 Pro
rtl_context_ltr_viewport,dense_novel_text,softwrap,40,12,16,6167,349500,10208,Menlo,16,1,release,8,24,3,false,1082,0,false,Metal,Apple M5 Pro
rtl_context_ltr_viewport,dense_novel_text,softwrap,40,12,17,6250,344917,10375,Menlo,16,1,release,8,24,3,false,1082,0,false,Metal,Apple M5 Pro
rtl_context_ltr_viewport,dense_novel_text,softwrap,40,12,18,6125,347417,10250,Menlo,16,1,release,8,24,3,false,1082,0,false,Metal,Apple M5 Pro
rtl_context_ltr_viewport,dense_novel_text,softwrap,40,12,19,6166,347542,10208,Menlo,16,1,release,8,24,3,false,1082,0,false,Metal,Apple M5 Pro
rtl_context_ltr_viewport,dense_novel_text,softwrap,40,12,20,6167,347375,10458,Menlo,16,1,release,8,24,3,false,1082,0,false,Metal,Apple M5 Pro
rtl_context_ltr_viewport,dense_novel_text,softwrap,40,12,21,6166,345917,10208,Menlo,16,1,release,8,24,3,false,1082,0,false,Metal,Apple M5 Pro
rtl_context_ltr_viewport,dense_novel_text,softwrap,40,12,22,6125,346625,10250,Menlo,16,1,release,8,24,3,false,1082,0,false,Metal,Apple M5 Pro
rtl_context_ltr_viewport,dense_novel_text,softwrap,40,12,23,6125,348667,10250,Menlo,16,1,release,8,24,3,false,1082,0,false,Metal,Apple M5 Pro
latin_accents,sparse_novel_counter,explicit_rows,81,25,0,15500,41708,1916,Menlo,16,1,release,8,24,3,false,0,0,false,Metal,Apple M5 Pro
latin_accents,sparse_novel_counter,explicit_rows,81,25,1,15458,43541,1917,Menlo,16,1,release,8,24,3,false,0,0,false,Metal,Apple M5 Pro
latin_accents,sparse_novel_counter,explicit_rows,81,25,2,15375,43042,1917,Menlo,16,1,release,8,24,3,false,0,0,false,Metal,Apple M5 Pro
latin_accents,sparse_novel_counter,explicit_rows,81,25,3,15500,43375,1917,Menlo,16,1,release,8,24,3,false,0,0,false,Metal,Apple M5 Pro
latin_accents,sparse_novel_counter,explicit_rows,81,25,4,15334,42000,1959,Menlo,16,1,release,8,24,3,false,0,0,false,Metal,Apple M5 Pro
latin_accents,sparse_novel_counter,explicit_rows,81,25,5,15291,42875,1917,Menlo,16,1,release,8,24,3,false,0,0,false,Metal,Apple M5 Pro
latin_accents,sparse_novel_counter,explicit_rows,81,25,6,15542,42334,1875,Menlo,16,1,release,8,24,3,false,0,0,false,Metal,Apple M5 Pro
latin_accents,sparse_novel_counter,explicit_rows,81,25,7,15542,44000,1917,Menlo,16,1,release,8,24,3,false,0,0,false,Metal,Apple M5 Pro
latin_accents,sparse_novel_counter,explicit_rows,81,25,8,15334,43375,1917,Menlo,16,1,release,8,24,3,false,0,0,false,Metal,Apple M5 Pro
latin_accents,sparse_novel_counter,explicit_rows,81,25,9,15417,42541,1917,Menlo,16,1,release,8,24,3,false,0,0,false,Metal,Apple M5 Pro
latin_accents,sparse_novel_counter,explicit_rows,81,25,10,15208,41709,1917,Menlo,16,1,release,8,24,3,false,0,0,false,Metal,Apple M5 Pro
latin_accents,sparse_novel_counter,explicit_rows,81,25,11,15458,42625,1917,Menlo,16,1,release,8,24,3,false,0,0,false,Metal,Apple M5 Pro
latin_accents,sparse_novel_counter,explicit_rows,81,25,12,15209,42792,1958,Menlo,16,1,release,8,24,3,false,0,0,false,Metal,Apple M5 Pro
latin_accents,sparse_novel_counter,explicit_rows,81,25,13,15583,42792,1958,Menlo,16,1,release,8,24,3,false,0,0,false,Metal,Apple M5 Pro
latin_accents,sparse_novel_counter,explicit_rows,81,25,14,15375,41375,2000,Menlo,16,1,release,8,24,3,false,0,0,false,Metal,Apple M5 Pro
latin_accents,sparse_novel_counter,explicit_rows,81,25,15,15375,42583,1959,Menlo,16,1,release,8,24,3,false,0,0,false,Metal,Apple M5 Pro
latin_accents,sparse_novel_counter,explicit_rows,81,25,16,15375,42792,1916,Menlo,16,1,release,8,24,3,false,0,0,false,Metal,Apple M5 Pro
latin_accents,sparse_novel_counter,explicit_rows,81,25,17,15542,43958,1916,Menlo,16,1,release,8,24,3,false,0,0,false,Metal,Apple M5 Pro
latin_accents,sparse_novel_counter,explicit_rows,81,25,18,15417,41875,1917,Menlo,16,1,release,8,24,3,false,0,0,false,Metal,Apple M5 Pro
latin_accents,sparse_novel_counter,explicit_rows,81,25,19,15333,43167,1917,Menlo,16,1,release,8,24,3,false,0,0,false,Metal,Apple M5 Pro
latin_accents,sparse_novel_counter,explicit_rows,81,25,20,15583,41417,1875,Menlo,16,1,release,8,24,3,false,0,0,false,Metal,Apple M5 Pro
latin_accents,sparse_novel_counter,explicit_rows,81,25,21,15333,42708,1917,Menlo,16,1,release,8,24,3,false,0,0,false,Metal,Apple M5 Pro
latin_accents,sparse_novel_counter,explicit_rows,81,25,22,15459,43334,2000,Menlo,16,1,release,8,24,3,false,0,0,false,Metal,Apple M5 Pro
latin_accents,sparse_novel_counter,explicit_rows,81,25,23,15208,42875,1916,Menlo,16,1,release,8,24,3,false,0,0,false,Metal,Apple M5 Pro
latin_accents,sparse_novel_counter,softwrap,81,25,0,26791,1272000,72667,Menlo,16,1,release,8,24,3,false,4733,0,false,Metal,Apple M5 Pro
latin_accents,sparse_novel_counter,softwrap,81,25,1,27417,1278000,45750,Menlo,16,1,release,8,24,3,false,4733,0,false,Metal,Apple M5 Pro
latin_accents,sparse_novel_counter,softwrap,81,25,2,26750,1275417,45750,Menlo,16,1,release,8,24,3,false,4733,0,false,Metal,Apple M5 Pro
latin_accents,sparse_novel_counter,softwrap,81,25,3,26542,1274417,45625,Menlo,16,1,release,8,24,3,false,4733,0,false,Metal,Apple M5 Pro
latin_accents,sparse_novel_counter,softwrap,81,25,4,26375,1264917,45541,Menlo,16,1,release,8,24,3,false,4733,0,false,Metal,Apple M5 Pro
latin_accents,sparse_novel_counter,softwrap,81,25,5,26916,1313458,45542,Menlo,16,1,release,8,24,3,false,4733,0,false,Metal,Apple M5 Pro
latin_accents,sparse_novel_counter,softwrap,81,25,6,28625,1286917,45625,Menlo,16,1,release,8,24,3,false,4733,0,false,Metal,Apple M5 Pro
latin_accents,sparse_novel_counter,softwrap,81,25,7,27375,1268459,45667,Menlo,16,1,release,8,24,3,false,4733,0,false,Metal,Apple M5 Pro
latin_accents,sparse_novel_counter,softwrap,81,25,8,26875,1248709,45459,Menlo,16,1,release,8,24,3,false,4733,0,false,Metal,Apple M5 Pro
latin_accents,sparse_novel_counter,softwrap,81,25,9,26791,1252209,45958,Menlo,16,1,release,8,24,3,false,4733,0,false,Metal,Apple M5 Pro
latin_accents,sparse_novel_counter,softwrap,81,25,10,26500,1265875,45750,Menlo,16,1,release,8,24,3,false,4733,0,false,Metal,Apple M5 Pro
latin_accents,sparse_novel_counter,softwrap,81,25,11,27208,1269125,45542,Menlo,16,1,release,8,24,3,false,4733,0,false,Metal,Apple M5 Pro
latin_accents,sparse_novel_counter,softwrap,81,25,12,26667,1310625,45500,Menlo,16,1,release,8,24,3,false,4733,0,false,Metal,Apple M5 Pro
latin_accents,sparse_novel_counter,softwrap,81,25,13,28750,1285417,45542,Menlo,16,1,release,8,24,3,false,4733,0,false,Metal,Apple M5 Pro
latin_accents,sparse_novel_counter,softwrap,81,25,14,27208,1274750,45542,Menlo,16,1,release,8,24,3,false,4733,0,false,Metal,Apple M5 Pro
latin_accents,sparse_novel_counter,softwrap,81,25,15,27292,1279792,45708,Menlo,16,1,release,8,24,3,false,4733,0,false,Metal,Apple M5 Pro
latin_accents,sparse_novel_counter,softwrap,81,25,16,27083,1271708,45417,Menlo,16,1,release,8,24,3,false,4733,0,false,Metal,Apple M5 Pro
latin_accents,sparse_novel_counter,softwrap,81,25,17,27166,1264667,45583,Menlo,16,1,release,8,24,3,false,4733,0,false,Metal,Apple M5 Pro
latin_accents,sparse_novel_counter,softwrap,81,25,18,26750,1264084,46041,Menlo,16,1,release,8,24,3,false,4733,0,false,Metal,Apple M5 Pro
latin_accents,sparse_novel_counter,softwrap,81,25,19,26583,1291541,45583,Menlo,16,1,release,8,24,3,false,4733,0,false,Metal,Apple M5 Pro
latin_accents,sparse_novel_counter,softwrap,81,25,20,28667,1284458,45458,Menlo,16,1,release,8,24,3,false,4733,0,false,Metal,Apple M5 Pro
latin_accents,sparse_novel_counter,softwrap,81,25,21,27167,1276792,45667,Menlo,16,1,release,8,24,3,false,4733,0,false,Metal,Apple M5 Pro
latin_accents,sparse_novel_counter,softwrap,81,25,22,26791,1264084,45375,Menlo,16,1,release,8,24,3,false,4733,0,false,Metal,Apple M5 Pro
latin_accents,sparse_novel_counter,softwrap,81,25,23,27042,1274500,45541,Menlo,16,1,release,8,24,3,false,4733,0,false,Metal,Apple M5 Pro
latin_accents,scroll_triangle,explicit_rows,81,25,0,15250,42250,44917,Menlo,16,1,release,8,24,3,false,0,0,false,Metal,Apple M5 Pro
latin_accents,scroll_triangle,explicit_rows,81,25,1,15542,42708,44959,Menlo,16,1,release,8,24,3,false,0,0,false,Metal,Apple M5 Pro
latin_accents,scroll_triangle,explicit_rows,81,25,2,15500,42500,45042,Menlo,16,1,release,8,24,3,false,0,0,false,Metal,Apple M5 Pro
latin_accents,scroll_triangle,explicit_rows,81,25,3,15500,41917,45166,Menlo,16,1,release,8,24,3,false,0,0,false,Metal,Apple M5 Pro
latin_accents,scroll_triangle,explicit_rows,81,25,4,15583,42334,45041,Menlo,16,1,release,8,24,3,false,0,0,false,Metal,Apple M5 Pro
latin_accents,scroll_triangle,explicit_rows,81,25,5,15542,42250,45125,Menlo,16,1,release,8,24,3,false,0,0,false,Metal,Apple M5 Pro
latin_accents,scroll_triangle,explicit_rows,81,25,6,19625,42125,45000,Menlo,16,1,release,8,24,3,false,0,0,false,Metal,Apple M5 Pro
latin_accents,scroll_triangle,explicit_rows,81,25,7,15708,42667,45083,Menlo,16,1,release,8,24,3,false,0,0,false,Metal,Apple M5 Pro
latin_accents,scroll_triangle,explicit_rows,81,25,8,15375,42625,44958,Menlo,16,1,release,8,24,3,false,0,0,false,Metal,Apple M5 Pro
latin_accents,scroll_triangle,explicit_rows,81,25,9,15458,42459,46042,Menlo,16,1,release,8,24,3,false,0,0,false,Metal,Apple M5 Pro
latin_accents,scroll_triangle,explicit_rows,81,25,10,15583,42583,45959,Menlo,16,1,release,8,24,3,false,0,0,false,Metal,Apple M5 Pro
latin_accents,scroll_triangle,explicit_rows,81,25,11,15500,41958,45541,Menlo,16,1,release,8,24,3,false,0,0,false,Metal,Apple M5 Pro
latin_accents,scroll_triangle,explicit_rows,81,25,12,15250,42459,45666,Menlo,16,1,release,8,24,3,false,0,0,false,Metal,Apple M5 Pro
latin_accents,scroll_triangle,explicit_rows,81,25,13,15667,41750,46583,Menlo,16,1,release,8,24,3,false,0,0,false,Metal,Apple M5 Pro
latin_accents,scroll_triangle,explicit_rows,81,25,14,15459,41708,45750,Menlo,16,1,release,8,24,3,false,0,0,false,Metal,Apple M5 Pro
latin_accents,scroll_triangle,explicit_rows,81,25,15,15625,41958,45750,Menlo,16,1,release,8,24,3,false,0,0,false,Metal,Apple M5 Pro
latin_accents,scroll_triangle,explicit_rows,81,25,16,15291,17417,83,Menlo,16,1,release,8,24,3,false,0,0,false,Metal,Apple M5 Pro
latin_accents,scroll_triangle,explicit_rows,81,25,17,15208,17125,45792,Menlo,16,1,release,8,24,3,false,0,0,false,Metal,Apple M5 Pro
latin_accents,scroll_triangle,explicit_rows,81,25,18,15250,17333,45750,Menlo,16,1,release,8,24,3,false,0,0,false,Metal,Apple M5 Pro
latin_accents,scroll_triangle,explicit_rows,81,25,19,15209,17250,45875,Menlo,16,1,release,8,24,3,false,0,0,false,Metal,Apple M5 Pro
latin_accents,scroll_triangle,explicit_rows,81,25,20,15166,17208,45875,Menlo,16,1,release,8,24,3,false,0,0,false,Metal,Apple M5 Pro
latin_accents,scroll_triangle,explicit_rows,81,25,21,15250,17375,45708,Menlo,16,1,release,8,24,3,false,0,0,false,Metal,Apple M5 Pro
latin_accents,scroll_triangle,explicit_rows,81,25,22,15375,17250,45791,Menlo,16,1,release,8,24,3,false,0,0,false,Metal,Apple M5 Pro
latin_accents,scroll_triangle,explicit_rows,81,25,23,15333,17333,45708,Menlo,16,1,release,8,24,3,false,0,0,false,Metal,Apple M5 Pro
latin_accents,scroll_triangle,softwrap,81,25,0,27042,1279875,48208,Menlo,16,1,release,8,24,3,false,3898,827,false,Metal,Apple M5 Pro
latin_accents,scroll_triangle,softwrap,81,25,1,27916,1279583,47708,Menlo,16,1,release,8,24,3,false,3804,921,false,Metal,Apple M5 Pro
latin_accents,scroll_triangle,softwrap,81,25,2,27833,1300417,47541,Menlo,16,1,release,8,24,3,false,3711,1012,false,Metal,Apple M5 Pro
latin_accents,scroll_triangle,softwrap,81,25,3,28166,1275958,47834,Menlo,16,1,release,8,24,3,false,3620,1105,false,Metal,Apple M5 Pro
latin_accents,scroll_triangle,softwrap,81,25,4,27833,1270083,47792,Menlo,16,1,release,8,24,3,false,3526,1199,false,Metal,Apple M5 Pro
latin_accents,scroll_triangle,softwrap,81,25,5,28458,1268583,47833,Menlo,16,1,release,8,24,3,false,3433,1290,false,Metal,Apple M5 Pro
latin_accents,scroll_triangle,softwrap,81,25,6,30000,1261375,47750,Menlo,16,1,release,8,24,3,false,3342,1383,false,Metal,Apple M5 Pro
latin_accents,scroll_triangle,softwrap,81,25,7,27584,1275542,47625,Menlo,16,1,release,8,24,3,false,3248,1477,false,Metal,Apple M5 Pro
latin_accents,scroll_triangle,softwrap,81,25,8,27416,1273083,48875,Menlo,16,1,release,8,24,3,false,3154,1568,false,Metal,Apple M5 Pro
latin_accents,scroll_triangle,softwrap,81,25,9,30041,1361208,49000,Menlo,16,1,release,8,24,3,false,3063,1662,false,Metal,Apple M5 Pro
latin_accents,scroll_triangle,softwrap,81,25,10,30166,1317583,47792,Menlo,16,1,release,8,24,3,false,2970,1756,false,Metal,Apple M5 Pro
latin_accents,scroll_triangle,softwrap,81,25,11,28375,1267334,47542,Menlo,16,1,release,8,24,3,false,2876,1849,false,Metal,Apple M5 Pro
latin_accents,scroll_triangle,softwrap,81,25,12,28500,1282791,47917,Menlo,16,1,release,8,24,3,false,2785,1940,false,Metal,Apple M5 Pro
latin_accents,scroll_triangle,softwrap,81,25,13,27917,1270417,47833,Menlo,16,1,release,8,24,3,false,2692,2034,false,Metal,Apple M5 Pro
latin_accents,scroll_triangle,softwrap,81,25,14,27833,1266000,47959,Menlo,16,1,release,8,24,3,false,2598,2127,false,Metal,Apple M5 Pro
latin_accents,scroll_triangle,softwrap,81,25,15,28042,1271583,47750,Menlo,16,1,release,8,24,3,false,2507,2218,false,Metal,Apple M5 Pro
latin_accents,scroll_triangle,softwrap,81,25,16,28125,18083,83,Menlo,16,1,release,8,24,3,false,2507,2218,false,Metal,Apple M5 Pro
latin_accents,scroll_triangle,softwrap,81,25,17,26500,18125,47416,Menlo,16,1,release,8,24,3,false,2598,2127,false,Metal,Apple M5 Pro
latin_accents,scroll_triangle,softwrap,81,25,18,26708,17875,47542,Menlo,16,1,release,8,24,3,false,2692,2034,false,Metal,Apple M5 Pro
latin_accents,scroll_triangle,softwrap,81,25,19,26500,17833,45959,Menlo,16,1,release,8,24,3,false,2785,1940,false,Metal,Apple M5 Pro
latin_accents,scroll_triangle,softwrap,81,25,20,26625,1296500,48833,Menlo,16,1,release,8,24,3,false,2876,1849,false,Metal,Apple M5 Pro
latin_accents,scroll_triangle,softwrap,81,25,21,27875,1282375,47791,Menlo,16,1,release,8,24,3,false,2970,1756,false,Metal,Apple M5 Pro
latin_accents,scroll_triangle,softwrap,81,25,22,27750,1276666,47792,Menlo,16,1,release,8,24,3,false,3063,1662,false,Metal,Apple M5 Pro
latin_accents,scroll_triangle,softwrap,81,25,23,27667,1265166,48000,Menlo,16,1,release,8,24,3,false,3154,1568,false,Metal,Apple M5 Pro
latin_accents,dense_novel_text,explicit_rows,81,25,0,15500,634708,45250,Menlo,16,1,release,8,24,3,false,0,0,false,Metal,Apple M5 Pro
latin_accents,dense_novel_text,explicit_rows,81,25,1,15583,639291,45084,Menlo,16,1,release,8,24,3,false,0,0,false,Metal,Apple M5 Pro
latin_accents,dense_novel_text,explicit_rows,81,25,2,16708,652792,45458,Menlo,16,1,release,8,24,3,false,0,0,false,Metal,Apple M5 Pro
latin_accents,dense_novel_text,explicit_rows,81,25,3,15500,641833,45333,Menlo,16,1,release,8,24,3,false,0,0,false,Metal,Apple M5 Pro
latin_accents,dense_novel_text,explicit_rows,81,25,4,15375,642333,49000,Menlo,16,1,release,8,24,3,false,0,0,false,Metal,Apple M5 Pro
latin_accents,dense_novel_text,explicit_rows,81,25,5,15625,642084,45334,Menlo,16,1,release,8,24,3,false,0,0,false,Metal,Apple M5 Pro
latin_accents,dense_novel_text,explicit_rows,81,25,6,15458,640459,45083,Menlo,16,1,release,8,24,3,false,0,0,false,Metal,Apple M5 Pro
latin_accents,dense_novel_text,explicit_rows,81,25,7,15542,641125,45167,Menlo,16,1,release,8,24,3,false,0,0,false,Metal,Apple M5 Pro
latin_accents,dense_novel_text,explicit_rows,81,25,8,15458,641917,45416,Menlo,16,1,release,8,24,3,false,0,0,false,Metal,Apple M5 Pro
latin_accents,dense_novel_text,explicit_rows,81,25,9,15459,639750,45375,Menlo,16,1,release,8,24,3,false,0,0,false,Metal,Apple M5 Pro
latin_accents,dense_novel_text,explicit_rows,81,25,10,15417,640458,45375,Menlo,16,1,release,8,24,3,false,0,0,false,Metal,Apple M5 Pro
latin_accents,dense_novel_text,explicit_rows,81,25,11,15375,642708,45417,Menlo,16,1,release,8,24,3,false,0,0,false,Metal,Apple M5 Pro
latin_accents,dense_novel_text,explicit_rows,81,25,12,15541,714000,45458,Menlo,16,1,release,8,24,3,false,0,0,false,Metal,Apple M5 Pro
latin_accents,dense_novel_text,explicit_rows,81,25,13,15584,643958,45166,Menlo,16,1,release,8,24,3,false,0,0,false,Metal,Apple M5 Pro
latin_accents,dense_novel_text,explicit_rows,81,25,14,15833,666875,45083,Menlo,16,1,release,8,24,3,false,0,0,false,Metal,Apple M5 Pro
latin_accents,dense_novel_text,explicit_rows,81,25,15,15875,640250,45083,Menlo,16,1,release,8,24,3,false,0,0,false,Metal,Apple M5 Pro
latin_accents,dense_novel_text,explicit_rows,81,25,16,19125,636125,44666,Menlo,16,1,release,8,24,3,false,0,0,false,Metal,Apple M5 Pro
latin_accents,dense_novel_text,explicit_rows,81,25,17,15875,637541,45042,Menlo,16,1,release,8,24,3,false,0,0,false,Metal,Apple M5 Pro
latin_accents,dense_novel_text,explicit_rows,81,25,18,15583,639084,45083,Menlo,16,1,release,8,24,3,false,0,0,false,Metal,Apple M5 Pro
latin_accents,dense_novel_text,explicit_rows,81,25,19,15417,633666,45042,Menlo,16,1,release,8,24,3,false,0,0,false,Metal,Apple M5 Pro
latin_accents,dense_novel_text,explicit_rows,81,25,20,15667,633500,45000,Menlo,16,1,release,8,24,3,false,0,0,false,Metal,Apple M5 Pro
latin_accents,dense_novel_text,explicit_rows,81,25,21,15542,635333,45083,Menlo,16,1,release,8,24,3,false,0,0,false,Metal,Apple M5 Pro
latin_accents,dense_novel_text,explicit_rows,81,25,22,15542,636291,45125,Menlo,16,1,release,8,24,3,false,0,0,false,Metal,Apple M5 Pro
latin_accents,dense_novel_text,explicit_rows,81,25,23,15875,634083,45125,Menlo,16,1,release,8,24,3,false,0,0,false,Metal,Apple M5 Pro
latin_accents,dense_novel_text,softwrap,81,25,0,26958,1276250,48375,Menlo,16,1,release,8,24,3,false,4733,0,false,Metal,Apple M5 Pro
latin_accents,dense_novel_text,softwrap,81,25,1,26750,1275250,45917,Menlo,16,1,release,8,24,3,false,4733,0,false,Metal,Apple M5 Pro
latin_accents,dense_novel_text,softwrap,81,25,2,26750,1277208,45875,Menlo,16,1,release,8,24,3,false,4733,0,false,Metal,Apple M5 Pro
latin_accents,dense_novel_text,softwrap,81,25,3,26542,1295250,45875,Menlo,16,1,release,8,24,3,false,4733,0,false,Metal,Apple M5 Pro
latin_accents,dense_novel_text,softwrap,81,25,4,26708,1275708,45125,Menlo,16,1,release,8,24,3,false,4733,0,false,Metal,Apple M5 Pro
latin_accents,dense_novel_text,softwrap,81,25,5,26750,1274083,45833,Menlo,16,1,release,8,24,3,false,4733,0,false,Metal,Apple M5 Pro
latin_accents,dense_novel_text,softwrap,81,25,6,26416,1257334,45833,Menlo,16,1,release,8,24,3,false,4733,0,false,Metal,Apple M5 Pro
latin_accents,dense_novel_text,softwrap,81,25,7,26500,1275666,45792,Menlo,16,1,release,8,24,3,false,4733,0,false,Metal,Apple M5 Pro
latin_accents,dense_novel_text,softwrap,81,25,8,26750,1279709,45833,Menlo,16,1,release,8,24,3,false,4733,0,false,Metal,Apple M5 Pro
latin_accents,dense_novel_text,softwrap,81,25,9,26584,1274416,45583,Menlo,16,1,release,8,24,3,false,4733,0,false,Metal,Apple M5 Pro
latin_accents,dense_novel_text,softwrap,81,25,10,26500,1292000,45958,Menlo,16,1,release,8,24,3,false,4733,0,false,Metal,Apple M5 Pro
latin_accents,dense_novel_text,softwrap,81,25,11,26916,1285333,45833,Menlo,16,1,release,8,24,3,false,4733,0,false,Metal,Apple M5 Pro
latin_accents,dense_novel_text,softwrap,81,25,12,26667,1257542,45833,Menlo,16,1,release,8,24,3,false,4733,0,false,Metal,Apple M5 Pro
latin_accents,dense_novel_text,softwrap,81,25,13,26833,1270625,45792,Menlo,16,1,release,8,24,3,false,4733,0,false,Metal,Apple M5 Pro
latin_accents,dense_novel_text,softwrap,81,25,14,29708,1254708,45875,Menlo,16,1,release,8,24,3,false,4733,0,false,Metal,Apple M5 Pro
latin_accents,dense_novel_text,softwrap,81,25,15,26416,1264125,45459,Menlo,16,1,release,8,24,3,false,4733,0,false,Metal,Apple M5 Pro
latin_accents,dense_novel_text,softwrap,81,25,16,26250,1265958,45750,Menlo,16,1,release,8,24,3,false,4733,0,false,Metal,Apple M5 Pro
latin_accents,dense_novel_text,softwrap,81,25,17,26334,1276041,45208,Menlo,16,1,release,8,24,3,false,4733,0,false,Metal,Apple M5 Pro
latin_accents,dense_novel_text,softwrap,81,25,18,26916,1262584,46000,Menlo,16,1,release,8,24,3,false,4733,0,false,Metal,Apple M5 Pro
latin_accents,dense_novel_text,softwrap,81,25,19,27250,1275125,46083,Menlo,16,1,release,8,24,3,false,4733,0,false,Metal,Apple M5 Pro
latin_accents,dense_novel_text,softwrap,81,25,20,26584,1262959,45584,Menlo,16,1,release,8,24,3,false,4733,0,false,Metal,Apple M5 Pro
latin_accents,dense_novel_text,softwrap,81,25,21,26542,1253791,45833,Menlo,16,1,release,8,24,3,false,4733,0,false,Metal,Apple M5 Pro
latin_accents,dense_novel_text,softwrap,81,25,22,26584,1266625,45708,Menlo,16,1,release,8,24,3,false,4733,0,false,Metal,Apple M5 Pro
latin_accents,dense_novel_text,softwrap,81,25,23,27375,1268584,45583,Menlo,16,1,release,8,24,3,false,4733,0,false,Metal,Apple M5 Pro
cyrillic,sparse_novel_counter,explicit_rows,81,25,0,14792,39834,1833,Menlo,16,1,release,8,24,3,false,0,0,false,Metal,Apple M5 Pro
cyrillic,sparse_novel_counter,explicit_rows,81,25,1,15584,48833,2000,Menlo,16,1,release,8,24,3,false,0,0,false,Metal,Apple M5 Pro
cyrillic,sparse_novel_counter,explicit_rows,81,25,2,14959,42083,1833,Menlo,16,1,release,8,24,3,false,0,0,false,Metal,Apple M5 Pro
cyrillic,sparse_novel_counter,explicit_rows,81,25,3,14916,40792,1875,Menlo,16,1,release,8,24,3,false,0,0,false,Metal,Apple M5 Pro
cyrillic,sparse_novel_counter,explicit_rows,81,25,4,15042,40375,1958,Menlo,16,1,release,8,24,3,false,0,0,false,Metal,Apple M5 Pro
cyrillic,sparse_novel_counter,explicit_rows,81,25,5,14959,40291,1875,Menlo,16,1,release,8,24,3,false,0,0,false,Metal,Apple M5 Pro
cyrillic,sparse_novel_counter,explicit_rows,81,25,6,14750,40084,1875,Menlo,16,1,release,8,24,3,false,0,0,false,Metal,Apple M5 Pro
cyrillic,sparse_novel_counter,explicit_rows,81,25,7,14917,39917,1916,Menlo,16,1,release,8,24,3,false,0,0,false,Metal,Apple M5 Pro
cyrillic,sparse_novel_counter,explicit_rows,81,25,8,15083,40250,1875,Menlo,16,1,release,8,24,3,false,0,0,false,Metal,Apple M5 Pro
cyrillic,sparse_novel_counter,explicit_rows,81,25,9,14792,40083,1875,Menlo,16,1,release,8,24,3,false,0,0,false,Metal,Apple M5 Pro
cyrillic,sparse_novel_counter,explicit_rows,81,25,10,14916,39959,1916,Menlo,16,1,release,8,24,3,false,0,0,false,Metal,Apple M5 Pro
cyrillic,sparse_novel_counter,explicit_rows,81,25,11,14917,40000,1875,Menlo,16,1,release,8,24,3,false,0,0,false,Metal,Apple M5 Pro
cyrillic,sparse_novel_counter,explicit_rows,81,25,12,14958,40417,1875,Menlo,16,1,release,8,24,3,false,0,0,false,Metal,Apple M5 Pro
cyrillic,sparse_novel_counter,explicit_rows,81,25,13,15083,39917,1833,Menlo,16,1,release,8,24,3,false,0,0,false,Metal,Apple M5 Pro
cyrillic,sparse_novel_counter,explicit_rows,81,25,14,15041,40000,1834,Menlo,16,1,release,8,24,3,false,0,0,false,Metal,Apple M5 Pro
cyrillic,sparse_novel_counter,explicit_rows,81,25,15,14959,40041,1875,Menlo,16,1,release,8,24,3,false,0,0,false,Metal,Apple M5 Pro
cyrillic,sparse_novel_counter,explicit_rows,81,25,16,14833,39750,1791,Menlo,16,1,release,8,24,3,false,0,0,false,Metal,Apple M5 Pro
cyrillic,sparse_novel_counter,explicit_rows,81,25,17,15000,40041,1833,Menlo,16,1,release,8,24,3,false,0,0,false,Metal,Apple M5 Pro
cyrillic,sparse_novel_counter,explicit_rows,81,25,18,14959,44208,1833,Menlo,16,1,release,8,24,3,false,0,0,false,Metal,Apple M5 Pro
cyrillic,sparse_novel_counter,explicit_rows,81,25,19,14750,40458,1834,Menlo,16,1,release,8,24,3,false,0,0,false,Metal,Apple M5 Pro
cyrillic,sparse_novel_counter,explicit_rows,81,25,20,14750,40292,1834,Menlo,16,1,release,8,24,3,false,0,0,false,Metal,Apple M5 Pro
cyrillic,sparse_novel_counter,explicit_rows,81,25,21,14792,40500,1833,Menlo,16,1,release,8,24,3,false,0,0,false,Metal,Apple M5 Pro
cyrillic,sparse_novel_counter,explicit_rows,81,25,22,14875,40333,1833,Menlo,16,1,release,8,24,3,false,0,0,false,Metal,Apple M5 Pro
cyrillic,sparse_novel_counter,explicit_rows,81,25,23,14917,40083,1834,Menlo,16,1,release,8,24,3,false,0,0,false,Metal,Apple M5 Pro
cyrillic,sparse_novel_counter,softwrap,81,25,0,27084,1207875,69084,Menlo,16,1,release,8,24,3,false,7022,0,false,Metal,Apple M5 Pro
cyrillic,sparse_novel_counter,softwrap,81,25,1,29000,1202167,44875,Menlo,16,1,release,8,24,3,false,7022,0,false,Metal,Apple M5 Pro
cyrillic,sparse_novel_counter,softwrap,81,25,2,28417,1182250,44125,Menlo,16,1,release,8,24,3,false,7022,0,false,Metal,Apple M5 Pro
cyrillic,sparse_novel_counter,softwrap,81,25,3,28375,1175875,43875,Menlo,16,1,release,8,24,3,false,7022,0,false,Metal,Apple M5 Pro
cyrillic,sparse_novel_counter,softwrap,81,25,4,27292,1184250,44042,Menlo,16,1,release,8,24,3,false,7022,0,false,Metal,Apple M5 Pro
cyrillic,sparse_novel_counter,softwrap,81,25,5,27209,1188542,44167,Menlo,16,1,release,8,24,3,false,7022,0,false,Metal,Apple M5 Pro
cyrillic,sparse_novel_counter,softwrap,81,25,6,27750,1184708,44000,Menlo,16,1,release,8,24,3,false,7022,0,false,Metal,Apple M5 Pro
cyrillic,sparse_novel_counter,softwrap,81,25,7,27666,1175625,43917,Menlo,16,1,release,8,24,3,false,7022,0,false,Metal,Apple M5 Pro
cyrillic,sparse_novel_counter,softwrap,81,25,8,26792,1213917,43875,Menlo,16,1,release,8,24,3,false,7022,0,false,Metal,Apple M5 Pro
cyrillic,sparse_novel_counter,softwrap,81,25,9,29125,1203125,43958,Menlo,16,1,release,8,24,3,false,7022,0,false,Metal,Apple M5 Pro
cyrillic,sparse_novel_counter,softwrap,81,25,10,27750,1179250,44084,Menlo,16,1,release,8,24,3,false,7022,0,false,Metal,Apple M5 Pro
cyrillic,sparse_novel_counter,softwrap,81,25,11,27167,1173875,44042,Menlo,16,1,release,8,24,3,false,7022,0,false,Metal,Apple M5 Pro
cyrillic,sparse_novel_counter,softwrap,81,25,12,26750,1180958,44167,Menlo,16,1,release,8,24,3,false,7022,0,false,Metal,Apple M5 Pro
cyrillic,sparse_novel_counter,softwrap,81,25,13,27291,1187792,43917,Menlo,16,1,release,8,24,3,false,7022,0,false,Metal,Apple M5 Pro
cyrillic,sparse_novel_counter,softwrap,81,25,14,26709,1183166,43833,Menlo,16,1,release,8,24,3,false,7022,0,false,Metal,Apple M5 Pro
cyrillic,sparse_novel_counter,softwrap,81,25,15,26625,1187875,44084,Menlo,16,1,release,8,24,3,false,7022,0,false,Metal,Apple M5 Pro
cyrillic,sparse_novel_counter,softwrap,81,25,16,26875,1225459,42292,Menlo,16,1,release,8,24,3,false,7022,0,false,Metal,Apple M5 Pro
cyrillic,sparse_novel_counter,softwrap,81,25,17,28708,1201500,44292,Menlo,16,1,release,8,24,3,false,7022,0,false,Metal,Apple M5 Pro
cyrillic,sparse_novel_counter,softwrap,81,25,18,27167,1186875,51250,Menlo,16,1,release,8,24,3,false,7022,0,false,Metal,Apple M5 Pro
cyrillic,sparse_novel_counter,softwrap,81,25,19,27083,1190500,43917,Menlo,16,1,release,8,24,3,false,7022,0,false,Metal,Apple M5 Pro
cyrillic,sparse_novel_counter,softwrap,81,25,20,27625,1186500,44083,Menlo,16,1,release,8,24,3,false,7022,0,false,Metal,Apple M5 Pro
cyrillic,sparse_novel_counter,softwrap,81,25,21,27000,1180250,44125,Menlo,16,1,release,8,24,3,false,7022,0,false,Metal,Apple M5 Pro
cyrillic,sparse_novel_counter,softwrap,81,25,22,26584,1185042,44125,Menlo,16,1,release,8,24,3,false,7022,0,false,Metal,Apple M5 Pro
cyrillic,sparse_novel_counter,softwrap,81,25,23,26917,1201709,43959,Menlo,16,1,release,8,24,3,false,7022,0,false,Metal,Apple M5 Pro
cyrillic,scroll_triangle,explicit_rows,81,25,0,14792,40083,43917,Menlo,16,1,release,8,24,3,false,0,0,false,Metal,Apple M5 Pro
cyrillic,scroll_triangle,explicit_rows,81,25,1,14833,40875,44041,Menlo,16,1,release,8,24,3,false,0,0,false,Metal,Apple M5 Pro
cyrillic,scroll_triangle,explicit_rows,81,25,2,14916,40959,44166,Menlo,16,1,release,8,24,3,false,0,0,false,Metal,Apple M5 Pro
cyrillic,scroll_triangle,explicit_rows,81,25,3,14958,40583,44042,Menlo,16,1,release,8,24,3,false,0,0,false,Metal,Apple M5 Pro
cyrillic,scroll_triangle,explicit_rows,81,25,4,15209,40750,43500,Menlo,16,1,release,8,24,3,false,0,0,false,Metal,Apple M5 Pro
cyrillic,scroll_triangle,explicit_rows,81,25,5,14834,40250,42291,Menlo,16,1,release,8,24,3,false,0,0,false,Metal,Apple M5 Pro
cyrillic,scroll_triangle,explicit_rows,81,25,6,14958,40333,42709,Menlo,16,1,release,8,24,3,false,0,0,false,Metal,Apple M5 Pro
cyrillic,scroll_triangle,explicit_rows,81,25,7,15166,41000,43958,Menlo,16,1,release,8,24,3,false,0,0,false,Metal,Apple M5 Pro
cyrillic,scroll_triangle,explicit_rows,81,25,8,15042,40625,44000,Menlo,16,1,release,8,24,3,false,0,0,false,Metal,Apple M5 Pro
cyrillic,scroll_triangle,explicit_rows,81,25,9,15166,40500,43333,Menlo,16,1,release,8,24,3,false,0,0,false,Metal,Apple M5 Pro
cyrillic,scroll_triangle,explicit_rows,81,25,10,15208,40458,42125,Menlo,16,1,release,8,24,3,false,0,0,false,Metal,Apple M5 Pro
cyrillic,scroll_triangle,explicit_rows,81,25,11,14958,40208,42333,Menlo,16,1,release,8,24,3,false,0,0,false,Metal,Apple M5 Pro
cyrillic,scroll_triangle,explicit_rows,81,25,12,15042,40541,43334,Menlo,16,1,release,8,24,3,false,0,0,false,Metal,Apple M5 Pro
cyrillic,scroll_triangle,explicit_rows,81,25,13,15083,40375,43334,Menlo,16,1,release,8,24,3,false,0,0,false,Metal,Apple M5 Pro
cyrillic,scroll_triangle,explicit_rows,81,25,14,15083,40334,43291,Menlo,16,1,release,8,24,3,false,0,0,false,Metal,Apple M5 Pro
cyrillic,scroll_triangle,explicit_rows,81,25,15,15208,40542,43750,Menlo,16,1,release,8,24,3,false,0,0,false,Metal,Apple M5 Pro
cyrillic,scroll_triangle,explicit_rows,81,25,16,14792,16750,83,Menlo,16,1,release,8,24,3,false,0,0,false,Metal,Apple M5 Pro
cyrillic,scroll_triangle,explicit_rows,81,25,17,14708,16708,44083,Menlo,16,1,release,8,24,3,false,0,0,false,Metal,Apple M5 Pro
cyrillic,scroll_triangle,explicit_rows,81,25,18,14666,16917,43959,Menlo,16,1,release,8,24,3,false,0,0,false,Metal,Apple M5 Pro
cyrillic,scroll_triangle,explicit_rows,81,25,19,14834,16708,44125,Menlo,16,1,release,8,24,3,false,0,0,false,Metal,Apple M5 Pro
cyrillic,scroll_triangle,explicit_rows,81,25,20,14875,16708,43084,Menlo,16,1,release,8,24,3,false,0,0,false,Metal,Apple M5 Pro
cyrillic,scroll_triangle,explicit_rows,81,25,21,14792,16667,42958,Menlo,16,1,release,8,24,3,false,0,0,false,Metal,Apple M5 Pro
cyrillic,scroll_triangle,explicit_rows,81,25,22,14875,16667,42958,Menlo,16,1,release,8,24,3,false,0,0,false,Metal,Apple M5 Pro
cyrillic,scroll_triangle,explicit_rows,81,25,23,14709,16500,43042,Menlo,16,1,release,8,24,3,false,0,0,false,Metal,Apple M5 Pro
cyrillic,scroll_triangle,softwrap,81,25,0,27042,1190000,45500,Menlo,16,1,release,8,24,3,false,5782,1200,false,Metal,Apple M5 Pro
cyrillic,scroll_triangle,softwrap,81,25,1,27375,1222791,45167,Menlo,16,1,release,8,24,3,false,5644,1337,false,Metal,Apple M5 Pro
cyrillic,scroll_triangle,softwrap,81,25,2,27667,1182791,44959,Menlo,16,1,release,8,24,3,false,5508,1477,false,Metal,Apple M5 Pro
cyrillic,scroll_triangle,softwrap,81,25,3,27167,1197625,45333,Menlo,16,1,release,8,24,3,false,5368,1613,false,Metal,Apple M5 Pro
cyrillic,scroll_triangle,softwrap,81,25,4,27209,1202125,45208,Menlo,16,1,release,8,24,3,false,5233,1753,false,Metal,Apple M5 Pro
cyrillic,scroll_triangle,softwrap,81,25,5,27292,1189375,45125,Menlo,16,1,release,8,24,3,false,5096,1890,false,Metal,Apple M5 Pro
cyrillic,scroll_triangle,softwrap,81,25,6,27375,1183416,45375,Menlo,16,1,release,8,24,3,false,4956,2026,false,Metal,Apple M5 Pro
cyrillic,scroll_triangle,softwrap,81,25,7,27250,1199083,45166,Menlo,16,1,release,8,24,3,false,4819,2166,false,Metal,Apple M5 Pro
cyrillic,scroll_triangle,softwrap,81,25,8,27417,1192584,45167,Menlo,16,1,release,8,24,3,false,4679,2302,false,Metal,Apple M5 Pro
cyrillic,scroll_triangle,softwrap,81,25,9,27750,1217625,45292,Menlo,16,1,release,8,24,3,false,4543,2438,false,Metal,Apple M5 Pro
cyrillic,scroll_triangle,softwrap,81,25,10,28125,1187291,45125,Menlo,16,1,release,8,24,3,false,4407,2578,false,Metal,Apple M5 Pro
cyrillic,scroll_triangle,softwrap,81,25,11,27666,1194042,45125,Menlo,16,1,release,8,24,3,false,4267,2715,false,Metal,Apple M5 Pro
cyrillic,scroll_triangle,softwrap,81,25,12,27666,1199500,45333,Menlo,16,1,release,8,24,3,false,4130,2856,false,Metal,Apple M5 Pro
cyrillic,scroll_triangle,softwrap,81,25,13,27708,1214000,45334,Menlo,16,1,release,8,24,3,false,3994,2991,false,Metal,Apple M5 Pro
cyrillic,scroll_triangle,softwrap,81,25,14,27709,1198500,45209,Menlo,16,1,release,8,24,3,false,3855,3128,false,Metal,Apple M5 Pro
cyrillic,scroll_triangle,softwrap,81,25,15,27083,1197167,45291,Menlo,16,1,release,8,24,3,false,3717,3267,false,Metal,Apple M5 Pro
cyrillic,scroll_triangle,softwrap,81,25,16,27042,18167,83,Menlo,16,1,release,8,24,3,false,3717,3267,false,Metal,Apple M5 Pro
cyrillic,scroll_triangle,softwrap,81,25,17,26209,17583,45000,Menlo,16,1,release,8,24,3,false,3855,3128,false,Metal,Apple M5 Pro
cyrillic,scroll_triangle,softwrap,81,25,18,26458,17792,44916,Menlo,16,1,release,8,24,3,false,3994,2991,false,Metal,Apple M5 Pro
cyrillic,scroll_triangle,softwrap,81,25,19,26666,17542,45042,Menlo,16,1,release,8,24,3,false,4130,2856,false,Metal,Apple M5 Pro
cyrillic,scroll_triangle,softwrap,81,25,20,26417,1222708,46500,Menlo,16,1,release,8,24,3,false,4267,2715,false,Metal,Apple M5 Pro
cyrillic,scroll_triangle,softwrap,81,25,21,29500,1204666,45375,Menlo,16,1,release,8,24,3,false,4407,2578,false,Metal,Apple M5 Pro
cyrillic,scroll_triangle,softwrap,81,25,22,28000,1218708,45875,Menlo,16,1,release,8,24,3,false,4543,2438,false,Metal,Apple M5 Pro
cyrillic,scroll_triangle,softwrap,81,25,23,28333,1199458,45792,Menlo,16,1,release,8,24,3,false,4679,2302,false,Metal,Apple M5 Pro
cyrillic,dense_novel_text,explicit_rows,81,25,0,15375,605375,42875,Menlo,16,1,release,8,24,3,false,0,0,false,Metal,Apple M5 Pro
cyrillic,dense_novel_text,explicit_rows,81,25,1,15417,605792,42875,Menlo,16,1,release,8,24,3,false,0,0,false,Metal,Apple M5 Pro
cyrillic,dense_novel_text,explicit_rows,81,25,2,15083,607750,42917,Menlo,16,1,release,8,24,3,false,0,0,false,Metal,Apple M5 Pro
cyrillic,dense_novel_text,explicit_rows,81,25,3,15000,607917,42708,Menlo,16,1,release,8,24,3,false,0,0,false,Metal,Apple M5 Pro
cyrillic,dense_novel_text,explicit_rows,81,25,4,15125,607875,42875,Menlo,16,1,release,8,24,3,false,0,0,false,Metal,Apple M5 Pro
cyrillic,dense_novel_text,explicit_rows,81,25,5,14875,606459,42833,Menlo,16,1,release,8,24,3,false,0,0,false,Metal,Apple M5 Pro
cyrillic,dense_novel_text,explicit_rows,81,25,6,15042,608625,42708,Menlo,16,1,release,8,24,3,false,0,0,false,Metal,Apple M5 Pro
cyrillic,dense_novel_text,explicit_rows,81,25,7,14917,606625,43125,Menlo,16,1,release,8,24,3,false,0,0,false,Metal,Apple M5 Pro
cyrillic,dense_novel_text,explicit_rows,81,25,8,15084,608125,42792,Menlo,16,1,release,8,24,3,false,0,0,false,Metal,Apple M5 Pro
cyrillic,dense_novel_text,explicit_rows,81,25,9,15291,609917,42875,Menlo,16,1,release,8,24,3,false,0,0,false,Metal,Apple M5 Pro
cyrillic,dense_novel_text,explicit_rows,81,25,10,14875,607916,42833,Menlo,16,1,release,8,24,3,false,0,0,false,Metal,Apple M5 Pro
cyrillic,dense_novel_text,explicit_rows,81,25,11,15291,608625,58792,Menlo,16,1,release,8,24,3,false,0,0,false,Metal,Apple M5 Pro
cyrillic,dense_novel_text,explicit_rows,81,25,12,15334,617875,42917,Menlo,16,1,release,8,24,3,false,0,0,false,Metal,Apple M5 Pro
cyrillic,dense_novel_text,explicit_rows,81,25,13,14958,608625,42625,Menlo,16,1,release,8,24,3,false,0,0,false,Metal,Apple M5 Pro
cyrillic,dense_novel_text,explicit_rows,81,25,14,14833,678750,42750,Menlo,16,1,release,8,24,3,false,0,0,false,Metal,Apple M5 Pro
cyrillic,dense_novel_text,explicit_rows,81,25,15,14875,606625,42667,Menlo,16,1,release,8,24,3,false,0,0,false,Metal,Apple M5 Pro
cyrillic,dense_novel_text,explicit_rows,81,25,16,15083,609084,42625,Menlo,16,1,release,8,24,3,false,0,0,false,Metal,Apple M5 Pro
cyrillic,dense_novel_text,explicit_rows,81,25,17,14834,606834,42708,Menlo,16,1,release,8,24,3,false,0,0,false,Metal,Apple M5 Pro
cyrillic,dense_novel_text,explicit_rows,81,25,18,15333,607875,42750,Menlo,16,1,release,8,24,3,false,0,0,false,Metal,Apple M5 Pro
cyrillic,dense_novel_text,explicit_rows,81,25,19,15084,611833,42833,Menlo,16,1,release,8,24,3,false,0,0,false,Metal,Apple M5 Pro
cyrillic,dense_novel_text,explicit_rows,81,25,20,14917,606959,42709,Menlo,16,1,release,8,24,3,false,0,0,false,Metal,Apple M5 Pro
cyrillic,dense_novel_text,explicit_rows,81,25,21,14833,608542,42542,Menlo,16,1,release,8,24,3,false,0,0,false,Metal,Apple M5 Pro
cyrillic,dense_novel_text,explicit_rows,81,25,22,15084,607500,42750,Menlo,16,1,release,8,24,3,false,0,0,false,Metal,Apple M5 Pro
cyrillic,dense_novel_text,explicit_rows,81,25,23,15208,607250,42708,Menlo,16,1,release,8,24,3,false,0,0,false,Metal,Apple M5 Pro
cyrillic,dense_novel_text,softwrap,81,25,0,27292,1189667,48917,Menlo,16,1,release,8,24,3,false,7022,0,false,Metal,Apple M5 Pro
cyrillic,dense_novel_text,softwrap,81,25,1,27125,1176292,47292,Menlo,16,1,release,8,24,3,false,7022,0,false,Metal,Apple M5 Pro
cyrillic,dense_novel_text,softwrap,81,25,2,26875,1187833,44375,Menlo,16,1,release,8,24,3,false,7022,0,false,Metal,Apple M5 Pro
cyrillic,dense_novel_text,softwrap,81,25,3,26792,1184000,44791,Menlo,16,1,release,8,24,3,false,7022,0,false,Metal,Apple M5 Pro
cyrillic,dense_novel_text,softwrap,81,25,4,26583,1178625,44833,Menlo,16,1,release,8,24,3,false,7022,0,false,Metal,Apple M5 Pro
cyrillic,dense_novel_text,softwrap,81,25,5,26125,1187042,44958,Menlo,16,1,release,8,24,3,false,7022,0,false,Metal,Apple M5 Pro
cyrillic,dense_novel_text,softwrap,81,25,6,26459,1172458,44500,Menlo,16,1,release,8,24,3,false,7022,0,false,Metal,Apple M5 Pro
cyrillic,dense_novel_text,softwrap,81,25,7,26625,1204792,43625,Menlo,16,1,release,8,24,3,false,7022,0,false,Metal,Apple M5 Pro
cyrillic,dense_novel_text,softwrap,81,25,8,28584,1179750,43959,Menlo,16,1,release,8,24,3,false,7022,0,false,Metal,Apple M5 Pro
cyrillic,dense_novel_text,softwrap,81,25,9,26917,1183209,44291,Menlo,16,1,release,8,24,3,false,7022,0,false,Metal,Apple M5 Pro
cyrillic,dense_novel_text,softwrap,81,25,10,26791,1184125,44250,Menlo,16,1,release,8,24,3,false,7022,0,false,Metal,Apple M5 Pro
cyrillic,dense_novel_text,softwrap,81,25,11,26709,1190375,44334,Menlo,16,1,release,8,24,3,false,7022,0,false,Metal,Apple M5 Pro
cyrillic,dense_novel_text,softwrap,81,25,12,26250,1186291,43958,Menlo,16,1,release,8,24,3,false,7022,0,false,Metal,Apple M5 Pro
cyrillic,dense_novel_text,softwrap,81,25,13,26292,1179875,44292,Menlo,16,1,release,8,24,3,false,7022,0,false,Metal,Apple M5 Pro
cyrillic,dense_novel_text,softwrap,81,25,14,26875,1184083,44167,Menlo,16,1,release,8,24,3,false,7022,0,false,Metal,Apple M5 Pro
cyrillic,dense_novel_text,softwrap,81,25,15,42792,1185417,44083,Menlo,16,1,release,8,24,3,false,7022,0,false,Metal,Apple M5 Pro
cyrillic,dense_novel_text,softwrap,81,25,16,26667,1177042,44208,Menlo,16,1,release,8,24,3,false,7022,0,false,Metal,Apple M5 Pro
cyrillic,dense_novel_text,softwrap,81,25,17,26083,1189916,44000,Menlo,16,1,release,8,24,3,false,7022,0,false,Metal,Apple M5 Pro
cyrillic,dense_novel_text,softwrap,81,25,18,26375,1184666,44000,Menlo,16,1,release,8,24,3,false,7022,0,false,Metal,Apple M5 Pro
cyrillic,dense_novel_text,softwrap,81,25,19,26542,1194541,44167,Menlo,16,1,release,8,24,3,false,7022,0,false,Metal,Apple M5 Pro
cyrillic,dense_novel_text,softwrap,81,25,20,26917,1192708,44125,Menlo,16,1,release,8,24,3,false,7022,0,false,Metal,Apple M5 Pro
cyrillic,dense_novel_text,softwrap,81,25,21,26584,1190084,44417,Menlo,16,1,release,8,24,3,false,7022,0,false,Metal,Apple M5 Pro
cyrillic,dense_novel_text,softwrap,81,25,22,26458,1212417,44166,Menlo,16,1,release,8,24,3,false,7022,0,false,Metal,Apple M5 Pro
cyrillic,dense_novel_text,softwrap,81,25,23,27250,1196541,43959,Menlo,16,1,release,8,24,3,false,7022,0,false,Metal,Apple M5 Pro
cjk,sparse_novel_counter,explicit_rows,81,25,0,14833,101750,1208,Menlo,16,1,release,8,24,3,false,0,0,false,Metal,Apple M5 Pro
cjk,sparse_novel_counter,explicit_rows,81,25,1,15000,102375,1208,Menlo,16,1,release,8,24,3,false,0,0,false,Metal,Apple M5 Pro
cjk,sparse_novel_counter,explicit_rows,81,25,2,15042,103041,1250,Menlo,16,1,release,8,24,3,false,0,0,false,Metal,Apple M5 Pro
cjk,sparse_novel_counter,explicit_rows,81,25,3,15375,101500,1250,Menlo,16,1,release,8,24,3,false,0,0,false,Metal,Apple M5 Pro
cjk,sparse_novel_counter,explicit_rows,81,25,4,15042,101458,1250,Menlo,16,1,release,8,24,3,false,0,0,false,Metal,Apple M5 Pro
cjk,sparse_novel_counter,explicit_rows,81,25,5,14833,101875,1208,Menlo,16,1,release,8,24,3,false,0,0,false,Metal,Apple M5 Pro
cjk,sparse_novel_counter,explicit_rows,81,25,6,14875,101666,1208,Menlo,16,1,release,8,24,3,false,0,0,false,Metal,Apple M5 Pro
cjk,sparse_novel_counter,explicit_rows,81,25,7,14875,101667,1250,Menlo,16,1,release,8,24,3,false,0,0,false,Metal,Apple M5 Pro
cjk,sparse_novel_counter,explicit_rows,81,25,8,15000,101500,1209,Menlo,16,1,release,8,24,3,false,0,0,false,Metal,Apple M5 Pro
cjk,sparse_novel_counter,explicit_rows,81,25,9,14958,101667,1208,Menlo,16,1,release,8,24,3,false,0,0,false,Metal,Apple M5 Pro
cjk,sparse_novel_counter,explicit_rows,81,25,10,15041,101750,1250,Menlo,16,1,release,8,24,3,false,0,0,false,Metal,Apple M5 Pro
cjk,sparse_novel_counter,explicit_rows,81,25,11,14917,101625,1250,Menlo,16,1,release,8,24,3,false,0,0,false,Metal,Apple M5 Pro
cjk,sparse_novel_counter,explicit_rows,81,25,12,15000,101792,1208,Menlo,16,1,release,8,24,3,false,0,0,false,Metal,Apple M5 Pro
cjk,sparse_novel_counter,explicit_rows,81,25,13,14959,101375,1209,Menlo,16,1,release,8,24,3,false,0,0,false,Metal,Apple M5 Pro
cjk,sparse_novel_counter,explicit_rows,81,25,14,14875,101458,1208,Menlo,16,1,release,8,24,3,false,0,0,false,Metal,Apple M5 Pro
cjk,sparse_novel_counter,explicit_rows,81,25,15,14875,101041,1208,Menlo,16,1,release,8,24,3,false,0,0,false,Metal,Apple M5 Pro
cjk,sparse_novel_counter,explicit_rows,81,25,16,14833,102083,1208,Menlo,16,1,release,8,24,3,false,0,0,false,Metal,Apple M5 Pro
cjk,sparse_novel_counter,explicit_rows,81,25,17,14875,101584,1208,Menlo,16,1,release,8,24,3,false,0,0,false,Metal,Apple M5 Pro
cjk,sparse_novel_counter,explicit_rows,81,25,18,14917,101917,1208,Menlo,16,1,release,8,24,3,false,0,0,false,Metal,Apple M5 Pro
cjk,sparse_novel_counter,explicit_rows,81,25,19,14958,101792,1208,Menlo,16,1,release,8,24,3,false,0,0,false,Metal,Apple M5 Pro
cjk,sparse_novel_counter,explicit_rows,81,25,20,14875,101375,1209,Menlo,16,1,release,8,24,3,false,0,0,false,Metal,Apple M5 Pro
cjk,sparse_novel_counter,explicit_rows,81,25,21,14958,102667,1208,Menlo,16,1,release,8,24,3,false,0,0,false,Metal,Apple M5 Pro
cjk,sparse_novel_counter,explicit_rows,81,25,22,14875,102125,1208,Menlo,16,1,release,8,24,3,false,0,0,false,Metal,Apple M5 Pro
cjk,sparse_novel_counter,explicit_rows,81,25,23,15084,101833,1250,Menlo,16,1,release,8,24,3,false,0,0,false,Metal,Apple M5 Pro
cjk,sparse_novel_counter,softwrap,81,25,0,23292,6238708,43250,Menlo,16,1,release,8,24,3,false,5796,0,false,Metal,Apple M5 Pro
cjk,sparse_novel_counter,softwrap,81,25,1,23583,6260417,26541,Menlo,16,1,release,8,24,3,false,5796,0,false,Metal,Apple M5 Pro
cjk,sparse_novel_counter,softwrap,81,25,2,23834,6225541,26292,Menlo,16,1,release,8,24,3,false,5796,0,false,Metal,Apple M5 Pro
cjk,sparse_novel_counter,softwrap,81,25,3,22958,6253000,26166,Menlo,16,1,release,8,24,3,false,5796,0,false,Metal,Apple M5 Pro
cjk,sparse_novel_counter,softwrap,81,25,4,23792,6258208,26125,Menlo,16,1,release,8,24,3,false,5796,0,false,Metal,Apple M5 Pro
cjk,sparse_novel_counter,softwrap,81,25,5,23541,6200792,25959,Menlo,16,1,release,8,24,3,false,5796,0,false,Metal,Apple M5 Pro
cjk,sparse_novel_counter,softwrap,81,25,6,23334,6274916,26125,Menlo,16,1,release,8,24,3,false,5796,0,false,Metal,Apple M5 Pro
cjk,sparse_novel_counter,softwrap,81,25,7,24292,6274166,26000,Menlo,16,1,release,8,24,3,false,5796,0,false,Metal,Apple M5 Pro
cjk,sparse_novel_counter,softwrap,81,25,8,23042,6255750,26083,Menlo,16,1,release,8,24,3,false,5796,0,false,Metal,Apple M5 Pro
cjk,sparse_novel_counter,softwrap,81,25,9,23417,6256583,26042,Menlo,16,1,release,8,24,3,false,5796,0,false,Metal,Apple M5 Pro
cjk,sparse_novel_counter,softwrap,81,25,10,23333,6247042,26375,Menlo,16,1,release,8,24,3,false,5796,0,false,Metal,Apple M5 Pro
cjk,sparse_novel_counter,softwrap,81,25,11,23500,6217417,26459,Menlo,16,1,release,8,24,3,false,5796,0,false,Metal,Apple M5 Pro
cjk,sparse_novel_counter,softwrap,81,25,12,23208,6245916,26042,Menlo,16,1,release,8,24,3,false,5796,0,false,Metal,Apple M5 Pro
cjk,sparse_novel_counter,softwrap,81,25,13,23250,6235500,26084,Menlo,16,1,release,8,24,3,false,5796,0,false,Metal,Apple M5 Pro
cjk,sparse_novel_counter,softwrap,81,25,14,23000,6221250,26167,Menlo,16,1,release,8,24,3,false,5796,0,false,Metal,Apple M5 Pro
cjk,sparse_novel_counter,softwrap,81,25,15,23458,6230792,26041,Menlo,16,1,release,8,24,3,false,5796,0,false,Metal,Apple M5 Pro
cjk,sparse_novel_counter,softwrap,81,25,16,23625,6248042,26042,Menlo,16,1,release,8,24,3,false,5796,0,false,Metal,Apple M5 Pro
cjk,sparse_novel_counter,softwrap,81,25,17,23250,6276375,26042,Menlo,16,1,release,8,24,3,false,5796,0,false,Metal,Apple M5 Pro
cjk,sparse_novel_counter,softwrap,81,25,18,23292,6271167,26208,Menlo,16,1,release,8,24,3,false,5796,0,false,Metal,Apple M5 Pro
cjk,sparse_novel_counter,softwrap,81,25,19,22833,6229000,26084,Menlo,16,1,release,8,24,3,false,5796,0,false,Metal,Apple M5 Pro
cjk,sparse_novel_counter,softwrap,81,25,20,23666,6243208,26167,Menlo,16,1,release,8,24,3,false,5796,0,false,Metal,Apple M5 Pro
cjk,sparse_novel_counter,softwrap,81,25,21,23709,6216959,26208,Menlo,16,1,release,8,24,3,false,5796,0,false,Metal,Apple M5 Pro
cjk,sparse_novel_counter,softwrap,81,25,22,23250,6256750,26208,Menlo,16,1,release,8,24,3,false,5796,0,false,Metal,Apple M5 Pro
cjk,sparse_novel_counter,softwrap,81,25,23,23709,6241208,26042,Menlo,16,1,release,8,24,3,false,5796,0,false,Metal,Apple M5 Pro
cjk,scroll_triangle,explicit_rows,81,25,0,15000,101125,27541,Menlo,16,1,release,8,24,3,false,0,0,false,Metal,Apple M5 Pro
cjk,scroll_triangle,explicit_rows,81,25,1,15209,102250,27584,Menlo,16,1,release,8,24,3,false,0,0,false,Metal,Apple M5 Pro
cjk,scroll_triangle,explicit_rows,81,25,2,15000,101625,27667,Menlo,16,1,release,8,24,3,false,0,0,false,Metal,Apple M5 Pro
cjk,scroll_triangle,explicit_rows,81,25,3,15000,101750,27500,Menlo,16,1,release,8,24,3,false,0,0,false,Metal,Apple M5 Pro
cjk,scroll_triangle,explicit_rows,81,25,4,15125,102000,27625,Menlo,16,1,release,8,24,3,false,0,0,false,Metal,Apple M5 Pro
cjk,scroll_triangle,explicit_rows,81,25,5,14959,101459,27500,Menlo,16,1,release,8,24,3,false,0,0,false,Metal,Apple M5 Pro
cjk,scroll_triangle,explicit_rows,81,25,6,14916,101792,27500,Menlo,16,1,release,8,24,3,false,0,0,false,Metal,Apple M5 Pro
cjk,scroll_triangle,explicit_rows,81,25,7,15083,102250,27583,Menlo,16,1,release,8,24,3,false,0,0,false,Metal,Apple M5 Pro
cjk,scroll_triangle,explicit_rows,81,25,8,15042,101916,27542,Menlo,16,1,release,8,24,3,false,0,0,false,Metal,Apple M5 Pro
cjk,scroll_triangle,explicit_rows,81,25,9,15000,102167,26917,Menlo,16,1,release,8,24,3,false,0,0,false,Metal,Apple M5 Pro
cjk,scroll_triangle,explicit_rows,81,25,10,14958,102000,26125,Menlo,16,1,release,8,24,3,false,0,0,false,Metal,Apple M5 Pro
cjk,scroll_triangle,explicit_rows,81,25,11,15125,102625,26084,Menlo,16,1,release,8,24,3,false,0,0,false,Metal,Apple M5 Pro
cjk,scroll_triangle,explicit_rows,81,25,12,14875,102584,27459,Menlo,16,1,release,8,24,3,false,0,0,false,Metal,Apple M5 Pro
cjk,scroll_triangle,explicit_rows,81,25,13,14958,101750,27625,Menlo,16,1,release,8,24,3,false,0,0,false,Metal,Apple M5 Pro
cjk,scroll_triangle,explicit_rows,81,25,14,15000,101958,27500,Menlo,16,1,release,8,24,3,false,0,0,false,Metal,Apple M5 Pro
cjk,scroll_triangle,explicit_rows,81,25,15,15041,102417,27542,Menlo,16,1,release,8,24,3,false,0,0,false,Metal,Apple M5 Pro
cjk,scroll_triangle,explicit_rows,81,25,16,15000,16375,42,Menlo,16,1,release,8,24,3,false,0,0,false,Metal,Apple M5 Pro
cjk,scroll_triangle,explicit_rows,81,25,17,14959,16500,27500,Menlo,16,1,release,8,24,3,false,0,0,false,Metal,Apple M5 Pro
cjk,scroll_triangle,explicit_rows,81,25,18,14958,16334,27583,Menlo,16,1,release,8,24,3,false,0,0,false,Metal,Apple M5 Pro
cjk,scroll_triangle,explicit_rows,81,25,19,31416,19208,27667,Menlo,16,1,release,8,24,3,false,0,0,false,Metal,Apple M5 Pro
cjk,scroll_triangle,explicit_rows,81,25,20,15375,16875,27500,Menlo,16,1,release,8,24,3,false,0,0,false,Metal,Apple M5 Pro
cjk,scroll_triangle,explicit_rows,81,25,21,15208,16833,27042,Menlo,16,1,release,8,24,3,false,0,0,false,Metal,Apple M5 Pro
cjk,scroll_triangle,explicit_rows,81,25,22,15291,17000,27000,Menlo,16,1,release,8,24,3,false,0,0,false,Metal,Apple M5 Pro
cjk,scroll_triangle,explicit_rows,81,25,23,15041,16875,26917,Menlo,16,1,release,8,24,3,false,0,0,false,Metal,Apple M5 Pro
cjk,scroll_triangle,softwrap,81,25,0,26209,6316667,26292,Menlo,16,1,release,8,24,3,false,4774,1017,false,Metal,Apple M5 Pro
cjk,scroll_triangle,softwrap,81,25,1,24375,6292084,26333,Menlo,16,1,release,8,24,3,false,4658,1131,false,Metal,Apple M5 Pro
cjk,scroll_triangle,softwrap,81,25,2,24666,6261833,26417,Menlo,16,1,release,8,24,3,false,4546,1247,false,Metal,Apple M5 Pro
cjk,scroll_triangle,softwrap,81,25,3,23958,6230917,26542,Menlo,16,1,release,8,24,3,false,4432,1359,false,Metal,Apple M5 Pro
cjk,scroll_triangle,softwrap,81,25,4,24083,6281000,26417,Menlo,16,1,release,8,24,3,false,4320,1473,false,Metal,Apple M5 Pro
cjk,scroll_triangle,softwrap,81,25,5,25250,6271292,26167,Menlo,16,1,release,8,24,3,false,4206,1585,false,Metal,Apple M5 Pro
cjk,scroll_triangle,softwrap,81,25,6,24750,6210458,26375,Menlo,16,1,release,8,24,3,false,4092,1699,false,Metal,Apple M5 Pro
cjk,scroll_triangle,softwrap,81,25,7,24375,6253583,26250,Menlo,16,1,release,8,24,3,false,3976,1813,false,Metal,Apple M5 Pro
cjk,scroll_triangle,softwrap,81,25,8,24458,6243792,26125,Menlo,16,1,release,8,24,3,false,3864,1929,false,Metal,Apple M5 Pro
cjk,scroll_triangle,softwrap,81,25,9,23917,6296125,26417,Menlo,16,1,release,8,24,3,false,3750,2041,false,Metal,Apple M5 Pro
cjk,scroll_triangle,softwrap,81,25,10,27125,6269584,25791,Menlo,16,1,release,8,24,3,false,3638,2155,false,Metal,Apple M5 Pro
cjk,scroll_triangle,softwrap,81,25,11,24458,6245791,26042,Menlo,16,1,release,8,24,3,false,3524,2267,false,Metal,Apple M5 Pro
cjk,scroll_triangle,softwrap,81,25,12,24208,6254667,26583,Menlo,16,1,release,8,24,3,false,3410,2381,false,Metal,Apple M5 Pro
cjk,scroll_triangle,softwrap,81,25,13,23834,6262167,26083,Menlo,16,1,release,8,24,3,false,3294,2495,false,Metal,Apple M5 Pro
cjk,scroll_triangle,softwrap,81,25,14,23959,6241583,26375,Menlo,16,1,release,8,24,3,false,3182,2611,false,Metal,Apple M5 Pro
cjk,scroll_triangle,softwrap,81,25,15,23792,6255291,26333,Menlo,16,1,release,8,24,3,false,3068,2723,false,Metal,Apple M5 Pro
cjk,scroll_triangle,softwrap,81,25,16,23958,17500,83,Menlo,16,1,release,8,24,3,false,3068,2723,false,Metal,Apple M5 Pro
cjk,scroll_triangle,softwrap,81,25,17,23625,17375,26291,Menlo,16,1,release,8,24,3,false,3182,2611,false,Metal,Apple M5 Pro
cjk,scroll_triangle,softwrap,81,25,18,23250,17542,26333,Menlo,16,1,release,8,24,3,false,3294,2495,false,Metal,Apple M5 Pro
cjk,scroll_triangle,softwrap,81,25,19,23250,17500,26417,Menlo,16,1,release,8,24,3,false,3410,2381,false,Metal,Apple M5 Pro
cjk,scroll_triangle,softwrap,81,25,20,23417,17500,26250,Menlo,16,1,release,8,24,3,false,3524,2267,false,Metal,Apple M5 Pro
cjk,scroll_triangle,softwrap,81,25,21,23291,17500,26167,Menlo,16,1,release,8,24,3,false,3638,2155,false,Metal,Apple M5 Pro
cjk,scroll_triangle,softwrap,81,25,22,22958,6253834,27000,Menlo,16,1,release,8,24,3,false,3750,2041,false,Metal,Apple M5 Pro
cjk,scroll_triangle,softwrap,81,25,23,23792,6209666,26334,Menlo,16,1,release,8,24,3,false,3864,1929,false,Metal,Apple M5 Pro
cjk,dense_novel_text,explicit_rows,81,25,0,15208,2131375,28125,Menlo,16,1,release,8,24,3,false,0,0,false,Metal,Apple M5 Pro
cjk,dense_novel_text,explicit_rows,81,25,1,15209,2159708,28083,Menlo,16,1,release,8,24,3,false,0,0,false,Metal,Apple M5 Pro
cjk,dense_novel_text,explicit_rows,81,25,2,15500,2131333,28041,Menlo,16,1,release,8,24,3,false,0,0,false,Metal,Apple M5 Pro
cjk,dense_novel_text,explicit_rows,81,25,3,15250,2137500,27875,Menlo,16,1,release,8,24,3,false,0,0,false,Metal,Apple M5 Pro
cjk,dense_novel_text,explicit_rows,81,25,4,15209,2137916,27917,Menlo,16,1,release,8,24,3,false,0,0,false,Metal,Apple M5 Pro
cjk,dense_novel_text,explicit_rows,81,25,5,15458,2135375,27917,Menlo,16,1,release,8,24,3,false,0,0,false,Metal,Apple M5 Pro
cjk,dense_novel_text,explicit_rows,81,25,6,15125,2172041,28250,Menlo,16,1,release,8,24,3,false,0,0,false,Metal,Apple M5 Pro
cjk,dense_novel_text,explicit_rows,81,25,7,15459,2216208,28083,Menlo,16,1,release,8,24,3,false,0,0,false,Metal,Apple M5 Pro
cjk,dense_novel_text,explicit_rows,81,25,8,15458,2136042,27959,Menlo,16,1,release,8,24,3,false,0,0,false,Metal,Apple M5 Pro
cjk,dense_novel_text,explicit_rows,81,25,9,15458,2137167,28041,Menlo,16,1,release,8,24,3,false,0,0,false,Metal,Apple M5 Pro
cjk,dense_novel_text,explicit_rows,81,25,10,15250,2226375,28250,Menlo,16,1,release,8,24,3,false,0,0,false,Metal,Apple M5 Pro
cjk,dense_novel_text,explicit_rows,81,25,11,15583,2134000,28000,Menlo,16,1,release,8,24,3,false,0,0,false,Metal,Apple M5 Pro
cjk,dense_novel_text,explicit_rows,81,25,12,15125,2122167,28000,Menlo,16,1,release,8,24,3,false,0,0,false,Metal,Apple M5 Pro
cjk,dense_novel_text,explicit_rows,81,25,13,15125,2124959,27917,Menlo,16,1,release,8,24,3,false,0,0,false,Metal,Apple M5 Pro
cjk,dense_novel_text,explicit_rows,81,25,14,15041,2153167,28250,Menlo,16,1,release,8,24,3,false,0,0,false,Metal,Apple M5 Pro
cjk,dense_novel_text,explicit_rows,81,25,15,15833,2141500,27833,Menlo,16,1,release,8,24,3,false,0,0,false,Metal,Apple M5 Pro
cjk,dense_novel_text,explicit_rows,81,25,16,15458,2139958,27959,Menlo,16,1,release,8,24,3,false,0,0,false,Metal,Apple M5 Pro
cjk,dense_novel_text,explicit_rows,81,25,17,15125,2135291,28083,Menlo,16,1,release,8,24,3,false,0,0,false,Metal,Apple M5 Pro
cjk,dense_novel_text,explicit_rows,81,25,18,15000,2136333,28042,Menlo,16,1,release,8,24,3,false,0,0,false,Metal,Apple M5 Pro
cjk,dense_novel_text,explicit_rows,81,25,19,15208,2161917,28291,Menlo,16,1,release,8,24,3,false,0,0,false,Metal,Apple M5 Pro
cjk,dense_novel_text,explicit_rows,81,25,20,15334,2133458,28083,Menlo,16,1,release,8,24,3,false,0,0,false,Metal,Apple M5 Pro
cjk,dense_novel_text,explicit_rows,81,25,21,15583,2140500,28125,Menlo,16,1,release,8,24,3,false,0,0,false,Metal,Apple M5 Pro
cjk,dense_novel_text,explicit_rows,81,25,22,15042,2139125,28000,Menlo,16,1,release,8,24,3,false,0,0,false,Metal,Apple M5 Pro
cjk,dense_novel_text,explicit_rows,81,25,23,14958,2155500,28333,Menlo,16,1,release,8,24,3,false,0,0,false,Metal,Apple M5 Pro
cjk,dense_novel_text,softwrap,81,25,0,23167,6280541,35584,Menlo,16,1,release,8,24,3,false,5796,0,false,Metal,Apple M5 Pro
cjk,dense_novel_text,softwrap,81,25,1,22833,6297334,26375,Menlo,16,1,release,8,24,3,false,5796,0,false,Metal,Apple M5 Pro
cjk,dense_novel_text,softwrap,81,25,2,23208,6265000,26292,Menlo,16,1,release,8,24,3,false,5796,0,false,Metal,Apple M5 Pro
cjk,dense_novel_text,softwrap,81,25,3,22417,6292625,26292,Menlo,16,1,release,8,24,3,false,5796,0,false,Metal,Apple M5 Pro
cjk,dense_novel_text,softwrap,81,25,4,23167,6264625,26250,Menlo,16,1,release,8,24,3,false,5796,0,false,Metal,Apple M5 Pro
cjk,dense_novel_text,softwrap,81,25,5,23000,6254416,26167,Menlo,16,1,release,8,24,3,false,5796,0,false,Metal,Apple M5 Pro
cjk,dense_novel_text,softwrap,81,25,6,23042,6321833,26250,Menlo,16,1,release,8,24,3,false,5796,0,false,Metal,Apple M5 Pro
cjk,dense_novel_text,softwrap,81,25,7,23542,6324250,26250,Menlo,16,1,release,8,24,3,false,5796,0,false,Metal,Apple M5 Pro
cjk,dense_novel_text,softwrap,81,25,8,22917,6280084,26209,Menlo,16,1,release,8,24,3,false,5796,0,false,Metal,Apple M5 Pro
cjk,dense_novel_text,softwrap,81,25,9,23042,6291750,26333,Menlo,16,1,release,8,24,3,false,5796,0,false,Metal,Apple M5 Pro
cjk,dense_novel_text,softwrap,81,25,10,22542,6264000,26291,Menlo,16,1,release,8,24,3,false,5796,0,false,Metal,Apple M5 Pro
cjk,dense_novel_text,softwrap,81,25,11,22667,6269958,26459,Menlo,16,1,release,8,24,3,false,5796,0,false,Metal,Apple M5 Pro
cjk,dense_novel_text,softwrap,81,25,12,23208,6275167,26291,Menlo,16,1,release,8,24,3,false,5796,0,false,Metal,Apple M5 Pro
cjk,dense_novel_text,softwrap,81,25,13,23292,6242416,26209,Menlo,16,1,release,8,24,3,false,5796,0,false,Metal,Apple M5 Pro
cjk,dense_novel_text,softwrap,81,25,14,22708,6286375,26250,Menlo,16,1,release,8,24,3,false,5796,0,false,Metal,Apple M5 Pro
cjk,dense_novel_text,softwrap,81,25,15,23167,6294333,26208,Menlo,16,1,release,8,24,3,false,5796,0,false,Metal,Apple M5 Pro
cjk,dense_novel_text,softwrap,81,25,16,22625,6295333,26209,Menlo,16,1,release,8,24,3,false,5796,0,false,Metal,Apple M5 Pro
cjk,dense_novel_text,softwrap,81,25,17,22875,6314000,26208,Menlo,16,1,release,8,24,3,false,5796,0,false,Metal,Apple M5 Pro
cjk,dense_novel_text,softwrap,81,25,18,23291,6291000,26334,Menlo,16,1,release,8,24,3,false,5796,0,false,Metal,Apple M5 Pro
cjk,dense_novel_text,softwrap,81,25,19,22750,6261458,26333,Menlo,16,1,release,8,24,3,false,5796,0,false,Metal,Apple M5 Pro
cjk,dense_novel_text,softwrap,81,25,20,22541,6282917,26541,Menlo,16,1,release,8,24,3,false,5796,0,false,Metal,Apple M5 Pro
cjk,dense_novel_text,softwrap,81,25,21,23916,6278459,26250,Menlo,16,1,release,8,24,3,false,5796,0,false,Metal,Apple M5 Pro
cjk,dense_novel_text,softwrap,81,25,22,23208,6271625,26083,Menlo,16,1,release,8,24,3,false,5796,0,false,Metal,Apple M5 Pro
cjk,dense_novel_text,softwrap,81,25,23,22959,6288500,26166,Menlo,16,1,release,8,24,3,false,5796,0,false,Metal,Apple M5 Pro
arabic,sparse_novel_counter,explicit_rows,81,25,0,15000,68542,1708,Menlo,16,1,release,8,24,3,false,0,0,false,Metal,Apple M5 Pro
arabic,sparse_novel_counter,explicit_rows,81,25,1,15042,68417,1667,Menlo,16,1,release,8,24,3,false,0,0,false,Metal,Apple M5 Pro
arabic,sparse_novel_counter,explicit_rows,81,25,2,15041,68625,1667,Menlo,16,1,release,8,24,3,false,0,0,false,Metal,Apple M5 Pro
arabic,sparse_novel_counter,explicit_rows,81,25,3,15125,68709,1667,Menlo,16,1,release,8,24,3,false,0,0,false,Metal,Apple M5 Pro
arabic,sparse_novel_counter,explicit_rows,81,25,4,15167,68250,1708,Menlo,16,1,release,8,24,3,false,0,0,false,Metal,Apple M5 Pro
arabic,sparse_novel_counter,explicit_rows,81,25,5,14833,68042,1625,Menlo,16,1,release,8,24,3,false,0,0,false,Metal,Apple M5 Pro
arabic,sparse_novel_counter,explicit_rows,81,25,6,15000,68708,1708,Menlo,16,1,release,8,24,3,false,0,0,false,Metal,Apple M5 Pro
arabic,sparse_novel_counter,explicit_rows,81,25,7,15084,68500,1708,Menlo,16,1,release,8,24,3,false,0,0,false,Metal,Apple M5 Pro
arabic,sparse_novel_counter,explicit_rows,81,25,8,15000,67958,1708,Menlo,16,1,release,8,24,3,false,0,0,false,Metal,Apple M5 Pro
arabic,sparse_novel_counter,explicit_rows,81,25,9,15041,68084,1667,Menlo,16,1,release,8,24,3,false,0,0,false,Metal,Apple M5 Pro
arabic,sparse_novel_counter,explicit_rows,81,25,10,15083,68125,1667,Menlo,16,1,release,8,24,3,false,0,0,false,Metal,Apple M5 Pro
arabic,sparse_novel_counter,explicit_rows,81,25,11,14875,68041,1709,Menlo,16,1,release,8,24,3,false,0,0,false,Metal,Apple M5 Pro
arabic,sparse_novel_counter,explicit_rows,81,25,12,14875,68000,1667,Menlo,16,1,release,8,24,3,false,0,0,false,Metal,Apple M5 Pro
arabic,sparse_novel_counter,explicit_rows,81,25,13,14958,68250,1709,Menlo,16,1,release,8,24,3,false,0,0,false,Metal,Apple M5 Pro
arabic,sparse_novel_counter,explicit_rows,81,25,14,14959,67875,1708,Menlo,16,1,release,8,24,3,false,0,0,false,Metal,Apple M5 Pro
arabic,sparse_novel_counter,explicit_rows,81,25,15,14917,67958,1750,Menlo,16,1,release,8,24,3,false,0,0,false,Metal,Apple M5 Pro
arabic,sparse_novel_counter,explicit_rows,81,25,16,14917,68000,1666,Menlo,16,1,release,8,24,3,false,0,0,false,Metal,Apple M5 Pro
arabic,sparse_novel_counter,explicit_rows,81,25,17,15166,67625,1709,Menlo,16,1,release,8,24,3,false,0,0,false,Metal,Apple M5 Pro
arabic,sparse_novel_counter,explicit_rows,81,25,18,15042,67292,1666,Menlo,16,1,release,8,24,3,false,0,0,false,Metal,Apple M5 Pro
arabic,sparse_novel_counter,explicit_rows,81,25,19,14959,68334,1708,Menlo,16,1,release,8,24,3,false,0,0,false,Metal,Apple M5 Pro
arabic,sparse_novel_counter,explicit_rows,81,25,20,14917,68500,1667,Menlo,16,1,release,8,24,3,false,0,0,false,Metal,Apple M5 Pro
arabic,sparse_novel_counter,explicit_rows,81,25,21,14958,67625,1666,Menlo,16,1,release,8,24,3,false,0,0,false,Metal,Apple M5 Pro
arabic,sparse_novel_counter,explicit_rows,81,25,22,14833,68042,1708,Menlo,16,1,release,8,24,3,false,0,0,false,Metal,Apple M5 Pro
arabic,sparse_novel_counter,explicit_rows,81,25,23,14875,67916,1667,Menlo,16,1,release,8,24,3,false,0,0,false,Metal,Apple M5 Pro
arabic,sparse_novel_counter,softwrap,81,25,0,29375,3952125,85375,Menlo,16,1,release,8,24,3,false,7479,0,false,Metal,Apple M5 Pro
arabic,sparse_novel_counter,softwrap,81,25,1,28750,3980041,45584,Menlo,16,1,release,8,24,3,false,7479,0,false,Metal,Apple M5 Pro
arabic,sparse_novel_counter,softwrap,81,25,2,29250,4013750,45417,Menlo,16,1,release,8,24,3,false,7479,0,false,Metal,Apple M5 Pro
arabic,sparse_novel_counter,softwrap,81,25,3,27708,3967500,45208,Menlo,16,1,release,8,24,3,false,7479,0,false,Metal,Apple M5 Pro
arabic,sparse_novel_counter,softwrap,81,25,4,28209,4015250,45583,Menlo,16,1,release,8,24,3,false,7479,0,false,Metal,Apple M5 Pro
arabic,sparse_novel_counter,softwrap,81,25,5,28291,3974250,45375,Menlo,16,1,release,8,24,3,false,7479,0,false,Metal,Apple M5 Pro
arabic,sparse_novel_counter,softwrap,81,25,6,27416,3984000,45500,Menlo,16,1,release,8,24,3,false,7479,0,false,Metal,Apple M5 Pro
arabic,sparse_novel_counter,softwrap,81,25,7,27667,3951833,45375,Menlo,16,1,release,8,24,3,false,7479,0,false,Metal,Apple M5 Pro
arabic,sparse_novel_counter,softwrap,81,25,8,27000,3944666,45250,Menlo,16,1,release,8,24,3,false,7479,0,false,Metal,Apple M5 Pro
arabic,sparse_novel_counter,softwrap,81,25,9,26959,3959959,45959,Menlo,16,1,release,8,24,3,false,7479,0,false,Metal,Apple M5 Pro
arabic,sparse_novel_counter,softwrap,81,25,10,27625,3948250,45875,Menlo,16,1,release,8,24,3,false,7479,0,false,Metal,Apple M5 Pro
arabic,sparse_novel_counter,softwrap,81,25,11,27542,3970666,45667,Menlo,16,1,release,8,24,3,false,7479,0,false,Metal,Apple M5 Pro
arabic,sparse_novel_counter,softwrap,81,25,12,27708,3988000,45416,Menlo,16,1,release,8,24,3,false,7479,0,false,Metal,Apple M5 Pro
arabic,sparse_novel_counter,softwrap,81,25,13,28000,3943625,45375,Menlo,16,1,release,8,24,3,false,7479,0,false,Metal,Apple M5 Pro
arabic,sparse_novel_counter,softwrap,81,25,14,27333,3957583,44792,Menlo,16,1,release,8,24,3,false,7479,0,false,Metal,Apple M5 Pro
arabic,sparse_novel_counter,softwrap,81,25,15,27250,3922750,45375,Menlo,16,1,release,8,24,3,false,7479,0,false,Metal,Apple M5 Pro
arabic,sparse_novel_counter,softwrap,81,25,16,27209,3968375,45334,Menlo,16,1,release,8,24,3,false,7479,0,false,Metal,Apple M5 Pro
arabic,sparse_novel_counter,softwrap,81,25,17,27875,3950958,44917,Menlo,16,1,release,8,24,3,false,7479,0,false,Metal,Apple M5 Pro
arabic,sparse_novel_counter,softwrap,81,25,18,27209,3951834,45125,Menlo,16,1,release,8,24,3,false,7479,0,false,Metal,Apple M5 Pro
arabic,sparse_novel_counter,softwrap,81,25,19,27417,3975417,45375,Menlo,16,1,release,8,24,3,false,7479,0,false,Metal,Apple M5 Pro
arabic,sparse_novel_counter,softwrap,81,25,20,27375,3946542,43958,Menlo,16,1,release,8,24,3,false,7479,0,false,Metal,Apple M5 Pro
arabic,sparse_novel_counter,softwrap,81,25,21,27000,3967834,45208,Menlo,16,1,release,8,24,3,false,7479,0,false,Metal,Apple M5 Pro
arabic,sparse_novel_counter,softwrap,81,25,22,27292,3955583,45167,Menlo,16,1,release,8,24,3,false,7479,0,false,Metal,Apple M5 Pro
arabic,sparse_novel_counter,softwrap,81,25,23,26958,3936625,45250,Menlo,16,1,release,8,24,3,false,7479,0,false,Metal,Apple M5 Pro
arabic,scroll_triangle,explicit_rows,81,25,0,15000,66916,39667,Menlo,16,1,release,8,24,3,false,0,0,false,Metal,Apple M5 Pro
arabic,scroll_triangle,explicit_rows,81,25,1,14917,68209,39500,Menlo,16,1,release,8,24,3,false,0,0,false,Metal,Apple M5 Pro
arabic,scroll_triangle,explicit_rows,81,25,2,15042,67625,39625,Menlo,16,1,release,8,24,3,false,0,0,false,Metal,Apple M5 Pro
arabic,scroll_triangle,explicit_rows,81,25,3,14916,67375,39834,Menlo,16,1,release,8,24,3,false,0,0,false,Metal,Apple M5 Pro
arabic,scroll_triangle,explicit_rows,81,25,4,14958,67917,39708,Menlo,16,1,release,8,24,3,false,0,0,false,Metal,Apple M5 Pro
arabic,scroll_triangle,explicit_rows,81,25,5,14958,67750,39583,Menlo,16,1,release,8,24,3,false,0,0,false,Metal,Apple M5 Pro
arabic,scroll_triangle,explicit_rows,81,25,6,15125,67375,39625,Menlo,16,1,release,8,24,3,false,0,0,false,Metal,Apple M5 Pro
arabic,scroll_triangle,explicit_rows,81,25,7,15041,67667,39666,Menlo,16,1,release,8,24,3,false,0,0,false,Metal,Apple M5 Pro
arabic,scroll_triangle,explicit_rows,81,25,8,15000,67833,39833,Menlo,16,1,release,8,24,3,false,0,0,false,Metal,Apple M5 Pro
arabic,scroll_triangle,explicit_rows,81,25,9,15000,67625,39625,Menlo,16,1,release,8,24,3,false,0,0,false,Metal,Apple M5 Pro
arabic,scroll_triangle,explicit_rows,81,25,10,15209,71584,39625,Menlo,16,1,release,8,24,3,false,0,0,false,Metal,Apple M5 Pro
arabic,scroll_triangle,explicit_rows,81,25,11,15042,67375,39625,Menlo,16,1,release,8,24,3,false,0,0,false,Metal,Apple M5 Pro
arabic,scroll_triangle,explicit_rows,81,25,12,14917,67500,39792,Menlo,16,1,release,8,24,3,false,0,0,false,Metal,Apple M5 Pro
arabic,scroll_triangle,explicit_rows,81,25,13,15125,70459,40375,Menlo,16,1,release,8,24,3,false,0,0,false,Metal,Apple M5 Pro
arabic,scroll_triangle,explicit_rows,81,25,14,15084,67084,39625,Menlo,16,1,release,8,24,3,false,0,0,false,Metal,Apple M5 Pro
arabic,scroll_triangle,explicit_rows,81,25,15,15209,67500,39625,Menlo,16,1,release,8,24,3,false,0,0,false,Metal,Apple M5 Pro
arabic,scroll_triangle,explicit_rows,81,25,16,14917,16208,41,Menlo,16,1,release,8,24,3,false,0,0,false,Metal,Apple M5 Pro
arabic,scroll_triangle,explicit_rows,81,25,17,14875,16375,38417,Menlo,16,1,release,8,24,3,false,0,0,false,Metal,Apple M5 Pro
arabic,scroll_triangle,explicit_rows,81,25,18,15042,16291,37500,Menlo,16,1,release,8,24,3,false,0,0,false,Metal,Apple M5 Pro
arabic,scroll_triangle,explicit_rows,81,25,19,15208,16583,39500,Menlo,16,1,release,8,24,3,false,0,0,false,Metal,Apple M5 Pro
arabic,scroll_triangle,explicit_rows,81,25,20,15250,16000,39125,Menlo,16,1,release,8,24,3,false,0,0,false,Metal,Apple M5 Pro
arabic,scroll_triangle,explicit_rows,81,25,21,15084,16209,39250,Menlo,16,1,release,8,24,3,false,0,0,false,Metal,Apple M5 Pro
arabic,scroll_triangle,explicit_rows,81,25,22,15167,16209,39625,Menlo,16,1,release,8,24,3,false,0,0,false,Metal,Apple M5 Pro
arabic,scroll_triangle,explicit_rows,81,25,23,15125,16291,39625,Menlo,16,1,release,8,24,3,false,0,0,false,Metal,Apple M5 Pro
arabic,scroll_triangle,softwrap,81,25,0,29083,3952833,46208,Menlo,16,1,release,8,24,3,false,6180,1276,false,Metal,Apple M5 Pro
arabic,scroll_triangle,softwrap,81,25,1,28250,3938708,88125,Menlo,16,1,release,8,24,3,false,6039,1418,false,Metal,Apple M5 Pro
arabic,scroll_triangle,softwrap,81,25,2,27750,3973292,56167,Menlo,16,1,release,8,24,3,false,5897,1568,false,Metal,Apple M5 Pro
arabic,scroll_triangle,softwrap,81,25,3,29333,3936666,46208,Menlo,16,1,release,8,24,3,false,5748,1709,false,Metal,Apple M5 Pro
arabic,scroll_triangle,softwrap,81,25,4,28333,3964834,57792,Menlo,16,1,release,8,24,3,false,5606,1850,false,Metal,Apple M5 Pro
arabic,scroll_triangle,softwrap,81,25,5,28459,3944792,45625,Menlo,16,1,release,8,24,3,false,5465,1994,false,Metal,Apple M5 Pro
arabic,scroll_triangle,softwrap,81,25,6,28583,3914458,45792,Menlo,16,1,release,8,24,3,false,5319,2142,false,Metal,Apple M5 Pro
arabic,scroll_triangle,softwrap,81,25,7,27792,3962292,44916,Menlo,16,1,release,8,24,3,false,5174,2284,false,Metal,Apple M5 Pro
arabic,scroll_triangle,softwrap,81,25,8,28625,3966958,45875,Menlo,16,1,release,8,24,3,false,5032,2426,false,Metal,Apple M5 Pro
arabic,scroll_triangle,softwrap,81,25,9,29834,3966167,46000,Menlo,16,1,release,8,24,3,false,4890,2575,false,Metal,Apple M5 Pro
arabic,scroll_triangle,softwrap,81,25,10,28041,3942334,46209,Menlo,16,1,release,8,24,3,false,4741,2716,false,Metal,Apple M5 Pro
arabic,scroll_triangle,softwrap,81,25,11,28000,3941250,46042,Menlo,16,1,release,8,24,3,false,4599,2858,false,Metal,Apple M5 Pro
arabic,scroll_triangle,softwrap,81,25,12,30167,3963916,46000,Menlo,16,1,release,8,24,3,false,4458,3000,false,Metal,Apple M5 Pro
arabic,scroll_triangle,softwrap,81,25,13,28500,3940125,46000,Menlo,16,1,release,8,24,3,false,4316,3149,false,Metal,Apple M5 Pro
arabic,scroll_triangle,softwrap,81,25,14,28250,3966250,46500,Menlo,16,1,release,8,24,3,false,4166,3291,false,Metal,Apple M5 Pro
arabic,scroll_triangle,softwrap,81,25,15,28208,3924292,46167,Menlo,16,1,release,8,24,3,false,4025,3432,false,Metal,Apple M5 Pro
arabic,scroll_triangle,softwrap,81,25,16,27583,17875,83,Menlo,16,1,release,8,24,3,false,4025,3432,false,Metal,Apple M5 Pro
arabic,scroll_triangle,softwrap,81,25,17,26792,17708,45916,Menlo,16,1,release,8,24,3,false,4166,3291,false,Metal,Apple M5 Pro
arabic,scroll_triangle,softwrap,81,25,18,27084,17666,45833,Menlo,16,1,release,8,24,3,false,4316,3149,false,Metal,Apple M5 Pro
arabic,scroll_triangle,softwrap,81,25,19,26917,17750,44667,Menlo,16,1,release,8,24,3,false,4458,3000,false,Metal,Apple M5 Pro
arabic,scroll_triangle,softwrap,81,25,20,26750,3928583,47875,Menlo,16,1,release,8,24,3,false,4599,2858,false,Metal,Apple M5 Pro
arabic,scroll_triangle,softwrap,81,25,21,27750,3946500,46125,Menlo,16,1,release,8,24,3,false,4741,2716,false,Metal,Apple M5 Pro
arabic,scroll_triangle,softwrap,81,25,22,28417,3937833,46166,Menlo,16,1,release,8,24,3,false,4890,2575,false,Metal,Apple M5 Pro
arabic,scroll_triangle,softwrap,81,25,23,28417,3949708,45750,Menlo,16,1,release,8,24,3,false,5032,2426,false,Metal,Apple M5 Pro
arabic,dense_novel_text,explicit_rows,81,25,0,15125,1293375,38834,Menlo,16,1,release,8,24,3,false,0,0,false,Metal,Apple M5 Pro
arabic,dense_novel_text,explicit_rows,81,25,1,15000,1296958,38792,Menlo,16,1,release,8,24,3,false,0,0,false,Metal,Apple M5 Pro
arabic,dense_novel_text,explicit_rows,81,25,2,15459,1296041,38834,Menlo,16,1,release,8,24,3,false,0,0,false,Metal,Apple M5 Pro
arabic,dense_novel_text,explicit_rows,81,25,3,15041,1327500,39166,Menlo,16,1,release,8,24,3,false,0,0,false,Metal,Apple M5 Pro
arabic,dense_novel_text,explicit_rows,81,25,4,15042,1296291,39125,Menlo,16,1,release,8,24,3,false,0,0,false,Metal,Apple M5 Pro
arabic,dense_novel_text,explicit_rows,81,25,5,14958,1293708,38959,Menlo,16,1,release,8,24,3,false,0,0,false,Metal,Apple M5 Pro
arabic,dense_novel_text,explicit_rows,81,25,6,14833,1292292,38958,Menlo,16,1,release,8,24,3,false,0,0,false,Metal,Apple M5 Pro
arabic,dense_novel_text,explicit_rows,81,25,7,15125,1290583,39083,Menlo,16,1,release,8,24,3,false,0,0,false,Metal,Apple M5 Pro
arabic,dense_novel_text,explicit_rows,81,25,8,15209,1290041,39000,Menlo,16,1,release,8,24,3,false,0,0,false,Metal,Apple M5 Pro
arabic,dense_novel_text,explicit_rows,81,25,9,14875,1288958,38584,Menlo,16,1,release,8,24,3,false,0,0,false,Metal,Apple M5 Pro
arabic,dense_novel_text,explicit_rows,81,25,10,15000,1325084,39167,Menlo,16,1,release,8,24,3,false,0,0,false,Metal,Apple M5 Pro
arabic,dense_novel_text,explicit_rows,81,25,11,15542,1296916,39000,Menlo,16,1,release,8,24,3,false,0,0,false,Metal,Apple M5 Pro
arabic,dense_novel_text,explicit_rows,81,25,12,15042,1299375,39000,Menlo,16,1,release,8,24,3,false,0,0,false,Metal,Apple M5 Pro
arabic,dense_novel_text,explicit_rows,81,25,13,14875,1296958,39375,Menlo,16,1,release,8,24,3,false,0,0,false,Metal,Apple M5 Pro
arabic,dense_novel_text,explicit_rows,81,25,14,14875,1297375,38917,Menlo,16,1,release,8,24,3,false,0,0,false,Metal,Apple M5 Pro
arabic,dense_novel_text,explicit_rows,81,25,15,14875,1365042,39041,Menlo,16,1,release,8,24,3,false,0,0,false,Metal,Apple M5 Pro
arabic,dense_novel_text,explicit_rows,81,25,16,14833,1293083,39042,Menlo,16,1,release,8,24,3,false,0,0,false,Metal,Apple M5 Pro
arabic,dense_novel_text,explicit_rows,81,25,17,15166,1317084,39250,Menlo,16,1,release,8,24,3,false,0,0,false,Metal,Apple M5 Pro
arabic,dense_novel_text,explicit_rows,81,25,18,15292,1292666,39042,Menlo,16,1,release,8,24,3,false,0,0,false,Metal,Apple M5 Pro
arabic,dense_novel_text,explicit_rows,81,25,19,15125,1294542,38958,Menlo,16,1,release,8,24,3,false,0,0,false,Metal,Apple M5 Pro
arabic,dense_novel_text,explicit_rows,81,25,20,14916,1290750,38875,Menlo,16,1,release,8,24,3,false,0,0,false,Metal,Apple M5 Pro
arabic,dense_novel_text,explicit_rows,81,25,21,15250,1291541,38959,Menlo,16,1,release,8,24,3,false,0,0,false,Metal,Apple M5 Pro
arabic,dense_novel_text,explicit_rows,81,25,22,15250,1289208,39000,Menlo,16,1,release,8,24,3,false,0,0,false,Metal,Apple M5 Pro
arabic,dense_novel_text,explicit_rows,81,25,23,15208,1292083,38917,Menlo,16,1,release,8,24,3,false,0,0,false,Metal,Apple M5 Pro
arabic,dense_novel_text,softwrap,81,25,0,27125,3951584,61042,Menlo,16,1,release,8,24,3,false,7479,0,false,Metal,Apple M5 Pro
arabic,dense_novel_text,softwrap,81,25,1,26916,3974250,45000,Menlo,16,1,release,8,24,3,false,7479,0,false,Metal,Apple M5 Pro
arabic,dense_novel_text,softwrap,81,25,2,27250,3954584,44791,Menlo,16,1,release,8,24,3,false,7479,0,false,Metal,Apple M5 Pro
arabic,dense_novel_text,softwrap,81,25,3,27042,3951417,44042,Menlo,16,1,release,8,24,3,false,7479,0,false,Metal,Apple M5 Pro
arabic,dense_novel_text,softwrap,81,25,4,26792,3995667,45166,Menlo,16,1,release,8,24,3,false,7479,0,false,Metal,Apple M5 Pro
arabic,dense_novel_text,softwrap,81,25,5,27125,3955958,44958,Menlo,16,1,release,8,24,3,false,7479,0,false,Metal,Apple M5 Pro
arabic,dense_novel_text,softwrap,81,25,6,27250,3982167,45167,Menlo,16,1,release,8,24,3,false,7479,0,false,Metal,Apple M5 Pro
arabic,dense_novel_text,softwrap,81,25,7,27250,3958041,44792,Menlo,16,1,release,8,24,3,false,7479,0,false,Metal,Apple M5 Pro
arabic,dense_novel_text,softwrap,81,25,8,26708,3963583,44792,Menlo,16,1,release,8,24,3,false,7479,0,false,Metal,Apple M5 Pro
arabic,dense_novel_text,softwrap,81,25,9,27375,3957000,45000,Menlo,16,1,release,8,24,3,false,7479,0,false,Metal,Apple M5 Pro
arabic,dense_novel_text,softwrap,81,25,10,27000,3947417,45041,Menlo,16,1,release,8,24,3,false,7479,0,false,Metal,Apple M5 Pro
arabic,dense_novel_text,softwrap,81,25,11,27583,3969750,44958,Menlo,16,1,release,8,24,3,false,7479,0,false,Metal,Apple M5 Pro
arabic,dense_novel_text,softwrap,81,25,12,26959,3938709,44917,Menlo,16,1,release,8,24,3,false,7479,0,false,Metal,Apple M5 Pro
arabic,dense_novel_text,softwrap,81,25,13,26833,3964208,45375,Menlo,16,1,release,8,24,3,false,7479,0,false,Metal,Apple M5 Pro
arabic,dense_novel_text,softwrap,81,25,14,26875,3960458,45208,Menlo,16,1,release,8,24,3,false,7479,0,false,Metal,Apple M5 Pro
arabic,dense_novel_text,softwrap,81,25,15,27291,3947292,45250,Menlo,16,1,release,8,24,3,false,7479,0,false,Metal,Apple M5 Pro
arabic,dense_novel_text,softwrap,81,25,16,26417,3973458,45000,Menlo,16,1,release,8,24,3,false,7479,0,false,Metal,Apple M5 Pro
arabic,dense_novel_text,softwrap,81,25,17,27167,3943708,44917,Menlo,16,1,release,8,24,3,false,7479,0,false,Metal,Apple M5 Pro
arabic,dense_novel_text,softwrap,81,25,18,26792,4021041,45042,Menlo,16,1,release,8,24,3,false,7479,0,false,Metal,Apple M5 Pro
arabic,dense_novel_text,softwrap,81,25,19,27750,3955625,44708,Menlo,16,1,release,8,24,3,false,7479,0,false,Metal,Apple M5 Pro
arabic,dense_novel_text,softwrap,81,25,20,26667,3961042,44917,Menlo,16,1,release,8,24,3,false,7479,0,false,Metal,Apple M5 Pro
arabic,dense_novel_text,softwrap,81,25,21,27083,3991292,45250,Menlo,16,1,release,8,24,3,false,7479,0,false,Metal,Apple M5 Pro
arabic,dense_novel_text,softwrap,81,25,22,27459,3964750,44833,Menlo,16,1,release,8,24,3,false,7479,0,false,Metal,Apple M5 Pro
arabic,dense_novel_text,softwrap,81,25,23,27166,3990459,44875,Menlo,16,1,release,8,24,3,false,7479,0,false,Metal,Apple M5 Pro
rtl_context_ltr_viewport,sparse_novel_counter,explicit_rows,81,25,0,14916,40125,1875,Menlo,16,1,release,8,24,3,false,0,0,false,Metal,Apple M5 Pro
rtl_context_ltr_viewport,sparse_novel_counter,explicit_rows,81,25,1,14833,41417,1916,Menlo,16,1,release,8,24,3,false,0,0,false,Metal,Apple M5 Pro
rtl_context_ltr_viewport,sparse_novel_counter,explicit_rows,81,25,2,14792,40958,1917,Menlo,16,1,release,8,24,3,false,0,0,false,Metal,Apple M5 Pro
rtl_context_ltr_viewport,sparse_novel_counter,explicit_rows,81,25,3,14917,40792,1917,Menlo,16,1,release,8,24,3,false,0,0,false,Metal,Apple M5 Pro
rtl_context_ltr_viewport,sparse_novel_counter,explicit_rows,81,25,4,14834,40416,1917,Menlo,16,1,release,8,24,3,false,0,0,false,Metal,Apple M5 Pro
rtl_context_ltr_viewport,sparse_novel_counter,explicit_rows,81,25,5,15042,40833,1875,Menlo,16,1,release,8,24,3,false,0,0,false,Metal,Apple M5 Pro
rtl_context_ltr_viewport,sparse_novel_counter,explicit_rows,81,25,6,14708,40917,1916,Menlo,16,1,release,8,24,3,false,0,0,false,Metal,Apple M5 Pro
rtl_context_ltr_viewport,sparse_novel_counter,explicit_rows,81,25,7,14917,41167,1959,Menlo,16,1,release,8,24,3,false,0,0,false,Metal,Apple M5 Pro
rtl_context_ltr_viewport,sparse_novel_counter,explicit_rows,81,25,8,14917,41333,1875,Menlo,16,1,release,8,24,3,false,0,0,false,Metal,Apple M5 Pro
rtl_context_ltr_viewport,sparse_novel_counter,explicit_rows,81,25,9,14917,41166,1833,Menlo,16,1,release,8,24,3,false,0,0,false,Metal,Apple M5 Pro
rtl_context_ltr_viewport,sparse_novel_counter,explicit_rows,81,25,10,14958,40708,1916,Menlo,16,1,release,8,24,3,false,0,0,false,Metal,Apple M5 Pro
rtl_context_ltr_viewport,sparse_novel_counter,explicit_rows,81,25,11,14875,40417,1875,Menlo,16,1,release,8,24,3,false,0,0,false,Metal,Apple M5 Pro
rtl_context_ltr_viewport,sparse_novel_counter,explicit_rows,81,25,12,14875,41167,1916,Menlo,16,1,release,8,24,3,false,0,0,false,Metal,Apple M5 Pro
rtl_context_ltr_viewport,sparse_novel_counter,explicit_rows,81,25,13,14750,40583,1916,Menlo,16,1,release,8,24,3,false,0,0,false,Metal,Apple M5 Pro
rtl_context_ltr_viewport,sparse_novel_counter,explicit_rows,81,25,14,14792,41333,1875,Menlo,16,1,release,8,24,3,false,0,0,false,Metal,Apple M5 Pro
rtl_context_ltr_viewport,sparse_novel_counter,explicit_rows,81,25,15,14792,40750,1916,Menlo,16,1,release,8,24,3,false,0,0,false,Metal,Apple M5 Pro
rtl_context_ltr_viewport,sparse_novel_counter,explicit_rows,81,25,16,14917,41250,1916,Menlo,16,1,release,8,24,3,false,0,0,false,Metal,Apple M5 Pro
rtl_context_ltr_viewport,sparse_novel_counter,explicit_rows,81,25,17,14750,40417,1875,Menlo,16,1,release,8,24,3,false,0,0,false,Metal,Apple M5 Pro
rtl_context_ltr_viewport,sparse_novel_counter,explicit_rows,81,25,18,14750,41084,1875,Menlo,16,1,release,8,24,3,false,0,0,false,Metal,Apple M5 Pro
rtl_context_ltr_viewport,sparse_novel_counter,explicit_rows,81,25,19,14917,40750,1917,Menlo,16,1,release,8,24,3,false,0,0,false,Metal,Apple M5 Pro
rtl_context_ltr_viewport,sparse_novel_counter,explicit_rows,81,25,20,15083,40458,1917,Menlo,16,1,release,8,24,3,false,0,0,false,Metal,Apple M5 Pro
rtl_context_ltr_viewport,sparse_novel_counter,explicit_rows,81,25,21,14958,40583,1917,Menlo,16,1,release,8,24,3,false,0,0,false,Metal,Apple M5 Pro
rtl_context_ltr_viewport,sparse_novel_counter,explicit_rows,81,25,22,14750,40375,1917,Menlo,16,1,release,8,24,3,false,0,0,false,Metal,Apple M5 Pro
rtl_context_ltr_viewport,sparse_novel_counter,explicit_rows,81,25,23,15000,41041,1917,Menlo,16,1,release,8,24,3,false,0,0,false,Metal,Apple M5 Pro
rtl_context_ltr_viewport,sparse_novel_counter,softwrap,81,25,0,25209,1375583,68458,Menlo,16,1,release,8,24,3,false,4226,0,false,Metal,Apple M5 Pro
rtl_context_ltr_viewport,sparse_novel_counter,softwrap,81,25,1,25708,1417542,47041,Menlo,16,1,release,8,24,3,false,4226,0,false,Metal,Apple M5 Pro
rtl_context_ltr_viewport,sparse_novel_counter,softwrap,81,25,2,26333,1389584,47291,Menlo,16,1,release,8,24,3,false,4226,0,false,Metal,Apple M5 Pro
rtl_context_ltr_viewport,sparse_novel_counter,softwrap,81,25,3,26292,1373958,46958,Menlo,16,1,release,8,24,3,false,4226,0,false,Metal,Apple M5 Pro
rtl_context_ltr_viewport,sparse_novel_counter,softwrap,81,25,4,25625,1374583,46917,Menlo,16,1,release,8,24,3,false,4226,0,false,Metal,Apple M5 Pro
rtl_context_ltr_viewport,sparse_novel_counter,softwrap,81,25,5,25375,1374834,46875,Menlo,16,1,release,8,24,3,false,4226,0,false,Metal,Apple M5 Pro
rtl_context_ltr_viewport,sparse_novel_counter,softwrap,81,25,6,25625,1369875,46750,Menlo,16,1,release,8,24,3,false,4226,0,false,Metal,Apple M5 Pro
rtl_context_ltr_viewport,sparse_novel_counter,softwrap,81,25,7,25584,1391417,46708,Menlo,16,1,release,8,24,3,false,4226,0,false,Metal,Apple M5 Pro
rtl_context_ltr_viewport,sparse_novel_counter,softwrap,81,25,8,26209,1408584,47125,Menlo,16,1,release,8,24,3,false,4226,0,false,Metal,Apple M5 Pro
rtl_context_ltr_viewport,sparse_novel_counter,softwrap,81,25,9,26250,1380167,46833,Menlo,16,1,release,8,24,3,false,4226,0,false,Metal,Apple M5 Pro
rtl_context_ltr_viewport,sparse_novel_counter,softwrap,81,25,10,25416,1378292,46666,Menlo,16,1,release,8,24,3,false,4226,0,false,Metal,Apple M5 Pro
rtl_context_ltr_viewport,sparse_novel_counter,softwrap,81,25,11,25875,1371625,46667,Menlo,16,1,release,8,24,3,false,4226,0,false,Metal,Apple M5 Pro
rtl_context_ltr_viewport,sparse_novel_counter,softwrap,81,25,12,25416,1366875,46792,Menlo,16,1,release,8,24,3,false,4226,0,false,Metal,Apple M5 Pro
rtl_context_ltr_viewport,sparse_novel_counter,softwrap,81,25,13,26000,1370708,46500,Menlo,16,1,release,8,24,3,false,4226,0,false,Metal,Apple M5 Pro
rtl_context_ltr_viewport,sparse_novel_counter,softwrap,81,25,14,25833,1405375,46917,Menlo,16,1,release,8,24,3,false,4226,0,false,Metal,Apple M5 Pro
rtl_context_ltr_viewport,sparse_novel_counter,softwrap,81,25,15,26334,1405541,46875,Menlo,16,1,release,8,24,3,false,4226,0,false,Metal,Apple M5 Pro
rtl_context_ltr_viewport,sparse_novel_counter,softwrap,81,25,16,25708,1375375,46708,Menlo,16,1,release,8,24,3,false,4226,0,false,Metal,Apple M5 Pro
rtl_context_ltr_viewport,sparse_novel_counter,softwrap,81,25,17,26250,1366917,46791,Menlo,16,1,release,8,24,3,false,4226,0,false,Metal,Apple M5 Pro
rtl_context_ltr_viewport,sparse_novel_counter,softwrap,81,25,18,26250,1364416,46667,Menlo,16,1,release,8,24,3,false,4226,0,false,Metal,Apple M5 Pro
rtl_context_ltr_viewport,sparse_novel_counter,softwrap,81,25,19,26542,1367541,46792,Menlo,16,1,release,8,24,3,false,4226,0,false,Metal,Apple M5 Pro
rtl_context_ltr_viewport,sparse_novel_counter,softwrap,81,25,20,25792,1358416,46792,Menlo,16,1,release,8,24,3,false,4226,0,false,Metal,Apple M5 Pro
rtl_context_ltr_viewport,sparse_novel_counter,softwrap,81,25,21,25708,1391250,46916,Menlo,16,1,release,8,24,3,false,4226,0,false,Metal,Apple M5 Pro
rtl_context_ltr_viewport,sparse_novel_counter,softwrap,81,25,22,25500,1365083,46750,Menlo,16,1,release,8,24,3,false,4226,0,false,Metal,Apple M5 Pro
rtl_context_ltr_viewport,sparse_novel_counter,softwrap,81,25,23,25458,1361875,46875,Menlo,16,1,release,8,24,3,false,4226,0,false,Metal,Apple M5 Pro
rtl_context_ltr_viewport,scroll_triangle,explicit_rows,81,25,0,15042,40250,43916,Menlo,16,1,release,8,24,3,false,0,0,false,Metal,Apple M5 Pro
rtl_context_ltr_viewport,scroll_triangle,explicit_rows,81,25,1,15083,40667,44083,Menlo,16,1,release,8,24,3,false,0,0,false,Metal,Apple M5 Pro
rtl_context_ltr_viewport,scroll_triangle,explicit_rows,81,25,2,15000,41083,44292,Menlo,16,1,release,8,24,3,false,0,0,false,Metal,Apple M5 Pro
rtl_context_ltr_viewport,scroll_triangle,explicit_rows,81,25,3,14750,40708,44458,Menlo,16,1,release,8,24,3,false,0,0,false,Metal,Apple M5 Pro
rtl_context_ltr_viewport,scroll_triangle,explicit_rows,81,25,4,14875,40166,44667,Menlo,16,1,release,8,24,3,false,0,0,false,Metal,Apple M5 Pro
rtl_context_ltr_viewport,scroll_triangle,explicit_rows,81,25,5,15083,40500,44458,Menlo,16,1,release,8,24,3,false,0,0,false,Metal,Apple M5 Pro
rtl_context_ltr_viewport,scroll_triangle,explicit_rows,81,25,6,15000,40625,44375,Menlo,16,1,release,8,24,3,false,0,0,false,Metal,Apple M5 Pro
rtl_context_ltr_viewport,scroll_triangle,explicit_rows,81,25,7,14958,40458,44792,Menlo,16,1,release,8,24,3,false,0,0,false,Metal,Apple M5 Pro
rtl_context_ltr_viewport,scroll_triangle,explicit_rows,81,25,8,15250,40250,44625,Menlo,16,1,release,8,24,3,false,0,0,false,Metal,Apple M5 Pro
rtl_context_ltr_viewport,scroll_triangle,explicit_rows,81,25,9,15416,40375,44542,Menlo,16,1,release,8,24,3,false,0,0,false,Metal,Apple M5 Pro
rtl_context_ltr_viewport,scroll_triangle,explicit_rows,81,25,10,15000,40250,44458,Menlo,16,1,release,8,24,3,false,0,0,false,Metal,Apple M5 Pro
rtl_context_ltr_viewport,scroll_triangle,explicit_rows,81,25,11,14875,40167,44500,Menlo,16,1,release,8,24,3,false,0,0,false,Metal,Apple M5 Pro
rtl_context_ltr_viewport,scroll_triangle,explicit_rows,81,25,12,14917,40250,44375,Menlo,16,1,release,8,24,3,false,0,0,false,Metal,Apple M5 Pro
rtl_context_ltr_viewport,scroll_triangle,explicit_rows,81,25,13,15083,40208,44417,Menlo,16,1,release,8,24,3,false,0,0,false,Metal,Apple M5 Pro
rtl_context_ltr_viewport,scroll_triangle,explicit_rows,81,25,14,15042,40042,44583,Menlo,16,1,release,8,24,3,false,0,0,false,Metal,Apple M5 Pro
rtl_context_ltr_viewport,scroll_triangle,explicit_rows,81,25,15,15042,40250,44458,Menlo,16,1,release,8,24,3,false,0,0,false,Metal,Apple M5 Pro
rtl_context_ltr_viewport,scroll_triangle,explicit_rows,81,25,16,14792,16291,42,Menlo,16,1,release,8,24,3,false,0,0,false,Metal,Apple M5 Pro
rtl_context_ltr_viewport,scroll_triangle,explicit_rows,81,25,17,14875,16541,44792,Menlo,16,1,release,8,24,3,false,0,0,false,Metal,Apple M5 Pro
rtl_context_ltr_viewport,scroll_triangle,explicit_rows,81,25,18,15000,16583,44500,Menlo,16,1,release,8,24,3,false,0,0,false,Metal,Apple M5 Pro
rtl_context_ltr_viewport,scroll_triangle,explicit_rows,81,25,19,15042,16375,44458,Menlo,16,1,release,8,24,3,false,0,0,false,Metal,Apple M5 Pro
rtl_context_ltr_viewport,scroll_triangle,explicit_rows,81,25,20,15083,16333,44500,Menlo,16,1,release,8,24,3,false,0,0,false,Metal,Apple M5 Pro
rtl_context_ltr_viewport,scroll_triangle,explicit_rows,81,25,21,15167,16375,44167,Menlo,16,1,release,8,24,3,false,0,0,false,Metal,Apple M5 Pro
rtl_context_ltr_viewport,scroll_triangle,explicit_rows,81,25,22,15000,16292,43625,Menlo,16,1,release,8,24,3,false,0,0,false,Metal,Apple M5 Pro
rtl_context_ltr_viewport,scroll_triangle,explicit_rows,81,25,23,15041,16542,43500,Menlo,16,1,release,8,24,3,false,0,0,false,Metal,Apple M5 Pro
rtl_context_ltr_viewport,scroll_triangle,softwrap,81,25,0,25166,1379417,46084,Menlo,16,1,release,8,24,3,false,3485,741,false,Metal,Apple M5 Pro
rtl_context_ltr_viewport,scroll_triangle,softwrap,81,25,1,25334,1384167,46041,Menlo,16,1,release,8,24,3,false,3402,824,false,Metal,Apple M5 Pro
rtl_context_ltr_viewport,scroll_triangle,softwrap,81,25,2,25500,1382875,46042,Menlo,16,1,release,8,24,3,false,3320,906,false,Metal,Apple M5 Pro
rtl_context_ltr_viewport,scroll_triangle,softwrap,81,25,3,25958,1384417,46375,Menlo,16,1,release,8,24,3,false,3238,988,false,Metal,Apple M5 Pro
rtl_context_ltr_viewport,scroll_triangle,softwrap,81,25,4,25833,1379500,46167,Menlo,16,1,release,8,24,3,false,3155,1071,false,Metal,Apple M5 Pro
rtl_context_ltr_viewport,scroll_triangle,softwrap,81,25,5,26083,1406875,46125,Menlo,16,1,release,8,24,3,false,3073,1153,false,Metal,Apple M5 Pro
rtl_context_ltr_viewport,scroll_triangle,softwrap,81,25,6,25875,1383334,46000,Menlo,16,1,release,8,24,3,false,2990,1236,false,Metal,Apple M5 Pro
rtl_context_ltr_viewport,scroll_triangle,softwrap,81,25,7,25458,1390834,46542,Menlo,16,1,release,8,24,3,false,2908,1318,false,Metal,Apple M5 Pro
rtl_context_ltr_viewport,scroll_triangle,softwrap,81,25,8,25792,1365000,46041,Menlo,16,1,release,8,24,3,false,2826,1400,false,Metal,Apple M5 Pro
rtl_context_ltr_viewport,scroll_triangle,softwrap,81,25,9,26250,1362791,46167,Menlo,16,1,release,8,24,3,false,2743,1483,false,Metal,Apple M5 Pro
rtl_context_ltr_viewport,scroll_triangle,softwrap,81,25,10,26167,1369083,46083,Menlo,16,1,release,8,24,3,false,2661,1565,false,Metal,Apple M5 Pro
rtl_context_ltr_viewport,scroll_triangle,softwrap,81,25,11,25500,1379250,46042,Menlo,16,1,release,8,24,3,false,2578,1648,false,Metal,Apple M5 Pro
rtl_context_ltr_viewport,scroll_triangle,softwrap,81,25,12,25750,1403583,46500,Menlo,16,1,release,8,24,3,false,2496,1730,false,Metal,Apple M5 Pro
rtl_context_ltr_viewport,scroll_triangle,softwrap,81,25,13,26042,1388667,46292,Menlo,16,1,release,8,24,3,false,2414,1812,false,Metal,Apple M5 Pro
rtl_context_ltr_viewport,scroll_triangle,softwrap,81,25,14,25125,1375916,46292,Menlo,16,1,release,8,24,3,false,2331,1895,false,Metal,Apple M5 Pro
rtl_context_ltr_viewport,scroll_triangle,softwrap,81,25,15,25625,1383583,46792,Menlo,16,1,release,8,24,3,false,2249,1977,false,Metal,Apple M5 Pro
rtl_context_ltr_viewport,scroll_triangle,softwrap,81,25,16,25625,17542,83,Menlo,16,1,release,8,24,3,false,2249,1977,false,Metal,Apple M5 Pro
rtl_context_ltr_viewport,scroll_triangle,softwrap,81,25,17,24584,17334,45833,Menlo,16,1,release,8,24,3,false,2331,1895,false,Metal,Apple M5 Pro
rtl_context_ltr_viewport,scroll_triangle,softwrap,81,25,18,24250,17458,45375,Menlo,16,1,release,8,24,3,false,2414,1812,false,Metal,Apple M5 Pro
rtl_context_ltr_viewport,scroll_triangle,softwrap,81,25,19,24417,17375,44959,Menlo,16,1,release,8,24,3,false,2496,1730,false,Metal,Apple M5 Pro
rtl_context_ltr_viewport,scroll_triangle,softwrap,81,25,20,24417,1370417,47291,Menlo,16,1,release,8,24,3,false,2578,1648,false,Metal,Apple M5 Pro
rtl_context_ltr_viewport,scroll_triangle,softwrap,81,25,21,26084,1381750,46584,Menlo,16,1,release,8,24,3,false,2661,1565,false,Metal,Apple M5 Pro
rtl_context_ltr_viewport,scroll_triangle,softwrap,81,25,22,25500,1399584,47375,Menlo,16,1,release,8,24,3,false,2743,1483,false,Metal,Apple M5 Pro
rtl_context_ltr_viewport,scroll_triangle,softwrap,81,25,23,25834,1397834,46583,Menlo,16,1,release,8,24,3,false,2826,1400,false,Metal,Apple M5 Pro
rtl_context_ltr_viewport,dense_novel_text,explicit_rows,81,25,0,14958,615375,44500,Menlo,16,1,release,8,24,3,false,0,0,false,Metal,Apple M5 Pro
rtl_context_ltr_viewport,dense_novel_text,explicit_rows,81,25,1,15000,613834,44375,Menlo,16,1,release,8,24,3,false,0,0,false,Metal,Apple M5 Pro
rtl_context_ltr_viewport,dense_novel_text,explicit_rows,81,25,2,14834,641125,44459,Menlo,16,1,release,8,24,3,false,0,0,false,Metal,Apple M5 Pro
rtl_context_ltr_viewport,dense_novel_text,explicit_rows,81,25,3,15375,614875,44250,Menlo,16,1,release,8,24,3,false,0,0,false,Metal,Apple M5 Pro
rtl_context_ltr_viewport,dense_novel_text,explicit_rows,81,25,4,15167,613916,44459,Menlo,16,1,release,8,24,3,false,0,0,false,Metal,Apple M5 Pro
rtl_context_ltr_viewport,dense_novel_text,explicit_rows,81,25,5,15125,614167,44458,Menlo,16,1,release,8,24,3,false,0,0,false,Metal,Apple M5 Pro
rtl_context_ltr_viewport,dense_novel_text,explicit_rows,81,25,6,14917,619667,44250,Menlo,16,1,release,8,24,3,false,0,0,false,Metal,Apple M5 Pro
rtl_context_ltr_viewport,dense_novel_text,explicit_rows,81,25,7,15250,614708,44334,Menlo,16,1,release,8,24,3,false,0,0,false,Metal,Apple M5 Pro
rtl_context_ltr_viewport,dense_novel_text,explicit_rows,81,25,8,15125,615166,44250,Menlo,16,1,release,8,24,3,false,0,0,false,Metal,Apple M5 Pro
rtl_context_ltr_viewport,dense_novel_text,explicit_rows,81,25,9,14875,619625,44166,Menlo,16,1,release,8,24,3,false,0,0,false,Metal,Apple M5 Pro
rtl_context_ltr_viewport,dense_novel_text,explicit_rows,81,25,10,15208,691958,44625,Menlo,16,1,release,8,24,3,false,0,0,false,Metal,Apple M5 Pro
rtl_context_ltr_viewport,dense_novel_text,explicit_rows,81,25,11,14916,615667,44292,Menlo,16,1,release,8,24,3,false,0,0,false,Metal,Apple M5 Pro
rtl_context_ltr_viewport,dense_novel_text,explicit_rows,81,25,12,14833,614667,44541,Menlo,16,1,release,8,24,3,false,0,0,false,Metal,Apple M5 Pro
rtl_context_ltr_viewport,dense_novel_text,explicit_rows,81,25,13,15041,613917,44416,Menlo,16,1,release,8,24,3,false,0,0,false,Metal,Apple M5 Pro
rtl_context_ltr_viewport,dense_novel_text,explicit_rows,81,25,14,14875,615917,44375,Menlo,16,1,release,8,24,3,false,0,0,false,Metal,Apple M5 Pro
rtl_context_ltr_viewport,dense_novel_text,explicit_rows,81,25,15,14833,643875,44458,Menlo,16,1,release,8,24,3,false,0,0,false,Metal,Apple M5 Pro
rtl_context_ltr_viewport,dense_novel_text,explicit_rows,81,25,16,15916,612500,44458,Menlo,16,1,release,8,24,3,false,0,0,false,Metal,Apple M5 Pro
rtl_context_ltr_viewport,dense_novel_text,explicit_rows,81,25,17,15084,613292,44333,Menlo,16,1,release,8,24,3,false,0,0,false,Metal,Apple M5 Pro
rtl_context_ltr_viewport,dense_novel_text,explicit_rows,81,25,18,15375,613291,44584,Menlo,16,1,release,8,24,3,false,0,0,false,Metal,Apple M5 Pro
rtl_context_ltr_viewport,dense_novel_text,explicit_rows,81,25,19,14958,611291,44417,Menlo,16,1,release,8,24,3,false,0,0,false,Metal,Apple M5 Pro
rtl_context_ltr_viewport,dense_novel_text,explicit_rows,81,25,20,15000,612041,44500,Menlo,16,1,release,8,24,3,false,0,0,false,Metal,Apple M5 Pro
rtl_context_ltr_viewport,dense_novel_text,explicit_rows,81,25,21,15542,616125,44458,Menlo,16,1,release,8,24,3,false,0,0,false,Metal,Apple M5 Pro
rtl_context_ltr_viewport,dense_novel_text,explicit_rows,81,25,22,15375,615042,44292,Menlo,16,1,release,8,24,3,false,0,0,false,Metal,Apple M5 Pro
rtl_context_ltr_viewport,dense_novel_text,explicit_rows,81,25,23,14916,614750,44459,Menlo,16,1,release,8,24,3,false,0,0,false,Metal,Apple M5 Pro
rtl_context_ltr_viewport,dense_novel_text,softwrap,81,25,0,24834,1372375,46834,Menlo,16,1,release,8,24,3,false,4226,0,false,Metal,Apple M5 Pro
rtl_context_ltr_viewport,dense_novel_text,softwrap,81,25,1,42042,1375750,45792,Menlo,16,1,release,8,24,3,false,4226,0,false,Metal,Apple M5 Pro
rtl_context_ltr_viewport,dense_novel_text,softwrap,81,25,2,25417,1376542,45458,Menlo,16,1,release,8,24,3,false,4226,0,false,Metal,Apple M5 Pro
rtl_context_ltr_viewport,dense_novel_text,softwrap,81,25,3,25209,1381083,45542,Menlo,16,1,release,8,24,3,false,4226,0,false,Metal,Apple M5 Pro
rtl_context_ltr_viewport,dense_novel_text,softwrap,81,25,4,25417,1380292,45875,Menlo,16,1,release,8,24,3,false,4226,0,false,Metal,Apple M5 Pro
rtl_context_ltr_viewport,dense_novel_text,softwrap,81,25,5,25250,1376625,46083,Menlo,16,1,release,8,24,3,false,4226,0,false,Metal,Apple M5 Pro
rtl_context_ltr_viewport,dense_novel_text,softwrap,81,25,6,25500,1371708,45709,Menlo,16,1,release,8,24,3,false,4226,0,false,Metal,Apple M5 Pro
rtl_context_ltr_viewport,dense_novel_text,softwrap,81,25,7,25084,1403416,45292,Menlo,16,1,release,8,24,3,false,4226,0,false,Metal,Apple M5 Pro
rtl_context_ltr_viewport,dense_novel_text,softwrap,81,25,8,25334,1388625,45584,Menlo,16,1,release,8,24,3,false,4226,0,false,Metal,Apple M5 Pro
rtl_context_ltr_viewport,dense_novel_text,softwrap,81,25,9,24917,1379500,45208,Menlo,16,1,release,8,24,3,false,4226,0,false,Metal,Apple M5 Pro
rtl_context_ltr_viewport,dense_novel_text,softwrap,81,25,10,25125,1363750,45167,Menlo,16,1,release,8,24,3,false,4226,0,false,Metal,Apple M5 Pro
rtl_context_ltr_viewport,dense_novel_text,softwrap,81,25,11,25250,1366958,45417,Menlo,16,1,release,8,24,3,false,4226,0,false,Metal,Apple M5 Pro
rtl_context_ltr_viewport,dense_novel_text,softwrap,81,25,12,24875,1366042,45416,Menlo,16,1,release,8,24,3,false,4226,0,false,Metal,Apple M5 Pro
rtl_context_ltr_viewport,dense_novel_text,softwrap,81,25,13,24959,1363458,45375,Menlo,16,1,release,8,24,3,false,4226,0,false,Metal,Apple M5 Pro
rtl_context_ltr_viewport,dense_novel_text,softwrap,81,25,14,25667,1397000,45250,Menlo,16,1,release,8,24,3,false,4226,0,false,Metal,Apple M5 Pro
rtl_context_ltr_viewport,dense_novel_text,softwrap,81,25,15,25292,1367958,45375,Menlo,16,1,release,8,24,3,false,4226,0,false,Metal,Apple M5 Pro
rtl_context_ltr_viewport,dense_novel_text,softwrap,81,25,16,25292,1367125,45334,Menlo,16,1,release,8,24,3,false,4226,0,false,Metal,Apple M5 Pro
rtl_context_ltr_viewport,dense_novel_text,softwrap,81,25,17,25041,1372459,45375,Menlo,16,1,release,8,24,3,false,4226,0,false,Metal,Apple M5 Pro
rtl_context_ltr_viewport,dense_novel_text,softwrap,81,25,18,25583,1370791,45334,Menlo,16,1,release,8,24,3,false,4226,0,false,Metal,Apple M5 Pro
rtl_context_ltr_viewport,dense_novel_text,softwrap,81,25,19,25000,1380209,45292,Menlo,16,1,release,8,24,3,false,4226,0,false,Metal,Apple M5 Pro
rtl_context_ltr_viewport,dense_novel_text,softwrap,81,25,20,25333,1373000,45333,Menlo,16,1,release,8,24,3,false,4226,0,false,Metal,Apple M5 Pro
rtl_context_ltr_viewport,dense_novel_text,softwrap,81,25,21,25417,1405791,45250,Menlo,16,1,release,8,24,3,false,4226,0,false,Metal,Apple M5 Pro
rtl_context_ltr_viewport,dense_novel_text,softwrap,81,25,22,25833,1378250,45250,Menlo,16,1,release,8,24,3,false,4226,0,false,Metal,Apple M5 Pro
rtl_context_ltr_viewport,dense_novel_text,softwrap,81,25,23,25375,1368833,45250,Menlo,16,1,release,8,24,3,false,4226,0,false,Metal,Apple M5 Pro
latin_accents,sparse_novel_counter,explicit_rows,121,42,0,39166,76958,2917,Menlo,16,1,release,8,24,3,false,0,0,false,Metal,Apple M5 Pro
latin_accents,sparse_novel_counter,explicit_rows,121,42,1,38833,79417,2916,Menlo,16,1,release,8,24,3,false,0,0,false,Metal,Apple M5 Pro
latin_accents,sparse_novel_counter,explicit_rows,121,42,2,38583,77459,2917,Menlo,16,1,release,8,24,3,false,0,0,false,Metal,Apple M5 Pro
latin_accents,sparse_novel_counter,explicit_rows,121,42,3,38250,77666,2917,Menlo,16,1,release,8,24,3,false,0,0,false,Metal,Apple M5 Pro
latin_accents,sparse_novel_counter,explicit_rows,121,42,4,38458,78125,3000,Menlo,16,1,release,8,24,3,false,0,0,false,Metal,Apple M5 Pro
latin_accents,sparse_novel_counter,explicit_rows,121,42,5,38625,78250,2875,Menlo,16,1,release,8,24,3,false,0,0,false,Metal,Apple M5 Pro
latin_accents,sparse_novel_counter,explicit_rows,121,42,6,38625,78542,2917,Menlo,16,1,release,8,24,3,false,0,0,false,Metal,Apple M5 Pro
latin_accents,sparse_novel_counter,explicit_rows,121,42,7,38791,122584,2834,Menlo,16,1,release,8,24,3,false,0,0,false,Metal,Apple M5 Pro
latin_accents,sparse_novel_counter,explicit_rows,121,42,8,38666,79125,2833,Menlo,16,1,release,8,24,3,false,0,0,false,Metal,Apple M5 Pro
latin_accents,sparse_novel_counter,explicit_rows,121,42,9,38750,77834,2916,Menlo,16,1,release,8,24,3,false,0,0,false,Metal,Apple M5 Pro
latin_accents,sparse_novel_counter,explicit_rows,121,42,10,38417,78875,2958,Menlo,16,1,release,8,24,3,false,0,0,false,Metal,Apple M5 Pro
latin_accents,sparse_novel_counter,explicit_rows,121,42,11,39041,77667,2875,Menlo,16,1,release,8,24,3,false,0,0,false,Metal,Apple M5 Pro
latin_accents,sparse_novel_counter,explicit_rows,121,42,12,39209,102208,3083,Menlo,16,1,release,8,24,3,false,0,0,false,Metal,Apple M5 Pro
latin_accents,sparse_novel_counter,explicit_rows,121,42,13,39291,82959,2958,Menlo,16,1,release,8,24,3,false,0,0,false,Metal,Apple M5 Pro
latin_accents,sparse_novel_counter,explicit_rows,121,42,14,38333,78792,2958,Menlo,16,1,release,8,24,3,false,0,0,false,Metal,Apple M5 Pro
latin_accents,sparse_novel_counter,explicit_rows,121,42,15,38791,78042,2958,Menlo,16,1,release,8,24,3,false,0,0,false,Metal,Apple M5 Pro
latin_accents,sparse_novel_counter,explicit_rows,121,42,16,38875,77958,2916,Menlo,16,1,release,8,24,3,false,0,0,false,Metal,Apple M5 Pro
latin_accents,sparse_novel_counter,explicit_rows,121,42,17,38292,77000,2875,Menlo,16,1,release,8,24,3,false,0,0,false,Metal,Apple M5 Pro
latin_accents,sparse_novel_counter,explicit_rows,121,42,18,38916,77209,2916,Menlo,16,1,release,8,24,3,false,0,0,false,Metal,Apple M5 Pro
latin_accents,sparse_novel_counter,explicit_rows,121,42,19,38833,77458,2958,Menlo,16,1,release,8,24,3,false,0,0,false,Metal,Apple M5 Pro
latin_accents,sparse_novel_counter,explicit_rows,121,42,20,38417,77750,2917,Menlo,16,1,release,8,24,3,false,0,0,false,Metal,Apple M5 Pro
latin_accents,sparse_novel_counter,explicit_rows,121,42,21,38458,76875,2958,Menlo,16,1,release,8,24,3,false,0,0,false,Metal,Apple M5 Pro
latin_accents,sparse_novel_counter,explicit_rows,121,42,22,38667,77292,2958,Menlo,16,1,release,8,24,3,false,0,0,false,Metal,Apple M5 Pro
latin_accents,sparse_novel_counter,explicit_rows,121,42,23,38459,77416,2917,Menlo,16,1,release,8,24,3,false,0,0,false,Metal,Apple M5 Pro
latin_accents,sparse_novel_counter,softwrap,121,42,0,68208,3191708,170417,Menlo,16,1,release,8,24,3,false,11784,0,false,Metal,Apple M5 Pro
latin_accents,sparse_novel_counter,softwrap,121,42,1,67417,3194500,124166,Menlo,16,1,release,8,24,3,false,11784,0,false,Metal,Apple M5 Pro
latin_accents,sparse_novel_counter,softwrap,121,42,2,67209,3223000,123708,Menlo,16,1,release,8,24,3,false,11784,0,false,Metal,Apple M5 Pro
latin_accents,sparse_novel_counter,softwrap,121,42,3,68833,3220792,123791,Menlo,16,1,release,8,24,3,false,11784,0,false,Metal,Apple M5 Pro
latin_accents,sparse_novel_counter,softwrap,121,42,4,68334,3146416,123959,Menlo,16,1,release,8,24,3,false,11784,0,false,Metal,Apple M5 Pro
latin_accents,sparse_novel_counter,softwrap,121,42,5,65917,3200792,124542,Menlo,16,1,release,8,24,3,false,11784,0,false,Metal,Apple M5 Pro
latin_accents,sparse_novel_counter,softwrap,121,42,6,67625,3200500,124500,Menlo,16,1,release,8,24,3,false,11784,0,false,Metal,Apple M5 Pro
latin_accents,sparse_novel_counter,softwrap,121,42,7,66792,3146250,125541,Menlo,16,1,release,8,24,3,false,11784,0,false,Metal,Apple M5 Pro
latin_accents,sparse_novel_counter,softwrap,121,42,8,67416,3206042,124583,Menlo,16,1,release,8,24,3,false,11784,0,false,Metal,Apple M5 Pro
latin_accents,sparse_novel_counter,softwrap,121,42,9,67583,3198541,126000,Menlo,16,1,release,8,24,3,false,11784,0,false,Metal,Apple M5 Pro
latin_accents,sparse_novel_counter,softwrap,121,42,10,65125,3217208,126084,Menlo,16,1,release,8,24,3,false,11784,0,false,Metal,Apple M5 Pro
latin_accents,sparse_novel_counter,softwrap,121,42,11,65125,3214500,122958,Menlo,16,1,release,8,24,3,false,11784,0,false,Metal,Apple M5 Pro
latin_accents,sparse_novel_counter,softwrap,121,42,12,67209,3180792,124375,Menlo,16,1,release,8,24,3,false,11784,0,false,Metal,Apple M5 Pro
latin_accents,sparse_novel_counter,softwrap,121,42,13,66125,3181917,121833,Menlo,16,1,release,8,24,3,false,11784,0,false,Metal,Apple M5 Pro
latin_accents,sparse_novel_counter,softwrap,121,42,14,65250,3223625,124041,Menlo,16,1,release,8,24,3,false,11784,0,false,Metal,Apple M5 Pro
latin_accents,sparse_novel_counter,softwrap,121,42,15,67041,3207000,124000,Menlo,16,1,release,8,24,3,false,11784,0,false,Metal,Apple M5 Pro
latin_accents,sparse_novel_counter,softwrap,121,42,16,65209,3202875,122167,Menlo,16,1,release,8,24,3,false,11784,0,false,Metal,Apple M5 Pro
latin_accents,sparse_novel_counter,softwrap,121,42,17,65458,3200834,123292,Menlo,16,1,release,8,24,3,false,11784,0,false,Metal,Apple M5 Pro
latin_accents,sparse_novel_counter,softwrap,121,42,18,67125,3173791,123500,Menlo,16,1,release,8,24,3,false,11784,0,false,Metal,Apple M5 Pro
latin_accents,sparse_novel_counter,softwrap,121,42,19,65500,3195458,123958,Menlo,16,1,release,8,24,3,false,11784,0,false,Metal,Apple M5 Pro
latin_accents,sparse_novel_counter,softwrap,121,42,20,66125,3210166,123292,Menlo,16,1,release,8,24,3,false,11784,0,false,Metal,Apple M5 Pro
latin_accents,sparse_novel_counter,softwrap,121,42,21,65500,3184083,123958,Menlo,16,1,release,8,24,3,false,11784,0,false,Metal,Apple M5 Pro
latin_accents,sparse_novel_counter,softwrap,121,42,22,65542,3184250,123625,Menlo,16,1,release,8,24,3,false,11784,0,false,Metal,Apple M5 Pro
latin_accents,sparse_novel_counter,softwrap,121,42,23,64792,3196708,124416,Menlo,16,1,release,8,24,3,false,11784,0,false,Metal,Apple M5 Pro
latin_accents,scroll_triangle,explicit_rows,121,42,0,38667,77250,113833,Menlo,16,1,release,8,24,3,false,0,0,false,Metal,Apple M5 Pro
latin_accents,scroll_triangle,explicit_rows,121,42,1,39042,77500,112750,Menlo,16,1,release,8,24,3,false,0,0,false,Metal,Apple M5 Pro
latin_accents,scroll_triangle,explicit_rows,121,42,2,38708,77125,114917,Menlo,16,1,release,8,24,3,false,0,0,false,Metal,Apple M5 Pro
latin_accents,scroll_triangle,explicit_rows,121,42,3,38917,77292,114417,Menlo,16,1,release,8,24,3,false,0,0,false,Metal,Apple M5 Pro
latin_accents,scroll_triangle,explicit_rows,121,42,4,38792,77166,114500,Menlo,16,1,release,8,24,3,false,0,0,false,Metal,Apple M5 Pro
latin_accents,scroll_triangle,explicit_rows,121,42,5,39208,77458,114625,Menlo,16,1,release,8,24,3,false,0,0,false,Metal,Apple M5 Pro
latin_accents,scroll_triangle,explicit_rows,121,42,6,39167,77458,115542,Menlo,16,1,release,8,24,3,false,0,0,false,Metal,Apple M5 Pro
latin_accents,scroll_triangle,explicit_rows,121,42,7,38958,121417,114541,Menlo,16,1,release,8,24,3,false,0,0,false,Metal,Apple M5 Pro
latin_accents,scroll_triangle,explicit_rows,121,42,8,38750,77417,115750,Menlo,16,1,release,8,24,3,false,0,0,false,Metal,Apple M5 Pro
latin_accents,scroll_triangle,explicit_rows,121,42,9,38750,76500,113334,Menlo,16,1,release,8,24,3,false,0,0,false,Metal,Apple M5 Pro
latin_accents,scroll_triangle,explicit_rows,121,42,10,38250,76792,113625,Menlo,16,1,release,8,24,3,false,0,0,false,Metal,Apple M5 Pro
latin_accents,scroll_triangle,explicit_rows,121,42,11,38625,77292,114333,Menlo,16,1,release,8,24,3,false,0,0,false,Metal,Apple M5 Pro
latin_accents,scroll_triangle,explicit_rows,121,42,12,58917,82875,114959,Menlo,16,1,release,8,24,3,false,0,0,false,Metal,Apple M5 Pro
latin_accents,scroll_triangle,explicit_rows,121,42,13,38959,79334,113250,Menlo,16,1,release,8,24,3,false,0,0,false,Metal,Apple M5 Pro
latin_accents,scroll_triangle,explicit_rows,121,42,14,38958,79459,112084,Menlo,16,1,release,8,24,3,false,0,0,false,Metal,Apple M5 Pro
latin_accents,scroll_triangle,explicit_rows,121,42,15,38958,78041,112167,Menlo,16,1,release,8,24,3,false,0,0,false,Metal,Apple M5 Pro
latin_accents,scroll_triangle,explicit_rows,121,42,16,39375,77333,113708,Menlo,16,1,release,8,24,3,false,0,0,false,Metal,Apple M5 Pro
latin_accents,scroll_triangle,explicit_rows,121,42,17,39125,76750,114417,Menlo,16,1,release,8,24,3,false,0,0,false,Metal,Apple M5 Pro
latin_accents,scroll_triangle,explicit_rows,121,42,18,39417,76916,113042,Menlo,16,1,release,8,24,3,false,0,0,false,Metal,Apple M5 Pro
latin_accents,scroll_triangle,explicit_rows,121,42,19,39125,76667,113500,Menlo,16,1,release,8,24,3,false,0,0,false,Metal,Apple M5 Pro
latin_accents,scroll_triangle,explicit_rows,121,42,20,38917,76291,113125,Menlo,16,1,release,8,24,3,false,0,0,false,Metal,Apple M5 Pro
latin_accents,scroll_triangle,explicit_rows,121,42,21,38750,77209,112500,Menlo,16,1,release,8,24,3,false,0,0,false,Metal,Apple M5 Pro
latin_accents,scroll_triangle,explicit_rows,121,42,22,38708,77459,113750,Menlo,16,1,release,8,24,3,false,0,0,false,Metal,Apple M5 Pro
latin_accents,scroll_triangle,explicit_rows,121,42,23,38583,77250,114209,Menlo,16,1,release,8,24,3,false,0,0,false,Metal,Apple M5 Pro
latin_accents,scroll_triangle,softwrap,121,42,0,68416,3187209,123084,Menlo,16,1,release,8,24,3,false,10538,1234,false,Metal,Apple M5 Pro
latin_accents,scroll_triangle,softwrap,121,42,1,67375,3233167,122916,Menlo,16,1,release,8,24,3,false,10398,1371,false,Metal,Apple M5 Pro
latin_accents,scroll_triangle,softwrap,121,42,2,68292,3232042,121166,Menlo,16,1,release,8,24,3,false,10260,1512,false,Metal,Apple M5 Pro
latin_accents,scroll_triangle,softwrap,121,42,3,67875,3183208,120208,Menlo,16,1,release,8,24,3,false,10121,1649,false,Metal,Apple M5 Pro
latin_accents,scroll_triangle,softwrap,121,42,4,68042,3222625,123125,Menlo,16,1,release,8,24,3,false,9981,1789,false,Metal,Apple M5 Pro
latin_accents,scroll_triangle,softwrap,121,42,5,68375,3224625,123208,Menlo,16,1,release,8,24,3,false,9844,1926,false,Metal,Apple M5 Pro
latin_accents,scroll_triangle,softwrap,121,42,6,68084,3174459,122000,Menlo,16,1,release,8,24,3,false,9704,2066,false,Metal,Apple M5 Pro
latin_accents,scroll_triangle,softwrap,121,42,7,66708,3194709,121667,Menlo,16,1,release,8,24,3,false,9567,2203,false,Metal,Apple M5 Pro
latin_accents,scroll_triangle,softwrap,121,42,8,67500,3212500,121542,Menlo,16,1,release,8,24,3,false,9426,2343,false,Metal,Apple M5 Pro
latin_accents,scroll_triangle,softwrap,121,42,9,67375,3216250,119500,Menlo,16,1,release,8,24,3,false,9289,2480,false,Metal,Apple M5 Pro
latin_accents,scroll_triangle,softwrap,121,42,10,67709,3224958,121917,Menlo,16,1,release,8,24,3,false,9149,2620,false,Metal,Apple M5 Pro
latin_accents,scroll_triangle,softwrap,121,42,11,66666,3226125,121667,Menlo,16,1,release,8,24,3,false,9012,2757,false,Metal,Apple M5 Pro
latin_accents,scroll_triangle,softwrap,121,42,12,66875,3199166,120417,Menlo,16,1,release,8,24,3,false,8872,2898,false,Metal,Apple M5 Pro
latin_accents,scroll_triangle,softwrap,121,42,13,67208,3214750,120250,Menlo,16,1,release,8,24,3,false,8735,3035,false,Metal,Apple M5 Pro
latin_accents,scroll_triangle,softwrap,121,42,14,66791,3214459,121375,Menlo,16,1,release,8,24,3,false,8595,3175,false,Metal,Apple M5 Pro
latin_accents,scroll_triangle,softwrap,121,42,15,67584,3185958,122125,Menlo,16,1,release,8,24,3,false,8458,3312,false,Metal,Apple M5 Pro
latin_accents,scroll_triangle,softwrap,121,42,16,66125,3185125,121458,Menlo,16,1,release,8,24,3,false,8318,3452,false,Metal,Apple M5 Pro
latin_accents,scroll_triangle,softwrap,121,42,17,67292,3228542,122291,Menlo,16,1,release,8,24,3,false,8181,3589,false,Metal,Apple M5 Pro
latin_accents,scroll_triangle,softwrap,121,42,18,70667,3176166,121167,Menlo,16,1,release,8,24,3,false,8040,3729,false,Metal,Apple M5 Pro
latin_accents,scroll_triangle,softwrap,121,42,19,66500,3165542,120000,Menlo,16,1,release,8,24,3,false,7903,3866,false,Metal,Apple M5 Pro
latin_accents,scroll_triangle,softwrap,121,42,20,66292,3197167,122000,Menlo,16,1,release,8,24,3,false,7763,4006,false,Metal,Apple M5 Pro
latin_accents,scroll_triangle,softwrap,121,42,21,68167,3180458,121958,Menlo,16,1,release,8,24,3,false,7626,4144,false,Metal,Apple M5 Pro
latin_accents,scroll_triangle,softwrap,121,42,22,67708,3205834,126250,Menlo,16,1,release,8,24,3,false,7486,4283,false,Metal,Apple M5 Pro
latin_accents,scroll_triangle,softwrap,121,42,23,85166,3210875,122125,Menlo,16,1,release,8,24,3,false,7349,4423,false,Metal,Apple M5 Pro
latin_accents,dense_novel_text,explicit_rows,121,42,0,38084,1587833,114250,Menlo,16,1,release,8,24,3,false,0,0,false,Metal,Apple M5 Pro
latin_accents,dense_novel_text,explicit_rows,121,42,1,39083,1563125,114333,Menlo,16,1,release,8,24,3,false,0,0,false,Metal,Apple M5 Pro
latin_accents,dense_novel_text,explicit_rows,121,42,2,39416,1555750,114709,Menlo,16,1,release,8,24,3,false,0,0,false,Metal,Apple M5 Pro
latin_accents,dense_novel_text,explicit_rows,121,42,3,38833,1560000,114125,Menlo,16,1,release,8,24,3,false,0,0,false,Metal,Apple M5 Pro
latin_accents,dense_novel_text,explicit_rows,121,42,4,39000,1555500,113584,Menlo,16,1,release,8,24,3,false,0,0,false,Metal,Apple M5 Pro
latin_accents,dense_novel_text,explicit_rows,121,42,5,38708,1596959,114666,Menlo,16,1,release,8,24,3,false,0,0,false,Metal,Apple M5 Pro
latin_accents,dense_novel_text,explicit_rows,121,42,6,38958,1541750,111042,Menlo,16,1,release,8,24,3,false,0,0,false,Metal,Apple M5 Pro
latin_accents,dense_novel_text,explicit_rows,121,42,7,38542,1548208,112250,Menlo,16,1,release,8,24,3,false,0,0,false,Metal,Apple M5 Pro
latin_accents,dense_novel_text,explicit_rows,121,42,8,39000,1549541,114542,Menlo,16,1,release,8,24,3,false,0,0,false,Metal,Apple M5 Pro
latin_accents,dense_novel_text,explicit_rows,121,42,9,38875,1548209,113916,Menlo,16,1,release,8,24,3,false,0,0,false,Metal,Apple M5 Pro
latin_accents,dense_novel_text,explicit_rows,121,42,10,38333,1549709,132875,Menlo,16,1,release,8,24,3,false,0,0,false,Metal,Apple M5 Pro
latin_accents,dense_novel_text,explicit_rows,121,42,11,38792,1554542,114750,Menlo,16,1,release,8,24,3,false,0,0,false,Metal,Apple M5 Pro
latin_accents,dense_novel_text,explicit_rows,121,42,12,38791,1551959,115709,Menlo,16,1,release,8,24,3,false,0,0,false,Metal,Apple M5 Pro
latin_accents,dense_novel_text,explicit_rows,121,42,13,38709,1550541,116083,Menlo,16,1,release,8,24,3,false,0,0,false,Metal,Apple M5 Pro
latin_accents,dense_novel_text,explicit_rows,121,42,14,38333,1547250,114917,Menlo,16,1,release,8,24,3,false,0,0,false,Metal,Apple M5 Pro
latin_accents,dense_novel_text,explicit_rows,121,42,15,38500,1550875,115625,Menlo,16,1,release,8,24,3,false,0,0,false,Metal,Apple M5 Pro
latin_accents,dense_novel_text,explicit_rows,121,42,16,38625,1577375,111958,Menlo,16,1,release,8,24,3,false,0,0,false,Metal,Apple M5 Pro
latin_accents,dense_novel_text,explicit_rows,121,42,17,39209,1548500,113917,Menlo,16,1,release,8,24,3,false,0,0,false,Metal,Apple M5 Pro
latin_accents,dense_novel_text,explicit_rows,121,42,18,38833,1551625,113958,Menlo,16,1,release,8,24,3,false,0,0,false,Metal,Apple M5 Pro
latin_accents,dense_novel_text,explicit_rows,121,42,19,38791,1548667,115041,Menlo,16,1,release,8,24,3,false,0,0,false,Metal,Apple M5 Pro
latin_accents,dense_novel_text,explicit_rows,121,42,20,38333,1544750,114458,Menlo,16,1,release,8,24,3,false,0,0,false,Metal,Apple M5 Pro
latin_accents,dense_novel_text,explicit_rows,121,42,21,38667,1577916,114042,Menlo,16,1,release,8,24,3,false,0,0,false,Metal,Apple M5 Pro
latin_accents,dense_novel_text,explicit_rows,121,42,22,38917,1552041,114667,Menlo,16,1,release,8,24,3,false,0,0,false,Metal,Apple M5 Pro
latin_accents,dense_novel_text,explicit_rows,121,42,23,38791,1551584,114916,Menlo,16,1,release,8,24,3,false,0,0,false,Metal,Apple M5 Pro
latin_accents,dense_novel_text,softwrap,121,42,0,64958,3210500,108584,Menlo,16,1,release,8,24,3,false,11784,0,false,Metal,Apple M5 Pro
latin_accents,dense_novel_text,softwrap,121,42,1,65583,3208292,115333,Menlo,16,1,release,8,24,3,false,11784,0,false,Metal,Apple M5 Pro
latin_accents,dense_novel_text,softwrap,121,42,2,84791,3173583,117834,Menlo,16,1,release,8,24,3,false,11784,0,false,Metal,Apple M5 Pro
latin_accents,dense_novel_text,softwrap,121,42,3,65583,3210917,124083,Menlo,16,1,release,8,24,3,false,11784,0,false,Metal,Apple M5 Pro
latin_accents,dense_novel_text,softwrap,121,42,4,65416,3202000,115375,Menlo,16,1,release,8,24,3,false,11784,0,false,Metal,Apple M5 Pro
latin_accents,dense_novel_text,softwrap,121,42,5,66333,3223750,116833,Menlo,16,1,release,8,24,3,false,11784,0,false,Metal,Apple M5 Pro
latin_accents,dense_novel_text,softwrap,121,42,6,65541,3224584,116875,Menlo,16,1,release,8,24,3,false,11784,0,false,Metal,Apple M5 Pro
latin_accents,dense_novel_text,softwrap,121,42,7,65291,3256000,116667,Menlo,16,1,release,8,24,3,false,11784,0,false,Metal,Apple M5 Pro
latin_accents,dense_novel_text,softwrap,121,42,8,64917,3194500,116084,Menlo,16,1,release,8,24,3,false,11784,0,false,Metal,Apple M5 Pro
latin_accents,dense_novel_text,softwrap,121,42,9,65459,3201916,114833,Menlo,16,1,release,8,24,3,false,11784,0,false,Metal,Apple M5 Pro
latin_accents,dense_novel_text,softwrap,121,42,10,64750,3197584,117166,Menlo,16,1,release,8,24,3,false,11784,0,false,Metal,Apple M5 Pro
latin_accents,dense_novel_text,softwrap,121,42,11,65541,3194917,113000,Menlo,16,1,release,8,24,3,false,11784,0,false,Metal,Apple M5 Pro
latin_accents,dense_novel_text,softwrap,121,42,12,64958,3202125,117708,Menlo,16,1,release,8,24,3,false,11784,0,false,Metal,Apple M5 Pro
latin_accents,dense_novel_text,softwrap,121,42,13,65875,3208291,117500,Menlo,16,1,release,8,24,3,false,11784,0,false,Metal,Apple M5 Pro
latin_accents,dense_novel_text,softwrap,121,42,14,65916,3185042,118250,Menlo,16,1,release,8,24,3,false,11784,0,false,Metal,Apple M5 Pro
latin_accents,dense_novel_text,softwrap,121,42,15,65666,3193917,118291,Menlo,16,1,release,8,24,3,false,11784,0,false,Metal,Apple M5 Pro
latin_accents,dense_novel_text,softwrap,121,42,16,64958,3200875,116541,Menlo,16,1,release,8,24,3,false,11784,0,false,Metal,Apple M5 Pro
latin_accents,dense_novel_text,softwrap,121,42,17,65458,3173250,115833,Menlo,16,1,release,8,24,3,false,11784,0,false,Metal,Apple M5 Pro
latin_accents,dense_novel_text,softwrap,121,42,18,64875,3148125,117958,Menlo,16,1,release,8,24,3,false,11784,0,false,Metal,Apple M5 Pro
latin_accents,dense_novel_text,softwrap,121,42,19,64875,3221250,117083,Menlo,16,1,release,8,24,3,false,11784,0,false,Metal,Apple M5 Pro
latin_accents,dense_novel_text,softwrap,121,42,20,65125,3195875,117250,Menlo,16,1,release,8,24,3,false,11784,0,false,Metal,Apple M5 Pro
latin_accents,dense_novel_text,softwrap,121,42,21,65083,3200125,118375,Menlo,16,1,release,8,24,3,false,11784,0,false,Metal,Apple M5 Pro
latin_accents,dense_novel_text,softwrap,121,42,22,65792,3221416,117709,Menlo,16,1,release,8,24,3,false,11784,0,false,Metal,Apple M5 Pro
latin_accents,dense_novel_text,softwrap,121,42,23,64958,3192792,116416,Menlo,16,1,release,8,24,3,false,11784,0,false,Metal,Apple M5 Pro
cyrillic,sparse_novel_counter,explicit_rows,121,42,0,37250,74167,2750,Menlo,16,1,release,8,24,3,false,0,0,false,Metal,Apple M5 Pro
cyrillic,sparse_novel_counter,explicit_rows,121,42,1,37417,74792,2708,Menlo,16,1,release,8,24,3,false,0,0,false,Metal,Apple M5 Pro
cyrillic,sparse_novel_counter,explicit_rows,121,42,2,37667,75208,2750,Menlo,16,1,release,8,24,3,false,0,0,false,Metal,Apple M5 Pro
cyrillic,sparse_novel_counter,explicit_rows,121,42,3,37208,74500,2750,Menlo,16,1,release,8,24,3,false,0,0,false,Metal,Apple M5 Pro
cyrillic,sparse_novel_counter,explicit_rows,121,42,4,37208,74208,2792,Menlo,16,1,release,8,24,3,false,0,0,false,Metal,Apple M5 Pro
cyrillic,sparse_novel_counter,explicit_rows,121,42,5,37375,74958,2750,Menlo,16,1,release,8,24,3,false,0,0,false,Metal,Apple M5 Pro
cyrillic,sparse_novel_counter,explicit_rows,121,42,6,37750,75041,2709,Menlo,16,1,release,8,24,3,false,0,0,false,Metal,Apple M5 Pro
cyrillic,sparse_novel_counter,explicit_rows,121,42,7,37250,122208,2708,Menlo,16,1,release,8,24,3,false,0,0,false,Metal,Apple M5 Pro
cyrillic,sparse_novel_counter,explicit_rows,121,42,8,37292,74166,2750,Menlo,16,1,release,8,24,3,false,0,0,false,Metal,Apple M5 Pro
cyrillic,sparse_novel_counter,explicit_rows,121,42,9,37334,74458,2750,Menlo,16,1,release,8,24,3,false,0,0,false,Metal,Apple M5 Pro
cyrillic,sparse_novel_counter,explicit_rows,121,42,10,37000,74416,2709,Menlo,16,1,release,8,24,3,false,0,0,false,Metal,Apple M5 Pro
cyrillic,sparse_novel_counter,explicit_rows,121,42,11,37042,74375,2750,Menlo,16,1,release,8,24,3,false,0,0,false,Metal,Apple M5 Pro
cyrillic,sparse_novel_counter,explicit_rows,121,42,12,37250,73958,2750,Menlo,16,1,release,8,24,3,false,0,0,false,Metal,Apple M5 Pro
cyrillic,sparse_novel_counter,explicit_rows,121,42,13,37250,74583,2750,Menlo,16,1,release,8,24,3,false,0,0,false,Metal,Apple M5 Pro
cyrillic,sparse_novel_counter,explicit_rows,121,42,14,37541,74917,2708,Menlo,16,1,release,8,24,3,false,0,0,false,Metal,Apple M5 Pro
cyrillic,sparse_novel_counter,explicit_rows,121,42,15,36750,75958,2750,Menlo,16,1,release,8,24,3,false,0,0,false,Metal,Apple M5 Pro
cyrillic,sparse_novel_counter,explicit_rows,121,42,16,36917,74208,2750,Menlo,16,1,release,8,24,3,false,0,0,false,Metal,Apple M5 Pro
cyrillic,sparse_novel_counter,explicit_rows,121,42,17,36917,74750,2708,Menlo,16,1,release,8,24,3,false,0,0,false,Metal,Apple M5 Pro
cyrillic,sparse_novel_counter,explicit_rows,121,42,18,37375,75000,2750,Menlo,16,1,release,8,24,3,false,0,0,false,Metal,Apple M5 Pro
cyrillic,sparse_novel_counter,explicit_rows,121,42,19,37208,74750,2709,Menlo,16,1,release,8,24,3,false,0,0,false,Metal,Apple M5 Pro
cyrillic,sparse_novel_counter,explicit_rows,121,42,20,37084,74875,2833,Menlo,16,1,release,8,24,3,false,0,0,false,Metal,Apple M5 Pro
cyrillic,sparse_novel_counter,explicit_rows,121,42,21,37167,74667,2750,Menlo,16,1,release,8,24,3,false,0,0,false,Metal,Apple M5 Pro
cyrillic,sparse_novel_counter,explicit_rows,121,42,22,37125,74541,2708,Menlo,16,1,release,8,24,3,false,0,0,false,Metal,Apple M5 Pro
cyrillic,sparse_novel_counter,explicit_rows,121,42,23,37042,73709,2750,Menlo,16,1,release,8,24,3,false,0,0,false,Metal,Apple M5 Pro
cyrillic,sparse_novel_counter,softwrap,121,42,0,68125,3000666,162750,Menlo,16,1,release,8,24,3,false,17484,0,false,Metal,Apple M5 Pro
cyrillic,sparse_novel_counter,softwrap,121,42,1,66583,3010416,109709,Menlo,16,1,release,8,24,3,false,17484,0,false,Metal,Apple M5 Pro
cyrillic,sparse_novel_counter,softwrap,121,42,2,65542,2992958,111833,Menlo,16,1,release,8,24,3,false,17484,0,false,Metal,Apple M5 Pro
cyrillic,sparse_novel_counter,softwrap,121,42,3,67833,2957208,113291,Menlo,16,1,release,8,24,3,false,17484,0,false,Metal,Apple M5 Pro
cyrillic,sparse_novel_counter,softwrap,121,42,4,65625,2993166,113209,Menlo,16,1,release,8,24,3,false,17484,0,false,Metal,Apple M5 Pro
cyrillic,sparse_novel_counter,softwrap,121,42,5,66125,2960083,111792,Menlo,16,1,release,8,24,3,false,17484,0,false,Metal,Apple M5 Pro
cyrillic,sparse_novel_counter,softwrap,121,42,6,86958,3011042,112625,Menlo,16,1,release,8,24,3,false,17484,0,false,Metal,Apple M5 Pro
cyrillic,sparse_novel_counter,softwrap,121,42,7,66209,2984417,111000,Menlo,16,1,release,8,24,3,false,17484,0,false,Metal,Apple M5 Pro
cyrillic,sparse_novel_counter,softwrap,121,42,8,65125,2976125,112500,Menlo,16,1,release,8,24,3,false,17484,0,false,Metal,Apple M5 Pro
cyrillic,sparse_novel_counter,softwrap,121,42,9,65792,3008834,114084,Menlo,16,1,release,8,24,3,false,17484,0,false,Metal,Apple M5 Pro
cyrillic,sparse_novel_counter,softwrap,121,42,10,65792,3011708,115083,Menlo,16,1,release,8,24,3,false,17484,0,false,Metal,Apple M5 Pro
cyrillic,sparse_novel_counter,softwrap,121,42,11,65166,2969333,114959,Menlo,16,1,release,8,24,3,false,17484,0,false,Metal,Apple M5 Pro
cyrillic,sparse_novel_counter,softwrap,121,42,12,66333,3000083,113250,Menlo,16,1,release,8,24,3,false,17484,0,false,Metal,Apple M5 Pro
cyrillic,sparse_novel_counter,softwrap,121,42,13,65625,2951791,125708,Menlo,16,1,release,8,24,3,false,17484,0,false,Metal,Apple M5 Pro
cyrillic,sparse_novel_counter,softwrap,121,42,14,65333,2971166,110917,Menlo,16,1,release,8,24,3,false,17484,0,false,Metal,Apple M5 Pro
cyrillic,sparse_novel_counter,softwrap,121,42,15,66000,2985167,112083,Menlo,16,1,release,8,24,3,false,17484,0,false,Metal,Apple M5 Pro
cyrillic,sparse_novel_counter,softwrap,121,42,16,65291,2970333,113917,Menlo,16,1,release,8,24,3,false,17484,0,false,Metal,Apple M5 Pro
cyrillic,sparse_novel_counter,softwrap,121,42,17,64375,3013750,111291,Menlo,16,1,release,8,24,3,false,17484,0,false,Metal,Apple M5 Pro
cyrillic,sparse_novel_counter,softwrap,121,42,18,64083,3038500,117250,Menlo,16,1,release,8,24,3,false,17484,0,false,Metal,Apple M5 Pro
cyrillic,sparse_novel_counter,softwrap,121,42,19,66250,2999875,112042,Menlo,16,1,release,8,24,3,false,17484,0,false,Metal,Apple M5 Pro
cyrillic,sparse_novel_counter,softwrap,121,42,20,65625,2968500,113167,Menlo,16,1,release,8,24,3,false,17484,0,false,Metal,Apple M5 Pro
cyrillic,sparse_novel_counter,softwrap,121,42,21,66292,2993875,112250,Menlo,16,1,release,8,24,3,false,17484,0,false,Metal,Apple M5 Pro
cyrillic,sparse_novel_counter,softwrap,121,42,22,66333,2962084,113209,Menlo,16,1,release,8,24,3,false,17484,0,false,Metal,Apple M5 Pro
cyrillic,sparse_novel_counter,softwrap,121,42,23,65625,2961083,109375,Menlo,16,1,release,8,24,3,false,17484,0,false,Metal,Apple M5 Pro
cyrillic,scroll_triangle,explicit_rows,121,42,0,37500,75083,108333,Menlo,16,1,release,8,24,3,false,0,0,false,Metal,Apple M5 Pro
cyrillic,scroll_triangle,explicit_rows,121,42,1,37500,75417,106583,Menlo,16,1,release,8,24,3,false,0,0,false,Metal,Apple M5 Pro
cyrillic,scroll_triangle,explicit_rows,121,42,2,37958,74792,104416,Menlo,16,1,release,8,24,3,false,0,0,false,Metal,Apple M5 Pro
cyrillic,scroll_triangle,explicit_rows,121,42,3,37834,75250,106625,Menlo,16,1,release,8,24,3,false,0,0,false,Metal,Apple M5 Pro
cyrillic,scroll_triangle,explicit_rows,121,42,4,37542,75041,104292,Menlo,16,1,release,8,24,3,false,0,0,false,Metal,Apple M5 Pro
cyrillic,scroll_triangle,explicit_rows,121,42,5,37208,74459,104666,Menlo,16,1,release,8,24,3,false,0,0,false,Metal,Apple M5 Pro
cyrillic,scroll_triangle,explicit_rows,121,42,6,37333,74625,107542,Menlo,16,1,release,8,24,3,false,0,0,false,Metal,Apple M5 Pro
cyrillic,scroll_triangle,explicit_rows,121,42,7,37125,118083,107208,Menlo,16,1,release,8,24,3,false,0,0,false,Metal,Apple M5 Pro
cyrillic,scroll_triangle,explicit_rows,121,42,8,37416,75000,107167,Menlo,16,1,release,8,24,3,false,0,0,false,Metal,Apple M5 Pro
cyrillic,scroll_triangle,explicit_rows,121,42,9,37334,75000,106833,Menlo,16,1,release,8,24,3,false,0,0,false,Metal,Apple M5 Pro
cyrillic,scroll_triangle,explicit_rows,121,42,10,37791,74375,107708,Menlo,16,1,release,8,24,3,false,0,0,false,Metal,Apple M5 Pro
cyrillic,scroll_triangle,explicit_rows,121,42,11,37792,74917,106125,Menlo,16,1,release,8,24,3,false,0,0,false,Metal,Apple M5 Pro
cyrillic,scroll_triangle,explicit_rows,121,42,12,37416,74625,109750,Menlo,16,1,release,8,24,3,false,0,0,false,Metal,Apple M5 Pro
cyrillic,scroll_triangle,explicit_rows,121,42,13,37709,74958,108583,Menlo,16,1,release,8,24,3,false,0,0,false,Metal,Apple M5 Pro
cyrillic,scroll_triangle,explicit_rows,121,42,14,37458,74625,109084,Menlo,16,1,release,8,24,3,false,0,0,false,Metal,Apple M5 Pro
cyrillic,scroll_triangle,explicit_rows,121,42,15,38084,74791,108834,Menlo,16,1,release,8,24,3,false,0,0,false,Metal,Apple M5 Pro
cyrillic,scroll_triangle,explicit_rows,121,42,16,38209,75416,108250,Menlo,16,1,release,8,24,3,false,0,0,false,Metal,Apple M5 Pro
cyrillic,scroll_triangle,explicit_rows,121,42,17,37125,74792,108583,Menlo,16,1,release,8,24,3,false,0,0,false,Metal,Apple M5 Pro
cyrillic,scroll_triangle,explicit_rows,121,42,18,37250,75125,108625,Menlo,16,1,release,8,24,3,false,0,0,false,Metal,Apple M5 Pro
cyrillic,scroll_triangle,explicit_rows,121,42,19,37666,74584,108375,Menlo,16,1,release,8,24,3,false,0,0,false,Metal,Apple M5 Pro
cyrillic,scroll_triangle,explicit_rows,121,42,20,37583,74916,110250,Menlo,16,1,release,8,24,3,false,0,0,false,Metal,Apple M5 Pro
cyrillic,scroll_triangle,explicit_rows,121,42,21,37208,75167,108167,Menlo,16,1,release,8,24,3,false,0,0,false,Metal,Apple M5 Pro
cyrillic,scroll_triangle,explicit_rows,121,42,22,37625,75375,107500,Menlo,16,1,release,8,24,3,false,0,0,false,Metal,Apple M5 Pro
cyrillic,scroll_triangle,explicit_rows,121,42,23,37833,75000,107625,Menlo,16,1,release,8,24,3,false,0,0,false,Metal,Apple M5 Pro
cyrillic,scroll_triangle,softwrap,121,42,0,66084,3022084,115125,Menlo,16,1,release,8,24,3,false,15634,1769,false,Metal,Apple M5 Pro
cyrillic,scroll_triangle,softwrap,121,42,1,66209,3004875,115625,Menlo,16,1,release,8,24,3,false,15427,1978,false,Metal,Apple M5 Pro
cyrillic,scroll_triangle,softwrap,121,42,2,66375,2997041,115459,Menlo,16,1,release,8,24,3,false,15219,2181,false,Metal,Apple M5 Pro
cyrillic,scroll_triangle,softwrap,121,42,3,67084,2993625,116833,Menlo,16,1,release,8,24,3,false,15016,2388,false,Metal,Apple M5 Pro
cyrillic,scroll_triangle,softwrap,121,42,4,66333,3017125,134041,Menlo,16,1,release,8,24,3,false,14809,2592,false,Metal,Apple M5 Pro
cyrillic,scroll_triangle,softwrap,121,42,5,66792,3009166,116792,Menlo,16,1,release,8,24,3,false,14605,2799,false,Metal,Apple M5 Pro
cyrillic,scroll_triangle,softwrap,121,42,6,67083,3009667,116125,Menlo,16,1,release,8,24,3,false,14398,3005,false,Metal,Apple M5 Pro
cyrillic,scroll_triangle,softwrap,121,42,7,66958,2987708,115917,Menlo,16,1,release,8,24,3,false,14194,3210,false,Metal,Apple M5 Pro
cyrillic,scroll_triangle,softwrap,121,42,8,66042,3008541,115792,Menlo,16,1,release,8,24,3,false,13988,3417,false,Metal,Apple M5 Pro
cyrillic,scroll_triangle,softwrap,121,42,9,65542,2991792,113750,Menlo,16,1,release,8,24,3,false,13779,3621,false,Metal,Apple M5 Pro
cyrillic,scroll_triangle,softwrap,121,42,10,65792,2954000,116041,Menlo,16,1,release,8,24,3,false,13576,3827,false,Metal,Apple M5 Pro
cyrillic,scroll_triangle,softwrap,121,42,11,64709,3015625,115375,Menlo,16,1,release,8,24,3,false,13369,4031,false,Metal,Apple M5 Pro
cyrillic,scroll_triangle,softwrap,121,42,12,65834,2966042,115750,Menlo,16,1,release,8,24,3,false,13165,4238,false,Metal,Apple M5 Pro
cyrillic,scroll_triangle,softwrap,121,42,13,65333,3002000,115500,Menlo,16,1,release,8,24,3,false,12958,4447,false,Metal,Apple M5 Pro
cyrillic,scroll_triangle,softwrap,121,42,14,65584,2996375,115375,Menlo,16,1,release,8,24,3,false,12752,4649,false,Metal,Apple M5 Pro
cyrillic,scroll_triangle,softwrap,121,42,15,65958,2970792,113417,Menlo,16,1,release,8,24,3,false,12547,4857,false,Metal,Apple M5 Pro
cyrillic,scroll_triangle,softwrap,121,42,16,65458,2970875,114375,Menlo,16,1,release,8,24,3,false,12340,5060,false,Metal,Apple M5 Pro
cyrillic,scroll_triangle,softwrap,121,42,17,66042,3016416,115959,Menlo,16,1,release,8,24,3,false,12136,5268,false,Metal,Apple M5 Pro
cyrillic,scroll_triangle,softwrap,121,42,18,65000,2999084,113334,Menlo,16,1,release,8,24,3,false,11930,5472,false,Metal,Apple M5 Pro
cyrillic,scroll_triangle,softwrap,121,42,19,65458,2960833,115417,Menlo,16,1,release,8,24,3,false,11726,5678,false,Metal,Apple M5 Pro
cyrillic,scroll_triangle,softwrap,121,42,20,65666,3023167,115625,Menlo,16,1,release,8,24,3,false,11519,5886,false,Metal,Apple M5 Pro
cyrillic,scroll_triangle,softwrap,121,42,21,65167,2978750,116000,Menlo,16,1,release,8,24,3,false,11310,6090,false,Metal,Apple M5 Pro
cyrillic,scroll_triangle,softwrap,121,42,22,65458,2959791,115125,Menlo,16,1,release,8,24,3,false,11108,6296,false,Metal,Apple M5 Pro
cyrillic,scroll_triangle,softwrap,121,42,23,65666,3404042,127666,Menlo,16,1,release,8,24,3,false,10900,6500,false,Metal,Apple M5 Pro
cyrillic,dense_novel_text,explicit_rows,121,42,0,37166,1570375,108709,Menlo,16,1,release,8,24,3,false,0,0,false,Metal,Apple M5 Pro
cyrillic,dense_novel_text,explicit_rows,121,42,1,37750,1628292,107834,Menlo,16,1,release,8,24,3,false,0,0,false,Metal,Apple M5 Pro
cyrillic,dense_novel_text,explicit_rows,121,42,2,38250,1541709,108292,Menlo,16,1,release,8,24,3,false,0,0,false,Metal,Apple M5 Pro
cyrillic,dense_novel_text,explicit_rows,121,42,3,37583,1548125,108292,Menlo,16,1,release,8,24,3,false,0,0,false,Metal,Apple M5 Pro
cyrillic,dense_novel_text,explicit_rows,121,42,4,37541,1553125,108208,Menlo,16,1,release,8,24,3,false,0,0,false,Metal,Apple M5 Pro
cyrillic,dense_novel_text,explicit_rows,121,42,5,38000,1526000,111708,Menlo,16,1,release,8,24,3,false,0,0,false,Metal,Apple M5 Pro
cyrillic,dense_novel_text,explicit_rows,121,42,6,37125,1550625,113166,Menlo,16,1,release,8,24,3,false,0,0,false,Metal,Apple M5 Pro
cyrillic,dense_novel_text,explicit_rows,121,42,7,38292,1523916,106625,Menlo,16,1,release,8,24,3,false,0,0,false,Metal,Apple M5 Pro
cyrillic,dense_novel_text,explicit_rows,121,42,8,38625,1582458,108417,Menlo,16,1,release,8,24,3,false,0,0,false,Metal,Apple M5 Pro
cyrillic,dense_novel_text,explicit_rows,121,42,9,37834,1515333,120041,Menlo,16,1,release,8,24,3,false,0,0,false,Metal,Apple M5 Pro
cyrillic,dense_novel_text,explicit_rows,121,42,10,37792,1501750,112000,Menlo,16,1,release,8,24,3,false,0,0,false,Metal,Apple M5 Pro
cyrillic,dense_novel_text,explicit_rows,121,42,11,40667,1551250,110000,Menlo,16,1,release,8,24,3,false,0,0,false,Metal,Apple M5 Pro
cyrillic,dense_novel_text,explicit_rows,121,42,12,41041,1534125,108167,Menlo,16,1,release,8,24,3,false,0,0,false,Metal,Apple M5 Pro
cyrillic,dense_novel_text,explicit_rows,121,42,13,37667,1507000,108000,Menlo,16,1,release,8,24,3,false,0,0,false,Metal,Apple M5 Pro
cyrillic,dense_novel_text,explicit_rows,121,42,14,37500,1533208,106833,Menlo,16,1,release,8,24,3,false,0,0,false,Metal,Apple M5 Pro
cyrillic,dense_novel_text,explicit_rows,121,42,15,37625,1530292,108125,Menlo,16,1,release,8,24,3,false,0,0,false,Metal,Apple M5 Pro
cyrillic,dense_novel_text,explicit_rows,121,42,16,37500,1525375,112875,Menlo,16,1,release,8,24,3,false,0,0,false,Metal,Apple M5 Pro
cyrillic,dense_novel_text,explicit_rows,121,42,17,37792,1539625,111709,Menlo,16,1,release,8,24,3,false,0,0,false,Metal,Apple M5 Pro
cyrillic,dense_novel_text,explicit_rows,121,42,18,37958,1499417,106584,Menlo,16,1,release,8,24,3,false,0,0,false,Metal,Apple M5 Pro
cyrillic,dense_novel_text,explicit_rows,121,42,19,41250,1509875,108083,Menlo,16,1,release,8,24,3,false,0,0,false,Metal,Apple M5 Pro
cyrillic,dense_novel_text,explicit_rows,121,42,20,37458,1514958,107333,Menlo,16,1,release,8,24,3,false,0,0,false,Metal,Apple M5 Pro
cyrillic,dense_novel_text,explicit_rows,121,42,21,37542,1516375,118125,Menlo,16,1,release,8,24,3,false,0,0,false,Metal,Apple M5 Pro
cyrillic,dense_novel_text,explicit_rows,121,42,22,37542,1546083,108666,Menlo,16,1,release,8,24,3,false,0,0,false,Metal,Apple M5 Pro
cyrillic,dense_novel_text,explicit_rows,121,42,23,37875,1510542,120000,Menlo,16,1,release,8,24,3,false,0,0,false,Metal,Apple M5 Pro
cyrillic,dense_novel_text,softwrap,121,42,0,67167,2993708,132792,Menlo,16,1,release,8,24,3,false,17484,0,false,Metal,Apple M5 Pro
cyrillic,dense_novel_text,softwrap,121,42,1,65459,2950250,112334,Menlo,16,1,release,8,24,3,false,17484,0,false,Metal,Apple M5 Pro
cyrillic,dense_novel_text,softwrap,121,42,2,64541,3013875,112625,Menlo,16,1,release,8,24,3,false,17484,0,false,Metal,Apple M5 Pro
cyrillic,dense_novel_text,softwrap,121,42,3,64333,2961333,112375,Menlo,16,1,release,8,24,3,false,17484,0,false,Metal,Apple M5 Pro
cyrillic,dense_novel_text,softwrap,121,42,4,88541,3011375,113000,Menlo,16,1,release,8,24,3,false,17484,0,false,Metal,Apple M5 Pro
cyrillic,dense_novel_text,softwrap,121,42,5,65125,2999292,113584,Menlo,16,1,release,8,24,3,false,17484,0,false,Metal,Apple M5 Pro
cyrillic,dense_novel_text,softwrap,121,42,6,64875,3001834,112625,Menlo,16,1,release,8,24,3,false,17484,0,false,Metal,Apple M5 Pro
cyrillic,dense_novel_text,softwrap,121,42,7,65042,2982166,112917,Menlo,16,1,release,8,24,3,false,17484,0,false,Metal,Apple M5 Pro
cyrillic,dense_novel_text,softwrap,121,42,8,65125,2980417,112875,Menlo,16,1,release,8,24,3,false,17484,0,false,Metal,Apple M5 Pro
cyrillic,dense_novel_text,softwrap,121,42,9,63917,2975333,112750,Menlo,16,1,release,8,24,3,false,17484,0,false,Metal,Apple M5 Pro
cyrillic,dense_novel_text,softwrap,121,42,10,64875,3016458,113500,Menlo,16,1,release,8,24,3,false,17484,0,false,Metal,Apple M5 Pro
cyrillic,dense_novel_text,softwrap,121,42,11,65250,3008083,112917,Menlo,16,1,release,8,24,3,false,17484,0,false,Metal,Apple M5 Pro
cyrillic,dense_novel_text,softwrap,121,42,12,64166,3034167,113125,Menlo,16,1,release,8,24,3,false,17484,0,false,Metal,Apple M5 Pro
cyrillic,dense_novel_text,softwrap,121,42,13,64750,3056583,112042,Menlo,16,1,release,8,24,3,false,17484,0,false,Metal,Apple M5 Pro
cyrillic,dense_novel_text,softwrap,121,42,14,63917,3008583,112375,Menlo,16,1,release,8,24,3,false,17484,0,false,Metal,Apple M5 Pro
cyrillic,dense_novel_text,softwrap,121,42,15,64292,3023292,112333,Menlo,16,1,release,8,24,3,false,17484,0,false,Metal,Apple M5 Pro
cyrillic,dense_novel_text,softwrap,121,42,16,64292,3019583,113625,Menlo,16,1,release,8,24,3,false,17484,0,false,Metal,Apple M5 Pro
cyrillic,dense_novel_text,softwrap,121,42,17,65042,2995542,112917,Menlo,16,1,release,8,24,3,false,17484,0,false,Metal,Apple M5 Pro
cyrillic,dense_novel_text,softwrap,121,42,18,64750,3009834,112250,Menlo,16,1,release,8,24,3,false,17484,0,false,Metal,Apple M5 Pro
cyrillic,dense_novel_text,softwrap,121,42,19,64875,3009042,113041,Menlo,16,1,release,8,24,3,false,17484,0,false,Metal,Apple M5 Pro
cyrillic,dense_novel_text,softwrap,121,42,20,64209,2974584,112708,Menlo,16,1,release,8,24,3,false,17484,0,false,Metal,Apple M5 Pro
cyrillic,dense_novel_text,softwrap,121,42,21,64833,3034667,111125,Menlo,16,1,release,8,24,3,false,17484,0,false,Metal,Apple M5 Pro
cyrillic,dense_novel_text,softwrap,121,42,22,63917,3032500,113083,Menlo,16,1,release,8,24,3,false,17484,0,false,Metal,Apple M5 Pro
cyrillic,dense_novel_text,softwrap,121,42,23,64375,3023333,113042,Menlo,16,1,release,8,24,3,false,17484,0,false,Metal,Apple M5 Pro
cjk,sparse_novel_counter,explicit_rows,121,42,0,37417,155333,1792,Menlo,16,1,release,8,24,3,false,0,0,false,Metal,Apple M5 Pro
cjk,sparse_novel_counter,explicit_rows,121,42,1,38000,157333,1875,Menlo,16,1,release,8,24,3,false,0,0,false,Metal,Apple M5 Pro
cjk,sparse_novel_counter,explicit_rows,121,42,2,37875,156792,1792,Menlo,16,1,release,8,24,3,false,0,0,false,Metal,Apple M5 Pro
cjk,sparse_novel_counter,explicit_rows,121,42,3,37833,156625,1792,Menlo,16,1,release,8,24,3,false,0,0,false,Metal,Apple M5 Pro
cjk,sparse_novel_counter,explicit_rows,121,42,4,37334,156667,1917,Menlo,16,1,release,8,24,3,false,0,0,false,Metal,Apple M5 Pro
cjk,sparse_novel_counter,explicit_rows,121,42,5,37583,155958,1792,Menlo,16,1,release,8,24,3,false,0,0,false,Metal,Apple M5 Pro
cjk,sparse_novel_counter,explicit_rows,121,42,6,38167,155916,1833,Menlo,16,1,release,8,24,3,false,0,0,false,Metal,Apple M5 Pro
cjk,sparse_novel_counter,explicit_rows,121,42,7,37750,199500,1792,Menlo,16,1,release,8,24,3,false,0,0,false,Metal,Apple M5 Pro
cjk,sparse_novel_counter,explicit_rows,121,42,8,38083,156417,1875,Menlo,16,1,release,8,24,3,false,0,0,false,Metal,Apple M5 Pro
cjk,sparse_novel_counter,explicit_rows,121,42,9,37917,155667,1791,Menlo,16,1,release,8,24,3,false,0,0,false,Metal,Apple M5 Pro
cjk,sparse_novel_counter,explicit_rows,121,42,10,37666,155959,1792,Menlo,16,1,release,8,24,3,false,0,0,false,Metal,Apple M5 Pro
cjk,sparse_novel_counter,explicit_rows,121,42,11,37750,155917,1834,Menlo,16,1,release,8,24,3,false,0,0,false,Metal,Apple M5 Pro
cjk,sparse_novel_counter,explicit_rows,121,42,12,38375,156167,1916,Menlo,16,1,release,8,24,3,false,0,0,false,Metal,Apple M5 Pro
cjk,sparse_novel_counter,explicit_rows,121,42,13,38625,156417,1792,Menlo,16,1,release,8,24,3,false,0,0,false,Metal,Apple M5 Pro
cjk,sparse_novel_counter,explicit_rows,121,42,14,38208,155708,1792,Menlo,16,1,release,8,24,3,false,0,0,false,Metal,Apple M5 Pro
cjk,sparse_novel_counter,explicit_rows,121,42,15,38209,156791,1792,Menlo,16,1,release,8,24,3,false,0,0,false,Metal,Apple M5 Pro
cjk,sparse_novel_counter,explicit_rows,121,42,16,38208,156666,1833,Menlo,16,1,release,8,24,3,false,0,0,false,Metal,Apple M5 Pro
cjk,sparse_novel_counter,explicit_rows,121,42,17,38125,156375,1792,Menlo,16,1,release,8,24,3,false,0,0,false,Metal,Apple M5 Pro
cjk,sparse_novel_counter,explicit_rows,121,42,18,38125,155500,1791,Menlo,16,1,release,8,24,3,false,0,0,false,Metal,Apple M5 Pro
cjk,sparse_novel_counter,explicit_rows,121,42,19,37500,155458,1833,Menlo,16,1,release,8,24,3,false,0,0,false,Metal,Apple M5 Pro
cjk,sparse_novel_counter,explicit_rows,121,42,20,37917,155333,1792,Menlo,16,1,release,8,24,3,false,0,0,false,Metal,Apple M5 Pro
cjk,sparse_novel_counter,explicit_rows,121,42,21,37792,155708,1792,Menlo,16,1,release,8,24,3,false,0,0,false,Metal,Apple M5 Pro
cjk,sparse_novel_counter,explicit_rows,121,42,22,37875,156791,1792,Menlo,16,1,release,8,24,3,false,0,0,false,Metal,Apple M5 Pro
cjk,sparse_novel_counter,explicit_rows,121,42,23,38458,156625,1834,Menlo,16,1,release,8,24,3,false,0,0,false,Metal,Apple M5 Pro
cjk,sparse_novel_counter,softwrap,121,42,0,59541,15694584,107417,Menlo,16,1,release,8,24,3,false,14492,0,false,Metal,Apple M5 Pro
cjk,sparse_novel_counter,softwrap,121,42,1,60625,15669084,65041,Menlo,16,1,release,8,24,3,false,14492,0,false,Metal,Apple M5 Pro
cjk,sparse_novel_counter,softwrap,121,42,2,59542,15736084,65625,Menlo,16,1,release,8,24,3,false,14492,0,false,Metal,Apple M5 Pro
cjk,sparse_novel_counter,softwrap,121,42,3,60083,15692333,65667,Menlo,16,1,release,8,24,3,false,14492,0,false,Metal,Apple M5 Pro
cjk,sparse_novel_counter,softwrap,121,42,4,56917,15663084,65750,Menlo,16,1,release,8,24,3,false,14492,0,false,Metal,Apple M5 Pro
cjk,sparse_novel_counter,softwrap,121,42,5,59166,15612083,66208,Menlo,16,1,release,8,24,3,false,14492,0,false,Metal,Apple M5 Pro
cjk,sparse_novel_counter,softwrap,121,42,6,56500,15738042,65792,Menlo,16,1,release,8,24,3,false,14492,0,false,Metal,Apple M5 Pro
cjk,sparse_novel_counter,softwrap,121,42,7,57833,15677125,65958,Menlo,16,1,release,8,24,3,false,14492,0,false,Metal,Apple M5 Pro
cjk,sparse_novel_counter,softwrap,121,42,8,56958,15620458,65542,Menlo,16,1,release,8,24,3,false,14492,0,false,Metal,Apple M5 Pro
cjk,sparse_novel_counter,softwrap,121,42,9,56792,15615625,65791,Menlo,16,1,release,8,24,3,false,14492,0,false,Metal,Apple M5 Pro
cjk,sparse_novel_counter,softwrap,121,42,10,57166,15693167,66000,Menlo,16,1,release,8,24,3,false,14492,0,false,Metal,Apple M5 Pro
cjk,sparse_novel_counter,softwrap,121,42,11,56167,15624458,65667,Menlo,16,1,release,8,24,3,false,14492,0,false,Metal,Apple M5 Pro
cjk,sparse_novel_counter,softwrap,121,42,12,56583,15551125,63000,Menlo,16,1,release,8,24,3,false,14492,0,false,Metal,Apple M5 Pro
cjk,sparse_novel_counter,softwrap,121,42,13,57542,15665708,64458,Menlo,16,1,release,8,24,3,false,14492,0,false,Metal,Apple M5 Pro
cjk,sparse_novel_counter,softwrap,121,42,14,56292,15690167,65500,Menlo,16,1,release,8,24,3,false,14492,0,false,Metal,Apple M5 Pro
cjk,sparse_novel_counter,softwrap,121,42,15,55625,15660542,65750,Menlo,16,1,release,8,24,3,false,14492,0,false,Metal,Apple M5 Pro
cjk,sparse_novel_counter,softwrap,121,42,16,57125,15612916,63750,Menlo,16,1,release,8,24,3,false,14492,0,false,Metal,Apple M5 Pro
cjk,sparse_novel_counter,softwrap,121,42,17,56375,15678459,65708,Menlo,16,1,release,8,24,3,false,14492,0,false,Metal,Apple M5 Pro
cjk,sparse_novel_counter,softwrap,121,42,18,55417,15693708,66209,Menlo,16,1,release,8,24,3,false,14492,0,false,Metal,Apple M5 Pro
cjk,sparse_novel_counter,softwrap,121,42,19,56250,15581667,65458,Menlo,16,1,release,8,24,3,false,14492,0,false,Metal,Apple M5 Pro
cjk,sparse_novel_counter,softwrap,121,42,20,57125,15616000,65958,Menlo,16,1,release,8,24,3,false,14492,0,false,Metal,Apple M5 Pro
cjk,sparse_novel_counter,softwrap,121,42,21,56584,15685666,65875,Menlo,16,1,release,8,24,3,false,14492,0,false,Metal,Apple M5 Pro
cjk,sparse_novel_counter,softwrap,121,42,22,55625,15674208,65833,Menlo,16,1,release,8,24,3,false,14492,0,false,Metal,Apple M5 Pro
cjk,sparse_novel_counter,softwrap,121,42,23,56708,15623042,66083,Menlo,16,1,release,8,24,3,false,14492,0,false,Metal,Apple M5 Pro
cjk,scroll_triangle,explicit_rows,121,42,0,36958,157958,65458,Menlo,16,1,release,8,24,3,false,0,0,false,Metal,Apple M5 Pro
cjk,scroll_triangle,explicit_rows,121,42,1,38500,157709,67166,Menlo,16,1,release,8,24,3,false,0,0,false,Metal,Apple M5 Pro
cjk,scroll_triangle,explicit_rows,121,42,2,38292,158041,66959,Menlo,16,1,release,8,24,3,false,0,0,false,Metal,Apple M5 Pro
cjk,scroll_triangle,explicit_rows,121,42,3,38083,157000,66875,Menlo,16,1,release,8,24,3,false,0,0,false,Metal,Apple M5 Pro
cjk,scroll_triangle,explicit_rows,121,42,4,38292,157750,66500,Menlo,16,1,release,8,24,3,false,0,0,false,Metal,Apple M5 Pro
cjk,scroll_triangle,explicit_rows,121,42,5,38708,157625,65958,Menlo,16,1,release,8,24,3,false,0,0,false,Metal,Apple M5 Pro
cjk,scroll_triangle,explicit_rows,121,42,6,38375,157959,65291,Menlo,16,1,release,8,24,3,false,0,0,false,Metal,Apple M5 Pro
cjk,scroll_triangle,explicit_rows,121,42,7,38292,204125,67041,Menlo,16,1,release,8,24,3,false,0,0,false,Metal,Apple M5 Pro
cjk,scroll_triangle,explicit_rows,121,42,8,38583,157667,67875,Menlo,16,1,release,8,24,3,false,0,0,false,Metal,Apple M5 Pro
cjk,scroll_triangle,explicit_rows,121,42,9,38792,156708,68375,Menlo,16,1,release,8,24,3,false,0,0,false,Metal,Apple M5 Pro
cjk,scroll_triangle,explicit_rows,121,42,10,38625,158334,67625,Menlo,16,1,release,8,24,3,false,0,0,false,Metal,Apple M5 Pro
cjk,scroll_triangle,explicit_rows,121,42,11,38833,156834,65667,Menlo,16,1,release,8,24,3,false,0,0,false,Metal,Apple M5 Pro
cjk,scroll_triangle,explicit_rows,121,42,12,38708,158333,68083,Menlo,16,1,release,8,24,3,false,0,0,false,Metal,Apple M5 Pro
cjk,scroll_triangle,explicit_rows,121,42,13,38416,157625,68250,Menlo,16,1,release,8,24,3,false,0,0,false,Metal,Apple M5 Pro
cjk,scroll_triangle,explicit_rows,121,42,14,38584,157375,67417,Menlo,16,1,release,8,24,3,false,0,0,false,Metal,Apple M5 Pro
cjk,scroll_triangle,explicit_rows,121,42,15,38750,158459,67042,Menlo,16,1,release,8,24,3,false,0,0,false,Metal,Apple M5 Pro
cjk,scroll_triangle,explicit_rows,121,42,16,38958,157542,67083,Menlo,16,1,release,8,24,3,false,0,0,false,Metal,Apple M5 Pro
cjk,scroll_triangle,explicit_rows,121,42,17,37917,157500,67208,Menlo,16,1,release,8,24,3,false,0,0,false,Metal,Apple M5 Pro
cjk,scroll_triangle,explicit_rows,121,42,18,38542,158166,68375,Menlo,16,1,release,8,24,3,false,0,0,false,Metal,Apple M5 Pro
cjk,scroll_triangle,explicit_rows,121,42,19,38709,157916,68125,Menlo,16,1,release,8,24,3,false,0,0,false,Metal,Apple M5 Pro
cjk,scroll_triangle,explicit_rows,121,42,20,38416,157625,67958,Menlo,16,1,release,8,24,3,false,0,0,false,Metal,Apple M5 Pro
cjk,scroll_triangle,explicit_rows,121,42,21,38250,157916,67875,Menlo,16,1,release,8,24,3,false,0,0,false,Metal,Apple M5 Pro
cjk,scroll_triangle,explicit_rows,121,42,22,38625,158625,65000,Menlo,16,1,release,8,24,3,false,0,0,false,Metal,Apple M5 Pro
cjk,scroll_triangle,explicit_rows,121,42,23,38625,157959,65125,Menlo,16,1,release,8,24,3,false,0,0,false,Metal,Apple M5 Pro
cjk,scroll_triangle,softwrap,121,42,0,56792,15692916,67167,Menlo,16,1,release,8,24,3,false,12958,1495,false,Metal,Apple M5 Pro
cjk,scroll_triangle,softwrap,121,42,1,58625,15677708,66583,Menlo,16,1,release,8,24,3,false,12786,1665,false,Metal,Apple M5 Pro
cjk,scroll_triangle,softwrap,121,42,2,58000,15806625,66667,Menlo,16,1,release,8,24,3,false,12616,1835,false,Metal,Apple M5 Pro
cjk,scroll_triangle,softwrap,121,42,3,57291,15644125,67417,Menlo,16,1,release,8,24,3,false,12446,2007,false,Metal,Apple M5 Pro
cjk,scroll_triangle,softwrap,121,42,4,56625,15698041,66708,Menlo,16,1,release,8,24,3,false,12276,2177,false,Metal,Apple M5 Pro
cjk,scroll_triangle,softwrap,121,42,5,58000,15670334,67042,Menlo,16,1,release,8,24,3,false,12104,2347,false,Metal,Apple M5 Pro
cjk,scroll_triangle,softwrap,121,42,6,56292,15804208,66083,Menlo,16,1,release,8,24,3,false,11934,2517,false,Metal,Apple M5 Pro
cjk,scroll_triangle,softwrap,121,42,7,57708,15695458,66792,Menlo,16,1,release,8,24,3,false,11764,2689,false,Metal,Apple M5 Pro
cjk,scroll_triangle,softwrap,121,42,8,58042,15620042,66958,Menlo,16,1,release,8,24,3,false,11594,2859,false,Metal,Apple M5 Pro
cjk,scroll_triangle,softwrap,121,42,9,57708,15712458,147167,Menlo,16,1,release,8,24,3,false,11422,3029,false,Metal,Apple M5 Pro
cjk,scroll_triangle,softwrap,121,42,10,58375,15732542,182458,Menlo,16,1,release,8,24,3,false,11252,3199,false,Metal,Apple M5 Pro
cjk,scroll_triangle,softwrap,121,42,11,58667,15665291,67125,Menlo,16,1,release,8,24,3,false,11082,3371,false,Metal,Apple M5 Pro
cjk,scroll_triangle,softwrap,121,42,12,60333,15670750,67500,Menlo,16,1,release,8,24,3,false,10912,3541,false,Metal,Apple M5 Pro
cjk,scroll_triangle,softwrap,121,42,13,59542,15774167,66792,Menlo,16,1,release,8,24,3,false,10740,3711,false,Metal,Apple M5 Pro
cjk,scroll_triangle,softwrap,121,42,14,57917,15735667,66667,Menlo,16,1,release,8,24,3,false,10570,3881,false,Metal,Apple M5 Pro
cjk,scroll_triangle,softwrap,121,42,15,57500,15635500,65708,Menlo,16,1,release,8,24,3,false,10400,4053,false,Metal,Apple M5 Pro
cjk,scroll_triangle,softwrap,121,42,16,57250,15667875,67125,Menlo,16,1,release,8,24,3,false,10230,4223,false,Metal,Apple M5 Pro
cjk,scroll_triangle,softwrap,121,42,17,56750,15809500,67208,Menlo,16,1,release,8,24,3,false,10058,4393,false,Metal,Apple M5 Pro
cjk,scroll_triangle,softwrap,121,42,18,59250,15692833,65792,Menlo,16,1,release,8,24,3,false,9888,4563,false,Metal,Apple M5 Pro
cjk,scroll_triangle,softwrap,121,42,19,58834,15685250,65458,Menlo,16,1,release,8,24,3,false,9718,4735,false,Metal,Apple M5 Pro
cjk,scroll_triangle,softwrap,121,42,20,59167,15642167,67125,Menlo,16,1,release,8,24,3,false,9548,4905,false,Metal,Apple M5 Pro
cjk,scroll_triangle,softwrap,121,42,21,57792,15812292,67625,Menlo,16,1,release,8,24,3,false,9376,5075,false,Metal,Apple M5 Pro
cjk,scroll_triangle,softwrap,121,42,22,57334,15903208,66292,Menlo,16,1,release,8,24,3,false,9206,5245,false,Metal,Apple M5 Pro
cjk,scroll_triangle,softwrap,121,42,23,65625,15703167,67375,Menlo,16,1,release,8,24,3,false,9036,5417,false,Metal,Apple M5 Pro
cjk,dense_novel_text,explicit_rows,121,42,0,38083,4897250,68625,Menlo,16,1,release,8,24,3,false,0,0,false,Metal,Apple M5 Pro
cjk,dense_novel_text,explicit_rows,121,42,1,37417,4925333,68583,Menlo,16,1,release,8,24,3,false,0,0,false,Metal,Apple M5 Pro
cjk,dense_novel_text,explicit_rows,121,42,2,37750,4892083,68083,Menlo,16,1,release,8,24,3,false,0,0,false,Metal,Apple M5 Pro
cjk,dense_novel_text,explicit_rows,121,42,3,37833,4918792,68334,Menlo,16,1,release,8,24,3,false,0,0,false,Metal,Apple M5 Pro
cjk,dense_novel_text,explicit_rows,121,42,4,37208,4860542,68333,Menlo,16,1,release,8,24,3,false,0,0,false,Metal,Apple M5 Pro
cjk,dense_novel_text,explicit_rows,121,42,5,38000,4886000,68791,Menlo,16,1,release,8,24,3,false,0,0,false,Metal,Apple M5 Pro
cjk,dense_novel_text,explicit_rows,121,42,6,37875,4911292,68791,Menlo,16,1,release,8,24,3,false,0,0,false,Metal,Apple M5 Pro
cjk,dense_novel_text,explicit_rows,121,42,7,37208,4918291,68417,Menlo,16,1,release,8,24,3,false,0,0,false,Metal,Apple M5 Pro
cjk,dense_novel_text,explicit_rows,121,42,8,37250,4868625,68459,Menlo,16,1,release,8,24,3,false,0,0,false,Metal,Apple M5 Pro
cjk,dense_novel_text,explicit_rows,121,42,9,37042,4902458,68542,Menlo,16,1,release,8,24,3,false,0,0,false,Metal,Apple M5 Pro
cjk,dense_novel_text,explicit_rows,121,42,10,39250,4885542,68542,Menlo,16,1,release,8,24,3,false,0,0,false,Metal,Apple M5 Pro
cjk,dense_novel_text,explicit_rows,121,42,11,37250,4904291,67417,Menlo,16,1,release,8,24,3,false,0,0,false,Metal,Apple M5 Pro
cjk,dense_novel_text,explicit_rows,121,42,12,37917,4976208,67875,Menlo,16,1,release,8,24,3,false,0,0,false,Metal,Apple M5 Pro
cjk,dense_novel_text,explicit_rows,121,42,13,37667,4918791,68750,Menlo,16,1,release,8,24,3,false,0,0,false,Metal,Apple M5 Pro
cjk,dense_novel_text,explicit_rows,121,42,14,37583,4899500,65708,Menlo,16,1,release,8,24,3,false,0,0,false,Metal,Apple M5 Pro
cjk,dense_novel_text,explicit_rows,121,42,15,37791,4886084,68292,Menlo,16,1,release,8,24,3,false,0,0,false,Metal,Apple M5 Pro
cjk,dense_novel_text,explicit_rows,121,42,16,38250,4851625,68417,Menlo,16,1,release,8,24,3,false,0,0,false,Metal,Apple M5 Pro
cjk,dense_novel_text,explicit_rows,121,42,17,37583,4902292,68708,Menlo,16,1,release,8,24,3,false,0,0,false,Metal,Apple M5 Pro
cjk,dense_novel_text,explicit_rows,121,42,18,38083,4923167,68500,Menlo,16,1,release,8,24,3,false,0,0,false,Metal,Apple M5 Pro
cjk,dense_novel_text,explicit_rows,121,42,19,37584,4921042,68000,Menlo,16,1,release,8,24,3,false,0,0,false,Metal,Apple M5 Pro
cjk,dense_novel_text,explicit_rows,121,42,20,37459,4899625,68250,Menlo,16,1,release,8,24,3,false,0,0,false,Metal,Apple M5 Pro
cjk,dense_novel_text,explicit_rows,121,42,21,37541,4963625,68459,Menlo,16,1,release,8,24,3,false,0,0,false,Metal,Apple M5 Pro
cjk,dense_novel_text,explicit_rows,121,42,22,42750,4905375,68500,Menlo,16,1,release,8,24,3,false,0,0,false,Metal,Apple M5 Pro
cjk,dense_novel_text,explicit_rows,121,42,23,40792,4945667,67000,Menlo,16,1,release,8,24,3,false,0,0,false,Metal,Apple M5 Pro
cjk,dense_novel_text,softwrap,121,42,0,57708,15637125,68083,Menlo,16,1,release,8,24,3,false,14492,0,false,Metal,Apple M5 Pro
cjk,dense_novel_text,softwrap,121,42,1,55458,15713209,65709,Menlo,16,1,release,8,24,3,false,14492,0,false,Metal,Apple M5 Pro
cjk,dense_novel_text,softwrap,121,42,2,55958,15655583,65917,Menlo,16,1,release,8,24,3,false,14492,0,false,Metal,Apple M5 Pro
cjk,dense_novel_text,softwrap,121,42,3,73834,15656333,65291,Menlo,16,1,release,8,24,3,false,14492,0,false,Metal,Apple M5 Pro
cjk,dense_novel_text,softwrap,121,42,4,58083,15673917,66167,Menlo,16,1,release,8,24,3,false,14492,0,false,Metal,Apple M5 Pro
cjk,dense_novel_text,softwrap,121,42,5,57042,15631250,65542,Menlo,16,1,release,8,24,3,false,14492,0,false,Metal,Apple M5 Pro
cjk,dense_novel_text,softwrap,121,42,6,56417,15714125,65958,Menlo,16,1,release,8,24,3,false,14492,0,false,Metal,Apple M5 Pro
cjk,dense_novel_text,softwrap,121,42,7,56750,19682000,72500,Menlo,16,1,release,8,24,3,false,14492,0,false,Metal,Apple M5 Pro
cjk,dense_novel_text,softwrap,121,42,8,67791,21798792,73209,Menlo,16,1,release,8,24,3,false,14492,0,false,Metal,Apple M5 Pro
cjk,dense_novel_text,softwrap,121,42,9,75292,17994291,72917,Menlo,16,1,release,8,24,3,false,14492,0,false,Metal,Apple M5 Pro
cjk,dense_novel_text,softwrap,121,42,10,63042,18976084,71542,Menlo,16,1,release,8,24,3,false,14492,0,false,Metal,Apple M5 Pro
cjk,dense_novel_text,softwrap,121,42,11,69833,18795708,71334,Menlo,16,1,release,8,24,3,false,14492,0,false,Metal,Apple M5 Pro
cjk,dense_novel_text,softwrap,121,42,12,67584,17459167,81209,Menlo,16,1,release,8,24,3,false,14492,0,false,Metal,Apple M5 Pro
cjk,dense_novel_text,softwrap,121,42,13,70625,17209750,72625,Menlo,16,1,release,8,24,3,false,14492,0,false,Metal,Apple M5 Pro
cjk,dense_novel_text,softwrap,121,42,14,64416,16649875,75792,Menlo,16,1,release,8,24,3,false,14492,0,false,Metal,Apple M5 Pro
cjk,dense_novel_text,softwrap,121,42,15,65125,16431458,73958,Menlo,16,1,release,8,24,3,false,14492,0,false,Metal,Apple M5 Pro
cjk,dense_novel_text,softwrap,121,42,16,67125,18600292,71750,Menlo,16,1,release,8,24,3,false,14492,0,false,Metal,Apple M5 Pro
cjk,dense_novel_text,softwrap,121,42,17,63542,16919666,66458,Menlo,16,1,release,8,24,3,false,14492,0,false,Metal,Apple M5 Pro
cjk,dense_novel_text,softwrap,121,42,18,59250,16384125,68750,Menlo,16,1,release,8,24,3,false,14492,0,false,Metal,Apple M5 Pro
cjk,dense_novel_text,softwrap,121,42,19,58917,16650000,65875,Menlo,16,1,release,8,24,3,false,14492,0,false,Metal,Apple M5 Pro
cjk,dense_novel_text,softwrap,121,42,20,60458,16426541,66750,Menlo,16,1,release,8,24,3,false,14492,0,false,Metal,Apple M5 Pro
cjk,dense_novel_text,softwrap,121,42,21,57000,16574041,66917,Menlo,16,1,release,8,24,3,false,14492,0,false,Metal,Apple M5 Pro
cjk,dense_novel_text,softwrap,121,42,22,61125,16262667,71542,Menlo,16,1,release,8,24,3,false,14492,0,false,Metal,Apple M5 Pro
cjk,dense_novel_text,softwrap,121,42,23,61750,16032791,67083,Menlo,16,1,release,8,24,3,false,14492,0,false,Metal,Apple M5 Pro
arabic,sparse_novel_counter,explicit_rows,121,42,0,37083,125250,2625,Menlo,16,1,release,8,24,3,false,0,0,false,Metal,Apple M5 Pro
arabic,sparse_novel_counter,explicit_rows,121,42,1,37333,127084,2666,Menlo,16,1,release,8,24,3,false,0,0,false,Metal,Apple M5 Pro
arabic,sparse_novel_counter,explicit_rows,121,42,2,37042,127667,2667,Menlo,16,1,release,8,24,3,false,0,0,false,Metal,Apple M5 Pro
arabic,sparse_novel_counter,explicit_rows,121,42,3,37291,126250,2666,Menlo,16,1,release,8,24,3,false,0,0,false,Metal,Apple M5 Pro
arabic,sparse_novel_counter,explicit_rows,121,42,4,37167,125750,2625,Menlo,16,1,release,8,24,3,false,0,0,false,Metal,Apple M5 Pro
arabic,sparse_novel_counter,explicit_rows,121,42,5,37459,126791,2667,Menlo,16,1,release,8,24,3,false,0,0,false,Metal,Apple M5 Pro
arabic,sparse_novel_counter,explicit_rows,121,42,6,37333,140083,3417,Menlo,16,1,release,8,24,3,false,0,0,false,Metal,Apple M5 Pro
arabic,sparse_novel_counter,explicit_rows,121,42,7,37625,167916,3042,Menlo,16,1,release,8,24,3,false,0,0,false,Metal,Apple M5 Pro
arabic,sparse_novel_counter,explicit_rows,121,42,8,40584,138250,2917,Menlo,16,1,release,8,24,3,false,0,0,false,Metal,Apple M5 Pro
arabic,sparse_novel_counter,explicit_rows,121,42,9,90959,192333,3917,Menlo,16,1,release,8,24,3,false,0,0,false,Metal,Apple M5 Pro
arabic,sparse_novel_counter,explicit_rows,121,42,10,42167,149083,3000,Menlo,16,1,release,8,24,3,false,0,0,false,Metal,Apple M5 Pro
arabic,sparse_novel_counter,explicit_rows,121,42,11,40417,140167,2959,Menlo,16,1,release,8,24,3,false,0,0,false,Metal,Apple M5 Pro
arabic,sparse_novel_counter,explicit_rows,121,42,12,42000,136750,2625,Menlo,16,1,release,8,24,3,false,0,0,false,Metal,Apple M5 Pro
arabic,sparse_novel_counter,explicit_rows,121,42,13,37750,127125,3416,Menlo,16,1,release,8,24,3,false,0,0,false,Metal,Apple M5 Pro
arabic,sparse_novel_counter,explicit_rows,121,42,14,40084,127125,2625,Menlo,16,1,release,8,24,3,false,0,0,false,Metal,Apple M5 Pro
arabic,sparse_novel_counter,explicit_rows,121,42,15,37417,125208,2625,Menlo,16,1,release,8,24,3,false,0,0,false,Metal,Apple M5 Pro
arabic,sparse_novel_counter,explicit_rows,121,42,16,37500,125542,2750,Menlo,16,1,release,8,24,3,false,0,0,false,Metal,Apple M5 Pro
arabic,sparse_novel_counter,explicit_rows,121,42,17,36792,125958,2625,Menlo,16,1,release,8,24,3,false,0,0,false,Metal,Apple M5 Pro
arabic,sparse_novel_counter,explicit_rows,121,42,18,36917,124333,2625,Menlo,16,1,release,8,24,3,false,0,0,false,Metal,Apple M5 Pro
arabic,sparse_novel_counter,explicit_rows,121,42,19,36875,123958,2667,Menlo,16,1,release,8,24,3,false,0,0,false,Metal,Apple M5 Pro
arabic,sparse_novel_counter,explicit_rows,121,42,20,37292,131083,3291,Menlo,16,1,release,8,24,3,false,0,0,false,Metal,Apple M5 Pro
arabic,sparse_novel_counter,explicit_rows,121,42,21,37458,139708,2583,Menlo,16,1,release,8,24,3,false,0,0,false,Metal,Apple M5 Pro
arabic,sparse_novel_counter,explicit_rows,121,42,22,44125,139125,2667,Menlo,16,1,release,8,24,3,false,0,0,false,Metal,Apple M5 Pro
arabic,sparse_novel_counter,explicit_rows,121,42,23,44083,133042,2625,Menlo,16,1,release,8,24,3,false,0,0,false,Metal,Apple M5 Pro
arabic,sparse_novel_counter,softwrap,121,42,0,82834,11729041,216042,Menlo,16,1,release,8,24,3,false,18686,0,false,Metal,Apple M5 Pro
arabic,sparse_novel_counter,softwrap,121,42,1,80291,10759250,120833,Menlo,16,1,release,8,24,3,false,18686,0,false,Metal,Apple M5 Pro
arabic,sparse_novel_counter,softwrap,121,42,2,83042,10652667,137125,Menlo,16,1,release,8,24,3,false,18686,0,false,Metal,Apple M5 Pro
arabic,sparse_novel_counter,softwrap,121,42,3,79417,10393500,126000,Menlo,16,1,release,8,24,3,false,18686,0,false,Metal,Apple M5 Pro
arabic,sparse_novel_counter,softwrap,121,42,4,76667,10562458,116791,Menlo,16,1,release,8,24,3,false,18686,0,false,Metal,Apple M5 Pro
arabic,sparse_novel_counter,softwrap,121,42,5,73667,10291416,118000,Menlo,16,1,release,8,24,3,false,18686,0,false,Metal,Apple M5 Pro
arabic,sparse_novel_counter,softwrap,121,42,6,71958,12805541,183708,Menlo,16,1,release,8,24,3,false,18686,0,false,Metal,Apple M5 Pro
arabic,sparse_novel_counter,softwrap,121,42,7,151917,14113583,132834,Menlo,16,1,release,8,24,3,false,18686,0,false,Metal,Apple M5 Pro
arabic,sparse_novel_counter,softwrap,121,42,8,82750,10264792,124375,Menlo,16,1,release,8,24,3,false,18686,0,false,Metal,Apple M5 Pro
arabic,sparse_novel_counter,softwrap,121,42,9,99500,10430709,116917,Menlo,16,1,release,8,24,3,false,18686,0,false,Metal,Apple M5 Pro
arabic,sparse_novel_counter,softwrap,121,42,10,73208,10222542,117875,Menlo,16,1,release,8,24,3,false,18686,0,false,Metal,Apple M5 Pro
arabic,sparse_novel_counter,softwrap,121,42,11,78083,10225375,129500,Menlo,16,1,release,8,24,3,false,18686,0,false,Metal,Apple M5 Pro
arabic,sparse_novel_counter,softwrap,121,42,12,77042,10521708,119709,Menlo,16,1,release,8,24,3,false,18686,0,false,Metal,Apple M5 Pro
arabic,sparse_novel_counter,softwrap,121,42,13,78958,10284792,116375,Menlo,16,1,release,8,24,3,false,18686,0,false,Metal,Apple M5 Pro
arabic,sparse_novel_counter,softwrap,121,42,14,67375,10011708,117250,Menlo,16,1,release,8,24,3,false,18686,0,false,Metal,Apple M5 Pro
arabic,sparse_novel_counter,softwrap,121,42,15,69041,10002250,120917,Menlo,16,1,release,8,24,3,false,18686,0,false,Metal,Apple M5 Pro
arabic,sparse_novel_counter,softwrap,121,42,16,84334,9971625,116167,Menlo,16,1,release,8,24,3,false,18686,0,false,Metal,Apple M5 Pro
arabic,sparse_novel_counter,softwrap,121,42,17,72250,10380709,116708,Menlo,16,1,release,8,24,3,false,18686,0,false,Metal,Apple M5 Pro
arabic,sparse_novel_counter,softwrap,121,42,18,76334,10383542,114833,Menlo,16,1,release,8,24,3,false,18686,0,false,Metal,Apple M5 Pro
arabic,sparse_novel_counter,softwrap,121,42,19,67458,10159917,117250,Menlo,16,1,release,8,24,3,false,18686,0,false,Metal,Apple M5 Pro
arabic,sparse_novel_counter,softwrap,121,42,20,76083,10241083,115167,Menlo,16,1,release,8,24,3,false,18686,0,false,Metal,Apple M5 Pro
arabic,sparse_novel_counter,softwrap,121,42,21,70000,10015542,115084,Menlo,16,1,release,8,24,3,false,18686,0,false,Metal,Apple M5 Pro
arabic,sparse_novel_counter,softwrap,121,42,22,66875,9962875,115625,Menlo,16,1,release,8,24,3,false,18686,0,false,Metal,Apple M5 Pro
arabic,sparse_novel_counter,softwrap,121,42,23,67417,9966083,117042,Menlo,16,1,release,8,24,3,false,18686,0,false,Metal,Apple M5 Pro
arabic,scroll_triangle,explicit_rows,121,42,0,38000,124834,103167,Menlo,16,1,release,8,24,3,false,0,0,false,Metal,Apple M5 Pro
arabic,scroll_triangle,explicit_rows,121,42,1,37458,125292,102791,Menlo,16,1,release,8,24,3,false,0,0,false,Metal,Apple M5 Pro
arabic,scroll_triangle,explicit_rows,121,42,2,37708,126208,103000,Menlo,16,1,release,8,24,3,false,0,0,false,Metal,Apple M5 Pro
arabic,scroll_triangle,explicit_rows,121,42,3,37667,124750,99958,Menlo,16,1,release,8,24,3,false,0,0,false,Metal,Apple M5 Pro
arabic,scroll_triangle,explicit_rows,121,42,4,37334,125375,100959,Menlo,16,1,release,8,24,3,false,0,0,false,Metal,Apple M5 Pro
arabic,scroll_triangle,explicit_rows,121,42,5,37292,125250,101166,Menlo,16,1,release,8,24,3,false,0,0,false,Metal,Apple M5 Pro
arabic,scroll_triangle,explicit_rows,121,42,6,43417,128417,103791,Menlo,16,1,release,8,24,3,false,0,0,false,Metal,Apple M5 Pro
arabic,scroll_triangle,explicit_rows,121,42,7,41750,184834,100709,Menlo,16,1,release,8,24,3,false,0,0,false,Metal,Apple M5 Pro
arabic,scroll_triangle,explicit_rows,121,42,8,56500,137750,103084,Menlo,16,1,release,8,24,3,false,0,0,false,Metal,Apple M5 Pro
arabic,scroll_triangle,explicit_rows,121,42,9,37875,129542,99792,Menlo,16,1,release,8,24,3,false,0,0,false,Metal,Apple M5 Pro
arabic,scroll_triangle,explicit_rows,121,42,10,37584,128417,100458,Menlo,16,1,release,8,24,3,false,0,0,false,Metal,Apple M5 Pro
arabic,scroll_triangle,explicit_rows,121,42,11,37625,127417,101417,Menlo,16,1,release,8,24,3,false,0,0,false,Metal,Apple M5 Pro
arabic,scroll_triangle,explicit_rows,121,42,12,37833,126125,104917,Menlo,16,1,release,8,24,3,false,0,0,false,Metal,Apple M5 Pro
arabic,scroll_triangle,explicit_rows,121,42,13,37625,126209,100500,Menlo,16,1,release,8,24,3,false,0,0,false,Metal,Apple M5 Pro
arabic,scroll_triangle,explicit_rows,121,42,14,38416,127750,100500,Menlo,16,1,release,8,24,3,false,0,0,false,Metal,Apple M5 Pro
arabic,scroll_triangle,explicit_rows,121,42,15,37750,127042,100750,Menlo,16,1,release,8,24,3,false,0,0,false,Metal,Apple M5 Pro
arabic,scroll_triangle,explicit_rows,121,42,16,37750,126375,103458,Menlo,16,1,release,8,24,3,false,0,0,false,Metal,Apple M5 Pro
arabic,scroll_triangle,explicit_rows,121,42,17,37917,126917,102125,Menlo,16,1,release,8,24,3,false,0,0,false,Metal,Apple M5 Pro
arabic,scroll_triangle,explicit_rows,121,42,18,37750,126625,102209,Menlo,16,1,release,8,24,3,false,0,0,false,Metal,Apple M5 Pro
arabic,scroll_triangle,explicit_rows,121,42,19,37416,126208,102084,Menlo,16,1,release,8,24,3,false,0,0,false,Metal,Apple M5 Pro
arabic,scroll_triangle,explicit_rows,121,42,20,37500,126959,101834,Menlo,16,1,release,8,24,3,false,0,0,false,Metal,Apple M5 Pro
arabic,scroll_triangle,explicit_rows,121,42,21,37458,126209,99834,Menlo,16,1,release,8,24,3,false,0,0,false,Metal,Apple M5 Pro
arabic,scroll_triangle,explicit_rows,121,42,22,37916,126417,106792,Menlo,16,1,release,8,24,3,false,0,0,false,Metal,Apple M5 Pro
arabic,scroll_triangle,explicit_rows,121,42,23,38750,127583,98083,Menlo,16,1,release,8,24,3,false,0,0,false,Metal,Apple M5 Pro
arabic,scroll_triangle,softwrap,121,42,0,152833,14821125,198750,Menlo,16,1,release,8,24,3,false,16748,1877,false,Metal,Apple M5 Pro
arabic,scroll_triangle,softwrap,121,42,1,141875,19001666,185042,Menlo,16,1,release,8,24,3,false,16539,2092,false,Metal,Apple M5 Pro
arabic,scroll_triangle,softwrap,121,42,2,98500,13901583,174417,Menlo,16,1,release,8,24,3,false,16324,2307,false,Metal,Apple M5 Pro
arabic,scroll_triangle,softwrap,121,42,3,196041,16065542,143458,Menlo,16,1,release,8,24,3,false,16109,2523,false,Metal,Apple M5 Pro
arabic,scroll_triangle,softwrap,121,42,4,122500,12195042,229125,Menlo,16,1,release,8,24,3,false,15893,2739,false,Metal,Apple M5 Pro
arabic,scroll_triangle,softwrap,121,42,5,93583,11901000,288416,Menlo,16,1,release,8,24,3,false,15677,2954,false,Metal,Apple M5 Pro
arabic,scroll_triangle,softwrap,121,42,6,97125,10813167,124125,Menlo,16,1,release,8,24,3,false,15462,3169,false,Metal,Apple M5 Pro
arabic,scroll_triangle,softwrap,121,42,7,88333,10426417,172167,Menlo,16,1,release,8,24,3,false,15246,3385,false,Metal,Apple M5 Pro
arabic,scroll_triangle,softwrap,121,42,8,75750,10403500,138541,Menlo,16,1,release,8,24,3,false,15031,3600,false,Metal,Apple M5 Pro
arabic,scroll_triangle,softwrap,121,42,9,85375,10859250,118209,Menlo,16,1,release,8,24,3,false,14816,3812,false,Metal,Apple M5 Pro
arabic,scroll_triangle,softwrap,121,42,10,89167,10787709,119750,Menlo,16,1,release,8,24,3,false,14600,4024,false,Metal,Apple M5 Pro
arabic,scroll_triangle,softwrap,121,42,11,84542,10223958,178916,Menlo,16,1,release,8,24,3,false,14385,4239,false,Metal,Apple M5 Pro
arabic,scroll_triangle,softwrap,121,42,12,72833,10467750,125209,Menlo,16,1,release,8,24,3,false,14177,4454,false,Metal,Apple M5 Pro
arabic,scroll_triangle,softwrap,121,42,13,79834,12037916,181583,Menlo,16,1,release,8,24,3,false,13961,4670,false,Metal,Apple M5 Pro
arabic,scroll_triangle,softwrap,121,42,14,85125,13046334,128917,Menlo,16,1,release,8,24,3,false,13747,4885,false,Metal,Apple M5 Pro
arabic,scroll_triangle,softwrap,121,42,15,102833,11512250,198375,Menlo,16,1,release,8,24,3,false,13531,5101,false,Metal,Apple M5 Pro
arabic,scroll_triangle,softwrap,121,42,16,80834,11189334,231000,Menlo,16,1,release,8,24,3,false,13315,5316,false,Metal,Apple M5 Pro
arabic,scroll_triangle,softwrap,121,42,17,84459,11159083,124750,Menlo,16,1,release,8,24,3,false,13100,5532,false,Metal,Apple M5 Pro
arabic,scroll_triangle,softwrap,121,42,18,80708,11097084,177208,Menlo,16,1,release,8,24,3,false,12884,5747,false,Metal,Apple M5 Pro
arabic,scroll_triangle,softwrap,121,42,19,92041,14017792,125625,Menlo,16,1,release,8,24,3,false,12669,5963,false,Metal,Apple M5 Pro
arabic,scroll_triangle,softwrap,121,42,20,96250,13045708,134291,Menlo,16,1,release,8,24,3,false,12453,6175,false,Metal,Apple M5 Pro
arabic,scroll_triangle,softwrap,121,42,21,93542,14369209,128667,Menlo,16,1,release,8,24,3,false,12238,6386,false,Metal,Apple M5 Pro
arabic,scroll_triangle,softwrap,121,42,22,87709,16364542,196375,Menlo,16,1,release,8,24,3,false,12022,6601,false,Metal,Apple M5 Pro
arabic,scroll_triangle,softwrap,121,42,23,95417,14463209,135542,Menlo,16,1,release,8,24,3,false,11815,6816,false,Metal,Apple M5 Pro
arabic,dense_novel_text,explicit_rows,121,42,0,37584,4531166,163917,Menlo,16,1,release,8,24,3,false,0,0,false,Metal,Apple M5 Pro
arabic,dense_novel_text,explicit_rows,121,42,1,45666,3974375,115917,Menlo,16,1,release,8,24,3,false,0,0,false,Metal,Apple M5 Pro
arabic,dense_novel_text,explicit_rows,121,42,2,42250,5184792,160458,Menlo,16,1,release,8,24,3,false,0,0,false,Metal,Apple M5 Pro
arabic,dense_novel_text,explicit_rows,121,42,3,62542,6329000,114375,Menlo,16,1,release,8,24,3,false,0,0,false,Metal,Apple M5 Pro
arabic,dense_novel_text,explicit_rows,121,42,4,47500,4750708,113375,Menlo,16,1,release,8,24,3,false,0,0,false,Metal,Apple M5 Pro
arabic,dense_novel_text,explicit_rows,121,42,5,45500,4120000,123042,Menlo,16,1,release,8,24,3,false,0,0,false,Metal,Apple M5 Pro
arabic,dense_novel_text,explicit_rows,121,42,6,43458,4032958,115541,Menlo,16,1,release,8,24,3,false,0,0,false,Metal,Apple M5 Pro
arabic,dense_novel_text,explicit_rows,121,42,7,42625,5862042,160000,Menlo,16,1,release,8,24,3,false,0,0,false,Metal,Apple M5 Pro
arabic,dense_novel_text,explicit_rows,121,42,8,85792,5328000,115709,Menlo,16,1,release,8,24,3,false,0,0,false,Metal,Apple M5 Pro
arabic,dense_novel_text,explicit_rows,121,42,9,49000,4566042,112291,Menlo,16,1,release,8,24,3,false,0,0,false,Metal,Apple M5 Pro
arabic,dense_novel_text,explicit_rows,121,42,10,41708,4119541,110916,Menlo,16,1,release,8,24,3,false,0,0,false,Metal,Apple M5 Pro
arabic,dense_novel_text,explicit_rows,121,42,11,38917,3847125,102125,Menlo,16,1,release,8,24,3,false,0,0,false,Metal,Apple M5 Pro
arabic,dense_novel_text,explicit_rows,121,42,12,37750,3761333,109958,Menlo,16,1,release,8,24,3,false,0,0,false,Metal,Apple M5 Pro
arabic,dense_novel_text,explicit_rows,121,42,13,38250,3882208,111333,Menlo,16,1,release,8,24,3,false,0,0,false,Metal,Apple M5 Pro
arabic,dense_novel_text,explicit_rows,121,42,14,41083,4133833,119291,Menlo,16,1,release,8,24,3,false,0,0,false,Metal,Apple M5 Pro
arabic,dense_novel_text,explicit_rows,121,42,15,41708,3831750,115000,Menlo,16,1,release,8,24,3,false,0,0,false,Metal,Apple M5 Pro
arabic,dense_novel_text,explicit_rows,121,42,16,44833,4148666,102875,Menlo,16,1,release,8,24,3,false,0,0,false,Metal,Apple M5 Pro
arabic,dense_novel_text,explicit_rows,121,42,17,38834,3622334,103084,Menlo,16,1,release,8,24,3,false,0,0,false,Metal,Apple M5 Pro
arabic,dense_novel_text,explicit_rows,121,42,18,37584,3685458,110875,Menlo,16,1,release,8,24,3,false,0,0,false,Metal,Apple M5 Pro
arabic,dense_novel_text,explicit_rows,121,42,19,37667,3706459,105459,Menlo,16,1,release,8,24,3,false,0,0,false,Metal,Apple M5 Pro
arabic,dense_novel_text,explicit_rows,121,42,20,39916,4864250,161792,Menlo,16,1,release,8,24,3,false,0,0,false,Metal,Apple M5 Pro
arabic,dense_novel_text,explicit_rows,121,42,21,42208,4315000,112166,Menlo,16,1,release,8,24,3,false,0,0,false,Metal,Apple M5 Pro
arabic,dense_novel_text,explicit_rows,121,42,22,42916,4121709,110000,Menlo,16,1,release,8,24,3,false,0,0,false,Metal,Apple M5 Pro
arabic,dense_novel_text,explicit_rows,121,42,23,41750,4065916,110958,Menlo,16,1,release,8,24,3,false,0,0,false,Metal,Apple M5 Pro
arabic,dense_novel_text,softwrap,121,42,0,68875,10842708,149958,Menlo,16,1,release,8,24,3,false,18686,0,false,Metal,Apple M5 Pro
arabic,dense_novel_text,softwrap,121,42,1,74083,11175958,125875,Menlo,16,1,release,8,24,3,false,18686,0,false,Metal,Apple M5 Pro
arabic,dense_novel_text,softwrap,121,42,2,139000,12001833,130958,Menlo,16,1,release,8,24,3,false,18686,0,false,Metal,Apple M5 Pro
arabic,dense_novel_text,softwrap,121,42,3,74750,11427667,131208,Menlo,16,1,release,8,24,3,false,18686,0,false,Metal,Apple M5 Pro
arabic,dense_novel_text,softwrap,121,42,4,73958,12849708,132083,Menlo,16,1,release,8,24,3,false,18686,0,false,Metal,Apple M5 Pro
arabic,dense_novel_text,softwrap,121,42,5,84541,12301208,122792,Menlo,16,1,release,8,24,3,false,18686,0,false,Metal,Apple M5 Pro
arabic,dense_novel_text,softwrap,121,42,6,88542,10883041,129958,Menlo,16,1,release,8,24,3,false,18686,0,false,Metal,Apple M5 Pro
arabic,dense_novel_text,softwrap,121,42,7,91625,16972208,151792,Menlo,16,1,release,8,24,3,false,18686,0,false,Metal,Apple M5 Pro
arabic,dense_novel_text,softwrap,121,42,8,92583,15030750,183292,Menlo,16,1,release,8,24,3,false,18686,0,false,Metal,Apple M5 Pro
arabic,dense_novel_text,softwrap,121,42,9,103708,14692167,135166,Menlo,16,1,release,8,24,3,false,18686,0,false,Metal,Apple M5 Pro
arabic,dense_novel_text,softwrap,121,42,10,75959,11364875,128000,Menlo,16,1,release,8,24,3,false,18686,0,false,Metal,Apple M5 Pro
arabic,dense_novel_text,softwrap,121,42,11,84584,11265583,129875,Menlo,16,1,release,8,24,3,false,18686,0,false,Metal,Apple M5 Pro
arabic,dense_novel_text,softwrap,121,42,12,73750,11636125,455875,Menlo,16,1,release,8,24,3,false,18686,0,false,Metal,Apple M5 Pro
arabic,dense_novel_text,softwrap,121,42,13,118750,11446208,130500,Menlo,16,1,release,8,24,3,false,18686,0,false,Metal,Apple M5 Pro
arabic,dense_novel_text,softwrap,121,42,14,84417,11430541,138959,Menlo,16,1,release,8,24,3,false,18686,0,false,Metal,Apple M5 Pro
arabic,dense_novel_text,softwrap,121,42,15,75208,10725625,123083,Menlo,16,1,release,8,24,3,false,18686,0,false,Metal,Apple M5 Pro
arabic,dense_novel_text,softwrap,121,42,16,73542,10889292,121209,Menlo,16,1,release,8,24,3,false,18686,0,false,Metal,Apple M5 Pro
arabic,dense_novel_text,softwrap,121,42,17,77291,11682459,129292,Menlo,16,1,release,8,24,3,false,18686,0,false,Metal,Apple M5 Pro
arabic,dense_novel_text,softwrap,121,42,18,80333,12336958,125625,Menlo,16,1,release,8,24,3,false,18686,0,false,Metal,Apple M5 Pro
arabic,dense_novel_text,softwrap,121,42,19,80000,11538291,132250,Menlo,16,1,release,8,24,3,false,18686,0,false,Metal,Apple M5 Pro
arabic,dense_novel_text,softwrap,121,42,20,127667,11641750,124334,Menlo,16,1,release,8,24,3,false,18686,0,false,Metal,Apple M5 Pro
arabic,dense_novel_text,softwrap,121,42,21,76000,11085083,121000,Menlo,16,1,release,8,24,3,false,18686,0,false,Metal,Apple M5 Pro
arabic,dense_novel_text,softwrap,121,42,22,78542,12155667,133792,Menlo,16,1,release,8,24,3,false,18686,0,false,Metal,Apple M5 Pro
arabic,dense_novel_text,softwrap,121,42,23,76292,11498833,120958,Menlo,16,1,release,8,24,3,false,18686,0,false,Metal,Apple M5 Pro
rtl_context_ltr_viewport,sparse_novel_counter,explicit_rows,121,42,0,40167,117000,3833,Menlo,16,1,release,8,24,3,false,0,0,false,Metal,Apple M5 Pro
rtl_context_ltr_viewport,sparse_novel_counter,explicit_rows,121,42,1,41750,104792,3959,Menlo,16,1,release,8,24,3,false,0,0,false,Metal,Apple M5 Pro
rtl_context_ltr_viewport,sparse_novel_counter,explicit_rows,121,42,2,45500,111792,3542,Menlo,16,1,release,8,24,3,false,0,0,false,Metal,Apple M5 Pro
rtl_context_ltr_viewport,sparse_novel_counter,explicit_rows,121,42,3,41875,89875,3167,Menlo,16,1,release,8,24,3,false,0,0,false,Metal,Apple M5 Pro
rtl_context_ltr_viewport,sparse_novel_counter,explicit_rows,121,42,4,41042,91416,3875,Menlo,16,1,release,8,24,3,false,0,0,false,Metal,Apple M5 Pro
rtl_context_ltr_viewport,sparse_novel_counter,explicit_rows,121,42,5,40917,84417,3000,Menlo,16,1,release,8,24,3,false,0,0,false,Metal,Apple M5 Pro
rtl_context_ltr_viewport,sparse_novel_counter,explicit_rows,121,42,6,44625,95458,3375,Menlo,16,1,release,8,24,3,false,0,0,false,Metal,Apple M5 Pro
rtl_context_ltr_viewport,sparse_novel_counter,explicit_rows,121,42,7,40708,136458,3125,Menlo,16,1,release,8,24,3,false,0,0,false,Metal,Apple M5 Pro
rtl_context_ltr_viewport,sparse_novel_counter,explicit_rows,121,42,8,42042,118708,3208,Menlo,16,1,release,8,24,3,false,0,0,false,Metal,Apple M5 Pro
rtl_context_ltr_viewport,sparse_novel_counter,explicit_rows,121,42,9,42500,160917,8667,Menlo,16,1,release,8,24,3,false,0,0,false,Metal,Apple M5 Pro
rtl_context_ltr_viewport,sparse_novel_counter,explicit_rows,121,42,10,41583,96917,3250,Menlo,16,1,release,8,24,3,false,0,0,false,Metal,Apple M5 Pro
rtl_context_ltr_viewport,sparse_novel_counter,explicit_rows,121,42,11,41584,81916,3125,Menlo,16,1,release,8,24,3,false,0,0,false,Metal,Apple M5 Pro
rtl_context_ltr_viewport,sparse_novel_counter,explicit_rows,121,42,12,38625,78958,2917,Menlo,16,1,release,8,24,3,false,0,0,false,Metal,Apple M5 Pro
rtl_context_ltr_viewport,sparse_novel_counter,explicit_rows,121,42,13,38292,84375,3792,Menlo,16,1,release,8,24,3,false,0,0,false,Metal,Apple M5 Pro
rtl_context_ltr_viewport,sparse_novel_counter,explicit_rows,121,42,14,42875,79625,3000,Menlo,16,1,release,8,24,3,false,0,0,false,Metal,Apple M5 Pro
rtl_context_ltr_viewport,sparse_novel_counter,explicit_rows,121,42,15,47625,77500,2875,Menlo,16,1,release,8,24,3,false,0,0,false,Metal,Apple M5 Pro
rtl_context_ltr_viewport,sparse_novel_counter,explicit_rows,121,42,16,38292,76750,2917,Menlo,16,1,release,8,24,3,false,0,0,false,Metal,Apple M5 Pro
rtl_context_ltr_viewport,sparse_novel_counter,explicit_rows,121,42,17,37958,75917,2875,Menlo,16,1,release,8,24,3,false,0,0,false,Metal,Apple M5 Pro
rtl_context_ltr_viewport,sparse_novel_counter,explicit_rows,121,42,18,37708,82625,3000,Menlo,16,1,release,8,24,3,false,0,0,false,Metal,Apple M5 Pro
rtl_context_ltr_viewport,sparse_novel_counter,explicit_rows,121,42,19,38500,82417,3042,Menlo,16,1,release,8,24,3,false,0,0,false,Metal,Apple M5 Pro
rtl_context_ltr_viewport,sparse_novel_counter,explicit_rows,121,42,20,37792,78792,2875,Menlo,16,1,release,8,24,3,false,0,0,false,Metal,Apple M5 Pro
rtl_context_ltr_viewport,sparse_novel_counter,explicit_rows,121,42,21,38167,85458,3083,Menlo,16,1,release,8,24,3,false,0,0,false,Metal,Apple M5 Pro
rtl_context_ltr_viewport,sparse_novel_counter,explicit_rows,121,42,22,40791,84000,2958,Menlo,16,1,release,8,24,3,false,0,0,false,Metal,Apple M5 Pro
rtl_context_ltr_viewport,sparse_novel_counter,explicit_rows,121,42,23,39834,79833,3083,Menlo,16,1,release,8,24,3,false,0,0,false,Metal,Apple M5 Pro
rtl_context_ltr_viewport,sparse_novel_counter,softwrap,121,42,0,78000,4295833,237000,Menlo,16,1,release,8,24,3,false,10487,0,false,Metal,Apple M5 Pro
rtl_context_ltr_viewport,sparse_novel_counter,softwrap,121,42,1,81167,4655584,130042,Menlo,16,1,release,8,24,3,false,10487,0,false,Metal,Apple M5 Pro
rtl_context_ltr_viewport,sparse_novel_counter,softwrap,121,42,2,72584,4168334,279917,Menlo,16,1,release,8,24,3,false,10487,0,false,Metal,Apple M5 Pro
rtl_context_ltr_viewport,sparse_novel_counter,softwrap,121,42,3,82750,4775833,286291,Menlo,16,1,release,8,24,3,false,10487,0,false,Metal,Apple M5 Pro
rtl_context_ltr_viewport,sparse_novel_counter,softwrap,121,42,4,85667,4795208,134708,Menlo,16,1,release,8,24,3,false,10487,0,false,Metal,Apple M5 Pro
rtl_context_ltr_viewport,sparse_novel_counter,softwrap,121,42,5,83750,3919583,130417,Menlo,16,1,release,8,24,3,false,10487,0,false,Metal,Apple M5 Pro
rtl_context_ltr_viewport,sparse_novel_counter,softwrap,121,42,6,82042,4395292,129708,Menlo,16,1,release,8,24,3,false,10487,0,false,Metal,Apple M5 Pro
rtl_context_ltr_viewport,sparse_novel_counter,softwrap,121,42,7,79250,4038375,390334,Menlo,16,1,release,8,24,3,false,10487,0,false,Metal,Apple M5 Pro
rtl_context_ltr_viewport,sparse_novel_counter,softwrap,121,42,8,85541,4184375,160667,Menlo,16,1,release,8,24,3,false,10487,0,false,Metal,Apple M5 Pro
rtl_context_ltr_viewport,sparse_novel_counter,softwrap,121,42,9,78542,6752459,134334,Menlo,16,1,release,8,24,3,false,10487,0,false,Metal,Apple M5 Pro
rtl_context_ltr_viewport,sparse_novel_counter,softwrap,121,42,10,83875,5445125,192292,Menlo,16,1,release,8,24,3,false,10487,0,false,Metal,Apple M5 Pro
rtl_context_ltr_viewport,sparse_novel_counter,softwrap,121,42,11,126083,4873167,134791,Menlo,16,1,release,8,24,3,false,10487,0,false,Metal,Apple M5 Pro
rtl_context_ltr_viewport,sparse_novel_counter,softwrap,121,42,12,82875,5231334,140042,Menlo,16,1,release,8,24,3,false,10487,0,false,Metal,Apple M5 Pro
rtl_context_ltr_viewport,sparse_novel_counter,softwrap,121,42,13,83000,3856250,130167,Menlo,16,1,release,8,24,3,false,10487,0,false,Metal,Apple M5 Pro
rtl_context_ltr_viewport,sparse_novel_counter,softwrap,121,42,14,77333,5889458,235083,Menlo,16,1,release,8,24,3,false,10487,0,false,Metal,Apple M5 Pro
rtl_context_ltr_viewport,sparse_novel_counter,softwrap,121,42,15,116792,5818208,174458,Menlo,16,1,release,8,24,3,false,10487,0,false,Metal,Apple M5 Pro
rtl_context_ltr_viewport,sparse_novel_counter,softwrap,121,42,16,123417,5184125,176667,Menlo,16,1,release,8,24,3,false,10487,0,false,Metal,Apple M5 Pro
rtl_context_ltr_viewport,sparse_novel_counter,softwrap,121,42,17,111375,5454208,199750,Menlo,16,1,release,8,24,3,false,10487,0,false,Metal,Apple M5 Pro
rtl_context_ltr_viewport,sparse_novel_counter,softwrap,121,42,18,148875,4992750,131291,Menlo,16,1,release,8,24,3,false,10487,0,false,Metal,Apple M5 Pro
rtl_context_ltr_viewport,sparse_novel_counter,softwrap,121,42,19,81625,3753542,129000,Menlo,16,1,release,8,24,3,false,10487,0,false,Metal,Apple M5 Pro
rtl_context_ltr_viewport,sparse_novel_counter,softwrap,121,42,20,71167,4175083,130000,Menlo,16,1,release,8,24,3,false,10487,0,false,Metal,Apple M5 Pro
rtl_context_ltr_viewport,sparse_novel_counter,softwrap,121,42,21,77792,3885375,130875,Menlo,16,1,release,8,24,3,false,10487,0,false,Metal,Apple M5 Pro
rtl_context_ltr_viewport,sparse_novel_counter,softwrap,121,42,22,73042,3879583,122834,Menlo,16,1,release,8,24,3,false,10487,0,false,Metal,Apple M5 Pro
rtl_context_ltr_viewport,sparse_novel_counter,softwrap,121,42,23,70625,3578208,118084,Menlo,16,1,release,8,24,3,false,10487,0,false,Metal,Apple M5 Pro
rtl_context_ltr_viewport,scroll_triangle,explicit_rows,121,42,0,43500,83209,134709,Menlo,16,1,release,8,24,3,false,0,0,false,Metal,Apple M5 Pro
rtl_context_ltr_viewport,scroll_triangle,explicit_rows,121,42,1,43292,103792,121167,Menlo,16,1,release,8,24,3,false,0,0,false,Metal,Apple M5 Pro
rtl_context_ltr_viewport,scroll_triangle,explicit_rows,121,42,2,40750,88958,117167,Menlo,16,1,release,8,24,3,false,0,0,false,Metal,Apple M5 Pro
rtl_context_ltr_viewport,scroll_triangle,explicit_rows,121,42,3,41084,85041,119667,Menlo,16,1,release,8,24,3,false,0,0,false,Metal,Apple M5 Pro
rtl_context_ltr_viewport,scroll_triangle,explicit_rows,121,42,4,38792,81416,123792,Menlo,16,1,release,8,24,3,false,0,0,false,Metal,Apple M5 Pro
rtl_context_ltr_viewport,scroll_triangle,explicit_rows,121,42,5,48584,95959,132583,Menlo,16,1,release,8,24,3,false,0,0,false,Metal,Apple M5 Pro
rtl_context_ltr_viewport,scroll_triangle,explicit_rows,121,42,6,39250,85084,119459,Menlo,16,1,release,8,24,3,false,0,0,false,Metal,Apple M5 Pro
rtl_context_ltr_viewport,scroll_triangle,explicit_rows,121,42,7,40542,136500,122542,Menlo,16,1,release,8,24,3,false,0,0,false,Metal,Apple M5 Pro
rtl_context_ltr_viewport,scroll_triangle,explicit_rows,121,42,8,40208,85167,116875,Menlo,16,1,release,8,24,3,false,0,0,false,Metal,Apple M5 Pro
rtl_context_ltr_viewport,scroll_triangle,explicit_rows,121,42,9,41208,94292,116625,Menlo,16,1,release,8,24,3,false,0,0,false,Metal,Apple M5 Pro
rtl_context_ltr_viewport,scroll_triangle,explicit_rows,121,42,10,44500,113708,125083,Menlo,16,1,release,8,24,3,false,0,0,false,Metal,Apple M5 Pro
rtl_context_ltr_viewport,scroll_triangle,explicit_rows,121,42,11,42708,86125,118125,Menlo,16,1,release,8,24,3,false,0,0,false,Metal,Apple M5 Pro
rtl_context_ltr_viewport,scroll_triangle,explicit_rows,121,42,12,42000,87208,115333,Menlo,16,1,release,8,24,3,false,0,0,false,Metal,Apple M5 Pro
rtl_context_ltr_viewport,scroll_triangle,explicit_rows,121,42,13,41625,82208,164250,Menlo,16,1,release,8,24,3,false,0,0,false,Metal,Apple M5 Pro
rtl_context_ltr_viewport,scroll_triangle,explicit_rows,121,42,14,45000,112000,119000,Menlo,16,1,release,8,24,3,false,0,0,false,Metal,Apple M5 Pro
rtl_context_ltr_viewport,scroll_triangle,explicit_rows,121,42,15,41500,87667,117459,Menlo,16,1,release,8,24,3,false,0,0,false,Metal,Apple M5 Pro
rtl_context_ltr_viewport,scroll_triangle,explicit_rows,121,42,16,41208,82583,115792,Menlo,16,1,release,8,24,3,false,0,0,false,Metal,Apple M5 Pro
rtl_context_ltr_viewport,scroll_triangle,explicit_rows,121,42,17,42208,81500,116625,Menlo,16,1,release,8,24,3,false,0,0,false,Metal,Apple M5 Pro
rtl_context_ltr_viewport,scroll_triangle,explicit_rows,121,42,18,41625,84125,113208,Menlo,16,1,release,8,24,3,false,0,0,false,Metal,Apple M5 Pro
rtl_context_ltr_viewport,scroll_triangle,explicit_rows,121,42,19,41875,80875,115250,Menlo,16,1,release,8,24,3,false,0,0,false,Metal,Apple M5 Pro
rtl_context_ltr_viewport,scroll_triangle,explicit_rows,121,42,20,41917,81166,117958,Menlo,16,1,release,8,24,3,false,0,0,false,Metal,Apple M5 Pro
rtl_context_ltr_viewport,scroll_triangle,explicit_rows,121,42,21,41584,81083,115750,Menlo,16,1,release,8,24,3,false,0,0,false,Metal,Apple M5 Pro
rtl_context_ltr_viewport,scroll_triangle,explicit_rows,121,42,22,41042,90708,120291,Menlo,16,1,release,8,24,3,false,0,0,false,Metal,Apple M5 Pro
rtl_context_ltr_viewport,scroll_triangle,explicit_rows,121,42,23,41625,83250,115417,Menlo,16,1,release,8,24,3,false,0,0,false,Metal,Apple M5 Pro
rtl_context_ltr_viewport,scroll_triangle,softwrap,121,42,0,80375,5322000,131750,Menlo,16,1,release,8,24,3,false,9379,1107,false,Metal,Apple M5 Pro
rtl_context_ltr_viewport,scroll_triangle,softwrap,121,42,1,83541,5042250,160042,Menlo,16,1,release,8,24,3,false,9256,1230,false,Metal,Apple M5 Pro
rtl_context_ltr_viewport,scroll_triangle,softwrap,121,42,2,188667,4753625,133917,Menlo,16,1,release,8,24,3,false,9133,1353,false,Metal,Apple M5 Pro
rtl_context_ltr_viewport,scroll_triangle,softwrap,121,42,3,81750,4898750,162333,Menlo,16,1,release,8,24,3,false,9009,1476,false,Metal,Apple M5 Pro
rtl_context_ltr_viewport,scroll_triangle,softwrap,121,42,4,128208,4456958,130792,Menlo,16,1,release,8,24,3,false,8886,1599,false,Metal,Apple M5 Pro
rtl_context_ltr_viewport,scroll_triangle,softwrap,121,42,5,78459,4335125,125708,Menlo,16,1,release,8,24,3,false,8763,1722,false,Metal,Apple M5 Pro
rtl_context_ltr_viewport,scroll_triangle,softwrap,121,42,6,84250,3990625,130167,Menlo,16,1,release,8,24,3,false,8640,1845,false,Metal,Apple M5 Pro
rtl_context_ltr_viewport,scroll_triangle,softwrap,121,42,7,81959,3970334,127250,Menlo,16,1,release,8,24,3,false,8517,1968,false,Metal,Apple M5 Pro
rtl_context_ltr_viewport,scroll_triangle,softwrap,121,42,8,85084,3849625,129166,Menlo,16,1,release,8,24,3,false,8394,2091,false,Metal,Apple M5 Pro
rtl_context_ltr_viewport,scroll_triangle,softwrap,121,42,9,76000,4656292,125459,Menlo,16,1,release,8,24,3,false,8271,2214,false,Metal,Apple M5 Pro
rtl_context_ltr_viewport,scroll_triangle,softwrap,121,42,10,78792,3991250,132333,Menlo,16,1,release,8,24,3,false,8148,2337,false,Metal,Apple M5 Pro
rtl_context_ltr_viewport,scroll_triangle,softwrap,121,42,11,81833,4039500,130167,Menlo,16,1,release,8,24,3,false,8025,2461,false,Metal,Apple M5 Pro
rtl_context_ltr_viewport,scroll_triangle,softwrap,121,42,12,81959,5322291,200167,Menlo,16,1,release,8,24,3,false,7902,2584,false,Metal,Apple M5 Pro
rtl_context_ltr_viewport,scroll_triangle,softwrap,121,42,13,130000,4381500,135459,Menlo,16,1,release,8,24,3,false,7779,2707,false,Metal,Apple M5 Pro
rtl_context_ltr_viewport,scroll_triangle,softwrap,121,42,14,81417,4030375,216208,Menlo,16,1,release,8,24,3,false,7656,2830,false,Metal,Apple M5 Pro
rtl_context_ltr_viewport,scroll_triangle,softwrap,121,42,15,81708,3975542,135875,Menlo,16,1,release,8,24,3,false,7532,2953,false,Metal,Apple M5 Pro
rtl_context_ltr_viewport,scroll_triangle,softwrap,121,42,16,78125,4441167,137875,Menlo,16,1,release,8,24,3,false,7409,3076,false,Metal,Apple M5 Pro
rtl_context_ltr_viewport,scroll_triangle,softwrap,121,42,17,75250,3888875,132542,Menlo,16,1,release,8,24,3,false,7286,3199,false,Metal,Apple M5 Pro
rtl_context_ltr_viewport,scroll_triangle,softwrap,121,42,18,79000,4045167,129708,Menlo,16,1,release,8,24,3,false,7163,3322,false,Metal,Apple M5 Pro
rtl_context_ltr_viewport,scroll_triangle,softwrap,121,42,19,75375,3769167,129542,Menlo,16,1,release,8,24,3,false,7040,3445,false,Metal,Apple M5 Pro
rtl_context_ltr_viewport,scroll_triangle,softwrap,121,42,20,77250,6373458,174500,Menlo,16,1,release,8,24,3,false,6917,3568,false,Metal,Apple M5 Pro
rtl_context_ltr_viewport,scroll_triangle,softwrap,121,42,21,108291,5132667,180334,Menlo,16,1,release,8,24,3,false,6794,3691,false,Metal,Apple M5 Pro
rtl_context_ltr_viewport,scroll_triangle,softwrap,121,42,22,116666,5153125,157584,Menlo,16,1,release,8,24,3,false,6671,3815,false,Metal,Apple M5 Pro
rtl_context_ltr_viewport,scroll_triangle,softwrap,121,42,23,106541,4815833,129708,Menlo,16,1,release,8,24,3,false,6548,3938,false,Metal,Apple M5 Pro
rtl_context_ltr_viewport,dense_novel_text,explicit_rows,121,42,0,44000,1618792,121083,Menlo,16,1,release,8,24,3,false,0,0,false,Metal,Apple M5 Pro
rtl_context_ltr_viewport,dense_novel_text,explicit_rows,121,42,1,39250,1655250,117292,Menlo,16,1,release,8,24,3,false,0,0,false,Metal,Apple M5 Pro
rtl_context_ltr_viewport,dense_novel_text,explicit_rows,121,42,2,38792,1606333,113375,Menlo,16,1,release,8,24,3,false,0,0,false,Metal,Apple M5 Pro
rtl_context_ltr_viewport,dense_novel_text,explicit_rows,121,42,3,44209,2306125,122667,Menlo,16,1,release,8,24,3,false,0,0,false,Metal,Apple M5 Pro
rtl_context_ltr_viewport,dense_novel_text,explicit_rows,121,42,4,45042,1615209,121458,Menlo,16,1,release,8,24,3,false,0,0,false,Metal,Apple M5 Pro
rtl_context_ltr_viewport,dense_novel_text,explicit_rows,121,42,5,42250,1688167,122334,Menlo,16,1,release,8,24,3,false,0,0,false,Metal,Apple M5 Pro
rtl_context_ltr_viewport,dense_novel_text,explicit_rows,121,42,6,64166,2105833,122500,Menlo,16,1,release,8,24,3,false,0,0,false,Metal,Apple M5 Pro
rtl_context_ltr_viewport,dense_novel_text,explicit_rows,121,42,7,42167,1675625,120167,Menlo,16,1,release,8,24,3,false,0,0,false,Metal,Apple M5 Pro
rtl_context_ltr_viewport,dense_novel_text,explicit_rows,121,42,8,42083,1777292,121958,Menlo,16,1,release,8,24,3,false,0,0,false,Metal,Apple M5 Pro
rtl_context_ltr_viewport,dense_novel_text,explicit_rows,121,42,9,42250,2236958,125750,Menlo,16,1,release,8,24,3,false,0,0,false,Metal,Apple M5 Pro
rtl_context_ltr_viewport,dense_novel_text,explicit_rows,121,42,10,52583,1826125,122417,Menlo,16,1,release,8,24,3,false,0,0,false,Metal,Apple M5 Pro
rtl_context_ltr_viewport,dense_novel_text,explicit_rows,121,42,11,41667,1985292,121750,Menlo,16,1,release,8,24,3,false,0,0,false,Metal,Apple M5 Pro
rtl_context_ltr_viewport,dense_novel_text,explicit_rows,121,42,12,42167,1682375,120084,Menlo,16,1,release,8,24,3,false,0,0,false,Metal,Apple M5 Pro
rtl_context_ltr_viewport,dense_novel_text,explicit_rows,121,42,13,41917,1922708,124125,Menlo,16,1,release,8,24,3,false,0,0,false,Metal,Apple M5 Pro
rtl_context_ltr_viewport,dense_novel_text,explicit_rows,121,42,14,41208,2100833,128417,Menlo,16,1,release,8,24,3,false,0,0,false,Metal,Apple M5 Pro
rtl_context_ltr_viewport,dense_novel_text,explicit_rows,121,42,15,55584,1654584,120625,Menlo,16,1,release,8,24,3,false,0,0,false,Metal,Apple M5 Pro
rtl_context_ltr_viewport,dense_novel_text,explicit_rows,121,42,16,46041,1761750,147583,Menlo,16,1,release,8,24,3,false,0,0,false,Metal,Apple M5 Pro
rtl_context_ltr_viewport,dense_novel_text,explicit_rows,121,42,17,43792,1711667,121167,Menlo,16,1,release,8,24,3,false,0,0,false,Metal,Apple M5 Pro
rtl_context_ltr_viewport,dense_novel_text,explicit_rows,121,42,18,50834,1758209,132792,Menlo,16,1,release,8,24,3,false,0,0,false,Metal,Apple M5 Pro
rtl_context_ltr_viewport,dense_novel_text,explicit_rows,121,42,19,42292,1834500,122375,Menlo,16,1,release,8,24,3,false,0,0,false,Metal,Apple M5 Pro
rtl_context_ltr_viewport,dense_novel_text,explicit_rows,121,42,20,41375,1604791,128125,Menlo,16,1,release,8,24,3,false,0,0,false,Metal,Apple M5 Pro
rtl_context_ltr_viewport,dense_novel_text,explicit_rows,121,42,21,41958,1896333,133417,Menlo,16,1,release,8,24,3,false,0,0,false,Metal,Apple M5 Pro
rtl_context_ltr_viewport,dense_novel_text,explicit_rows,121,42,22,43125,1639042,121375,Menlo,16,1,release,8,24,3,false,0,0,false,Metal,Apple M5 Pro
rtl_context_ltr_viewport,dense_novel_text,explicit_rows,121,42,23,42125,2212334,130875,Menlo,16,1,release,8,24,3,false,0,0,false,Metal,Apple M5 Pro
rtl_context_ltr_viewport,dense_novel_text,softwrap,121,42,0,60917,4216708,216166,Menlo,16,1,release,8,24,3,false,10487,0,false,Metal,Apple M5 Pro
rtl_context_ltr_viewport,dense_novel_text,softwrap,121,42,1,71750,4283666,129333,Menlo,16,1,release,8,24,3,false,10487,0,false,Metal,Apple M5 Pro
rtl_context_ltr_viewport,dense_novel_text,softwrap,121,42,2,69792,4402875,117709,Menlo,16,1,release,8,24,3,false,10487,0,false,Metal,Apple M5 Pro
rtl_context_ltr_viewport,dense_novel_text,softwrap,121,42,3,74042,3823917,152458,Menlo,16,1,release,8,24,3,false,10487,0,false,Metal,Apple M5 Pro
rtl_context_ltr_viewport,dense_novel_text,softwrap,121,42,4,132000,4061834,178125,Menlo,16,1,release,8,24,3,false,10487,0,false,Metal,Apple M5 Pro
rtl_context_ltr_viewport,dense_novel_text,softwrap,121,42,5,70541,4092167,130541,Menlo,16,1,release,8,24,3,false,10487,0,false,Metal,Apple M5 Pro
rtl_context_ltr_viewport,dense_novel_text,softwrap,121,42,6,70083,3946625,131875,Menlo,16,1,release,8,24,3,false,10487,0,false,Metal,Apple M5 Pro
rtl_context_ltr_viewport,dense_novel_text,softwrap,121,42,7,67250,4033125,197750,Menlo,16,1,release,8,24,3,false,10487,0,false,Metal,Apple M5 Pro
rtl_context_ltr_viewport,dense_novel_text,softwrap,121,42,8,70000,4039792,122709,Menlo,16,1,release,8,24,3,false,10487,0,false,Metal,Apple M5 Pro
rtl_context_ltr_viewport,dense_novel_text,softwrap,121,42,9,73000,5302542,132667,Menlo,16,1,release,8,24,3,false,10487,0,false,Metal,Apple M5 Pro
rtl_context_ltr_viewport,dense_novel_text,softwrap,121,42,10,78000,5170625,180875,Menlo,16,1,release,8,24,3,false,10487,0,false,Metal,Apple M5 Pro
rtl_context_ltr_viewport,dense_novel_text,softwrap,121,42,11,98333,4661750,129458,Menlo,16,1,release,8,24,3,false,10487,0,false,Metal,Apple M5 Pro
rtl_context_ltr_viewport,dense_novel_text,softwrap,121,42,12,71583,5720208,178667,Menlo,16,1,release,8,24,3,false,10487,0,false,Metal,Apple M5 Pro
rtl_context_ltr_viewport,dense_novel_text,softwrap,121,42,13,99667,5141625,173959,Menlo,16,1,release,8,24,3,false,10487,0,false,Metal,Apple M5 Pro
rtl_context_ltr_viewport,dense_novel_text,softwrap,121,42,14,97500,5316750,128917,Menlo,16,1,release,8,24,3,false,10487,0,false,Metal,Apple M5 Pro
rtl_context_ltr_viewport,dense_novel_text,softwrap,121,42,15,81292,5395750,182792,Menlo,16,1,release,8,24,3,false,10487,0,false,Metal,Apple M5 Pro
rtl_context_ltr_viewport,dense_novel_text,softwrap,121,42,16,81417,4439333,130125,Menlo,16,1,release,8,24,3,false,10487,0,false,Metal,Apple M5 Pro
rtl_context_ltr_viewport,dense_novel_text,softwrap,121,42,17,189542,6522417,132375,Menlo,16,1,release,8,24,3,false,10487,0,false,Metal,Apple M5 Pro
rtl_context_ltr_viewport,dense_novel_text,softwrap,121,42,18,78000,5409334,140750,Menlo,16,1,release,8,24,3,false,10487,0,false,Metal,Apple M5 Pro
rtl_context_ltr_viewport,dense_novel_text,softwrap,121,42,19,82292,4483708,128791,Menlo,16,1,release,8,24,3,false,10487,0,false,Metal,Apple M5 Pro
rtl_context_ltr_viewport,dense_novel_text,softwrap,121,42,20,75375,4196292,129042,Menlo,16,1,release,8,24,3,false,10487,0,false,Metal,Apple M5 Pro
rtl_context_ltr_viewport,dense_novel_text,softwrap,121,42,21,75625,4654416,131209,Menlo,16,1,release,8,24,3,false,10487,0,false,Metal,Apple M5 Pro
rtl_context_ltr_viewport,dense_novel_text,softwrap,121,42,22,74167,3918416,118875,Menlo,16,1,release,8,24,3,false,10487,0,false,Metal,Apple M5 Pro
rtl_context_ltr_viewport,dense_novel_text,softwrap,121,42,23,63584,3824542,120708,Menlo,16,1,release,8,24,3,false,10487,0,false,Metal,Apple M5 Pro
