script,update_mode,wrapping,cols,rows,sample,conversion_ns,shaping_ns,prepare_ns,font,font_size,scale,profile,warmups,samples,source_screens,parser_inside_timing,bidi_prefix_bytes,bidi_suffix_bytes,bidi_context_truncated,backend,adapter
latin_accents,sparse_novel_counter,explicit_rows,40,12,0,3875,16792,959,Menlo,16,1,release,8,24,3,false,0,0,false,Metal,Apple M5 Pro
latin_accents,sparse_novel_counter,explicit_rows,40,12,1,3875,18208,1000,Menlo,16,1,release,8,24,3,false,0,0,false,Metal,Apple M5 Pro
latin_accents,sparse_novel_counter,explicit_rows,40,12,2,3791,17667,1000,Menlo,16,1,release,8,24,3,false,0,0,false,Metal,Apple M5 Pro
latin_accents,sparse_novel_counter,explicit_rows,40,12,3,3750,18750,1041,Menlo,16,1,release,8,24,3,false,0,0,false,Metal,Apple M5 Pro
latin_accents,sparse_novel_counter,explicit_rows,40,12,4,3917,17458,1042,Menlo,16,1,release,8,24,3,false,0,0,false,Metal,Apple M5 Pro
latin_accents,sparse_novel_counter,explicit_rows,40,12,5,3875,17167,1000,Menlo,16,1,release,8,24,3,false,0,0,false,Metal,Apple M5 Pro
latin_accents,sparse_novel_counter,explicit_rows,40,12,6,3833,17333,1000,Menlo,16,1,release,8,24,3,false,0,0,false,Metal,Apple M5 Pro
latin_accents,sparse_novel_counter,explicit_rows,40,12,7,3834,18167,1042,Menlo,16,1,release,8,24,3,false,0,0,false,Metal,Apple M5 Pro
latin_accents,sparse_novel_counter,explicit_rows,40,12,8,3834,17167,1000,Menlo,16,1,release,8,24,3,false,0,0,false,Metal,Apple M5 Pro
latin_accents,sparse_novel_counter,explicit_rows,40,12,9,3875,24333,1000,Menlo,16,1,release,8,24,3,false,0,0,false,Metal,Apple M5 Pro
latin_accents,sparse_novel_counter,explicit_rows,40,12,10,3750,18291,1042,Menlo,16,1,release,8,24,3,false,0,0,false,Metal,Apple M5 Pro
latin_accents,sparse_novel_counter,explicit_rows,40,12,11,3792,18125,1042,Menlo,16,1,release,8,24,3,false,0,0,false,Metal,Apple M5 Pro
latin_accents,sparse_novel_counter,explicit_rows,40,12,12,3833,17084,1041,Menlo,16,1,release,8,24,3,false,0,0,false,Metal,Apple M5 Pro
latin_accents,sparse_novel_counter,explicit_rows,40,12,13,3917,18500,1042,Menlo,16,1,release,8,24,3,false,0,0,false,Metal,Apple M5 Pro
latin_accents,sparse_novel_counter,explicit_rows,40,12,14,3791,17542,1000,Menlo,16,1,release,8,24,3,false,0,0,false,Metal,Apple M5 Pro
latin_accents,sparse_novel_counter,explicit_rows,40,12,15,3917,18250,1000,Menlo,16,1,release,8,24,3,false,0,0,false,Metal,Apple M5 Pro
latin_accents,sparse_novel_counter,explicit_rows,40,12,16,3792,17500,1000,Menlo,16,1,release,8,24,3,false,0,0,false,Metal,Apple M5 Pro
latin_accents,sparse_novel_counter,explicit_rows,40,12,17,3875,17375,1000,Menlo,16,1,release,8,24,3,false,0,0,false,Metal,Apple M5 Pro
latin_accents,sparse_novel_counter,explicit_rows,40,12,18,3875,17250,1042,Menlo,16,1,release,8,24,3,false,0,0,false,Metal,Apple M5 Pro
latin_accents,sparse_novel_counter,explicit_rows,40,12,19,3750,18375,1042,Menlo,16,1,release,8,24,3,false,0,0,false,Metal,Apple M5 Pro
latin_accents,sparse_novel_counter,explicit_rows,40,12,20,3917,17334,1000,Menlo,16,1,release,8,24,3,false,0,0,false,Metal,Apple M5 Pro
latin_accents,sparse_novel_counter,explicit_rows,40,12,21,3875,17625,1000,Menlo,16,1,release,8,24,3,false,0,0,false,Metal,Apple M5 Pro
latin_accents,sparse_novel_counter,explicit_rows,40,12,22,3791,18375,1000,Menlo,16,1,release,8,24,3,false,0,0,false,Metal,Apple M5 Pro
latin_accents,sparse_novel_counter,explicit_rows,40,12,23,3833,18542,1000,Menlo,16,1,release,8,24,3,false,0,0,false,Metal,Apple M5 Pro
latin_accents,sparse_novel_counter,softwrap,40,12,0,6583,298834,25500,Menlo,16,1,release,8,24,3,false,1100,0,false,Metal,Apple M5 Pro
latin_accents,sparse_novel_counter,softwrap,40,12,1,6584,300000,11000,Menlo,16,1,release,8,24,3,false,1100,0,false,Metal,Apple M5 Pro
latin_accents,sparse_novel_counter,softwrap,40,12,2,6500,299250,11042,Menlo,16,1,release,8,24,3,false,1100,0,false,Metal,Apple M5 Pro
latin_accents,sparse_novel_counter,softwrap,40,12,3,6459,298041,11084,Menlo,16,1,release,8,24,3,false,1100,0,false,Metal,Apple M5 Pro
latin_accents,sparse_novel_counter,softwrap,40,12,4,6375,311500,11125,Menlo,16,1,release,8,24,3,false,1100,0,false,Metal,Apple M5 Pro
latin_accents,sparse_novel_counter,softwrap,40,12,5,6375,299125,11125,Menlo,16,1,release,8,24,3,false,1100,0,false,Metal,Apple M5 Pro
latin_accents,sparse_novel_counter,softwrap,40,12,6,6500,316625,11125,Menlo,16,1,release,8,24,3,false,1100,0,false,Metal,Apple M5 Pro
latin_accents,sparse_novel_counter,softwrap,40,12,7,6416,300375,11000,Menlo,16,1,release,8,24,3,false,1100,0,false,Metal,Apple M5 Pro
latin_accents,sparse_novel_counter,softwrap,40,12,8,6417,297708,11000,Menlo,16,1,release,8,24,3,false,1100,0,false,Metal,Apple M5 Pro
latin_accents,sparse_novel_counter,softwrap,40,12,9,6417,296166,11042,Menlo,16,1,release,8,24,3,false,1100,0,false,Metal,Apple M5 Pro
latin_accents,sparse_novel_counter,softwrap,40,12,10,6334,295584,11083,Menlo,16,1,release,8,24,3,false,1100,0,false,Metal,Apple M5 Pro
latin_accents,sparse_novel_counter,softwrap,40,12,11,6375,296208,11000,Menlo,16,1,release,8,24,3,false,1100,0,false,Metal,Apple M5 Pro
latin_accents,sparse_novel_counter,softwrap,40,12,12,6375,300292,11042,Menlo,16,1,release,8,24,3,false,1100,0,false,Metal,Apple M5 Pro
latin_accents,sparse_novel_counter,softwrap,40,12,13,6667,297833,11083,Menlo,16,1,release,8,24,3,false,1100,0,false,Metal,Apple M5 Pro
latin_accents,sparse_novel_counter,softwrap,40,12,14,6417,297542,10959,Menlo,16,1,release,8,24,3,false,1100,0,false,Metal,Apple M5 Pro
latin_accents,sparse_novel_counter,softwrap,40,12,15,6500,303042,11125,Menlo,16,1,release,8,24,3,false,1100,0,false,Metal,Apple M5 Pro
latin_accents,sparse_novel_counter,softwrap,40,12,16,6458,301375,11084,Menlo,16,1,release,8,24,3,false,1100,0,false,Metal,Apple M5 Pro
latin_accents,sparse_novel_counter,softwrap,40,12,17,6375,296542,11041,Menlo,16,1,release,8,24,3,false,1100,0,false,Metal,Apple M5 Pro
latin_accents,sparse_novel_counter,softwrap,40,12,18,6334,293375,11042,Menlo,16,1,release,8,24,3,false,1100,0,false,Metal,Apple M5 Pro
latin_accents,sparse_novel_counter,softwrap,40,12,19,6459,299291,11084,Menlo,16,1,release,8,24,3,false,1100,0,false,Metal,Apple M5 Pro
latin_accents,sparse_novel_counter,softwrap,40,12,20,6458,294334,11125,Menlo,16,1,release,8,24,3,false,1100,0,false,Metal,Apple M5 Pro
latin_accents,sparse_novel_counter,softwrap,40,12,21,6417,292792,11041,Menlo,16,1,release,8,24,3,false,1100,0,false,Metal,Apple M5 Pro
latin_accents,sparse_novel_counter,softwrap,40,12,22,6583,291167,11083,Menlo,16,1,release,8,24,3,false,1100,0,false,Metal,Apple M5 Pro
latin_accents,sparse_novel_counter,softwrap,40,12,23,6375,291209,10959,Menlo,16,1,release,8,24,3,false,1100,0,false,Metal,Apple M5 Pro
latin_accents,scroll_triangle,explicit_rows,40,12,0,3833,16625,11833,Menlo,16,1,release,8,24,3,false,0,0,false,Metal,Apple M5 Pro
latin_accents,scroll_triangle,explicit_rows,40,12,1,3834,17208,11708,Menlo,16,1,release,8,24,3,false,0,0,false,Metal,Apple M5 Pro
latin_accents,scroll_triangle,explicit_rows,40,12,2,3875,17042,11750,Menlo,16,1,release,8,24,3,false,0,0,false,Metal,Apple M5 Pro
latin_accents,scroll_triangle,explicit_rows,40,12,3,3833,3875,42,Menlo,16,1,release,8,24,3,false,0,0,false,Metal,Apple M5 Pro
latin_accents,scroll_triangle,explicit_rows,40,12,4,3750,3750,11833,Menlo,16,1,release,8,24,3,false,0,0,false,Metal,Apple M5 Pro
latin_accents,scroll_triangle,explicit_rows,40,12,5,3791,3875,11708,Menlo,16,1,release,8,24,3,false,0,0,false,Metal,Apple M5 Pro
latin_accents,scroll_triangle,explicit_rows,40,12,6,3750,3833,11750,Menlo,16,1,release,8,24,3,false,0,0,false,Metal,Apple M5 Pro
latin_accents,scroll_triangle,explicit_rows,40,12,7,3791,3750,11667,Menlo,16,1,release,8,24,3,false,0,0,false,Metal,Apple M5 Pro
latin_accents,scroll_triangle,explicit_rows,40,12,8,3833,3833,11667,Menlo,16,1,release,8,24,3,false,0,0,false,Metal,Apple M5 Pro
latin_accents,scroll_triangle,explicit_rows,40,12,9,3791,3750,11583,Menlo,16,1,release,8,24,3,false,0,0,false,Metal,Apple M5 Pro
latin_accents,scroll_triangle,explicit_rows,40,12,10,3750,3791,11750,Menlo,16,1,release,8,24,3,false,0,0,false,Metal,Apple M5 Pro
latin_accents,scroll_triangle,explicit_rows,40,12,11,3750,3792,11417,Menlo,16,1,release,8,24,3,false,0,0,false,Metal,Apple M5 Pro
latin_accents,scroll_triangle,explicit_rows,40,12,12,3792,3917,11375,Menlo,16,1,release,8,24,3,false,0,0,false,Metal,Apple M5 Pro
latin_accents,scroll_triangle,explicit_rows,40,12,13,4042,3875,11416,Menlo,16,1,release,8,24,3,false,0,0,false,Metal,Apple M5 Pro
latin_accents,scroll_triangle,explicit_rows,40,12,14,3750,17042,11791,Menlo,16,1,release,8,24,3,false,0,0,false,Metal,Apple M5 Pro
latin_accents,scroll_triangle,explicit_rows,40,12,15,3791,3875,42,Menlo,16,1,release,8,24,3,false,0,0,false,Metal,Apple M5 Pro
latin_accents,scroll_triangle,explicit_rows,40,12,16,3750,3750,11333,Menlo,16,1,release,8,24,3,false,0,0,false,Metal,Apple M5 Pro
latin_accents,scroll_triangle,explicit_rows,40,12,17,3792,3750,11291,Menlo,16,1,release,8,24,3,false,0,0,false,Metal,Apple M5 Pro
latin_accents,scroll_triangle,explicit_rows,40,12,18,3792,3791,11250,Menlo,16,1,release,8,24,3,false,0,0,false,Metal,Apple M5 Pro
latin_accents,scroll_triangle,explicit_rows,40,12,19,3792,3875,11333,Menlo,16,1,release,8,24,3,false,0,0,false,Metal,Apple M5 Pro
latin_accents,scroll_triangle,explicit_rows,40,12,20,4125,3833,11292,Menlo,16,1,release,8,24,3,false,0,0,false,Metal,Apple M5 Pro
latin_accents,scroll_triangle,explicit_rows,40,12,21,3750,3791,11292,Menlo,16,1,release,8,24,3,false,0,0,false,Metal,Apple M5 Pro
latin_accents,scroll_triangle,explicit_rows,40,12,22,3792,3833,11292,Menlo,16,1,release,8,24,3,false,0,0,false,Metal,Apple M5 Pro
latin_accents,scroll_triangle,explicit_rows,40,12,23,10750,3958,11417,Menlo,16,1,release,8,24,3,false,0,0,false,Metal,Apple M5 Pro
latin_accents,scroll_triangle,softwrap,40,12,0,6917,308708,11000,Menlo,16,1,release,8,24,3,false,686,414,false,Metal,Apple M5 Pro
latin_accents,scroll_triangle,softwrap,40,12,1,7083,295167,11042,Menlo,16,1,release,8,24,3,false,642,458,false,Metal,Apple M5 Pro
latin_accents,scroll_triangle,softwrap,40,12,2,6958,304208,11084,Menlo,16,1,release,8,24,3,false,596,504,false,Metal,Apple M5 Pro
latin_accents,scroll_triangle,softwrap,40,12,3,6875,4458,83,Menlo,16,1,release,8,24,3,false,596,504,false,Metal,Apple M5 Pro
latin_accents,scroll_triangle,softwrap,40,12,4,6542,4209,11000,Menlo,16,1,release,8,24,3,false,642,458,false,Metal,Apple M5 Pro
latin_accents,scroll_triangle,softwrap,40,12,5,6625,4292,11125,Menlo,16,1,release,8,24,3,false,686,414,false,Metal,Apple M5 Pro
latin_accents,scroll_triangle,softwrap,40,12,6,6625,4250,11000,Menlo,16,1,release,8,24,3,false,732,368,false,Metal,Apple M5 Pro
latin_accents,scroll_triangle,softwrap,40,12,7,6666,4167,10416,Menlo,16,1,release,8,24,3,false,778,322,false,Metal,Apple M5 Pro
latin_accents,scroll_triangle,softwrap,40,12,8,6584,4208,10583,Menlo,16,1,release,8,24,3,false,825,275,false,Metal,Apple M5 Pro
latin_accents,scroll_triangle,softwrap,40,12,9,6667,4208,10416,Menlo,16,1,release,8,24,3,false,871,229,false,Metal,Apple M5 Pro
latin_accents,scroll_triangle,softwrap,40,12,10,6709,4250,10292,Menlo,16,1,release,8,24,3,false,917,183,false,Metal,Apple M5 Pro
latin_accents,scroll_triangle,softwrap,40,12,11,6500,4250,10416,Menlo,16,1,release,8,24,3,false,961,139,false,Metal,Apple M5 Pro
latin_accents,scroll_triangle,softwrap,40,12,12,6417,4208,11000,Menlo,16,1,release,8,24,3,false,1007,93,false,Metal,Apple M5 Pro
latin_accents,scroll_triangle,softwrap,40,12,13,6416,4209,10959,Menlo,16,1,release,8,24,3,false,1053,47,false,Metal,Apple M5 Pro
latin_accents,scroll_triangle,softwrap,40,12,14,6291,290084,11000,Menlo,16,1,release,8,24,3,false,1100,0,false,Metal,Apple M5 Pro
latin_accents,scroll_triangle,softwrap,40,12,15,6417,4291,125,Menlo,16,1,release,8,24,3,false,1100,0,false,Metal,Apple M5 Pro
latin_accents,scroll_triangle,softwrap,40,12,16,6375,4125,10959,Menlo,16,1,release,8,24,3,false,1053,47,false,Metal,Apple M5 Pro
latin_accents,scroll_triangle,softwrap,40,12,17,6375,4083,10916,Menlo,16,1,release,8,24,3,false,1007,93,false,Metal,Apple M5 Pro
latin_accents,scroll_triangle,softwrap,40,12,18,6417,4125,11000,Menlo,16,1,release,8,24,3,false,961,139,false,Metal,Apple M5 Pro
latin_accents,scroll_triangle,softwrap,40,12,19,6416,4125,10917,Menlo,16,1,release,8,24,3,false,917,183,false,Metal,Apple M5 Pro
latin_accents,scroll_triangle,softwrap,40,12,20,6541,4208,10959,Menlo,16,1,release,8,24,3,false,871,229,false,Metal,Apple M5 Pro
latin_accents,scroll_triangle,softwrap,40,12,21,6500,4125,10916,Menlo,16,1,release,8,24,3,false,825,275,false,Metal,Apple M5 Pro
latin_accents,scroll_triangle,softwrap,40,12,22,6500,4167,11000,Menlo,16,1,release,8,24,3,false,778,322,false,Metal,Apple M5 Pro
latin_accents,scroll_triangle,softwrap,40,12,23,6625,4125,10875,Menlo,16,1,release,8,24,3,false,732,368,false,Metal,Apple M5 Pro
latin_accents,dense_novel_text,explicit_rows,40,12,0,4500,156208,11417,Menlo,16,1,release,8,24,3,false,0,0,false,Metal,Apple M5 Pro
latin_accents,dense_novel_text,explicit_rows,40,12,1,3959,185041,11042,Menlo,16,1,release,8,24,3,false,0,0,false,Metal,Apple M5 Pro
latin_accents,dense_novel_text,explicit_rows,40,12,2,3875,153375,10916,Menlo,16,1,release,8,24,3,false,0,0,false,Metal,Apple M5 Pro
latin_accents,dense_novel_text,explicit_rows,40,12,3,3875,152000,10834,Menlo,16,1,release,8,24,3,false,0,0,false,Metal,Apple M5 Pro
latin_accents,dense_novel_text,explicit_rows,40,12,4,3792,153292,11000,Menlo,16,1,release,8,24,3,false,0,0,false,Metal,Apple M5 Pro
latin_accents,dense_novel_text,explicit_rows,40,12,5,3833,152875,11041,Menlo,16,1,release,8,24,3,false,0,0,false,Metal,Apple M5 Pro
latin_accents,dense_novel_text,explicit_rows,40,12,6,3792,164083,11042,Menlo,16,1,release,8,24,3,false,0,0,false,Metal,Apple M5 Pro
latin_accents,dense_novel_text,explicit_rows,40,12,7,3833,165000,11042,Menlo,16,1,release,8,24,3,false,0,0,false,Metal,Apple M5 Pro
latin_accents,dense_novel_text,explicit_rows,40,12,8,3833,173958,11000,Menlo,16,1,release,8,24,3,false,0,0,false,Metal,Apple M5 Pro
latin_accents,dense_novel_text,explicit_rows,40,12,9,3917,157208,10917,Menlo,16,1,release,8,24,3,false,0,0,false,Metal,Apple M5 Pro
latin_accents,dense_novel_text,explicit_rows,40,12,10,3917,221666,11042,Menlo,16,1,release,8,24,3,false,0,0,false,Metal,Apple M5 Pro
latin_accents,dense_novel_text,explicit_rows,40,12,11,3791,153167,11209,Menlo,16,1,release,8,24,3,false,0,0,false,Metal,Apple M5 Pro
latin_accents,dense_novel_text,explicit_rows,40,12,12,3833,153333,10958,Menlo,16,1,release,8,24,3,false,0,0,false,Metal,Apple M5 Pro
latin_accents,dense_novel_text,explicit_rows,40,12,13,3833,167667,10958,Menlo,16,1,release,8,24,3,false,0,0,false,Metal,Apple M5 Pro
latin_accents,dense_novel_text,explicit_rows,40,12,14,3834,155000,10959,Menlo,16,1,release,8,24,3,false,0,0,false,Metal,Apple M5 Pro
latin_accents,dense_novel_text,explicit_rows,40,12,15,3750,166250,11083,Menlo,16,1,release,8,24,3,false,0,0,false,Metal,Apple M5 Pro
latin_accents,dense_novel_text,explicit_rows,40,12,16,3791,155833,11000,Menlo,16,1,release,8,24,3,false,0,0,false,Metal,Apple M5 Pro
latin_accents,dense_novel_text,explicit_rows,40,12,17,3834,156166,11000,Menlo,16,1,release,8,24,3,false,0,0,false,Metal,Apple M5 Pro
latin_accents,dense_novel_text,explicit_rows,40,12,18,3792,155417,11000,Menlo,16,1,release,8,24,3,false,0,0,false,Metal,Apple M5 Pro
latin_accents,dense_novel_text,explicit_rows,40,12,19,3833,155625,10959,Menlo,16,1,release,8,24,3,false,0,0,false,Metal,Apple M5 Pro
latin_accents,dense_novel_text,explicit_rows,40,12,20,5167,156084,10917,Menlo,16,1,release,8,24,3,false,0,0,false,Metal,Apple M5 Pro
latin_accents,dense_novel_text,explicit_rows,40,12,21,3833,155708,11250,Menlo,16,1,release,8,24,3,false,0,0,false,Metal,Apple M5 Pro
latin_accents,dense_novel_text,explicit_rows,40,12,22,3833,156042,11000,Menlo,16,1,release,8,24,3,false,0,0,false,Metal,Apple M5 Pro
latin_accents,dense_novel_text,explicit_rows,40,12,23,3791,157750,10958,Menlo,16,1,release,8,24,3,false,0,0,false,Metal,Apple M5 Pro
latin_accents,dense_novel_text,softwrap,40,12,0,6375,287625,19667,Menlo,16,1,release,8,24,3,false,1100,0,false,Metal,Apple M5 Pro
latin_accents,dense_novel_text,softwrap,40,12,1,6334,295916,11292,Menlo,16,1,release,8,24,3,false,1100,0,false,Metal,Apple M5 Pro
latin_accents,dense_novel_text,softwrap,40,12,2,6667,286791,11167,Menlo,16,1,release,8,24,3,false,1100,0,false,Metal,Apple M5 Pro
latin_accents,dense_novel_text,softwrap,40,12,3,6417,284333,11083,Menlo,16,1,release,8,24,3,false,1100,0,false,Metal,Apple M5 Pro
latin_accents,dense_novel_text,softwrap,40,12,4,6333,349291,11500,Menlo,16,1,release,8,24,3,false,1100,0,false,Metal,Apple M5 Pro
latin_accents,dense_novel_text,softwrap,40,12,5,8125,306167,11250,Menlo,16,1,release,8,24,3,false,1100,0,false,Metal,Apple M5 Pro
latin_accents,dense_novel_text,softwrap,40,12,6,7167,317042,11250,Menlo,16,1,release,8,24,3,false,1100,0,false,Metal,Apple M5 Pro
latin_accents,dense_novel_text,softwrap,40,12,7,7334,295416,11250,Menlo,16,1,release,8,24,3,false,1100,0,false,Metal,Apple M5 Pro
latin_accents,dense_novel_text,softwrap,40,12,8,6875,292000,11208,Menlo,16,1,release,8,24,3,false,1100,0,false,Metal,Apple M5 Pro
latin_accents,dense_novel_text,softwrap,40,12,9,6792,291375,11083,Menlo,16,1,release,8,24,3,false,1100,0,false,Metal,Apple M5 Pro
latin_accents,dense_novel_text,softwrap,40,12,10,6792,294042,11083,Menlo,16,1,release,8,24,3,false,1100,0,false,Metal,Apple M5 Pro
latin_accents,dense_novel_text,softwrap,40,12,11,6792,292500,11167,Menlo,16,1,release,8,24,3,false,1100,0,false,Metal,Apple M5 Pro
latin_accents,dense_novel_text,softwrap,40,12,12,6791,295208,11167,Menlo,16,1,release,8,24,3,false,1100,0,false,Metal,Apple M5 Pro
latin_accents,dense_novel_text,softwrap,40,12,13,6708,292166,11167,Menlo,16,1,release,8,24,3,false,1100,0,false,Metal,Apple M5 Pro
latin_accents,dense_novel_text,softwrap,40,12,14,6792,295583,11167,Menlo,16,1,release,8,24,3,false,1100,0,false,Metal,Apple M5 Pro
latin_accents,dense_novel_text,softwrap,40,12,15,6708,292708,11083,Menlo,16,1,release,8,24,3,false,1100,0,false,Metal,Apple M5 Pro
latin_accents,dense_novel_text,softwrap,40,12,16,6750,297833,11125,Menlo,16,1,release,8,24,3,false,1100,0,false,Metal,Apple M5 Pro
latin_accents,dense_novel_text,softwrap,40,12,17,6667,293375,11000,Menlo,16,1,release,8,24,3,false,1100,0,false,Metal,Apple M5 Pro
latin_accents,dense_novel_text,softwrap,40,12,18,6667,292792,11125,Menlo,16,1,release,8,24,3,false,1100,0,false,Metal,Apple M5 Pro
latin_accents,dense_novel_text,softwrap,40,12,19,6666,292500,11125,Menlo,16,1,release,8,24,3,false,1100,0,false,Metal,Apple M5 Pro
latin_accents,dense_novel_text,softwrap,40,12,20,6791,292000,11125,Menlo,16,1,release,8,24,3,false,1100,0,false,Metal,Apple M5 Pro
latin_accents,dense_novel_text,softwrap,40,12,21,6708,293167,11125,Menlo,16,1,release,8,24,3,false,1100,0,false,Metal,Apple M5 Pro
latin_accents,dense_novel_text,softwrap,40,12,22,6708,292667,11125,Menlo,16,1,release,8,24,3,false,1100,0,false,Metal,Apple M5 Pro
latin_accents,dense_novel_text,softwrap,40,12,23,6750,293333,11083,Menlo,16,1,release,8,24,3,false,1100,0,false,Metal,Apple M5 Pro
cyrillic,sparse_novel_counter,explicit_rows,40,12,0,3583,15708,875,Menlo,16,1,release,8,24,3,false,0,0,false,Metal,Apple M5 Pro
cyrillic,sparse_novel_counter,explicit_rows,40,12,1,3625,16583,875,Menlo,16,1,release,8,24,3,false,0,0,false,Metal,Apple M5 Pro
cyrillic,sparse_novel_counter,explicit_rows,40,12,2,3583,16375,875,Menlo,16,1,release,8,24,3,false,0,0,false,Metal,Apple M5 Pro
cyrillic,sparse_novel_counter,explicit_rows,40,12,3,3584,16125,875,Menlo,16,1,release,8,24,3,false,0,0,false,Metal,Apple M5 Pro
cyrillic,sparse_novel_counter,explicit_rows,40,12,4,3625,16666,875,Menlo,16,1,release,8,24,3,false,0,0,false,Metal,Apple M5 Pro
cyrillic,sparse_novel_counter,explicit_rows,40,12,5,3583,17333,917,Menlo,16,1,release,8,24,3,false,0,0,false,Metal,Apple M5 Pro
cyrillic,sparse_novel_counter,explicit_rows,40,12,6,3583,16625,917,Menlo,16,1,release,8,24,3,false,0,0,false,Metal,Apple M5 Pro
cyrillic,sparse_novel_counter,explicit_rows,40,12,7,3583,16542,875,Menlo,16,1,release,8,24,3,false,0,0,false,Metal,Apple M5 Pro
cyrillic,sparse_novel_counter,explicit_rows,40,12,8,3583,16250,916,Menlo,16,1,release,8,24,3,false,0,0,false,Metal,Apple M5 Pro
cyrillic,sparse_novel_counter,explicit_rows,40,12,9,3584,23209,875,Menlo,16,1,release,8,24,3,false,0,0,false,Metal,Apple M5 Pro
cyrillic,sparse_novel_counter,explicit_rows,40,12,10,3584,16917,917,Menlo,16,1,release,8,24,3,false,0,0,false,Metal,Apple M5 Pro
cyrillic,sparse_novel_counter,explicit_rows,40,12,11,3583,16083,875,Menlo,16,1,release,8,24,3,false,0,0,false,Metal,Apple M5 Pro
cyrillic,sparse_novel_counter,explicit_rows,40,12,12,3583,16625,875,Menlo,16,1,release,8,24,3,false,0,0,false,Metal,Apple M5 Pro
cyrillic,sparse_novel_counter,explicit_rows,40,12,13,3542,16541,917,Menlo,16,1,release,8,24,3,false,0,0,false,Metal,Apple M5 Pro
cyrillic,sparse_novel_counter,explicit_rows,40,12,14,3542,16375,875,Menlo,16,1,release,8,24,3,false,0,0,false,Metal,Apple M5 Pro
cyrillic,sparse_novel_counter,explicit_rows,40,12,15,3583,16750,875,Menlo,16,1,release,8,24,3,false,0,0,false,Metal,Apple M5 Pro
cyrillic,sparse_novel_counter,explicit_rows,40,12,16,3625,16500,875,Menlo,16,1,release,8,24,3,false,0,0,false,Metal,Apple M5 Pro
cyrillic,sparse_novel_counter,explicit_rows,40,12,17,3541,16542,916,Menlo,16,1,release,8,24,3,false,0,0,false,Metal,Apple M5 Pro
cyrillic,sparse_novel_counter,explicit_rows,40,12,18,3542,16625,875,Menlo,16,1,release,8,24,3,false,0,0,false,Metal,Apple M5 Pro
cyrillic,sparse_novel_counter,explicit_rows,40,12,19,3584,16209,875,Menlo,16,1,release,8,24,3,false,0,0,false,Metal,Apple M5 Pro
cyrillic,sparse_novel_counter,explicit_rows,40,12,20,3541,16458,875,Menlo,16,1,release,8,24,3,false,0,0,false,Metal,Apple M5 Pro
cyrillic,sparse_novel_counter,explicit_rows,40,12,21,3541,16542,875,Menlo,16,1,release,8,24,3,false,0,0,false,Metal,Apple M5 Pro
cyrillic,sparse_novel_counter,explicit_rows,40,12,22,3541,17042,1000,Menlo,16,1,release,8,24,3,false,0,0,false,Metal,Apple M5 Pro
cyrillic,sparse_novel_counter,explicit_rows,40,12,23,3542,16583,875,Menlo,16,1,release,8,24,3,false,0,0,false,Metal,Apple M5 Pro
cyrillic,sparse_novel_counter,softwrap,40,12,0,6334,277000,23709,Menlo,16,1,release,8,24,3,false,1700,0,false,Metal,Apple M5 Pro
cyrillic,sparse_novel_counter,softwrap,40,12,1,6333,278583,10042,Menlo,16,1,release,8,24,3,false,1700,0,false,Metal,Apple M5 Pro
cyrillic,sparse_novel_counter,softwrap,40,12,2,6458,278917,10000,Menlo,16,1,release,8,24,3,false,1700,0,false,Metal,Apple M5 Pro
cyrillic,sparse_novel_counter,softwrap,40,12,3,6666,291834,10041,Menlo,16,1,release,8,24,3,false,1700,0,false,Metal,Apple M5 Pro
cyrillic,sparse_novel_counter,softwrap,40,12,4,11667,284958,10000,Menlo,16,1,release,8,24,3,false,1700,0,false,Metal,Apple M5 Pro
cyrillic,sparse_novel_counter,softwrap,40,12,5,6458,277667,10125,Menlo,16,1,release,8,24,3,false,1700,0,false,Metal,Apple M5 Pro
cyrillic,sparse_novel_counter,softwrap,40,12,6,6250,300833,10084,Menlo,16,1,release,8,24,3,false,1700,0,false,Metal,Apple M5 Pro
cyrillic,sparse_novel_counter,softwrap,40,12,7,6417,281834,9958,Menlo,16,1,release,8,24,3,false,1700,0,false,Metal,Apple M5 Pro
cyrillic,sparse_novel_counter,softwrap,40,12,8,10417,279125,10041,Menlo,16,1,release,8,24,3,false,1700,0,false,Metal,Apple M5 Pro
cyrillic,sparse_novel_counter,softwrap,40,12,9,6334,282458,10041,Menlo,16,1,release,8,24,3,false,1700,0,false,Metal,Apple M5 Pro
cyrillic,sparse_novel_counter,softwrap,40,12,10,6250,279791,9959,Menlo,16,1,release,8,24,3,false,1700,0,false,Metal,Apple M5 Pro
cyrillic,sparse_novel_counter,softwrap,40,12,11,6250,276833,9958,Menlo,16,1,release,8,24,3,false,1700,0,false,Metal,Apple M5 Pro
cyrillic,sparse_novel_counter,softwrap,40,12,12,6208,279417,9959,Menlo,16,1,release,8,24,3,false,1700,0,false,Metal,Apple M5 Pro
cyrillic,sparse_novel_counter,softwrap,40,12,13,6292,281833,9958,Menlo,16,1,release,8,24,3,false,1700,0,false,Metal,Apple M5 Pro
cyrillic,sparse_novel_counter,softwrap,40,12,14,6458,277917,9875,Menlo,16,1,release,8,24,3,false,1700,0,false,Metal,Apple M5 Pro
cyrillic,sparse_novel_counter,softwrap,40,12,15,6458,278458,9917,Menlo,16,1,release,8,24,3,false,1700,0,false,Metal,Apple M5 Pro
cyrillic,sparse_novel_counter,softwrap,40,12,16,6334,279958,9958,Menlo,16,1,release,8,24,3,false,1700,0,false,Metal,Apple M5 Pro
cyrillic,sparse_novel_counter,softwrap,40,12,17,6291,278875,9917,Menlo,16,1,release,8,24,3,false,1700,0,false,Metal,Apple M5 Pro
cyrillic,sparse_novel_counter,softwrap,40,12,18,6292,279709,9917,Menlo,16,1,release,8,24,3,false,1700,0,false,Metal,Apple M5 Pro
cyrillic,sparse_novel_counter,softwrap,40,12,19,6291,294917,10000,Menlo,16,1,release,8,24,3,false,1700,0,false,Metal,Apple M5 Pro
cyrillic,sparse_novel_counter,softwrap,40,12,20,6250,277250,9917,Menlo,16,1,release,8,24,3,false,1700,0,false,Metal,Apple M5 Pro
cyrillic,sparse_novel_counter,softwrap,40,12,21,6333,275417,10000,Menlo,16,1,release,8,24,3,false,1700,0,false,Metal,Apple M5 Pro
cyrillic,sparse_novel_counter,softwrap,40,12,22,6291,275500,9959,Menlo,16,1,release,8,24,3,false,1700,0,false,Metal,Apple M5 Pro
cyrillic,sparse_novel_counter,softwrap,40,12,23,6292,311166,10000,Menlo,16,1,release,8,24,3,false,1700,0,false,Metal,Apple M5 Pro
cyrillic,scroll_triangle,explicit_rows,40,12,0,3583,16083,9292,Menlo,16,1,release,8,24,3,false,0,0,false,Metal,Apple M5 Pro
cyrillic,scroll_triangle,explicit_rows,40,12,1,3917,16375,9250,Menlo,16,1,release,8,24,3,false,0,0,false,Metal,Apple M5 Pro
cyrillic,scroll_triangle,explicit_rows,40,12,2,4208,22333,10209,Menlo,16,1,release,8,24,3,false,0,0,false,Metal,Apple M5 Pro
cyrillic,scroll_triangle,explicit_rows,40,12,3,3666,3792,42,Menlo,16,1,release,8,24,3,false,0,0,false,Metal,Apple M5 Pro
cyrillic,scroll_triangle,explicit_rows,40,12,4,3625,3958,9875,Menlo,16,1,release,8,24,3,false,0,0,false,Metal,Apple M5 Pro
cyrillic,scroll_triangle,explicit_rows,40,12,5,3625,4000,9792,Menlo,16,1,release,8,24,3,false,0,0,false,Metal,Apple M5 Pro
cyrillic,scroll_triangle,explicit_rows,40,12,6,3583,3958,9833,Menlo,16,1,release,8,24,3,false,0,0,false,Metal,Apple M5 Pro
cyrillic,scroll_triangle,explicit_rows,40,12,7,3584,4041,9834,Menlo,16,1,release,8,24,3,false,0,0,false,Metal,Apple M5 Pro
cyrillic,scroll_triangle,explicit_rows,40,12,8,3542,3959,9875,Menlo,16,1,release,8,24,3,false,0,0,false,Metal,Apple M5 Pro
cyrillic,scroll_triangle,explicit_rows,40,12,9,3584,4000,9792,Menlo,16,1,release,8,24,3,false,0,0,false,Metal,Apple M5 Pro
cyrillic,scroll_triangle,explicit_rows,40,12,10,3625,3792,9833,Menlo,16,1,release,8,24,3,false,0,0,false,Metal,Apple M5 Pro
cyrillic,scroll_triangle,explicit_rows,40,12,11,3584,3959,9500,Menlo,16,1,release,8,24,3,false,0,0,false,Metal,Apple M5 Pro
cyrillic,scroll_triangle,explicit_rows,40,12,12,3542,3750,9291,Menlo,16,1,release,8,24,3,false,0,0,false,Metal,Apple M5 Pro
cyrillic,scroll_triangle,explicit_rows,40,12,13,3542,3750,9291,Menlo,16,1,release,8,24,3,false,0,0,false,Metal,Apple M5 Pro
cyrillic,scroll_triangle,explicit_rows,40,12,14,3583,17458,9542,Menlo,16,1,release,8,24,3,false,0,0,false,Metal,Apple M5 Pro
cyrillic,scroll_triangle,explicit_rows,40,12,15,3583,3958,42,Menlo,16,1,release,8,24,3,false,0,0,false,Metal,Apple M5 Pro
cyrillic,scroll_triangle,explicit_rows,40,12,16,3541,4000,9750,Menlo,16,1,release,8,24,3,false,0,0,false,Metal,Apple M5 Pro
cyrillic,scroll_triangle,explicit_rows,40,12,17,3541,3958,9625,Menlo,16,1,release,8,24,3,false,0,0,false,Metal,Apple M5 Pro
cyrillic,scroll_triangle,explicit_rows,40,12,18,4708,5041,12875,Menlo,16,1,release,8,24,3,false,0,0,false,Metal,Apple M5 Pro
cyrillic,scroll_triangle,explicit_rows,40,12,19,3875,3958,9667,Menlo,16,1,release,8,24,3,false,0,0,false,Metal,Apple M5 Pro
cyrillic,scroll_triangle,explicit_rows,40,12,20,3542,3750,9541,Menlo,16,1,release,8,24,3,false,0,0,false,Metal,Apple M5 Pro
cyrillic,scroll_triangle,explicit_rows,40,12,21,3542,3959,9542,Menlo,16,1,release,8,24,3,false,0,0,false,Metal,Apple M5 Pro
cyrillic,scroll_triangle,explicit_rows,40,12,22,3542,3708,9583,Menlo,16,1,release,8,24,3,false,0,0,false,Metal,Apple M5 Pro
cyrillic,scroll_triangle,explicit_rows,40,12,23,3541,3709,9542,Menlo,16,1,release,8,24,3,false,0,0,false,Metal,Apple M5 Pro
cyrillic,scroll_triangle,softwrap,40,12,0,7041,282667,10625,Menlo,16,1,release,8,24,3,false,1088,592,false,Metal,Apple M5 Pro
cyrillic,scroll_triangle,softwrap,40,12,1,7292,283500,10541,Menlo,16,1,release,8,24,3,false,1020,660,false,Metal,Apple M5 Pro
cyrillic,scroll_triangle,softwrap,40,12,2,7125,282291,10542,Menlo,16,1,release,8,24,3,false,950,727,false,Metal,Apple M5 Pro
cyrillic,scroll_triangle,softwrap,40,12,3,6917,4583,42,Menlo,16,1,release,8,24,3,false,950,727,false,Metal,Apple M5 Pro
cyrillic,scroll_triangle,softwrap,40,12,4,6834,4375,10500,Menlo,16,1,release,8,24,3,false,1020,660,false,Metal,Apple M5 Pro
cyrillic,scroll_triangle,softwrap,40,12,5,6750,4083,10500,Menlo,16,1,release,8,24,3,false,1088,592,false,Metal,Apple M5 Pro
cyrillic,scroll_triangle,softwrap,40,12,6,6916,4042,10500,Menlo,16,1,release,8,24,3,false,1155,525,false,Metal,Apple M5 Pro
cyrillic,scroll_triangle,softwrap,40,12,7,6791,4083,10500,Menlo,16,1,release,8,24,3,false,1223,455,false,Metal,Apple M5 Pro
cyrillic,scroll_triangle,softwrap,40,12,8,6666,4292,9916,Menlo,16,1,release,8,24,3,false,1290,387,false,Metal,Apple M5 Pro
cyrillic,scroll_triangle,softwrap,40,12,9,6708,4458,9875,Menlo,16,1,release,8,24,3,false,1360,320,false,Metal,Apple M5 Pro
cyrillic,scroll_triangle,softwrap,40,12,10,6625,4083,9833,Menlo,16,1,release,8,24,3,false,1428,252,false,Metal,Apple M5 Pro
cyrillic,scroll_triangle,softwrap,40,12,11,6750,4416,10042,Menlo,16,1,release,8,24,3,false,1495,185,false,Metal,Apple M5 Pro
cyrillic,scroll_triangle,softwrap,40,12,12,6667,4541,10000,Menlo,16,1,release,8,24,3,false,1563,115,false,Metal,Apple M5 Pro
cyrillic,scroll_triangle,softwrap,40,12,13,6542,4208,10083,Menlo,16,1,release,8,24,3,false,1630,47,false,Metal,Apple M5 Pro
cyrillic,scroll_triangle,softwrap,40,12,14,6417,279209,9916,Menlo,16,1,release,8,24,3,false,1700,0,false,Metal,Apple M5 Pro
cyrillic,scroll_triangle,softwrap,40,12,15,6625,4084,41,Menlo,16,1,release,8,24,3,false,1700,0,false,Metal,Apple M5 Pro
cyrillic,scroll_triangle,softwrap,40,12,16,6417,4000,10541,Menlo,16,1,release,8,24,3,false,1630,47,false,Metal,Apple M5 Pro
cyrillic,scroll_triangle,softwrap,40,12,17,6667,4000,10541,Menlo,16,1,release,8,24,3,false,1563,115,false,Metal,Apple M5 Pro
cyrillic,scroll_triangle,softwrap,40,12,18,6625,4333,10083,Menlo,16,1,release,8,24,3,false,1495,185,false,Metal,Apple M5 Pro
cyrillic,scroll_triangle,softwrap,40,12,19,6625,4333,13584,Menlo,16,1,release,8,24,3,false,1428,252,false,Metal,Apple M5 Pro
cyrillic,scroll_triangle,softwrap,40,12,20,6584,4333,10500,Menlo,16,1,release,8,24,3,false,1360,320,false,Metal,Apple M5 Pro
cyrillic,scroll_triangle,softwrap,40,12,21,6541,4042,10500,Menlo,16,1,release,8,24,3,false,1290,387,false,Metal,Apple M5 Pro
cyrillic,scroll_triangle,softwrap,40,12,22,6625,4084,10416,Menlo,16,1,release,8,24,3,false,1223,455,false,Metal,Apple M5 Pro
cyrillic,scroll_triangle,softwrap,40,12,23,6625,4167,10333,Menlo,16,1,release,8,24,3,false,1155,525,false,Metal,Apple M5 Pro
cyrillic,dense_novel_text,explicit_rows,40,12,0,3625,144000,9833,Menlo,16,1,release,8,24,3,false,0,0,false,Metal,Apple M5 Pro
cyrillic,dense_novel_text,explicit_rows,40,12,1,3584,172917,9792,Menlo,16,1,release,8,24,3,false,0,0,false,Metal,Apple M5 Pro
cyrillic,dense_novel_text,explicit_rows,40,12,2,3584,143292,9750,Menlo,16,1,release,8,24,3,false,0,0,false,Metal,Apple M5 Pro
cyrillic,dense_novel_text,explicit_rows,40,12,3,3583,144667,9792,Menlo,16,1,release,8,24,3,false,0,0,false,Metal,Apple M5 Pro
cyrillic,dense_novel_text,explicit_rows,40,12,4,3583,143917,9833,Menlo,16,1,release,8,24,3,false,0,0,false,Metal,Apple M5 Pro
cyrillic,dense_novel_text,explicit_rows,40,12,5,3625,143625,9791,Menlo,16,1,release,8,24,3,false,0,0,false,Metal,Apple M5 Pro
cyrillic,dense_novel_text,explicit_rows,40,12,6,3541,145667,9750,Menlo,16,1,release,8,24,3,false,0,0,false,Metal,Apple M5 Pro
cyrillic,dense_novel_text,explicit_rows,40,12,7,3708,144917,9792,Menlo,16,1,release,8,24,3,false,0,0,false,Metal,Apple M5 Pro
cyrillic,dense_novel_text,explicit_rows,40,12,8,3583,145334,9791,Menlo,16,1,release,8,24,3,false,0,0,false,Metal,Apple M5 Pro
cyrillic,dense_novel_text,explicit_rows,40,12,9,3542,145125,9792,Menlo,16,1,release,8,24,3,false,0,0,false,Metal,Apple M5 Pro
cyrillic,dense_novel_text,explicit_rows,40,12,10,3584,209416,9959,Menlo,16,1,release,8,24,3,false,0,0,false,Metal,Apple M5 Pro
cyrillic,dense_novel_text,explicit_rows,40,12,11,3667,153250,9792,Menlo,16,1,release,8,24,3,false,0,0,false,Metal,Apple M5 Pro
cyrillic,dense_novel_text,explicit_rows,40,12,12,3583,145666,9792,Menlo,16,1,release,8,24,3,false,0,0,false,Metal,Apple M5 Pro
cyrillic,dense_novel_text,explicit_rows,40,12,13,3583,164167,9875,Menlo,16,1,release,8,24,3,false,0,0,false,Metal,Apple M5 Pro
cyrillic,dense_novel_text,explicit_rows,40,12,14,3875,151875,10000,Menlo,16,1,release,8,24,3,false,0,0,false,Metal,Apple M5 Pro
cyrillic,dense_novel_text,explicit_rows,40,12,15,3583,148208,9959,Menlo,16,1,release,8,24,3,false,0,0,false,Metal,Apple M5 Pro
cyrillic,dense_novel_text,explicit_rows,40,12,16,3584,148750,9917,Menlo,16,1,release,8,24,3,false,0,0,false,Metal,Apple M5 Pro
cyrillic,dense_novel_text,explicit_rows,40,12,17,3583,148000,9875,Menlo,16,1,release,8,24,3,false,0,0,false,Metal,Apple M5 Pro
cyrillic,dense_novel_text,explicit_rows,40,12,18,3625,146208,9958,Menlo,16,1,release,8,24,3,false,0,0,false,Metal,Apple M5 Pro
cyrillic,dense_novel_text,explicit_rows,40,12,19,3625,149042,9875,Menlo,16,1,release,8,24,3,false,0,0,false,Metal,Apple M5 Pro
cyrillic,dense_novel_text,explicit_rows,40,12,20,3584,148041,9917,Menlo,16,1,release,8,24,3,false,0,0,false,Metal,Apple M5 Pro
cyrillic,dense_novel_text,explicit_rows,40,12,21,3583,148583,9875,Menlo,16,1,release,8,24,3,false,0,0,false,Metal,Apple M5 Pro
cyrillic,dense_novel_text,explicit_rows,40,12,22,3583,148417,9875,Menlo,16,1,release,8,24,3,false,0,0,false,Metal,Apple M5 Pro
cyrillic,dense_novel_text,explicit_rows,40,12,23,3541,147667,9958,Menlo,16,1,release,8,24,3,false,0,0,false,Metal,Apple M5 Pro
cyrillic,dense_novel_text,softwrap,40,12,0,6458,280500,18083,Menlo,16,1,release,8,24,3,false,1700,0,false,Metal,Apple M5 Pro
cyrillic,dense_novel_text,softwrap,40,12,1,6458,279208,10250,Menlo,16,1,release,8,24,3,false,1700,0,false,Metal,Apple M5 Pro
cyrillic,dense_novel_text,softwrap,40,12,2,6542,279000,10000,Menlo,16,1,release,8,24,3,false,1700,0,false,Metal,Apple M5 Pro
cyrillic,dense_novel_text,softwrap,40,12,3,6500,277125,9958,Menlo,16,1,release,8,24,3,false,1700,0,false,Metal,Apple M5 Pro
cyrillic,dense_novel_text,softwrap,40,12,4,6459,274875,10000,Menlo,16,1,release,8,24,3,false,1700,0,false,Metal,Apple M5 Pro
cyrillic,dense_novel_text,softwrap,40,12,5,6417,275250,10042,Menlo,16,1,release,8,24,3,false,1700,0,false,Metal,Apple M5 Pro
cyrillic,dense_novel_text,softwrap,40,12,6,6541,295792,10083,Menlo,16,1,release,8,24,3,false,1700,0,false,Metal,Apple M5 Pro
cyrillic,dense_novel_text,softwrap,40,12,7,6458,273542,10041,Menlo,16,1,release,8,24,3,false,1700,0,false,Metal,Apple M5 Pro
cyrillic,dense_novel_text,softwrap,40,12,8,6666,275042,10083,Menlo,16,1,release,8,24,3,false,1700,0,false,Metal,Apple M5 Pro
cyrillic,dense_novel_text,softwrap,40,12,9,6417,277084,10000,Menlo,16,1,release,8,24,3,false,1700,0,false,Metal,Apple M5 Pro
cyrillic,dense_novel_text,softwrap,40,12,10,6458,278375,10041,Menlo,16,1,release,8,24,3,false,1700,0,false,Metal,Apple M5 Pro
cyrillic,dense_novel_text,softwrap,40,12,11,6417,279791,10042,Menlo,16,1,release,8,24,3,false,1700,0,false,Metal,Apple M5 Pro
cyrillic,dense_novel_text,softwrap,40,12,12,6458,275666,9792,Menlo,16,1,release,8,24,3,false,1700,0,false,Metal,Apple M5 Pro
cyrillic,dense_novel_text,softwrap,40,12,13,6500,281542,10000,Menlo,16,1,release,8,24,3,false,1700,0,false,Metal,Apple M5 Pro
cyrillic,dense_novel_text,softwrap,40,12,14,6417,280084,9958,Menlo,16,1,release,8,24,3,false,1700,0,false,Metal,Apple M5 Pro
cyrillic,dense_novel_text,softwrap,40,12,15,6416,280750,10000,Menlo,16,1,release,8,24,3,false,1700,0,false,Metal,Apple M5 Pro
cyrillic,dense_novel_text,softwrap,40,12,16,6459,316375,10375,Menlo,16,1,release,8,24,3,false,1700,0,false,Metal,Apple M5 Pro
cyrillic,dense_novel_text,softwrap,40,12,17,8083,287542,10042,Menlo,16,1,release,8,24,3,false,1700,0,false,Metal,Apple M5 Pro
cyrillic,dense_novel_text,softwrap,40,12,18,7041,280417,10042,Menlo,16,1,release,8,24,3,false,1700,0,false,Metal,Apple M5 Pro
cyrillic,dense_novel_text,softwrap,40,12,19,6500,278875,10083,Menlo,16,1,release,8,24,3,false,1700,0,false,Metal,Apple M5 Pro
cyrillic,dense_novel_text,softwrap,40,12,20,6292,279667,9958,Menlo,16,1,release,8,24,3,false,1700,0,false,Metal,Apple M5 Pro
cyrillic,dense_novel_text,softwrap,40,12,21,6333,279167,10084,Menlo,16,1,release,8,24,3,false,1700,0,false,Metal,Apple M5 Pro
cyrillic,dense_novel_text,softwrap,40,12,22,6250,278125,9959,Menlo,16,1,release,8,24,3,false,1700,0,false,Metal,Apple M5 Pro
cyrillic,dense_novel_text,softwrap,40,12,23,6292,276375,9917,Menlo,16,1,release,8,24,3,false,1700,0,false,Metal,Apple M5 Pro
cjk,sparse_novel_counter,explicit_rows,40,12,0,3542,65500,625,Menlo,16,1,release,8,24,3,false,0,0,false,Metal,Apple M5 Pro
cjk,sparse_novel_counter,explicit_rows,40,12,1,3583,66666,625,Menlo,16,1,release,8,24,3,false,0,0,false,Metal,Apple M5 Pro
cjk,sparse_novel_counter,explicit_rows,40,12,2,3541,66167,625,Menlo,16,1,release,8,24,3,false,0,0,false,Metal,Apple M5 Pro
cjk,sparse_novel_counter,explicit_rows,40,12,3,3583,66584,625,Menlo,16,1,release,8,24,3,false,0,0,false,Metal,Apple M5 Pro
cjk,sparse_novel_counter,explicit_rows,40,12,4,3625,66625,625,Menlo,16,1,release,8,24,3,false,0,0,false,Metal,Apple M5 Pro
cjk,sparse_novel_counter,explicit_rows,40,12,5,3583,65833,625,Menlo,16,1,release,8,24,3,false,0,0,false,Metal,Apple M5 Pro
cjk,sparse_novel_counter,explicit_rows,40,12,6,3583,66458,625,Menlo,16,1,release,8,24,3,false,0,0,false,Metal,Apple M5 Pro
cjk,sparse_novel_counter,explicit_rows,40,12,7,3583,67750,625,Menlo,16,1,release,8,24,3,false,0,0,false,Metal,Apple M5 Pro
cjk,sparse_novel_counter,explicit_rows,40,12,8,3625,66292,625,Menlo,16,1,release,8,24,3,false,0,0,false,Metal,Apple M5 Pro
cjk,sparse_novel_counter,explicit_rows,40,12,9,3542,72750,625,Menlo,16,1,release,8,24,3,false,0,0,false,Metal,Apple M5 Pro
cjk,sparse_novel_counter,explicit_rows,40,12,10,3583,66875,583,Menlo,16,1,release,8,24,3,false,0,0,false,Metal,Apple M5 Pro
cjk,sparse_novel_counter,explicit_rows,40,12,11,3583,66042,584,Menlo,16,1,release,8,24,3,false,0,0,false,Metal,Apple M5 Pro
cjk,sparse_novel_counter,explicit_rows,40,12,12,3583,65709,625,Menlo,16,1,release,8,24,3,false,0,0,false,Metal,Apple M5 Pro
cjk,sparse_novel_counter,explicit_rows,40,12,13,3583,66042,625,Menlo,16,1,release,8,24,3,false,0,0,false,Metal,Apple M5 Pro
cjk,sparse_novel_counter,explicit_rows,40,12,14,3541,66458,625,Menlo,16,1,release,8,24,3,false,0,0,false,Metal,Apple M5 Pro
cjk,sparse_novel_counter,explicit_rows,40,12,15,3584,67458,625,Menlo,16,1,release,8,24,3,false,0,0,false,Metal,Apple M5 Pro
cjk,sparse_novel_counter,explicit_rows,40,12,16,3584,66291,583,Menlo,16,1,release,8,24,3,false,0,0,false,Metal,Apple M5 Pro
cjk,sparse_novel_counter,explicit_rows,40,12,17,3583,66583,625,Menlo,16,1,release,8,24,3,false,0,0,false,Metal,Apple M5 Pro
cjk,sparse_novel_counter,explicit_rows,40,12,18,3625,66250,625,Menlo,16,1,release,8,24,3,false,0,0,false,Metal,Apple M5 Pro
cjk,sparse_novel_counter,explicit_rows,40,12,19,3542,66417,625,Menlo,16,1,release,8,24,3,false,0,0,false,Metal,Apple M5 Pro
cjk,sparse_novel_counter,explicit_rows,40,12,20,3625,65708,625,Menlo,16,1,release,8,24,3,false,0,0,false,Metal,Apple M5 Pro
cjk,sparse_novel_counter,explicit_rows,40,12,21,3583,65916,625,Menlo,16,1,release,8,24,3,false,0,0,false,Metal,Apple M5 Pro
cjk,sparse_novel_counter,explicit_rows,40,12,22,3583,66958,625,Menlo,16,1,release,8,24,3,false,0,0,false,Metal,Apple M5 Pro
cjk,sparse_novel_counter,explicit_rows,40,12,23,3583,67583,625,Menlo,16,1,release,8,24,3,false,0,0,false,Metal,Apple M5 Pro
cjk,sparse_novel_counter,softwrap,40,12,0,6541,1940333,17875,Menlo,16,1,release,8,24,3,false,1400,0,false,Metal,Apple M5 Pro
cjk,sparse_novel_counter,softwrap,40,12,1,6250,1937375,6042,Menlo,16,1,release,8,24,3,false,1400,0,false,Metal,Apple M5 Pro
cjk,sparse_novel_counter,softwrap,40,12,2,6292,1937917,6083,Menlo,16,1,release,8,24,3,false,1400,0,false,Metal,Apple M5 Pro
cjk,sparse_novel_counter,softwrap,40,12,3,6125,2068167,6208,Menlo,16,1,release,8,24,3,false,1400,0,false,Metal,Apple M5 Pro
cjk,sparse_novel_counter,softwrap,40,12,4,12041,1981042,6125,Menlo,16,1,release,8,24,3,false,1400,0,false,Metal,Apple M5 Pro
cjk,sparse_novel_counter,softwrap,40,12,5,6875,1997750,6084,Menlo,16,1,release,8,24,3,false,1400,0,false,Metal,Apple M5 Pro
cjk,sparse_novel_counter,softwrap,40,12,6,6334,1978792,6125,Menlo,16,1,release,8,24,3,false,1400,0,false,Metal,Apple M5 Pro
cjk,sparse_novel_counter,softwrap,40,12,7,6291,1977167,6042,Menlo,16,1,release,8,24,3,false,1400,0,false,Metal,Apple M5 Pro
cjk,sparse_novel_counter,softwrap,40,12,8,6208,2050375,6250,Menlo,16,1,release,8,24,3,false,1400,0,false,Metal,Apple M5 Pro
cjk,sparse_novel_counter,softwrap,40,12,9,7625,1992000,6084,Menlo,16,1,release,8,24,3,false,1400,0,false,Metal,Apple M5 Pro
cjk,sparse_novel_counter,softwrap,40,12,10,6458,1995042,6125,Menlo,16,1,release,8,24,3,false,1400,0,false,Metal,Apple M5 Pro
cjk,sparse_novel_counter,softwrap,40,12,11,6209,1948333,6125,Menlo,16,1,release,8,24,3,false,1400,0,false,Metal,Apple M5 Pro
cjk,sparse_novel_counter,softwrap,40,12,12,6000,1961125,6167,Menlo,16,1,release,8,24,3,false,1400,0,false,Metal,Apple M5 Pro
cjk,sparse_novel_counter,softwrap,40,12,13,6042,1983542,6292,Menlo,16,1,release,8,24,3,false,1400,0,false,Metal,Apple M5 Pro
cjk,sparse_novel_counter,softwrap,40,12,14,7834,1999958,6208,Menlo,16,1,release,8,24,3,false,1400,0,false,Metal,Apple M5 Pro
cjk,sparse_novel_counter,softwrap,40,12,15,6666,1956708,6167,Menlo,16,1,release,8,24,3,false,1400,0,false,Metal,Apple M5 Pro
cjk,sparse_novel_counter,softwrap,40,12,16,6375,1967375,6125,Menlo,16,1,release,8,24,3,false,1400,0,false,Metal,Apple M5 Pro
cjk,sparse_novel_counter,softwrap,40,12,17,6291,1963292,6125,Menlo,16,1,release,8,24,3,false,1400,0,false,Metal,Apple M5 Pro
cjk,sparse_novel_counter,softwrap,40,12,18,6042,1996000,6375,Menlo,16,1,release,8,24,3,false,1400,0,false,Metal,Apple M5 Pro
cjk,sparse_novel_counter,softwrap,40,12,19,6833,1954875,6084,Menlo,16,1,release,8,24,3,false,1400,0,false,Metal,Apple M5 Pro
cjk,sparse_novel_counter,softwrap,40,12,20,6291,1962792,6125,Menlo,16,1,release,8,24,3,false,1400,0,false,Metal,Apple M5 Pro
cjk,sparse_novel_counter,softwrap,40,12,21,6125,1962875,6042,Menlo,16,1,release,8,24,3,false,1400,0,false,Metal,Apple M5 Pro
cjk,sparse_novel_counter,softwrap,40,12,22,6208,1944334,6041,Menlo,16,1,release,8,24,3,false,1400,0,false,Metal,Apple M5 Pro
cjk,sparse_novel_counter,softwrap,40,12,23,6291,1993750,6167,Menlo,16,1,release,8,24,3,false,1400,0,false,Metal,Apple M5 Pro
cjk,scroll_triangle,explicit_rows,40,12,0,3625,65458,6458,Menlo,16,1,release,8,24,3,false,0,0,false,Metal,Apple M5 Pro
cjk,scroll_triangle,explicit_rows,40,12,1,3791,66750,6541,Menlo,16,1,release,8,24,3,false,0,0,false,Metal,Apple M5 Pro
cjk,scroll_triangle,explicit_rows,40,12,2,3583,66541,6459,Menlo,16,1,release,8,24,3,false,0,0,false,Metal,Apple M5 Pro
cjk,scroll_triangle,explicit_rows,40,12,3,3625,3792,41,Menlo,16,1,release,8,24,3,false,0,0,false,Metal,Apple M5 Pro
cjk,scroll_triangle,explicit_rows,40,12,4,3584,3792,6542,Menlo,16,1,release,8,24,3,false,0,0,false,Metal,Apple M5 Pro
cjk,scroll_triangle,explicit_rows,40,12,5,3625,4125,6459,Menlo,16,1,release,8,24,3,false,0,0,false,Metal,Apple M5 Pro
cjk,scroll_triangle,explicit_rows,40,12,6,3584,4041,6417,Menlo,16,1,release,8,24,3,false,0,0,false,Metal,Apple M5 Pro
cjk,scroll_triangle,explicit_rows,40,12,7,3583,3750,6458,Menlo,16,1,release,8,24,3,false,0,0,false,Metal,Apple M5 Pro
cjk,scroll_triangle,explicit_rows,40,12,8,3583,4042,6375,Menlo,16,1,release,8,24,3,false,0,0,false,Metal,Apple M5 Pro
cjk,scroll_triangle,explicit_rows,40,12,9,3583,3792,6417,Menlo,16,1,release,8,24,3,false,0,0,false,Metal,Apple M5 Pro
cjk,scroll_triangle,explicit_rows,40,12,10,3625,3792,6166,Menlo,16,1,release,8,24,3,false,0,0,false,Metal,Apple M5 Pro
cjk,scroll_triangle,explicit_rows,40,12,11,3542,4042,6042,Menlo,16,1,release,8,24,3,false,0,0,false,Metal,Apple M5 Pro
cjk,scroll_triangle,explicit_rows,40,12,12,3584,3750,6166,Menlo,16,1,release,8,24,3,false,0,0,false,Metal,Apple M5 Pro
cjk,scroll_triangle,explicit_rows,40,12,13,3583,4000,6500,Menlo,16,1,release,8,24,3,false,0,0,false,Metal,Apple M5 Pro
cjk,scroll_triangle,explicit_rows,40,12,14,3583,67583,6583,Menlo,16,1,release,8,24,3,false,0,0,false,Metal,Apple M5 Pro
cjk,scroll_triangle,explicit_rows,40,12,15,3667,4125,42,Menlo,16,1,release,8,24,3,false,0,0,false,Metal,Apple M5 Pro
cjk,scroll_triangle,explicit_rows,40,12,16,3542,4083,6542,Menlo,16,1,release,8,24,3,false,0,0,false,Metal,Apple M5 Pro
cjk,scroll_triangle,explicit_rows,40,12,17,3458,4083,6542,Menlo,16,1,release,8,24,3,false,0,0,false,Metal,Apple M5 Pro
cjk,scroll_triangle,explicit_rows,40,12,18,3625,3958,6458,Menlo,16,1,release,8,24,3,false,0,0,false,Metal,Apple M5 Pro
cjk,scroll_triangle,explicit_rows,40,12,19,3500,4084,6417,Menlo,16,1,release,8,24,3,false,0,0,false,Metal,Apple M5 Pro
cjk,scroll_triangle,explicit_rows,40,12,20,3583,3792,6417,Menlo,16,1,release,8,24,3,false,0,0,false,Metal,Apple M5 Pro
cjk,scroll_triangle,explicit_rows,40,12,21,3583,4083,6459,Menlo,16,1,release,8,24,3,false,0,0,false,Metal,Apple M5 Pro
cjk,scroll_triangle,explicit_rows,40,12,22,3542,4083,6458,Menlo,16,1,release,8,24,3,false,0,0,false,Metal,Apple M5 Pro
cjk,scroll_triangle,explicit_rows,40,12,23,3541,4084,6500,Menlo,16,1,release,8,24,3,false,0,0,false,Metal,Apple M5 Pro
cjk,scroll_triangle,softwrap,40,12,0,7166,1996542,6334,Menlo,16,1,release,8,24,3,false,895,499,false,Metal,Apple M5 Pro
cjk,scroll_triangle,softwrap,40,12,1,7000,1964250,6375,Menlo,16,1,release,8,24,3,false,839,554,false,Metal,Apple M5 Pro
cjk,scroll_triangle,softwrap,40,12,2,6542,1975041,6459,Menlo,16,1,release,8,24,3,false,783,610,false,Metal,Apple M5 Pro
cjk,scroll_triangle,softwrap,40,12,3,6250,4458,42,Menlo,16,1,release,8,24,3,false,783,610,false,Metal,Apple M5 Pro
cjk,scroll_triangle,softwrap,40,12,4,6125,4209,6375,Menlo,16,1,release,8,24,3,false,839,554,false,Metal,Apple M5 Pro
cjk,scroll_triangle,softwrap,40,12,5,6167,3875,6292,Menlo,16,1,release,8,24,3,false,895,499,false,Metal,Apple M5 Pro
cjk,scroll_triangle,softwrap,40,12,6,6292,4042,6416,Menlo,16,1,release,8,24,3,false,951,443,false,Metal,Apple M5 Pro
cjk,scroll_triangle,softwrap,40,12,7,6208,4250,6416,Menlo,16,1,release,8,24,3,false,1006,387,false,Metal,Apple M5 Pro
cjk,scroll_triangle,softwrap,40,12,8,6166,4375,6292,Menlo,16,1,release,8,24,3,false,1062,329,false,Metal,Apple M5 Pro
cjk,scroll_triangle,softwrap,40,12,9,6125,4250,6375,Menlo,16,1,release,8,24,3,false,1119,272,false,Metal,Apple M5 Pro
cjk,scroll_triangle,softwrap,40,12,10,6167,4375,6542,Menlo,16,1,release,8,24,3,false,1177,216,false,Metal,Apple M5 Pro
cjk,scroll_triangle,softwrap,40,12,11,6208,4000,6375,Menlo,16,1,release,8,24,3,false,1233,160,false,Metal,Apple M5 Pro
cjk,scroll_triangle,softwrap,40,12,12,5959,4042,6917,Menlo,16,1,release,8,24,3,false,1289,105,false,Metal,Apple M5 Pro
cjk,scroll_triangle,softwrap,40,12,13,6042,4000,6625,Menlo,16,1,release,8,24,3,false,1345,49,false,Metal,Apple M5 Pro
cjk,scroll_triangle,softwrap,40,12,14,5916,1964833,6125,Menlo,16,1,release,8,24,3,false,1400,0,false,Metal,Apple M5 Pro
cjk,scroll_triangle,softwrap,40,12,15,6000,4292,41,Menlo,16,1,release,8,24,3,false,1400,0,false,Metal,Apple M5 Pro
cjk,scroll_triangle,softwrap,40,12,16,5917,4000,6375,Menlo,16,1,release,8,24,3,false,1345,49,false,Metal,Apple M5 Pro
cjk,scroll_triangle,softwrap,40,12,17,5917,4000,6417,Menlo,16,1,release,8,24,3,false,1289,105,false,Metal,Apple M5 Pro
cjk,scroll_triangle,softwrap,40,12,18,5958,4000,6417,Menlo,16,1,release,8,24,3,false,1233,160,false,Metal,Apple M5 Pro
cjk,scroll_triangle,softwrap,40,12,19,5917,4083,6375,Menlo,16,1,release,8,24,3,false,1177,216,false,Metal,Apple M5 Pro
cjk,scroll_triangle,softwrap,40,12,20,5917,4000,6291,Menlo,16,1,release,8,24,3,false,1119,272,false,Metal,Apple M5 Pro
cjk,scroll_triangle,softwrap,40,12,21,6000,3958,6250,Menlo,16,1,release,8,24,3,false,1062,329,false,Metal,Apple M5 Pro
cjk,scroll_triangle,softwrap,40,12,22,6042,4209,6334,Menlo,16,1,release,8,24,3,false,1006,387,false,Metal,Apple M5 Pro
cjk,scroll_triangle,softwrap,40,12,23,7750,4709,6792,Menlo,16,1,release,8,24,3,false,951,443,false,Metal,Apple M5 Pro
cjk,dense_novel_text,explicit_rows,40,12,0,3625,736791,18084,Menlo,16,1,release,8,24,3,false,0,0,false,Metal,Apple M5 Pro
cjk,dense_novel_text,explicit_rows,40,12,1,3708,765584,7916,Menlo,16,1,release,8,24,3,false,0,0,false,Metal,Apple M5 Pro
cjk,dense_novel_text,explicit_rows,40,12,2,3625,736459,8166,Menlo,16,1,release,8,24,3,false,0,0,false,Metal,Apple M5 Pro
cjk,dense_novel_text,explicit_rows,40,12,3,3667,738083,26042,Menlo,16,1,release,8,24,3,false,0,0,false,Metal,Apple M5 Pro
cjk,dense_novel_text,explicit_rows,40,12,4,3917,744416,7875,Menlo,16,1,release,8,24,3,false,0,0,false,Metal,Apple M5 Pro
cjk,dense_novel_text,explicit_rows,40,12,5,3666,739667,7708,Menlo,16,1,release,8,24,3,false,0,0,false,Metal,Apple M5 Pro
cjk,dense_novel_text,explicit_rows,40,12,6,3625,739042,7666,Menlo,16,1,release,8,24,3,false,0,0,false,Metal,Apple M5 Pro
cjk,dense_novel_text,explicit_rows,40,12,7,3625,736459,7667,Menlo,16,1,release,8,24,3,false,0,0,false,Metal,Apple M5 Pro
cjk,dense_novel_text,explicit_rows,40,12,8,3583,738583,7834,Menlo,16,1,release,8,24,3,false,0,0,false,Metal,Apple M5 Pro
cjk,dense_novel_text,explicit_rows,40,12,9,3625,735958,7875,Menlo,16,1,release,8,24,3,false,0,0,false,Metal,Apple M5 Pro
cjk,dense_novel_text,explicit_rows,40,12,10,3583,794250,7833,Menlo,16,1,release,8,24,3,false,0,0,false,Metal,Apple M5 Pro
cjk,dense_novel_text,explicit_rows,40,12,11,3625,734958,7750,Menlo,16,1,release,8,24,3,false,0,0,false,Metal,Apple M5 Pro
cjk,dense_novel_text,explicit_rows,40,12,12,3625,735667,7958,Menlo,16,1,release,8,24,3,false,0,0,false,Metal,Apple M5 Pro
cjk,dense_novel_text,explicit_rows,40,12,13,3625,739500,7750,Menlo,16,1,release,8,24,3,false,0,0,false,Metal,Apple M5 Pro
cjk,dense_novel_text,explicit_rows,40,12,14,3583,749000,7625,Menlo,16,1,release,8,24,3,false,0,0,false,Metal,Apple M5 Pro
cjk,dense_novel_text,explicit_rows,40,12,15,3583,743125,7666,Menlo,16,1,release,8,24,3,false,0,0,false,Metal,Apple M5 Pro
cjk,dense_novel_text,explicit_rows,40,12,16,3666,773625,8042,Menlo,16,1,release,8,24,3,false,0,0,false,Metal,Apple M5 Pro
cjk,dense_novel_text,explicit_rows,40,12,17,3959,739584,7667,Menlo,16,1,release,8,24,3,false,0,0,false,Metal,Apple M5 Pro
cjk,dense_novel_text,explicit_rows,40,12,18,3666,737834,7875,Menlo,16,1,release,8,24,3,false,0,0,false,Metal,Apple M5 Pro
cjk,dense_novel_text,explicit_rows,40,12,19,3667,735500,7917,Menlo,16,1,release,8,24,3,false,0,0,false,Metal,Apple M5 Pro
cjk,dense_novel_text,explicit_rows,40,12,20,3625,736542,7875,Menlo,16,1,release,8,24,3,false,0,0,false,Metal,Apple M5 Pro
cjk,dense_novel_text,explicit_rows,40,12,21,3584,739834,7833,Menlo,16,1,release,8,24,3,false,0,0,false,Metal,Apple M5 Pro
cjk,dense_novel_text,explicit_rows,40,12,22,3625,737875,8000,Menlo,16,1,release,8,24,3,false,0,0,false,Metal,Apple M5 Pro
cjk,dense_novel_text,explicit_rows,40,12,23,3542,740916,7834,Menlo,16,1,release,8,24,3,false,0,0,false,Metal,Apple M5 Pro
cjk,dense_novel_text,softwrap,40,12,0,6000,1951042,15917,Menlo,16,1,release,8,24,3,false,1400,0,false,Metal,Apple M5 Pro
cjk,dense_novel_text,softwrap,40,12,1,6041,1948292,6125,Menlo,16,1,release,8,24,3,false,1400,0,false,Metal,Apple M5 Pro
cjk,dense_novel_text,softwrap,40,12,2,6000,1946709,6083,Menlo,16,1,release,8,24,3,false,1400,0,false,Metal,Apple M5 Pro
cjk,dense_novel_text,softwrap,40,12,3,5959,1969000,6250,Menlo,16,1,release,8,24,3,false,1400,0,false,Metal,Apple M5 Pro
cjk,dense_novel_text,softwrap,40,12,4,6458,1965917,6041,Menlo,16,1,release,8,24,3,false,1400,0,false,Metal,Apple M5 Pro
cjk,dense_novel_text,softwrap,40,12,5,6083,1954958,6167,Menlo,16,1,release,8,24,3,false,1400,0,false,Metal,Apple M5 Pro
cjk,dense_novel_text,softwrap,40,12,6,6167,1988875,6083,Menlo,16,1,release,8,24,3,false,1400,0,false,Metal,Apple M5 Pro
cjk,dense_novel_text,softwrap,40,12,7,6125,1968042,6166,Menlo,16,1,release,8,24,3,false,1400,0,false,Metal,Apple M5 Pro
cjk,dense_novel_text,softwrap,40,12,8,6000,1975708,6417,Menlo,16,1,release,8,24,3,false,1400,0,false,Metal,Apple M5 Pro
cjk,dense_novel_text,softwrap,40,12,9,6333,1946458,6167,Menlo,16,1,release,8,24,3,false,1400,0,false,Metal,Apple M5 Pro
cjk,dense_novel_text,softwrap,40,12,10,6041,1950459,6166,Menlo,16,1,release,8,24,3,false,1400,0,false,Metal,Apple M5 Pro
cjk,dense_novel_text,softwrap,40,12,11,5750,1960584,6084,Menlo,16,1,release,8,24,3,false,1400,0,false,Metal,Apple M5 Pro
cjk,dense_novel_text,softwrap,40,12,12,5959,1983916,6167,Menlo,16,1,release,8,24,3,false,1400,0,false,Metal,Apple M5 Pro
cjk,dense_novel_text,softwrap,40,12,13,6000,1963250,6167,Menlo,16,1,release,8,24,3,false,1400,0,false,Metal,Apple M5 Pro
cjk,dense_novel_text,softwrap,40,12,14,6291,1979625,6083,Menlo,16,1,release,8,24,3,false,1400,0,false,Metal,Apple M5 Pro
cjk,dense_novel_text,softwrap,40,12,15,6250,1972083,6125,Menlo,16,1,release,8,24,3,false,1400,0,false,Metal,Apple M5 Pro
cjk,dense_novel_text,softwrap,40,12,16,6000,1977459,8209,Menlo,16,1,release,8,24,3,false,1400,0,false,Metal,Apple M5 Pro
cjk,dense_novel_text,softwrap,40,12,17,6000,1957417,6167,Menlo,16,1,release,8,24,3,false,1400,0,false,Metal,Apple M5 Pro
cjk,dense_novel_text,softwrap,40,12,18,5875,1994167,6292,Menlo,16,1,release,8,24,3,false,1400,0,false,Metal,Apple M5 Pro
cjk,dense_novel_text,softwrap,40,12,19,5917,1970375,6208,Menlo,16,1,release,8,24,3,false,1400,0,false,Metal,Apple M5 Pro
cjk,dense_novel_text,softwrap,40,12,20,5875,1953709,5959,Menlo,16,1,release,8,24,3,false,1400,0,false,Metal,Apple M5 Pro
cjk,dense_novel_text,softwrap,40,12,21,5959,1959625,6125,Menlo,16,1,release,8,24,3,false,1400,0,false,Metal,Apple M5 Pro
cjk,dense_novel_text,softwrap,40,12,22,5750,1986750,6125,Menlo,16,1,release,8,24,3,false,1400,0,false,Metal,Apple M5 Pro
cjk,dense_novel_text,softwrap,40,12,23,5834,1990875,6333,Menlo,16,1,release,8,24,3,false,1400,0,false,Metal,Apple M5 Pro
arabic,sparse_novel_counter,explicit_rows,40,12,0,3542,33834,750,Menlo,16,1,release,8,24,3,false,0,0,false,Metal,Apple M5 Pro
arabic,sparse_novel_counter,explicit_rows,40,12,1,3583,34542,792,Menlo,16,1,release,8,24,3,false,0,0,false,Metal,Apple M5 Pro
arabic,sparse_novel_counter,explicit_rows,40,12,2,3542,34167,750,Menlo,16,1,release,8,24,3,false,0,0,false,Metal,Apple M5 Pro
arabic,sparse_novel_counter,explicit_rows,40,12,3,3584,34000,750,Menlo,16,1,release,8,24,3,false,0,0,false,Metal,Apple M5 Pro
arabic,sparse_novel_counter,explicit_rows,40,12,4,3583,43334,750,Menlo,16,1,release,8,24,3,false,0,0,false,Metal,Apple M5 Pro
arabic,sparse_novel_counter,explicit_rows,40,12,5,3583,34542,750,Menlo,16,1,release,8,24,3,false,0,0,false,Metal,Apple M5 Pro
arabic,sparse_novel_counter,explicit_rows,40,12,6,3666,34708,792,Menlo,16,1,release,8,24,3,false,0,0,false,Metal,Apple M5 Pro
arabic,sparse_novel_counter,explicit_rows,40,12,7,3584,34583,792,Menlo,16,1,release,8,24,3,false,0,0,false,Metal,Apple M5 Pro
arabic,sparse_novel_counter,explicit_rows,40,12,8,3584,33959,791,Menlo,16,1,release,8,24,3,false,0,0,false,Metal,Apple M5 Pro
arabic,sparse_novel_counter,explicit_rows,40,12,9,3500,41125,875,Menlo,16,1,release,8,24,3,false,0,0,false,Metal,Apple M5 Pro
arabic,sparse_novel_counter,explicit_rows,40,12,10,3541,34250,792,Menlo,16,1,release,8,24,3,false,0,0,false,Metal,Apple M5 Pro
arabic,sparse_novel_counter,explicit_rows,40,12,11,3583,34208,750,Menlo,16,1,release,8,24,3,false,0,0,false,Metal,Apple M5 Pro
arabic,sparse_novel_counter,explicit_rows,40,12,12,3583,34334,791,Menlo,16,1,release,8,24,3,false,0,0,false,Metal,Apple M5 Pro
arabic,sparse_novel_counter,explicit_rows,40,12,13,3541,33958,750,Menlo,16,1,release,8,24,3,false,0,0,false,Metal,Apple M5 Pro
arabic,sparse_novel_counter,explicit_rows,40,12,14,3584,34083,792,Menlo,16,1,release,8,24,3,false,0,0,false,Metal,Apple M5 Pro
arabic,sparse_novel_counter,explicit_rows,40,12,15,3583,33917,750,Menlo,16,1,release,8,24,3,false,0,0,false,Metal,Apple M5 Pro
arabic,sparse_novel_counter,explicit_rows,40,12,16,3583,34125,792,Menlo,16,1,release,8,24,3,false,0,0,false,Metal,Apple M5 Pro
arabic,sparse_novel_counter,explicit_rows,40,12,17,3542,33875,750,Menlo,16,1,release,8,24,3,false,0,0,false,Metal,Apple M5 Pro
arabic,sparse_novel_counter,explicit_rows,40,12,18,3542,33958,750,Menlo,16,1,release,8,24,3,false,0,0,false,Metal,Apple M5 Pro
arabic,sparse_novel_counter,explicit_rows,40,12,19,3583,33958,750,Menlo,16,1,release,8,24,3,false,0,0,false,Metal,Apple M5 Pro
arabic,sparse_novel_counter,explicit_rows,40,12,20,3583,34417,792,Menlo,16,1,release,8,24,3,false,0,0,false,Metal,Apple M5 Pro
arabic,sparse_novel_counter,explicit_rows,40,12,21,3500,34166,792,Menlo,16,1,release,8,24,3,false,0,0,false,Metal,Apple M5 Pro
arabic,sparse_novel_counter,explicit_rows,40,12,22,3583,34333,750,Menlo,16,1,release,8,24,3,false,0,0,false,Metal,Apple M5 Pro
arabic,sparse_novel_counter,explicit_rows,40,12,23,3584,33750,750,Menlo,16,1,release,8,24,3,false,0,0,false,Metal,Apple M5 Pro
arabic,sparse_novel_counter,softwrap,40,12,0,7208,1242875,32167,Menlo,16,1,release,8,24,3,false,1919,0,false,Metal,Apple M5 Pro
arabic,sparse_novel_counter,softwrap,40,12,1,7166,1239000,11167,Menlo,16,1,release,8,24,3,false,1919,0,false,Metal,Apple M5 Pro
arabic,sparse_novel_counter,softwrap,40,12,2,7166,1247917,11125,Menlo,16,1,release,8,24,3,false,1919,0,false,Metal,Apple M5 Pro
arabic,sparse_novel_counter,softwrap,40,12,3,7250,1232292,11166,Menlo,16,1,release,8,24,3,false,1919,0,false,Metal,Apple M5 Pro
arabic,sparse_novel_counter,softwrap,40,12,4,7292,1330000,11292,Menlo,16,1,release,8,24,3,false,1919,0,false,Metal,Apple M5 Pro
arabic,sparse_novel_counter,softwrap,40,12,5,9166,1280542,11125,Menlo,16,1,release,8,24,3,false,1919,0,false,Metal,Apple M5 Pro
arabic,sparse_novel_counter,softwrap,40,12,6,7917,1282583,11083,Menlo,16,1,release,8,24,3,false,1919,0,false,Metal,Apple M5 Pro
arabic,sparse_novel_counter,softwrap,40,12,7,7750,1246625,11125,Menlo,16,1,release,8,24,3,false,1919,0,false,Metal,Apple M5 Pro
arabic,sparse_novel_counter,softwrap,40,12,8,7417,1242375,11083,Menlo,16,1,release,8,24,3,false,1919,0,false,Metal,Apple M5 Pro
arabic,sparse_novel_counter,softwrap,40,12,9,7333,1233167,11083,Menlo,16,1,release,8,24,3,false,1919,0,false,Metal,Apple M5 Pro
arabic,sparse_novel_counter,softwrap,40,12,10,7333,1232500,11083,Menlo,16,1,release,8,24,3,false,1919,0,false,Metal,Apple M5 Pro
arabic,sparse_novel_counter,softwrap,40,12,11,7334,1306208,11250,Menlo,16,1,release,8,24,3,false,1919,0,false,Metal,Apple M5 Pro
arabic,sparse_novel_counter,softwrap,40,12,12,8875,1303000,11125,Menlo,16,1,release,8,24,3,false,1919,0,false,Metal,Apple M5 Pro
arabic,sparse_novel_counter,softwrap,40,12,13,7708,1253333,11125,Menlo,16,1,release,8,24,3,false,1919,0,false,Metal,Apple M5 Pro
arabic,sparse_novel_counter,softwrap,40,12,14,7334,1254750,11125,Menlo,16,1,release,8,24,3,false,1919,0,false,Metal,Apple M5 Pro
arabic,sparse_novel_counter,softwrap,40,12,15,7125,1253042,11000,Menlo,16,1,release,8,24,3,false,1919,0,false,Metal,Apple M5 Pro
arabic,sparse_novel_counter,softwrap,40,12,16,7041,1236459,11041,Menlo,16,1,release,8,24,3,false,1919,0,false,Metal,Apple M5 Pro
arabic,sparse_novel_counter,softwrap,40,12,17,7042,1246583,11084,Menlo,16,1,release,8,24,3,false,1919,0,false,Metal,Apple M5 Pro
arabic,sparse_novel_counter,softwrap,40,12,18,7083,1233167,11041,Menlo,16,1,release,8,24,3,false,1919,0,false,Metal,Apple M5 Pro
arabic,sparse_novel_counter,softwrap,40,12,19,7000,1337542,11375,Menlo,16,1,release,8,24,3,false,1919,0,false,Metal,Apple M5 Pro
arabic,sparse_novel_counter,softwrap,40,12,20,9250,1287459,11334,Menlo,16,1,release,8,24,3,false,1919,0,false,Metal,Apple M5 Pro
arabic,sparse_novel_counter,softwrap,40,12,21,8000,1277667,11250,Menlo,16,1,release,8,24,3,false,1919,0,false,Metal,Apple M5 Pro
arabic,sparse_novel_counter,softwrap,40,12,22,7709,1246792,17208,Menlo,16,1,release,8,24,3,false,1919,0,false,Metal,Apple M5 Pro
arabic,sparse_novel_counter,softwrap,40,12,23,7583,1269084,11334,Menlo,16,1,release,8,24,3,false,1919,0,false,Metal,Apple M5 Pro
arabic,scroll_triangle,explicit_rows,40,12,0,3541,34125,8542,Menlo,16,1,release,8,24,3,false,0,0,false,Metal,Apple M5 Pro
arabic,scroll_triangle,explicit_rows,40,12,1,3834,34209,8542,Menlo,16,1,release,8,24,3,false,0,0,false,Metal,Apple M5 Pro
arabic,scroll_triangle,explicit_rows,40,12,2,3583,34333,8583,Menlo,16,1,release,8,24,3,false,0,0,false,Metal,Apple M5 Pro
arabic,scroll_triangle,explicit_rows,40,12,3,3625,3792,0,Menlo,16,1,release,8,24,3,false,0,0,false,Metal,Apple M5 Pro
arabic,scroll_triangle,explicit_rows,40,12,4,3584,4041,8625,Menlo,16,1,release,8,24,3,false,0,0,false,Metal,Apple M5 Pro
arabic,scroll_triangle,explicit_rows,40,12,5,3583,4042,8083,Menlo,16,1,release,8,24,3,false,0,0,false,Metal,Apple M5 Pro
arabic,scroll_triangle,explicit_rows,40,12,6,3625,4083,8083,Menlo,16,1,release,8,24,3,false,0,0,false,Metal,Apple M5 Pro
arabic,scroll_triangle,explicit_rows,40,12,7,3542,4042,8000,Menlo,16,1,release,8,24,3,false,0,0,false,Metal,Apple M5 Pro
arabic,scroll_triangle,explicit_rows,40,12,8,3625,4125,8041,Menlo,16,1,release,8,24,3,false,0,0,false,Metal,Apple M5 Pro
arabic,scroll_triangle,explicit_rows,40,12,9,3542,3792,8167,Menlo,16,1,release,8,24,3,false,0,0,false,Metal,Apple M5 Pro
arabic,scroll_triangle,explicit_rows,40,12,10,3542,4083,8083,Menlo,16,1,release,8,24,3,false,0,0,false,Metal,Apple M5 Pro
arabic,scroll_triangle,explicit_rows,40,12,11,3584,3792,8083,Menlo,16,1,release,8,24,3,false,0,0,false,Metal,Apple M5 Pro
arabic,scroll_triangle,explicit_rows,40,12,12,3584,4083,8125,Menlo,16,1,release,8,24,3,false,0,0,false,Metal,Apple M5 Pro
arabic,scroll_triangle,explicit_rows,40,12,13,3583,3792,8000,Menlo,16,1,release,8,24,3,false,0,0,false,Metal,Apple M5 Pro
arabic,scroll_triangle,explicit_rows,40,12,14,3583,34542,8333,Menlo,16,1,release,8,24,3,false,0,0,false,Metal,Apple M5 Pro
arabic,scroll_triangle,explicit_rows,40,12,15,3584,3833,41,Menlo,16,1,release,8,24,3,false,0,0,false,Metal,Apple M5 Pro
arabic,scroll_triangle,explicit_rows,40,12,16,3542,4125,8291,Menlo,16,1,release,8,24,3,false,0,0,false,Metal,Apple M5 Pro
arabic,scroll_triangle,explicit_rows,40,12,17,3542,3875,8334,Menlo,16,1,release,8,24,3,false,0,0,false,Metal,Apple M5 Pro
arabic,scroll_triangle,explicit_rows,40,12,18,3541,3875,8333,Menlo,16,1,release,8,24,3,false,0,0,false,Metal,Apple M5 Pro
arabic,scroll_triangle,explicit_rows,40,12,19,3542,3833,8333,Menlo,16,1,release,8,24,3,false,0,0,false,Metal,Apple M5 Pro
arabic,scroll_triangle,explicit_rows,40,12,20,3542,3792,8334,Menlo,16,1,release,8,24,3,false,0,0,false,Metal,Apple M5 Pro
arabic,scroll_triangle,explicit_rows,40,12,21,3500,4166,8375,Menlo,16,1,release,8,24,3,false,0,0,false,Metal,Apple M5 Pro
arabic,scroll_triangle,explicit_rows,40,12,22,3541,3875,8334,Menlo,16,1,release,8,24,3,false,0,0,false,Metal,Apple M5 Pro
arabic,scroll_triangle,explicit_rows,40,12,23,3541,4292,8250,Menlo,16,1,release,8,24,3,false,0,0,false,Metal,Apple M5 Pro
arabic,scroll_triangle,softwrap,40,12,0,7708,1268750,11167,Menlo,16,1,release,8,24,3,false,1278,632,false,Metal,Apple M5 Pro
arabic,scroll_triangle,softwrap,40,12,1,8542,1235500,43625,Menlo,16,1,release,8,24,3,false,1204,706,false,Metal,Apple M5 Pro
arabic,scroll_triangle,softwrap,40,12,2,7958,1226458,25500,Menlo,16,1,release,8,24,3,false,1139,779,false,Metal,Apple M5 Pro
arabic,scroll_triangle,softwrap,40,12,3,7416,4625,84,Menlo,16,1,release,8,24,3,false,1139,779,false,Metal,Apple M5 Pro
arabic,scroll_triangle,softwrap,40,12,4,7166,4500,11208,Menlo,16,1,release,8,24,3,false,1204,706,false,Metal,Apple M5 Pro
arabic,scroll_triangle,softwrap,40,12,5,7125,4417,10958,Menlo,16,1,release,8,24,3,false,1278,632,false,Metal,Apple M5 Pro
arabic,scroll_triangle,softwrap,40,12,6,7083,4500,11042,Menlo,16,1,release,8,24,3,false,1352,566,false,Metal,Apple M5 Pro
arabic,scroll_triangle,softwrap,40,12,7,7041,4500,10625,Menlo,16,1,release,8,24,3,false,1418,492,false,Metal,Apple M5 Pro
arabic,scroll_triangle,softwrap,40,12,8,7125,4750,10542,Menlo,16,1,release,8,24,3,false,1491,418,false,Metal,Apple M5 Pro
arabic,scroll_triangle,softwrap,40,12,9,7083,4583,10667,Menlo,16,1,release,8,24,3,false,1565,352,false,Metal,Apple M5 Pro
arabic,scroll_triangle,softwrap,40,12,10,6917,4666,10625,Menlo,16,1,release,8,24,3,false,1631,278,false,Metal,Apple M5 Pro
arabic,scroll_triangle,softwrap,40,12,11,6959,4125,10875,Menlo,16,1,release,8,24,3,false,1705,206,false,Metal,Apple M5 Pro
arabic,scroll_triangle,softwrap,40,12,12,7042,4416,10667,Menlo,16,1,release,8,24,3,false,1774,138,false,Metal,Apple M5 Pro
arabic,scroll_triangle,softwrap,40,12,13,7125,4500,10750,Menlo,16,1,release,8,24,3,false,1845,64,false,Metal,Apple M5 Pro
arabic,scroll_triangle,softwrap,40,12,14,6917,1230459,35916,Menlo,16,1,release,8,24,3,false,1919,0,false,Metal,Apple M5 Pro
arabic,scroll_triangle,softwrap,40,12,15,7083,4500,42,Menlo,16,1,release,8,24,3,false,1919,0,false,Metal,Apple M5 Pro
arabic,scroll_triangle,softwrap,40,12,16,7000,4417,11417,Menlo,16,1,release,8,24,3,false,1845,64,false,Metal,Apple M5 Pro
arabic,scroll_triangle,softwrap,40,12,17,6916,4417,11208,Menlo,16,1,release,8,24,3,false,1774,138,false,Metal,Apple M5 Pro
arabic,scroll_triangle,softwrap,40,12,18,7000,4375,11167,Menlo,16,1,release,8,24,3,false,1705,206,false,Metal,Apple M5 Pro
arabic,scroll_triangle,softwrap,40,12,19,6916,4167,11291,Menlo,16,1,release,8,24,3,false,1631,278,false,Metal,Apple M5 Pro
arabic,scroll_triangle,softwrap,40,12,20,6875,4125,11208,Menlo,16,1,release,8,24,3,false,1565,352,false,Metal,Apple M5 Pro
arabic,scroll_triangle,softwrap,40,12,21,6958,4166,11084,Menlo,16,1,release,8,24,3,false,1491,418,false,Metal,Apple M5 Pro
arabic,scroll_triangle,softwrap,40,12,22,6875,4375,11167,Menlo,16,1,release,8,24,3,false,1418,492,false,Metal,Apple M5 Pro
arabic,scroll_triangle,softwrap,40,12,23,6917,4416,11083,Menlo,16,1,release,8,24,3,false,1352,566,false,Metal,Apple M5 Pro
arabic,dense_novel_text,explicit_rows,40,12,0,3625,360750,8500,Menlo,16,1,release,8,24,3,false,0,0,false,Metal,Apple M5 Pro
arabic,dense_novel_text,explicit_rows,40,12,1,3583,383625,8500,Menlo,16,1,release,8,24,3,false,0,0,false,Metal,Apple M5 Pro
arabic,dense_novel_text,explicit_rows,40,12,2,3584,388500,8834,Menlo,16,1,release,8,24,3,false,0,0,false,Metal,Apple M5 Pro
arabic,dense_novel_text,explicit_rows,40,12,3,3750,371500,8625,Menlo,16,1,release,8,24,3,false,0,0,false,Metal,Apple M5 Pro
arabic,dense_novel_text,explicit_rows,40,12,4,3625,357042,8541,Menlo,16,1,release,8,24,3,false,0,0,false,Metal,Apple M5 Pro
arabic,dense_novel_text,explicit_rows,40,12,5,3667,354583,8500,Menlo,16,1,release,8,24,3,false,0,0,false,Metal,Apple M5 Pro
arabic,dense_novel_text,explicit_rows,40,12,6,3625,355167,8541,Menlo,16,1,release,8,24,3,false,0,0,false,Metal,Apple M5 Pro
arabic,dense_novel_text,explicit_rows,40,12,7,3625,353875,8500,Menlo,16,1,release,8,24,3,false,0,0,false,Metal,Apple M5 Pro
arabic,dense_novel_text,explicit_rows,40,12,8,3583,354834,8542,Menlo,16,1,release,8,24,3,false,0,0,false,Metal,Apple M5 Pro
arabic,dense_novel_text,explicit_rows,40,12,9,3583,357042,8542,Menlo,16,1,release,8,24,3,false,0,0,false,Metal,Apple M5 Pro
arabic,dense_novel_text,explicit_rows,40,12,10,3583,422667,8500,Menlo,16,1,release,8,24,3,false,0,0,false,Metal,Apple M5 Pro
arabic,dense_novel_text,explicit_rows,40,12,11,3584,355083,8500,Menlo,16,1,release,8,24,3,false,0,0,false,Metal,Apple M5 Pro
arabic,dense_novel_text,explicit_rows,40,12,12,3584,354833,8458,Menlo,16,1,release,8,24,3,false,0,0,false,Metal,Apple M5 Pro
arabic,dense_novel_text,explicit_rows,40,12,13,3584,365459,8542,Menlo,16,1,release,8,24,3,false,0,0,false,Metal,Apple M5 Pro
arabic,dense_novel_text,explicit_rows,40,12,14,3583,360458,8458,Menlo,16,1,release,8,24,3,false,0,0,false,Metal,Apple M5 Pro
arabic,dense_novel_text,explicit_rows,40,12,15,3583,359041,8584,Menlo,16,1,release,8,24,3,false,0,0,false,Metal,Apple M5 Pro
arabic,dense_novel_text,explicit_rows,40,12,16,3542,358875,8500,Menlo,16,1,release,8,24,3,false,0,0,false,Metal,Apple M5 Pro
arabic,dense_novel_text,explicit_rows,40,12,17,3625,359667,8459,Menlo,16,1,release,8,24,3,false,0,0,false,Metal,Apple M5 Pro
arabic,dense_novel_text,explicit_rows,40,12,18,3875,358417,8459,Menlo,16,1,release,8,24,3,false,0,0,false,Metal,Apple M5 Pro
arabic,dense_novel_text,explicit_rows,40,12,19,3625,358709,8417,Menlo,16,1,release,8,24,3,false,0,0,false,Metal,Apple M5 Pro
arabic,dense_novel_text,explicit_rows,40,12,20,3625,359250,8458,Menlo,16,1,release,8,24,3,false,0,0,false,Metal,Apple M5 Pro
arabic,dense_novel_text,explicit_rows,40,12,21,3584,359250,8541,Menlo,16,1,release,8,24,3,false,0,0,false,Metal,Apple M5 Pro
arabic,dense_novel_text,explicit_rows,40,12,22,3583,358208,8500,Menlo,16,1,release,8,24,3,false,0,0,false,Metal,Apple M5 Pro
arabic,dense_novel_text,explicit_rows,40,12,23,3625,359250,8541,Menlo,16,1,release,8,24,3,false,0,0,false,Metal,Apple M5 Pro
arabic,dense_novel_text,softwrap,40,12,0,7416,1262834,28333,Menlo,16,1,release,8,24,3,false,1919,0,false,Metal,Apple M5 Pro
arabic,dense_novel_text,softwrap,40,12,1,6958,1253875,11916,Menlo,16,1,release,8,24,3,false,1919,0,false,Metal,Apple M5 Pro
arabic,dense_novel_text,softwrap,40,12,2,6958,1252958,11625,Menlo,16,1,release,8,24,3,false,1919,0,false,Metal,Apple M5 Pro
arabic,dense_novel_text,softwrap,40,12,3,7000,1252542,11541,Menlo,16,1,release,8,24,3,false,1919,0,false,Metal,Apple M5 Pro
arabic,dense_novel_text,softwrap,40,12,4,6958,1237709,11542,Menlo,16,1,release,8,24,3,false,1919,0,false,Metal,Apple M5 Pro
arabic,dense_novel_text,softwrap,40,12,5,7125,1292458,11542,Menlo,16,1,release,8,24,3,false,1919,0,false,Metal,Apple M5 Pro
arabic,dense_novel_text,softwrap,40,12,6,6875,1263917,11541,Menlo,16,1,release,8,24,3,false,1919,0,false,Metal,Apple M5 Pro
arabic,dense_novel_text,softwrap,40,12,7,6875,1288125,11875,Menlo,16,1,release,8,24,3,false,1919,0,false,Metal,Apple M5 Pro
arabic,dense_novel_text,softwrap,40,12,8,7750,1248708,11667,Menlo,16,1,release,8,24,3,false,1919,0,false,Metal,Apple M5 Pro
arabic,dense_novel_text,softwrap,40,12,9,7375,1256542,11750,Menlo,16,1,release,8,24,3,false,1919,0,false,Metal,Apple M5 Pro
arabic,dense_novel_text,softwrap,40,12,10,7292,1241292,11625,Menlo,16,1,release,8,24,3,false,1919,0,false,Metal,Apple M5 Pro
arabic,dense_novel_text,softwrap,40,12,11,7291,1252708,11500,Menlo,16,1,release,8,24,3,false,1919,0,false,Metal,Apple M5 Pro
arabic,dense_novel_text,softwrap,40,12,12,7208,1251000,11583,Menlo,16,1,release,8,24,3,false,1919,0,false,Metal,Apple M5 Pro
arabic,dense_novel_text,softwrap,40,12,13,7208,1239875,11625,Menlo,16,1,release,8,24,3,false,1919,0,false,Metal,Apple M5 Pro
arabic,dense_novel_text,softwrap,40,12,14,7167,1239666,11542,Menlo,16,1,release,8,24,3,false,1919,0,false,Metal,Apple M5 Pro
arabic,dense_novel_text,softwrap,40,12,15,7208,1274334,11875,Menlo,16,1,release,8,24,3,false,1919,0,false,Metal,Apple M5 Pro
arabic,dense_novel_text,softwrap,40,12,16,7625,1244916,11625,Menlo,16,1,release,8,24,3,false,1919,0,false,Metal,Apple M5 Pro
arabic,dense_novel_text,softwrap,40,12,17,7333,1257750,11583,Menlo,16,1,release,8,24,3,false,1919,0,false,Metal,Apple M5 Pro
arabic,dense_novel_text,softwrap,40,12,18,7375,1246958,11541,Menlo,16,1,release,8,24,3,false,1919,0,false,Metal,Apple M5 Pro
arabic,dense_novel_text,softwrap,40,12,19,7208,1250500,11625,Menlo,16,1,release,8,24,3,false,1919,0,false,Metal,Apple M5 Pro
arabic,dense_novel_text,softwrap,40,12,20,7292,1234209,11584,Menlo,16,1,release,8,24,3,false,1919,0,false,Metal,Apple M5 Pro
arabic,dense_novel_text,softwrap,40,12,21,7084,1249334,11666,Menlo,16,1,release,8,24,3,false,1919,0,false,Metal,Apple M5 Pro
arabic,dense_novel_text,softwrap,40,12,22,7083,1265833,11958,Menlo,16,1,release,8,24,3,false,1919,0,false,Metal,Apple M5 Pro
arabic,dense_novel_text,softwrap,40,12,23,7333,1252292,11792,Menlo,16,1,release,8,24,3,false,1919,0,false,Metal,Apple M5 Pro
rtl_context_ltr_viewport,sparse_novel_counter,explicit_rows,40,12,0,3542,4625,625,Menlo,16,1,release,8,24,3,false,0,0,false,Metal,Apple M5 Pro
rtl_context_ltr_viewport,sparse_novel_counter,explicit_rows,40,12,1,3666,5042,18708,Menlo,16,1,release,8,24,3,false,0,0,false,Metal,Apple M5 Pro
rtl_context_ltr_viewport,sparse_novel_counter,explicit_rows,40,12,2,3625,4958,709,Menlo,16,1,release,8,24,3,false,0,0,false,Metal,Apple M5 Pro
rtl_context_ltr_viewport,sparse_novel_counter,explicit_rows,40,12,3,3542,5166,667,Menlo,16,1,release,8,24,3,false,0,0,false,Metal,Apple M5 Pro
rtl_context_ltr_viewport,sparse_novel_counter,explicit_rows,40,12,4,3541,6167,667,Menlo,16,1,release,8,24,3,false,0,0,false,Metal,Apple M5 Pro
rtl_context_ltr_viewport,sparse_novel_counter,explicit_rows,40,12,5,3542,5167,667,Menlo,16,1,release,8,24,3,false,0,0,false,Metal,Apple M5 Pro
rtl_context_ltr_viewport,sparse_novel_counter,explicit_rows,40,12,6,3500,5083,667,Menlo,16,1,release,8,24,3,false,0,0,false,Metal,Apple M5 Pro
rtl_context_ltr_viewport,sparse_novel_counter,explicit_rows,40,12,7,3500,5042,666,Menlo,16,1,release,8,24,3,false,0,0,false,Metal,Apple M5 Pro
rtl_context_ltr_viewport,sparse_novel_counter,explicit_rows,40,12,8,3792,5083,625,Menlo,16,1,release,8,24,3,false,0,0,false,Metal,Apple M5 Pro
rtl_context_ltr_viewport,sparse_novel_counter,explicit_rows,40,12,9,3584,11834,625,Menlo,16,1,release,8,24,3,false,0,0,false,Metal,Apple M5 Pro
rtl_context_ltr_viewport,sparse_novel_counter,explicit_rows,40,12,10,3584,6250,625,Menlo,16,1,release,8,24,3,false,0,0,false,Metal,Apple M5 Pro
rtl_context_ltr_viewport,sparse_novel_counter,explicit_rows,40,12,11,3542,5375,20709,Menlo,16,1,release,8,24,3,false,0,0,false,Metal,Apple M5 Pro
rtl_context_ltr_viewport,sparse_novel_counter,explicit_rows,40,12,12,3584,5375,667,Menlo,16,1,release,8,24,3,false,0,0,false,Metal,Apple M5 Pro
rtl_context_ltr_viewport,sparse_novel_counter,explicit_rows,40,12,13,3500,4958,667,Menlo,16,1,release,8,24,3,false,0,0,false,Metal,Apple M5 Pro
rtl_context_ltr_viewport,sparse_novel_counter,explicit_rows,40,12,14,3542,4750,666,Menlo,16,1,release,8,24,3,false,0,0,false,Metal,Apple M5 Pro
rtl_context_ltr_viewport,sparse_novel_counter,explicit_rows,40,12,15,3541,5000,667,Menlo,16,1,release,8,24,3,false,0,0,false,Metal,Apple M5 Pro
rtl_context_ltr_viewport,sparse_novel_counter,explicit_rows,40,12,16,3625,6375,625,Menlo,16,1,release,8,24,3,false,0,0,false,Metal,Apple M5 Pro
rtl_context_ltr_viewport,sparse_novel_counter,explicit_rows,40,12,17,3583,5166,709,Menlo,16,1,release,8,24,3,false,0,0,false,Metal,Apple M5 Pro
rtl_context_ltr_viewport,sparse_novel_counter,explicit_rows,40,12,18,3500,5000,625,Menlo,16,1,release,8,24,3,false,0,0,false,Metal,Apple M5 Pro
rtl_context_ltr_viewport,sparse_novel_counter,explicit_rows,40,12,19,3541,5084,666,Menlo,16,1,release,8,24,3,false,0,0,false,Metal,Apple M5 Pro
rtl_context_ltr_viewport,sparse_novel_counter,explicit_rows,40,12,20,3500,4875,625,Menlo,16,1,release,8,24,3,false,0,0,false,Metal,Apple M5 Pro
rtl_context_ltr_viewport,sparse_novel_counter,explicit_rows,40,12,21,3500,4834,18334,Menlo,16,1,release,8,24,3,false,0,0,false,Metal,Apple M5 Pro
rtl_context_ltr_viewport,sparse_novel_counter,explicit_rows,40,12,22,3583,6417,708,Menlo,16,1,release,8,24,3,false,0,0,false,Metal,Apple M5 Pro
rtl_context_ltr_viewport,sparse_novel_counter,explicit_rows,40,12,23,3542,5333,667,Menlo,16,1,release,8,24,3,false,0,0,false,Metal,Apple M5 Pro
rtl_context_ltr_viewport,sparse_novel_counter,softwrap,40,12,0,8042,379042,29208,Menlo,16,1,release,8,24,3,false,1082,0,false,Metal,Apple M5 Pro
rtl_context_ltr_viewport,sparse_novel_counter,softwrap,40,12,1,6917,358250,10083,Menlo,16,1,release,8,24,3,false,1082,0,false,Metal,Apple M5 Pro
rtl_context_ltr_viewport,sparse_novel_counter,softwrap,40,12,2,6792,372083,13416,Menlo,16,1,release,8,24,3,false,1082,0,false,Metal,Apple M5 Pro
rtl_context_ltr_viewport,sparse_novel_counter,softwrap,40,12,3,8750,398625,10125,Menlo,16,1,release,8,24,3,false,1082,0,false,Metal,Apple M5 Pro
rtl_context_ltr_viewport,sparse_novel_counter,softwrap,40,12,4,6875,354750,10083,Menlo,16,1,release,8,24,3,false,1082,0,false,Metal,Apple M5 Pro
rtl_context_ltr_viewport,sparse_novel_counter,softwrap,40,12,5,6542,359167,10125,Menlo,16,1,release,8,24,3,false,1082,0,false,Metal,Apple M5 Pro
rtl_context_ltr_viewport,sparse_novel_counter,softwrap,40,12,6,6583,415667,10375,Menlo,16,1,release,8,24,3,false,1082,0,false,Metal,Apple M5 Pro
rtl_context_ltr_viewport,sparse_novel_counter,softwrap,40,12,7,7833,374500,10084,Menlo,16,1,release,8,24,3,false,1082,0,false,Metal,Apple M5 Pro
rtl_context_ltr_viewport,sparse_novel_counter,softwrap,40,12,8,7208,360875,10000,Menlo,16,1,release,8,24,3,false,1082,0,false,Metal,Apple M5 Pro
rtl_context_ltr_viewport,sparse_novel_counter,softwrap,40,12,9,7000,358500,10167,Menlo,16,1,release,8,24,3,false,1082,0,false,Metal,Apple M5 Pro
rtl_context_ltr_viewport,sparse_novel_counter,softwrap,40,12,10,7042,375833,12875,Menlo,16,1,release,8,24,3,false,1082,0,false,Metal,Apple M5 Pro
rtl_context_ltr_viewport,sparse_novel_counter,softwrap,40,12,11,7083,370167,10083,Menlo,16,1,release,8,24,3,false,1082,0,false,Metal,Apple M5 Pro
rtl_context_ltr_viewport,sparse_novel_counter,softwrap,40,12,12,7083,357708,10167,Menlo,16,1,release,8,24,3,false,1082,0,false,Metal,Apple M5 Pro
rtl_context_ltr_viewport,sparse_novel_counter,softwrap,40,12,13,7000,357042,10083,Menlo,16,1,release,8,24,3,false,1082,0,false,Metal,Apple M5 Pro
rtl_context_ltr_viewport,sparse_novel_counter,softwrap,40,12,14,6792,354750,10042,Menlo,16,1,release,8,24,3,false,1082,0,false,Metal,Apple M5 Pro
rtl_context_ltr_viewport,sparse_novel_counter,softwrap,40,12,15,6834,355541,10042,Menlo,16,1,release,8,24,3,false,1082,0,false,Metal,Apple M5 Pro
rtl_context_ltr_viewport,sparse_novel_counter,softwrap,40,12,16,7000,368042,10042,Menlo,16,1,release,8,24,3,false,1082,0,false,Metal,Apple M5 Pro
rtl_context_ltr_viewport,sparse_novel_counter,softwrap,40,12,17,6792,357541,10125,Menlo,16,1,release,8,24,3,false,1082,0,false,Metal,Apple M5 Pro
rtl_context_ltr_viewport,sparse_novel_counter,softwrap,40,12,18,6750,354542,10000,Menlo,16,1,release,8,24,3,false,1082,0,false,Metal,Apple M5 Pro
rtl_context_ltr_viewport,sparse_novel_counter,softwrap,40,12,19,6958,365083,10125,Menlo,16,1,release,8,24,3,false,1082,0,false,Metal,Apple M5 Pro
rtl_context_ltr_viewport,sparse_novel_counter,softwrap,40,12,20,6750,370833,10042,Menlo,16,1,release,8,24,3,false,1082,0,false,Metal,Apple M5 Pro
rtl_context_ltr_viewport,sparse_novel_counter,softwrap,40,12,21,6834,358166,10042,Menlo,16,1,release,8,24,3,false,1082,0,false,Metal,Apple M5 Pro
rtl_context_ltr_viewport,sparse_novel_counter,softwrap,40,12,22,6833,361166,9959,Menlo,16,1,release,8,24,3,false,1082,0,false,Metal,Apple M5 Pro
rtl_context_ltr_viewport,sparse_novel_counter,softwrap,40,12,23,6625,380458,10792,Menlo,16,1,release,8,24,3,false,1082,0,false,Metal,Apple M5 Pro
rtl_context_ltr_viewport,scroll_triangle,explicit_rows,40,12,0,3625,4875,7250,Menlo,16,1,release,8,24,3,false,0,0,false,Metal,Apple M5 Pro
rtl_context_ltr_viewport,scroll_triangle,explicit_rows,40,12,1,3625,5291,7375,Menlo,16,1,release,8,24,3,false,0,0,false,Metal,Apple M5 Pro
rtl_context_ltr_viewport,scroll_triangle,explicit_rows,40,12,2,3542,4916,7250,Menlo,16,1,release,8,24,3,false,0,0,false,Metal,Apple M5 Pro
rtl_context_ltr_viewport,scroll_triangle,explicit_rows,40,12,3,3541,3709,41,Menlo,16,1,release,8,24,3,false,0,0,false,Metal,Apple M5 Pro
rtl_context_ltr_viewport,scroll_triangle,explicit_rows,40,12,4,3542,3666,7333,Menlo,16,1,release,8,24,3,false,0,0,false,Metal,Apple M5 Pro
rtl_context_ltr_viewport,scroll_triangle,explicit_rows,40,12,5,3583,3791,7042,Menlo,16,1,release,8,24,3,false,0,0,false,Metal,Apple M5 Pro
rtl_context_ltr_viewport,scroll_triangle,explicit_rows,40,12,6,3584,3708,6916,Menlo,16,1,release,8,24,3,false,0,0,false,Metal,Apple M5 Pro
rtl_context_ltr_viewport,scroll_triangle,explicit_rows,40,12,7,3584,3791,6917,Menlo,16,1,release,8,24,3,false,0,0,false,Metal,Apple M5 Pro
rtl_context_ltr_viewport,scroll_triangle,explicit_rows,40,12,8,3542,3708,6750,Menlo,16,1,release,8,24,3,false,0,0,false,Metal,Apple M5 Pro
rtl_context_ltr_viewport,scroll_triangle,explicit_rows,40,12,9,3541,3708,6750,Menlo,16,1,release,8,24,3,false,0,0,false,Metal,Apple M5 Pro
rtl_context_ltr_viewport,scroll_triangle,explicit_rows,40,12,10,3542,4041,6792,Menlo,16,1,release,8,24,3,false,0,0,false,Metal,Apple M5 Pro
rtl_context_ltr_viewport,scroll_triangle,explicit_rows,40,12,11,3542,3791,6750,Menlo,16,1,release,8,24,3,false,0,0,false,Metal,Apple M5 Pro
rtl_context_ltr_viewport,scroll_triangle,explicit_rows,40,12,12,4166,4292,7291,Menlo,16,1,release,8,24,3,false,0,0,false,Metal,Apple M5 Pro
rtl_context_ltr_viewport,scroll_triangle,explicit_rows,40,12,13,3583,4208,6792,Menlo,16,1,release,8,24,3,false,0,0,false,Metal,Apple M5 Pro
rtl_context_ltr_viewport,scroll_triangle,explicit_rows,40,12,14,3541,5584,6875,Menlo,16,1,release,8,24,3,false,0,0,false,Metal,Apple M5 Pro
rtl_context_ltr_viewport,scroll_triangle,explicit_rows,40,12,15,3584,3875,42,Menlo,16,1,release,8,24,3,false,0,0,false,Metal,Apple M5 Pro
rtl_context_ltr_viewport,scroll_triangle,explicit_rows,40,12,16,3583,4041,6792,Menlo,16,1,release,8,24,3,false,0,0,false,Metal,Apple M5 Pro
rtl_context_ltr_viewport,scroll_triangle,explicit_rows,40,12,17,3583,3750,6792,Menlo,16,1,release,8,24,3,false,0,0,false,Metal,Apple M5 Pro
rtl_context_ltr_viewport,scroll_triangle,explicit_rows,40,12,18,3541,3750,6917,Menlo,16,1,release,8,24,3,false,0,0,false,Metal,Apple M5 Pro
rtl_context_ltr_viewport,scroll_triangle,explicit_rows,40,12,19,3583,4042,6750,Menlo,16,1,release,8,24,3,false,0,0,false,Metal,Apple M5 Pro
rtl_context_ltr_viewport,scroll_triangle,explicit_rows,40,12,20,3583,3750,6833,Menlo,16,1,release,8,24,3,false,0,0,false,Metal,Apple M5 Pro
rtl_context_ltr_viewport,scroll_triangle,explicit_rows,40,12,21,3583,4000,6875,Menlo,16,1,release,8,24,3,false,0,0,false,Metal,Apple M5 Pro
rtl_context_ltr_viewport,scroll_triangle,explicit_rows,40,12,22,3584,3750,6792,Menlo,16,1,release,8,24,3,false,0,0,false,Metal,Apple M5 Pro
rtl_context_ltr_viewport,scroll_triangle,explicit_rows,40,12,23,3583,4042,6750,Menlo,16,1,release,8,24,3,false,0,0,false,Metal,Apple M5 Pro
rtl_context_ltr_viewport,scroll_triangle,softwrap,40,12,0,6625,373792,10875,Menlo,16,1,release,8,24,3,false,716,366,false,Metal,Apple M5 Pro
rtl_context_ltr_viewport,scroll_triangle,softwrap,40,12,1,7000,362500,10916,Menlo,16,1,release,8,24,3,false,675,406,false,Metal,Apple M5 Pro
rtl_context_ltr_viewport,scroll_triangle,softwrap,40,12,2,6666,364375,10917,Menlo,16,1,release,8,24,3,false,635,447,false,Metal,Apple M5 Pro
rtl_context_ltr_viewport,scroll_triangle,softwrap,40,12,3,6708,4208,84,Menlo,16,1,release,8,24,3,false,635,447,false,Metal,Apple M5 Pro
rtl_context_ltr_viewport,scroll_triangle,softwrap,40,12,4,6250,3958,11000,Menlo,16,1,release,8,24,3,false,675,406,false,Metal,Apple M5 Pro
rtl_context_ltr_viewport,scroll_triangle,softwrap,40,12,5,6375,4167,10833,Menlo,16,1,release,8,24,3,false,716,366,false,Metal,Apple M5 Pro
rtl_context_ltr_viewport,scroll_triangle,softwrap,40,12,6,6333,4000,11042,Menlo,16,1,release,8,24,3,false,757,325,false,Metal,Apple M5 Pro
rtl_context_ltr_viewport,scroll_triangle,softwrap,40,12,7,6375,4000,10833,Menlo,16,1,release,8,24,3,false,797,284,false,Metal,Apple M5 Pro
rtl_context_ltr_viewport,scroll_triangle,softwrap,40,12,8,6459,4375,10833,Menlo,16,1,release,8,24,3,false,838,244,false,Metal,Apple M5 Pro
rtl_context_ltr_viewport,scroll_triangle,softwrap,40,12,9,6459,4333,10792,Menlo,16,1,release,8,24,3,false,879,203,false,Metal,Apple M5 Pro
rtl_context_ltr_viewport,scroll_triangle,softwrap,40,12,10,6416,3958,10750,Menlo,16,1,release,8,24,3,false,919,162,false,Metal,Apple M5 Pro
rtl_context_ltr_viewport,scroll_triangle,softwrap,40,12,11,6500,4291,10834,Menlo,16,1,release,8,24,3,false,960,122,false,Metal,Apple M5 Pro
rtl_context_ltr_viewport,scroll_triangle,softwrap,40,12,12,6541,4042,10833,Menlo,16,1,release,8,24,3,false,1001,81,false,Metal,Apple M5 Pro
rtl_context_ltr_viewport,scroll_triangle,softwrap,40,12,13,6458,3958,10833,Menlo,16,1,release,8,24,3,false,1041,40,false,Metal,Apple M5 Pro
rtl_context_ltr_viewport,scroll_triangle,softwrap,40,12,14,6875,359083,10041,Menlo,16,1,release,8,24,3,false,1082,0,false,Metal,Apple M5 Pro
rtl_context_ltr_viewport,scroll_triangle,softwrap,40,12,15,6792,4166,42,Menlo,16,1,release,8,24,3,false,1082,0,false,Metal,Apple M5 Pro
rtl_context_ltr_viewport,scroll_triangle,softwrap,40,12,16,6500,4458,10834,Menlo,16,1,release,8,24,3,false,1041,40,false,Metal,Apple M5 Pro
rtl_context_ltr_viewport,scroll_triangle,softwrap,40,12,17,6417,4375,10792,Menlo,16,1,release,8,24,3,false,1001,81,false,Metal,Apple M5 Pro
rtl_context_ltr_viewport,scroll_triangle,softwrap,40,12,18,6375,3958,10750,Menlo,16,1,release,8,24,3,false,960,122,false,Metal,Apple M5 Pro
rtl_context_ltr_viewport,scroll_triangle,softwrap,40,12,19,6458,4291,10792,Menlo,16,1,release,8,24,3,false,919,162,false,Metal,Apple M5 Pro
rtl_context_ltr_viewport,scroll_triangle,softwrap,40,12,20,6417,3958,10791,Menlo,16,1,release,8,24,3,false,879,203,false,Metal,Apple M5 Pro
rtl_context_ltr_viewport,scroll_triangle,softwrap,40,12,21,6458,4416,10750,Menlo,16,1,release,8,24,3,false,838,244,false,Metal,Apple M5 Pro
rtl_context_ltr_viewport,scroll_triangle,softwrap,40,12,22,6625,4084,10875,Menlo,16,1,release,8,24,3,false,797,284,false,Metal,Apple M5 Pro
rtl_context_ltr_viewport,scroll_triangle,softwrap,40,12,23,6709,4333,10833,Menlo,16,1,release,8,24,3,false,757,325,false,Metal,Apple M5 Pro
rtl_context_ltr_viewport,dense_novel_text,explicit_rows,40,12,0,3542,16833,6584,Menlo,16,1,release,8,24,3,false,0,0,false,Metal,Apple M5 Pro
rtl_context_ltr_viewport,dense_novel_text,explicit_rows,40,12,1,3625,44000,18583,Menlo,16,1,release,8,24,3,false,0,0,false,Metal,Apple M5 Pro
rtl_context_ltr_viewport,dense_novel_text,explicit_rows,40,12,2,3583,16417,7250,Menlo,16,1,release,8,24,3,false,0,0,false,Metal,Apple M5 Pro
rtl_context_ltr_viewport,dense_novel_text,explicit_rows,40,12,3,3583,16208,6958,Menlo,16,1,release,8,24,3,false,0,0,false,Metal,Apple M5 Pro
rtl_context_ltr_viewport,dense_novel_text,explicit_rows,40,12,4,3583,17625,7042,Menlo,16,1,release,8,24,3,false,0,0,false,Metal,Apple M5 Pro
rtl_context_ltr_viewport,dense_novel_text,explicit_rows,40,12,5,3584,16208,7292,Menlo,16,1,release,8,24,3,false,0,0,false,Metal,Apple M5 Pro
rtl_context_ltr_viewport,dense_novel_text,explicit_rows,40,12,6,3541,16125,7250,Menlo,16,1,release,8,24,3,false,0,0,false,Metal,Apple M5 Pro
rtl_context_ltr_viewport,dense_novel_text,explicit_rows,40,12,7,3542,15875,7417,Menlo,16,1,release,8,24,3,false,0,0,false,Metal,Apple M5 Pro
rtl_context_ltr_viewport,dense_novel_text,explicit_rows,40,12,8,3542,16958,6958,Menlo,16,1,release,8,24,3,false,0,0,false,Metal,Apple M5 Pro
rtl_context_ltr_viewport,dense_novel_text,explicit_rows,40,12,9,3584,16041,26375,Menlo,16,1,release,8,24,3,false,0,0,false,Metal,Apple M5 Pro
rtl_context_ltr_viewport,dense_novel_text,explicit_rows,40,12,10,3958,78167,6958,Menlo,16,1,release,8,24,3,false,0,0,false,Metal,Apple M5 Pro
rtl_context_ltr_viewport,dense_novel_text,explicit_rows,40,12,11,3667,16416,28750,Menlo,16,1,release,8,24,3,false,0,0,false,Metal,Apple M5 Pro
rtl_context_ltr_viewport,dense_novel_text,explicit_rows,40,12,12,3625,16709,7167,Menlo,16,1,release,8,24,3,false,0,0,false,Metal,Apple M5 Pro
rtl_context_ltr_viewport,dense_novel_text,explicit_rows,40,12,13,3541,18334,7167,Menlo,16,1,release,8,24,3,false,0,0,false,Metal,Apple M5 Pro
rtl_context_ltr_viewport,dense_novel_text,explicit_rows,40,12,14,3541,18792,7208,Menlo,16,1,release,8,24,3,false,0,0,false,Metal,Apple M5 Pro
rtl_context_ltr_viewport,dense_novel_text,explicit_rows,40,12,15,3583,18167,7208,Menlo,16,1,release,8,24,3,false,0,0,false,Metal,Apple M5 Pro
rtl_context_ltr_viewport,dense_novel_text,explicit_rows,40,12,16,3625,17791,7333,Menlo,16,1,release,8,24,3,false,0,0,false,Metal,Apple M5 Pro
rtl_context_ltr_viewport,dense_novel_text,explicit_rows,40,12,17,3625,18334,6958,Menlo,16,1,release,8,24,3,false,0,0,false,Metal,Apple M5 Pro
rtl_context_ltr_viewport,dense_novel_text,explicit_rows,40,12,18,3625,18167,6875,Menlo,16,1,release,8,24,3,false,0,0,false,Metal,Apple M5 Pro
rtl_context_ltr_viewport,dense_novel_text,explicit_rows,40,12,19,3583,17959,6791,Menlo,16,1,release,8,24,3,false,0,0,false,Metal,Apple M5 Pro
rtl_context_ltr_viewport,dense_novel_text,explicit_rows,40,12,20,3834,17916,6750,Menlo,16,1,release,8,24,3,false,0,0,false,Metal,Apple M5 Pro
rtl_context_ltr_viewport,dense_novel_text,explicit_rows,40,12,21,3542,18208,25167,Menlo,16,1,release,8,24,3,false,0,0,false,Metal,Apple M5 Pro
rtl_context_ltr_viewport,dense_novel_text,explicit_rows,40,12,22,3625,18125,7375,Menlo,16,1,release,8,24,3,false,0,0,false,Metal,Apple M5 Pro
rtl_context_ltr_viewport,dense_novel_text,explicit_rows,40,12,23,3542,18000,7334,Menlo,16,1,release,8,24,3,false,0,0,false,Metal,Apple M5 Pro
rtl_context_ltr_viewport,dense_novel_text,softwrap,40,12,0,6666,359750,18833,Menlo,16,1,release,8,24,3,false,1082,0,false,Metal,Apple M5 Pro
rtl_context_ltr_viewport,dense_novel_text,softwrap,40,12,1,6375,352167,10125,Menlo,16,1,release,8,24,3,false,1082,0,false,Metal,Apple M5 Pro
rtl_context_ltr_viewport,dense_novel_text,softwrap,40,12,2,6417,353708,10083,Menlo,16,1,release,8,24,3,false,1082,0,false,Metal,Apple M5 Pro
rtl_context_ltr_viewport,dense_novel_text,softwrap,40,12,3,6416,349625,10084,Menlo,16,1,release,8,24,3,false,1082,0,false,Metal,Apple M5 Pro
rtl_context_ltr_viewport,dense_novel_text,softwrap,40,12,4,6417,352792,10041,Menlo,16,1,release,8,24,3,false,1082,0,false,Metal,Apple M5 Pro
rtl_context_ltr_viewport,dense_novel_text,softwrap,40,12,5,6417,356500,10000,Menlo,16,1,release,8,24,3,false,1082,0,false,Metal,Apple M5 Pro
rtl_context_ltr_viewport,dense_novel_text,softwrap,40,12,6,6250,369083,10083,Menlo,16,1,release,8,24,3,false,1082,0,false,Metal,Apple M5 Pro
rtl_context_ltr_viewport,dense_novel_text,softwrap,40,12,7,6459,347417,10083,Menlo,16,1,release,8,24,3,false,1082,0,false,Metal,Apple M5 Pro
rtl_context_ltr_viewport,dense_novel_text,softwrap,40,12,8,6375,360542,9958,Menlo,16,1,release,8,24,3,false,1082,0,false,Metal,Apple M5 Pro
rtl_context_ltr_viewport,dense_novel_text,softwrap,40,12,9,6333,349791,10042,Menlo,16,1,release,8,24,3,false,1082,0,false,Metal,Apple M5 Pro
rtl_context_ltr_viewport,dense_novel_text,softwrap,40,12,10,6458,349000,10083,Menlo,16,1,release,8,24,3,false,1082,0,false,Metal,Apple M5 Pro
rtl_context_ltr_viewport,dense_novel_text,softwrap,40,12,11,6417,348417,10000,Menlo,16,1,release,8,24,3,false,1082,0,false,Metal,Apple M5 Pro
rtl_context_ltr_viewport,dense_novel_text,softwrap,40,12,12,6417,350000,10042,Menlo,16,1,release,8,24,3,false,1082,0,false,Metal,Apple M5 Pro
rtl_context_ltr_viewport,dense_novel_text,softwrap,40,12,13,6375,396083,10167,Menlo,16,1,release,8,24,3,false,1082,0,false,Metal,Apple M5 Pro
rtl_context_ltr_viewport,dense_novel_text,softwrap,40,12,14,7375,369000,10042,Menlo,16,1,release,8,24,3,false,1082,0,false,Metal,Apple M5 Pro
rtl_context_ltr_viewport,dense_novel_text,softwrap,40,12,15,6958,370833,10000,Menlo,16,1,release,8,24,3,false,1082,0,false,Metal,Apple M5 Pro
rtl_context_ltr_viewport,dense_novel_text,softwrap,40,12,16,6917,362625,10042,Menlo,16,1,release,8,24,3,false,1082,0,false,Metal,Apple M5 Pro
rtl_context_ltr_viewport,dense_novel_text,softwrap,40,12,17,6667,355292,10041,Menlo,16,1,release,8,24,3,false,1082,0,false,Metal,Apple M5 Pro
rtl_context_ltr_viewport,dense_novel_text,softwrap,40,12,18,6583,351083,9583,Menlo,16,1,release,8,24,3,false,1082,0,false,Metal,Apple M5 Pro
rtl_context_ltr_viewport,dense_novel_text,softwrap,40,12,19,6625,365417,10000,Menlo,16,1,release,8,24,3,false,1082,0,false,Metal,Apple M5 Pro
rtl_context_ltr_viewport,dense_novel_text,softwrap,40,12,20,6583,354917,10000,Menlo,16,1,release,8,24,3,false,1082,0,false,Metal,Apple M5 Pro
rtl_context_ltr_viewport,dense_novel_text,softwrap,40,12,21,6583,351583,10000,Menlo,16,1,release,8,24,3,false,1082,0,false,Metal,Apple M5 Pro
rtl_context_ltr_viewport,dense_novel_text,softwrap,40,12,22,6625,354125,10042,Menlo,16,1,release,8,24,3,false,1082,0,false,Metal,Apple M5 Pro
rtl_context_ltr_viewport,dense_novel_text,softwrap,40,12,23,6541,353417,10000,Menlo,16,1,release,8,24,3,false,1082,0,false,Metal,Apple M5 Pro
latin_accents,sparse_novel_counter,explicit_rows,81,25,0,15250,41292,1875,Menlo,16,1,release,8,24,3,false,0,0,false,Metal,Apple M5 Pro
latin_accents,sparse_novel_counter,explicit_rows,81,25,1,15667,42458,1958,Menlo,16,1,release,8,24,3,false,0,0,false,Metal,Apple M5 Pro
latin_accents,sparse_novel_counter,explicit_rows,81,25,2,15459,42292,2000,Menlo,16,1,release,8,24,3,false,0,0,false,Metal,Apple M5 Pro
latin_accents,sparse_novel_counter,explicit_rows,81,25,3,15458,40667,1959,Menlo,16,1,release,8,24,3,false,0,0,false,Metal,Apple M5 Pro
latin_accents,sparse_novel_counter,explicit_rows,81,25,4,15417,42375,1958,Menlo,16,1,release,8,24,3,false,0,0,false,Metal,Apple M5 Pro
latin_accents,sparse_novel_counter,explicit_rows,81,25,5,15375,40583,1916,Menlo,16,1,release,8,24,3,false,0,0,false,Metal,Apple M5 Pro
latin_accents,sparse_novel_counter,explicit_rows,81,25,6,15375,42083,1916,Menlo,16,1,release,8,24,3,false,0,0,false,Metal,Apple M5 Pro
latin_accents,sparse_novel_counter,explicit_rows,81,25,7,15375,40750,1958,Menlo,16,1,release,8,24,3,false,0,0,false,Metal,Apple M5 Pro
latin_accents,sparse_novel_counter,explicit_rows,81,25,8,15375,41584,1917,Menlo,16,1,release,8,24,3,false,0,0,false,Metal,Apple M5 Pro
latin_accents,sparse_novel_counter,explicit_rows,81,25,9,15209,41416,1917,Menlo,16,1,release,8,24,3,false,0,0,false,Metal,Apple M5 Pro
latin_accents,sparse_novel_counter,explicit_rows,81,25,10,15208,41375,1959,Menlo,16,1,release,8,24,3,false,0,0,false,Metal,Apple M5 Pro
latin_accents,sparse_novel_counter,explicit_rows,81,25,11,15667,41458,1958,Menlo,16,1,release,8,24,3,false,0,0,false,Metal,Apple M5 Pro
latin_accents,sparse_novel_counter,explicit_rows,81,25,12,15584,40834,1917,Menlo,16,1,release,8,24,3,false,0,0,false,Metal,Apple M5 Pro
latin_accents,sparse_novel_counter,explicit_rows,81,25,13,15583,40250,1959,Menlo,16,1,release,8,24,3,false,0,0,false,Metal,Apple M5 Pro
latin_accents,sparse_novel_counter,explicit_rows,81,25,14,15375,41125,1959,Menlo,16,1,release,8,24,3,false,0,0,false,Metal,Apple M5 Pro
latin_accents,sparse_novel_counter,explicit_rows,81,25,15,15417,40209,1958,Menlo,16,1,release,8,24,3,false,0,0,false,Metal,Apple M5 Pro
latin_accents,sparse_novel_counter,explicit_rows,81,25,16,15291,42334,1959,Menlo,16,1,release,8,24,3,false,0,0,false,Metal,Apple M5 Pro
latin_accents,sparse_novel_counter,explicit_rows,81,25,17,15542,40708,1917,Menlo,16,1,release,8,24,3,false,0,0,false,Metal,Apple M5 Pro
latin_accents,sparse_novel_counter,explicit_rows,81,25,18,15459,41292,1917,Menlo,16,1,release,8,24,3,false,0,0,false,Metal,Apple M5 Pro
latin_accents,sparse_novel_counter,explicit_rows,81,25,19,15416,40500,1917,Menlo,16,1,release,8,24,3,false,0,0,false,Metal,Apple M5 Pro
latin_accents,sparse_novel_counter,explicit_rows,81,25,20,15792,52916,2000,Menlo,16,1,release,8,24,3,false,0,0,false,Metal,Apple M5 Pro
latin_accents,sparse_novel_counter,explicit_rows,81,25,21,15750,41833,1917,Menlo,16,1,release,8,24,3,false,0,0,false,Metal,Apple M5 Pro
latin_accents,sparse_novel_counter,explicit_rows,81,25,22,15416,41542,1958,Menlo,16,1,release,8,24,3,false,0,0,false,Metal,Apple M5 Pro
latin_accents,sparse_novel_counter,explicit_rows,81,25,23,15375,41083,2042,Menlo,16,1,release,8,24,3,false,0,0,false,Metal,Apple M5 Pro
latin_accents,sparse_novel_counter,softwrap,81,25,0,29125,1297250,69750,Menlo,16,1,release,8,24,3,false,4733,0,false,Metal,Apple M5 Pro
latin_accents,sparse_novel_counter,softwrap,81,25,1,28250,1274750,45708,Menlo,16,1,release,8,24,3,false,4733,0,false,Metal,Apple M5 Pro
latin_accents,sparse_novel_counter,softwrap,81,25,2,28375,1258084,49167,Menlo,16,1,release,8,24,3,false,4733,0,false,Metal,Apple M5 Pro
latin_accents,sparse_novel_counter,softwrap,81,25,3,28167,1265542,45541,Menlo,16,1,release,8,24,3,false,4733,0,false,Metal,Apple M5 Pro
latin_accents,sparse_novel_counter,softwrap,81,25,4,27834,1274834,45583,Menlo,16,1,release,8,24,3,false,4733,0,false,Metal,Apple M5 Pro
latin_accents,sparse_novel_counter,softwrap,81,25,5,27667,1252167,45666,Menlo,16,1,release,8,24,3,false,4733,0,false,Metal,Apple M5 Pro
latin_accents,sparse_novel_counter,softwrap,81,25,6,28125,1279375,45834,Menlo,16,1,release,8,24,3,false,4733,0,false,Metal,Apple M5 Pro
latin_accents,sparse_novel_counter,softwrap,81,25,7,28292,1314625,46167,Menlo,16,1,release,8,24,3,false,4733,0,false,Metal,Apple M5 Pro
latin_accents,sparse_novel_counter,softwrap,81,25,8,30417,1260250,45459,Menlo,16,1,release,8,24,3,false,4733,0,false,Metal,Apple M5 Pro
latin_accents,sparse_novel_counter,softwrap,81,25,9,29208,1300000,56458,Menlo,16,1,release,8,24,3,false,4733,0,false,Metal,Apple M5 Pro
latin_accents,sparse_novel_counter,softwrap,81,25,10,29000,1298417,53958,Menlo,16,1,release,8,24,3,false,4733,0,false,Metal,Apple M5 Pro
latin_accents,sparse_novel_counter,softwrap,81,25,11,39834,1352958,45792,Menlo,16,1,release,8,24,3,false,4733,0,false,Metal,Apple M5 Pro
latin_accents,sparse_novel_counter,softwrap,81,25,12,29292,1324000,47209,Menlo,16,1,release,8,24,3,false,4733,0,false,Metal,Apple M5 Pro
latin_accents,sparse_novel_counter,softwrap,81,25,13,31917,1305333,45833,Menlo,16,1,release,8,24,3,false,4733,0,false,Metal,Apple M5 Pro
latin_accents,sparse_novel_counter,softwrap,81,25,14,28375,1339084,45125,Menlo,16,1,release,8,24,3,false,4733,0,false,Metal,Apple M5 Pro
latin_accents,sparse_novel_counter,softwrap,81,25,15,29709,1280416,45500,Menlo,16,1,release,8,24,3,false,4733,0,false,Metal,Apple M5 Pro
latin_accents,sparse_novel_counter,softwrap,81,25,16,28500,1256667,45708,Menlo,16,1,release,8,24,3,false,4733,0,false,Metal,Apple M5 Pro
latin_accents,sparse_novel_counter,softwrap,81,25,17,27583,1263000,45625,Menlo,16,1,release,8,24,3,false,4733,0,false,Metal,Apple M5 Pro
latin_accents,sparse_novel_counter,softwrap,81,25,18,27834,1274125,45833,Menlo,16,1,release,8,24,3,false,4733,0,false,Metal,Apple M5 Pro
latin_accents,sparse_novel_counter,softwrap,81,25,19,27541,1239209,45083,Menlo,16,1,release,8,24,3,false,4733,0,false,Metal,Apple M5 Pro
latin_accents,sparse_novel_counter,softwrap,81,25,20,27416,1286584,45292,Menlo,16,1,release,8,24,3,false,4733,0,false,Metal,Apple M5 Pro
latin_accents,sparse_novel_counter,softwrap,81,25,21,27791,1318584,43959,Menlo,16,1,release,8,24,3,false,4733,0,false,Metal,Apple M5 Pro
latin_accents,sparse_novel_counter,softwrap,81,25,22,29000,1274500,45792,Menlo,16,1,release,8,24,3,false,4733,0,false,Metal,Apple M5 Pro
latin_accents,sparse_novel_counter,softwrap,81,25,23,28250,1262833,45833,Menlo,16,1,release,8,24,3,false,4733,0,false,Metal,Apple M5 Pro
latin_accents,scroll_triangle,explicit_rows,81,25,0,15458,40375,44125,Menlo,16,1,release,8,24,3,false,0,0,false,Metal,Apple M5 Pro
latin_accents,scroll_triangle,explicit_rows,81,25,1,15500,40667,44250,Menlo,16,1,release,8,24,3,false,0,0,false,Metal,Apple M5 Pro
latin_accents,scroll_triangle,explicit_rows,81,25,2,15583,40750,44833,Menlo,16,1,release,8,24,3,false,0,0,false,Metal,Apple M5 Pro
latin_accents,scroll_triangle,explicit_rows,81,25,3,15541,40584,45167,Menlo,16,1,release,8,24,3,false,0,0,false,Metal,Apple M5 Pro
latin_accents,scroll_triangle,explicit_rows,81,25,4,15667,41500,44875,Menlo,16,1,release,8,24,3,false,0,0,false,Metal,Apple M5 Pro
latin_accents,scroll_triangle,explicit_rows,81,25,5,15458,41750,44833,Menlo,16,1,release,8,24,3,false,0,0,false,Metal,Apple M5 Pro
latin_accents,scroll_triangle,explicit_rows,81,25,6,15500,40542,45083,Menlo,16,1,release,8,24,3,false,0,0,false,Metal,Apple M5 Pro
latin_accents,scroll_triangle,explicit_rows,81,25,7,15583,40292,44916,Menlo,16,1,release,8,24,3,false,0,0,false,Metal,Apple M5 Pro
latin_accents,scroll_triangle,explicit_rows,81,25,8,15500,40625,44833,Menlo,16,1,release,8,24,3,false,0,0,false,Metal,Apple M5 Pro
latin_accents,scroll_triangle,explicit_rows,81,25,9,15375,41042,44958,Menlo,16,1,release,8,24,3,false,0,0,false,Metal,Apple M5 Pro
latin_accents,scroll_triangle,explicit_rows,81,25,10,15417,40917,44833,Menlo,16,1,release,8,24,3,false,0,0,false,Metal,Apple M5 Pro
latin_accents,scroll_triangle,explicit_rows,81,25,11,15791,40250,44791,Menlo,16,1,release,8,24,3,false,0,0,false,Metal,Apple M5 Pro
latin_accents,scroll_triangle,explicit_rows,81,25,12,15584,41459,44167,Menlo,16,1,release,8,24,3,false,0,0,false,Metal,Apple M5 Pro
latin_accents,scroll_triangle,explicit_rows,81,25,13,15375,41000,44250,Menlo,16,1,release,8,24,3,false,0,0,false,Metal,Apple M5 Pro
latin_accents,scroll_triangle,explicit_rows,81,25,14,15500,40875,44125,Menlo,16,1,release,8,24,3,false,0,0,false,Metal,Apple M5 Pro
latin_accents,scroll_triangle,explicit_rows,81,25,15,15708,40292,44708,Menlo,16,1,release,8,24,3,false,0,0,false,Metal,Apple M5 Pro
latin_accents,scroll_triangle,explicit_rows,81,25,16,15375,15750,84,Menlo,16,1,release,8,24,3,false,0,0,false,Metal,Apple M5 Pro
latin_accents,scroll_triangle,explicit_rows,81,25,17,15833,15666,44875,Menlo,16,1,release,8,24,3,false,0,0,false,Metal,Apple M5 Pro
latin_accents,scroll_triangle,explicit_rows,81,25,18,15500,16375,49416,Menlo,16,1,release,8,24,3,false,0,0,false,Metal,Apple M5 Pro
latin_accents,scroll_triangle,explicit_rows,81,25,19,15416,15584,43667,Menlo,16,1,release,8,24,3,false,0,0,false,Metal,Apple M5 Pro
latin_accents,scroll_triangle,explicit_rows,81,25,20,15416,15500,44125,Menlo,16,1,release,8,24,3,false,0,0,false,Metal,Apple M5 Pro
latin_accents,scroll_triangle,explicit_rows,81,25,21,15500,15542,42208,Menlo,16,1,release,8,24,3,false,0,0,false,Metal,Apple M5 Pro
latin_accents,scroll_triangle,explicit_rows,81,25,22,15708,15709,42209,Menlo,16,1,release,8,24,3,false,0,0,false,Metal,Apple M5 Pro
latin_accents,scroll_triangle,explicit_rows,81,25,23,15584,15542,42167,Menlo,16,1,release,8,24,3,false,0,0,false,Metal,Apple M5 Pro
latin_accents,scroll_triangle,softwrap,81,25,0,28541,1274875,47000,Menlo,16,1,release,8,24,3,false,3898,827,false,Metal,Apple M5 Pro
latin_accents,scroll_triangle,softwrap,81,25,1,28791,1261209,47042,Menlo,16,1,release,8,24,3,false,3804,921,false,Metal,Apple M5 Pro
latin_accents,scroll_triangle,softwrap,81,25,2,28334,1255583,45750,Menlo,16,1,release,8,24,3,false,3711,1012,false,Metal,Apple M5 Pro
latin_accents,scroll_triangle,softwrap,81,25,3,29250,1268417,46791,Menlo,16,1,release,8,24,3,false,3620,1105,false,Metal,Apple M5 Pro
latin_accents,scroll_triangle,softwrap,81,25,4,28625,1272667,47125,Menlo,16,1,release,8,24,3,false,3526,1199,false,Metal,Apple M5 Pro
latin_accents,scroll_triangle,softwrap,81,25,5,28209,1285709,46917,Menlo,16,1,release,8,24,3,false,3433,1290,false,Metal,Apple M5 Pro
latin_accents,scroll_triangle,softwrap,81,25,6,28125,1289417,47041,Menlo,16,1,release,8,24,3,false,3342,1383,false,Metal,Apple M5 Pro
latin_accents,scroll_triangle,softwrap,81,25,7,28500,1266375,44916,Menlo,16,1,release,8,24,3,false,3248,1477,false,Metal,Apple M5 Pro
latin_accents,scroll_triangle,softwrap,81,25,8,28041,1290917,47042,Menlo,16,1,release,8,24,3,false,3154,1568,false,Metal,Apple M5 Pro
latin_accents,scroll_triangle,softwrap,81,25,9,27750,1284458,46792,Menlo,16,1,release,8,24,3,false,3063,1662,false,Metal,Apple M5 Pro
latin_accents,scroll_triangle,softwrap,81,25,10,27833,1292584,46916,Menlo,16,1,release,8,24,3,false,2970,1756,false,Metal,Apple M5 Pro
latin_accents,scroll_triangle,softwrap,81,25,11,27625,1274458,46958,Menlo,16,1,release,8,24,3,false,2876,1849,false,Metal,Apple M5 Pro
latin_accents,scroll_triangle,softwrap,81,25,12,28209,1282125,47084,Menlo,16,1,release,8,24,3,false,2785,1940,false,Metal,Apple M5 Pro
latin_accents,scroll_triangle,softwrap,81,25,13,27542,1292666,47167,Menlo,16,1,release,8,24,3,false,2692,2034,false,Metal,Apple M5 Pro
latin_accents,scroll_triangle,softwrap,81,25,14,28542,1283041,47250,Menlo,16,1,release,8,24,3,false,2598,2127,false,Metal,Apple M5 Pro
latin_accents,scroll_triangle,softwrap,81,25,15,27875,1282583,47083,Menlo,16,1,release,8,24,3,false,2507,2218,false,Metal,Apple M5 Pro
latin_accents,scroll_triangle,softwrap,81,25,16,27333,16875,42,Menlo,16,1,release,8,24,3,false,2507,2218,false,Metal,Apple M5 Pro
latin_accents,scroll_triangle,softwrap,81,25,17,26916,16708,45917,Menlo,16,1,release,8,24,3,false,2598,2127,false,Metal,Apple M5 Pro
latin_accents,scroll_triangle,softwrap,81,25,18,26791,16542,45125,Menlo,16,1,release,8,24,3,false,2692,2034,false,Metal,Apple M5 Pro
latin_accents,scroll_triangle,softwrap,81,25,19,27166,16542,45791,Menlo,16,1,release,8,24,3,false,2785,1940,false,Metal,Apple M5 Pro
latin_accents,scroll_triangle,softwrap,81,25,20,27042,1267250,47833,Menlo,16,1,release,8,24,3,false,2876,1849,false,Metal,Apple M5 Pro
latin_accents,scroll_triangle,softwrap,81,25,21,27666,1315667,47083,Menlo,16,1,release,8,24,3,false,2970,1756,false,Metal,Apple M5 Pro
latin_accents,scroll_triangle,softwrap,81,25,22,27583,1275791,47000,Menlo,16,1,release,8,24,3,false,3063,1662,false,Metal,Apple M5 Pro
latin_accents,scroll_triangle,softwrap,81,25,23,27917,1271209,46875,Menlo,16,1,release,8,24,3,false,3154,1568,false,Metal,Apple M5 Pro
latin_accents,dense_novel_text,explicit_rows,81,25,0,15625,629709,45000,Menlo,16,1,release,8,24,3,false,0,0,false,Metal,Apple M5 Pro
latin_accents,dense_novel_text,explicit_rows,81,25,1,15375,629625,44917,Menlo,16,1,release,8,24,3,false,0,0,false,Metal,Apple M5 Pro
latin_accents,dense_novel_text,explicit_rows,81,25,2,15500,630916,44334,Menlo,16,1,release,8,24,3,false,0,0,false,Metal,Apple M5 Pro
latin_accents,dense_novel_text,explicit_rows,81,25,3,15542,632500,43208,Menlo,16,1,release,8,24,3,false,0,0,false,Metal,Apple M5 Pro
latin_accents,dense_novel_text,explicit_rows,81,25,4,15709,633583,45292,Menlo,16,1,release,8,24,3,false,0,0,false,Metal,Apple M5 Pro
latin_accents,dense_novel_text,explicit_rows,81,25,5,16166,642000,45542,Menlo,16,1,release,8,24,3,false,0,0,false,Metal,Apple M5 Pro
latin_accents,dense_novel_text,explicit_rows,81,25,6,15458,630208,45334,Menlo,16,1,release,8,24,3,false,0,0,false,Metal,Apple M5 Pro
latin_accents,dense_novel_text,explicit_rows,81,25,7,15875,630583,45250,Menlo,16,1,release,8,24,3,false,0,0,false,Metal,Apple M5 Pro
latin_accents,dense_novel_text,explicit_rows,81,25,8,15458,629333,45250,Menlo,16,1,release,8,24,3,false,0,0,false,Metal,Apple M5 Pro
latin_accents,dense_novel_text,explicit_rows,81,25,9,15542,628208,45333,Menlo,16,1,release,8,24,3,false,0,0,false,Metal,Apple M5 Pro
latin_accents,dense_novel_text,explicit_rows,81,25,10,16667,626917,45333,Menlo,16,1,release,8,24,3,false,0,0,false,Metal,Apple M5 Pro
latin_accents,dense_novel_text,explicit_rows,81,25,11,15625,626958,45292,Menlo,16,1,release,8,24,3,false,0,0,false,Metal,Apple M5 Pro
latin_accents,dense_novel_text,explicit_rows,81,25,12,15417,627500,45125,Menlo,16,1,release,8,24,3,false,0,0,false,Metal,Apple M5 Pro
latin_accents,dense_novel_text,explicit_rows,81,25,13,15500,623791,45334,Menlo,16,1,release,8,24,3,false,0,0,false,Metal,Apple M5 Pro
latin_accents,dense_novel_text,explicit_rows,81,25,14,15416,628417,45042,Menlo,16,1,release,8,24,3,false,0,0,false,Metal,Apple M5 Pro
latin_accents,dense_novel_text,explicit_rows,81,25,15,15375,636125,45208,Menlo,16,1,release,8,24,3,false,0,0,false,Metal,Apple M5 Pro
latin_accents,dense_novel_text,explicit_rows,81,25,16,15666,625709,45125,Menlo,16,1,release,8,24,3,false,0,0,false,Metal,Apple M5 Pro
latin_accents,dense_novel_text,explicit_rows,81,25,17,15334,625916,46000,Menlo,16,1,release,8,24,3,false,0,0,false,Metal,Apple M5 Pro
latin_accents,dense_novel_text,explicit_rows,81,25,18,21125,643000,45292,Menlo,16,1,release,8,24,3,false,0,0,false,Metal,Apple M5 Pro
latin_accents,dense_novel_text,explicit_rows,81,25,19,15458,637875,46250,Menlo,16,1,release,8,24,3,false,0,0,false,Metal,Apple M5 Pro
latin_accents,dense_novel_text,explicit_rows,81,25,20,15708,705667,46500,Menlo,16,1,release,8,24,3,false,0,0,false,Metal,Apple M5 Pro
latin_accents,dense_novel_text,explicit_rows,81,25,21,15834,653916,48334,Menlo,16,1,release,8,24,3,false,0,0,false,Metal,Apple M5 Pro
latin_accents,dense_novel_text,explicit_rows,81,25,22,16250,644958,45833,Menlo,16,1,release,8,24,3,false,0,0,false,Metal,Apple M5 Pro
latin_accents,dense_novel_text,explicit_rows,81,25,23,15709,650084,44667,Menlo,16,1,release,8,24,3,false,0,0,false,Metal,Apple M5 Pro
latin_accents,dense_novel_text,softwrap,81,25,0,27625,1252583,50417,Menlo,16,1,release,8,24,3,false,4733,0,false,Metal,Apple M5 Pro
latin_accents,dense_novel_text,softwrap,81,25,1,28042,1260625,45917,Menlo,16,1,release,8,24,3,false,4733,0,false,Metal,Apple M5 Pro
latin_accents,dense_novel_text,softwrap,81,25,2,27916,1327000,45708,Menlo,16,1,release,8,24,3,false,4733,0,false,Metal,Apple M5 Pro
latin_accents,dense_novel_text,softwrap,81,25,3,28583,1260084,52416,Menlo,16,1,release,8,24,3,false,4733,0,false,Metal,Apple M5 Pro
latin_accents,dense_novel_text,softwrap,81,25,4,27875,1268667,45541,Menlo,16,1,release,8,24,3,false,4733,0,false,Metal,Apple M5 Pro
latin_accents,dense_novel_text,softwrap,81,25,5,27750,1274333,44667,Menlo,16,1,release,8,24,3,false,4733,0,false,Metal,Apple M5 Pro
latin_accents,dense_novel_text,softwrap,81,25,6,27708,1259667,51000,Menlo,16,1,release,8,24,3,false,4733,0,false,Metal,Apple M5 Pro
latin_accents,dense_novel_text,softwrap,81,25,7,27791,1281584,45708,Menlo,16,1,release,8,24,3,false,4733,0,false,Metal,Apple M5 Pro
latin_accents,dense_novel_text,softwrap,81,25,8,27125,1252958,45750,Menlo,16,1,release,8,24,3,false,4733,0,false,Metal,Apple M5 Pro
latin_accents,dense_novel_text,softwrap,81,25,9,27291,1322834,45666,Menlo,16,1,release,8,24,3,false,4733,0,false,Metal,Apple M5 Pro
latin_accents,dense_novel_text,softwrap,81,25,10,27584,1261916,45750,Menlo,16,1,release,8,24,3,false,4733,0,false,Metal,Apple M5 Pro
latin_accents,dense_novel_text,softwrap,81,25,11,27416,1263584,45750,Menlo,16,1,release,8,24,3,false,4733,0,false,Metal,Apple M5 Pro
latin_accents,dense_novel_text,softwrap,81,25,12,27125,1259916,46042,Menlo,16,1,release,8,24,3,false,4733,0,false,Metal,Apple M5 Pro
latin_accents,dense_novel_text,softwrap,81,25,13,27625,1252584,45875,Menlo,16,1,release,8,24,3,false,4733,0,false,Metal,Apple M5 Pro
latin_accents,dense_novel_text,softwrap,81,25,14,27250,1262042,46041,Menlo,16,1,release,8,24,3,false,4733,0,false,Metal,Apple M5 Pro
latin_accents,dense_novel_text,softwrap,81,25,15,27584,1250083,46041,Menlo,16,1,release,8,24,3,false,4733,0,false,Metal,Apple M5 Pro
latin_accents,dense_novel_text,softwrap,81,25,16,27250,1287583,44667,Menlo,16,1,release,8,24,3,false,4733,0,false,Metal,Apple M5 Pro
latin_accents,dense_novel_text,softwrap,81,25,17,28041,1265083,45500,Menlo,16,1,release,8,24,3,false,4733,0,false,Metal,Apple M5 Pro
latin_accents,dense_novel_text,softwrap,81,25,18,27333,1255125,45875,Menlo,16,1,release,8,24,3,false,4733,0,false,Metal,Apple M5 Pro
latin_accents,dense_novel_text,softwrap,81,25,19,27375,1262833,45584,Menlo,16,1,release,8,24,3,false,4733,0,false,Metal,Apple M5 Pro
latin_accents,dense_novel_text,softwrap,81,25,20,27084,1254750,54167,Menlo,16,1,release,8,24,3,false,4733,0,false,Metal,Apple M5 Pro
latin_accents,dense_novel_text,softwrap,81,25,21,33292,1311167,45541,Menlo,16,1,release,8,24,3,false,4733,0,false,Metal,Apple M5 Pro
latin_accents,dense_novel_text,softwrap,81,25,22,27333,1268417,45541,Menlo,16,1,release,8,24,3,false,4733,0,false,Metal,Apple M5 Pro
latin_accents,dense_novel_text,softwrap,81,25,23,27125,1300750,46208,Menlo,16,1,release,8,24,3,false,4733,0,false,Metal,Apple M5 Pro
cyrillic,sparse_novel_counter,explicit_rows,81,25,0,15083,39458,1792,Menlo,16,1,release,8,24,3,false,0,0,false,Metal,Apple M5 Pro
cyrillic,sparse_novel_counter,explicit_rows,81,25,1,15084,40541,1834,Menlo,16,1,release,8,24,3,false,0,0,false,Metal,Apple M5 Pro
cyrillic,sparse_novel_counter,explicit_rows,81,25,2,15000,39417,1792,Menlo,16,1,release,8,24,3,false,0,0,false,Metal,Apple M5 Pro
cyrillic,sparse_novel_counter,explicit_rows,81,25,3,15000,39208,1833,Menlo,16,1,release,8,24,3,false,0,0,false,Metal,Apple M5 Pro
cyrillic,sparse_novel_counter,explicit_rows,81,25,4,14875,38542,1791,Menlo,16,1,release,8,24,3,false,0,0,false,Metal,Apple M5 Pro
cyrillic,sparse_novel_counter,explicit_rows,81,25,5,14792,39666,1792,Menlo,16,1,release,8,24,3,false,0,0,false,Metal,Apple M5 Pro
cyrillic,sparse_novel_counter,explicit_rows,81,25,6,14958,39708,1834,Menlo,16,1,release,8,24,3,false,0,0,false,Metal,Apple M5 Pro
cyrillic,sparse_novel_counter,explicit_rows,81,25,7,14750,38833,1833,Menlo,16,1,release,8,24,3,false,0,0,false,Metal,Apple M5 Pro
cyrillic,sparse_novel_counter,explicit_rows,81,25,8,14958,38709,1833,Menlo,16,1,release,8,24,3,false,0,0,false,Metal,Apple M5 Pro
cyrillic,sparse_novel_counter,explicit_rows,81,25,9,14791,38834,1833,Menlo,16,1,release,8,24,3,false,0,0,false,Metal,Apple M5 Pro
cyrillic,sparse_novel_counter,explicit_rows,81,25,10,14833,38792,1833,Menlo,16,1,release,8,24,3,false,0,0,false,Metal,Apple M5 Pro
cyrillic,sparse_novel_counter,explicit_rows,81,25,11,14875,38334,1833,Menlo,16,1,release,8,24,3,false,0,0,false,Metal,Apple M5 Pro
cyrillic,sparse_novel_counter,explicit_rows,81,25,12,14750,39458,1833,Menlo,16,1,release,8,24,3,false,0,0,false,Metal,Apple M5 Pro
cyrillic,sparse_novel_counter,explicit_rows,81,25,13,15334,39250,1791,Menlo,16,1,release,8,24,3,false,0,0,false,Metal,Apple M5 Pro
cyrillic,sparse_novel_counter,explicit_rows,81,25,14,15542,39000,1791,Menlo,16,1,release,8,24,3,false,0,0,false,Metal,Apple M5 Pro
cyrillic,sparse_novel_counter,explicit_rows,81,25,15,15000,39208,1834,Menlo,16,1,release,8,24,3,false,0,0,false,Metal,Apple M5 Pro
cyrillic,sparse_novel_counter,explicit_rows,81,25,16,15000,39333,1833,Menlo,16,1,release,8,24,3,false,0,0,false,Metal,Apple M5 Pro
cyrillic,sparse_novel_counter,explicit_rows,81,25,17,15083,38667,1792,Menlo,16,1,release,8,24,3,false,0,0,false,Metal,Apple M5 Pro
cyrillic,sparse_novel_counter,explicit_rows,81,25,18,14708,39750,1833,Menlo,16,1,release,8,24,3,false,0,0,false,Metal,Apple M5 Pro
cyrillic,sparse_novel_counter,explicit_rows,81,25,19,14958,39083,1875,Menlo,16,1,release,8,24,3,false,0,0,false,Metal,Apple M5 Pro
cyrillic,sparse_novel_counter,explicit_rows,81,25,20,14916,39333,1792,Menlo,16,1,release,8,24,3,false,0,0,false,Metal,Apple M5 Pro
cyrillic,sparse_novel_counter,explicit_rows,81,25,21,14833,39750,1791,Menlo,16,1,release,8,24,3,false,0,0,false,Metal,Apple M5 Pro
cyrillic,sparse_novel_counter,explicit_rows,81,25,22,14917,38917,1833,Menlo,16,1,release,8,24,3,false,0,0,false,Metal,Apple M5 Pro
cyrillic,sparse_novel_counter,explicit_rows,81,25,23,14791,38959,1834,Menlo,16,1,release,8,24,3,false,0,0,false,Metal,Apple M5 Pro
cyrillic,sparse_novel_counter,softwrap,81,25,0,28167,1166833,68583,Menlo,16,1,release,8,24,3,false,7022,0,false,Metal,Apple M5 Pro
cyrillic,sparse_novel_counter,softwrap,81,25,1,30208,1203750,44042,Menlo,16,1,release,8,24,3,false,7022,0,false,Metal,Apple M5 Pro
cyrillic,sparse_novel_counter,softwrap,81,25,2,29041,1189459,43084,Menlo,16,1,release,8,24,3,false,7022,0,false,Metal,Apple M5 Pro
cyrillic,sparse_novel_counter,softwrap,81,25,3,28625,1195083,43750,Menlo,16,1,release,8,24,3,false,7022,0,false,Metal,Apple M5 Pro
cyrillic,sparse_novel_counter,softwrap,81,25,4,27666,1191875,44292,Menlo,16,1,release,8,24,3,false,7022,0,false,Metal,Apple M5 Pro
cyrillic,sparse_novel_counter,softwrap,81,25,5,27792,1204625,43958,Menlo,16,1,release,8,24,3,false,7022,0,false,Metal,Apple M5 Pro
cyrillic,sparse_novel_counter,softwrap,81,25,6,27834,1206459,41500,Menlo,16,1,release,8,24,3,false,7022,0,false,Metal,Apple M5 Pro
cyrillic,sparse_novel_counter,softwrap,81,25,7,27875,1182708,44125,Menlo,16,1,release,8,24,3,false,7022,0,false,Metal,Apple M5 Pro
cyrillic,sparse_novel_counter,softwrap,81,25,8,27542,1225666,43042,Menlo,16,1,release,8,24,3,false,7022,0,false,Metal,Apple M5 Pro
cyrillic,sparse_novel_counter,softwrap,81,25,9,30042,1196333,44000,Menlo,16,1,release,8,24,3,false,7022,0,false,Metal,Apple M5 Pro
cyrillic,sparse_novel_counter,softwrap,81,25,10,28750,1195125,41375,Menlo,16,1,release,8,24,3,false,7022,0,false,Metal,Apple M5 Pro
cyrillic,sparse_novel_counter,softwrap,81,25,11,28875,1180625,43333,Menlo,16,1,release,8,24,3,false,7022,0,false,Metal,Apple M5 Pro
cyrillic,sparse_novel_counter,softwrap,81,25,12,28208,1188542,43125,Menlo,16,1,release,8,24,3,false,7022,0,false,Metal,Apple M5 Pro
cyrillic,sparse_novel_counter,softwrap,81,25,13,28500,1194166,43375,Menlo,16,1,release,8,24,3,false,7022,0,false,Metal,Apple M5 Pro
cyrillic,sparse_novel_counter,softwrap,81,25,14,28209,1192333,43500,Menlo,16,1,release,8,24,3,false,7022,0,false,Metal,Apple M5 Pro
cyrillic,sparse_novel_counter,softwrap,81,25,15,28208,1182584,43916,Menlo,16,1,release,8,24,3,false,7022,0,false,Metal,Apple M5 Pro
cyrillic,sparse_novel_counter,softwrap,81,25,16,27542,1238083,44333,Menlo,16,1,release,8,24,3,false,7022,0,false,Metal,Apple M5 Pro
cyrillic,sparse_novel_counter,softwrap,81,25,17,30375,1223625,43917,Menlo,16,1,release,8,24,3,false,7022,0,false,Metal,Apple M5 Pro
cyrillic,sparse_novel_counter,softwrap,81,25,18,29333,1220083,44083,Menlo,16,1,release,8,24,3,false,7022,0,false,Metal,Apple M5 Pro
cyrillic,sparse_novel_counter,softwrap,81,25,19,27875,1212208,44041,Menlo,16,1,release,8,24,3,false,7022,0,false,Metal,Apple M5 Pro
cyrillic,sparse_novel_counter,softwrap,81,25,20,28208,1235750,44250,Menlo,16,1,release,8,24,3,false,7022,0,false,Metal,Apple M5 Pro
cyrillic,sparse_novel_counter,softwrap,81,25,21,29291,1215375,44084,Menlo,16,1,release,8,24,3,false,7022,0,false,Metal,Apple M5 Pro
cyrillic,sparse_novel_counter,softwrap,81,25,22,28500,1213333,44083,Menlo,16,1,release,8,24,3,false,7022,0,false,Metal,Apple M5 Pro
cyrillic,sparse_novel_counter,softwrap,81,25,23,27666,1233417,43833,Menlo,16,1,release,8,24,3,false,7022,0,false,Metal,Apple M5 Pro
cyrillic,scroll_triangle,explicit_rows,81,25,0,14708,39625,42541,Menlo,16,1,release,8,24,3,false,0,0,false,Metal,Apple M5 Pro
cyrillic,scroll_triangle,explicit_rows,81,25,1,15000,41083,42583,Menlo,16,1,release,8,24,3,false,0,0,false,Metal,Apple M5 Pro
cyrillic,scroll_triangle,explicit_rows,81,25,2,14833,39166,45500,Menlo,16,1,release,8,24,3,false,0,0,false,Metal,Apple M5 Pro
cyrillic,scroll_triangle,explicit_rows,81,25,3,15041,39458,42584,Menlo,16,1,release,8,24,3,false,0,0,false,Metal,Apple M5 Pro
cyrillic,scroll_triangle,explicit_rows,81,25,4,15125,39416,42500,Menlo,16,1,release,8,24,3,false,0,0,false,Metal,Apple M5 Pro
cyrillic,scroll_triangle,explicit_rows,81,25,5,14958,40167,42750,Menlo,16,1,release,8,24,3,false,0,0,false,Metal,Apple M5 Pro
cyrillic,scroll_triangle,explicit_rows,81,25,6,14875,39125,42708,Menlo,16,1,release,8,24,3,false,0,0,false,Metal,Apple M5 Pro
cyrillic,scroll_triangle,explicit_rows,81,25,7,15000,39625,42625,Menlo,16,1,release,8,24,3,false,0,0,false,Metal,Apple M5 Pro
cyrillic,scroll_triangle,explicit_rows,81,25,8,15041,39625,42583,Menlo,16,1,release,8,24,3,false,0,0,false,Metal,Apple M5 Pro
cyrillic,scroll_triangle,explicit_rows,81,25,9,15042,40291,42625,Menlo,16,1,release,8,24,3,false,0,0,false,Metal,Apple M5 Pro
cyrillic,scroll_triangle,explicit_rows,81,25,10,15166,39042,42125,Menlo,16,1,release,8,24,3,false,0,0,false,Metal,Apple M5 Pro
cyrillic,scroll_triangle,explicit_rows,81,25,11,15083,38708,42125,Menlo,16,1,release,8,24,3,false,0,0,false,Metal,Apple M5 Pro
cyrillic,scroll_triangle,explicit_rows,81,25,12,14875,39792,42000,Menlo,16,1,release,8,24,3,false,0,0,false,Metal,Apple M5 Pro
cyrillic,scroll_triangle,explicit_rows,81,25,13,15041,40500,42125,Menlo,16,1,release,8,24,3,false,0,0,false,Metal,Apple M5 Pro
cyrillic,scroll_triangle,explicit_rows,81,25,14,15166,38542,42125,Menlo,16,1,release,8,24,3,false,0,0,false,Metal,Apple M5 Pro
cyrillic,scroll_triangle,explicit_rows,81,25,15,15250,40625,41375,Menlo,16,1,release,8,24,3,false,0,0,false,Metal,Apple M5 Pro
cyrillic,scroll_triangle,explicit_rows,81,25,16,15083,15542,83,Menlo,16,1,release,8,24,3,false,0,0,false,Metal,Apple M5 Pro
cyrillic,scroll_triangle,explicit_rows,81,25,17,14917,16042,40250,Menlo,16,1,release,8,24,3,false,0,0,false,Metal,Apple M5 Pro
cyrillic,scroll_triangle,explicit_rows,81,25,18,14750,16333,39792,Menlo,16,1,release,8,24,3,false,0,0,false,Metal,Apple M5 Pro
cyrillic,scroll_triangle,explicit_rows,81,25,19,15209,15500,39875,Menlo,16,1,release,8,24,3,false,0,0,false,Metal,Apple M5 Pro
cyrillic,scroll_triangle,explicit_rows,81,25,20,15000,27916,40709,Menlo,16,1,release,8,24,3,false,0,0,false,Metal,Apple M5 Pro
cyrillic,scroll_triangle,explicit_rows,81,25,21,15000,16375,40083,Menlo,16,1,release,8,24,3,false,0,0,false,Metal,Apple M5 Pro
cyrillic,scroll_triangle,explicit_rows,81,25,22,15000,16709,40291,Menlo,16,1,release,8,24,3,false,0,0,false,Metal,Apple M5 Pro
cyrillic,scroll_triangle,explicit_rows,81,25,23,15000,16042,40208,Menlo,16,1,release,8,24,3,false,0,0,false,Metal,Apple M5 Pro
cyrillic,scroll_triangle,softwrap,81,25,0,28708,1237084,47041,Menlo,16,1,release,8,24,3,false,5782,1200,false,Metal,Apple M5 Pro
cyrillic,scroll_triangle,softwrap,81,25,1,28667,1220500,46916,Menlo,16,1,release,8,24,3,false,5644,1337,false,Metal,Apple M5 Pro
cyrillic,scroll_triangle,softwrap,81,25,2,28292,1219875,46916,Menlo,16,1,release,8,24,3,false,5508,1477,false,Metal,Apple M5 Pro
cyrillic,scroll_triangle,softwrap,81,25,3,28000,1227208,57834,Menlo,16,1,release,8,24,3,false,5368,1613,false,Metal,Apple M5 Pro
cyrillic,scroll_triangle,softwrap,81,25,4,28917,1198458,47042,Menlo,16,1,release,8,24,3,false,5233,1753,false,Metal,Apple M5 Pro
cyrillic,scroll_triangle,softwrap,81,25,5,28584,1187416,46875,Menlo,16,1,release,8,24,3,false,5096,1890,false,Metal,Apple M5 Pro
cyrillic,scroll_triangle,softwrap,81,25,6,35708,1198500,46875,Menlo,16,1,release,8,24,3,false,4956,2026,false,Metal,Apple M5 Pro
cyrillic,scroll_triangle,softwrap,81,25,7,28000,1182792,46875,Menlo,16,1,release,8,24,3,false,4819,2166,false,Metal,Apple M5 Pro
cyrillic,scroll_triangle,softwrap,81,25,8,27459,1174458,47000,Menlo,16,1,release,8,24,3,false,4679,2302,false,Metal,Apple M5 Pro
cyrillic,scroll_triangle,softwrap,81,25,9,27792,1189500,45583,Menlo,16,1,release,8,24,3,false,4543,2438,false,Metal,Apple M5 Pro
cyrillic,scroll_triangle,softwrap,81,25,10,28250,1211083,46917,Menlo,16,1,release,8,24,3,false,4407,2578,false,Metal,Apple M5 Pro
cyrillic,scroll_triangle,softwrap,81,25,11,28417,1208875,47042,Menlo,16,1,release,8,24,3,false,4267,2715,false,Metal,Apple M5 Pro
cyrillic,scroll_triangle,softwrap,81,25,12,27209,1256834,46750,Menlo,16,1,release,8,24,3,false,4130,2856,false,Metal,Apple M5 Pro
cyrillic,scroll_triangle,softwrap,81,25,13,27417,1220292,46916,Menlo,16,1,release,8,24,3,false,3994,2991,false,Metal,Apple M5 Pro
cyrillic,scroll_triangle,softwrap,81,25,14,27333,1201708,46792,Menlo,16,1,release,8,24,3,false,3855,3128,false,Metal,Apple M5 Pro
cyrillic,scroll_triangle,softwrap,81,25,15,26750,1216333,47000,Menlo,16,1,release,8,24,3,false,3717,3267,false,Metal,Apple M5 Pro
cyrillic,scroll_triangle,softwrap,81,25,16,27167,18084,42,Menlo,16,1,release,8,24,3,false,3717,3267,false,Metal,Apple M5 Pro
cyrillic,scroll_triangle,softwrap,81,25,17,26459,16875,46625,Menlo,16,1,release,8,24,3,false,3855,3128,false,Metal,Apple M5 Pro
cyrillic,scroll_triangle,softwrap,81,25,18,26875,16958,46417,Menlo,16,1,release,8,24,3,false,3994,2991,false,Metal,Apple M5 Pro
cyrillic,scroll_triangle,softwrap,81,25,19,26667,16667,46666,Menlo,16,1,release,8,24,3,false,4130,2856,false,Metal,Apple M5 Pro
cyrillic,scroll_triangle,softwrap,81,25,20,26458,1200958,47708,Menlo,16,1,release,8,24,3,false,4267,2715,false,Metal,Apple M5 Pro
cyrillic,scroll_triangle,softwrap,81,25,21,27125,1202083,62292,Menlo,16,1,release,8,24,3,false,4407,2578,false,Metal,Apple M5 Pro
cyrillic,scroll_triangle,softwrap,81,25,22,29917,1213166,47084,Menlo,16,1,release,8,24,3,false,4543,2438,false,Metal,Apple M5 Pro
cyrillic,scroll_triangle,softwrap,81,25,23,28958,1185333,45875,Menlo,16,1,release,8,24,3,false,4679,2302,false,Metal,Apple M5 Pro
cyrillic,dense_novel_text,explicit_rows,81,25,0,15375,626458,43083,Menlo,16,1,release,8,24,3,false,0,0,false,Metal,Apple M5 Pro
cyrillic,dense_novel_text,explicit_rows,81,25,1,15000,603375,42917,Menlo,16,1,release,8,24,3,false,0,0,false,Metal,Apple M5 Pro
cyrillic,dense_novel_text,explicit_rows,81,25,2,15083,609334,41334,Menlo,16,1,release,8,24,3,false,0,0,false,Metal,Apple M5 Pro
cyrillic,dense_novel_text,explicit_rows,81,25,3,14875,608459,42791,Menlo,16,1,release,8,24,3,false,0,0,false,Metal,Apple M5 Pro
cyrillic,dense_novel_text,explicit_rows,81,25,4,15083,620167,42792,Menlo,16,1,release,8,24,3,false,0,0,false,Metal,Apple M5 Pro
cyrillic,dense_novel_text,explicit_rows,81,25,5,15333,603166,42833,Menlo,16,1,release,8,24,3,false,0,0,false,Metal,Apple M5 Pro
cyrillic,dense_novel_text,explicit_rows,81,25,6,15000,605166,42709,Menlo,16,1,release,8,24,3,false,0,0,false,Metal,Apple M5 Pro
cyrillic,dense_novel_text,explicit_rows,81,25,7,15208,624042,42666,Menlo,16,1,release,8,24,3,false,0,0,false,Metal,Apple M5 Pro
cyrillic,dense_novel_text,explicit_rows,81,25,8,15125,611958,50500,Menlo,16,1,release,8,24,3,false,0,0,false,Metal,Apple M5 Pro
cyrillic,dense_novel_text,explicit_rows,81,25,9,15042,613208,42958,Menlo,16,1,release,8,24,3,false,0,0,false,Metal,Apple M5 Pro
cyrillic,dense_novel_text,explicit_rows,81,25,10,15083,600583,42792,Menlo,16,1,release,8,24,3,false,0,0,false,Metal,Apple M5 Pro
cyrillic,dense_novel_text,explicit_rows,81,25,11,14875,602000,42666,Menlo,16,1,release,8,24,3,false,0,0,false,Metal,Apple M5 Pro
cyrillic,dense_novel_text,explicit_rows,81,25,12,14791,601542,42833,Menlo,16,1,release,8,24,3,false,0,0,false,Metal,Apple M5 Pro
cyrillic,dense_novel_text,explicit_rows,81,25,13,15375,617666,43000,Menlo,16,1,release,8,24,3,false,0,0,false,Metal,Apple M5 Pro
cyrillic,dense_novel_text,explicit_rows,81,25,14,14959,613791,42750,Menlo,16,1,release,8,24,3,false,0,0,false,Metal,Apple M5 Pro
cyrillic,dense_novel_text,explicit_rows,81,25,15,14875,609500,41875,Menlo,16,1,release,8,24,3,false,0,0,false,Metal,Apple M5 Pro
cyrillic,dense_novel_text,explicit_rows,81,25,16,14958,606792,42750,Menlo,16,1,release,8,24,3,false,0,0,false,Metal,Apple M5 Pro
cyrillic,dense_novel_text,explicit_rows,81,25,17,15208,676709,42875,Menlo,16,1,release,8,24,3,false,0,0,false,Metal,Apple M5 Pro
cyrillic,dense_novel_text,explicit_rows,81,25,18,15333,623334,42583,Menlo,16,1,release,8,24,3,false,0,0,false,Metal,Apple M5 Pro
cyrillic,dense_novel_text,explicit_rows,81,25,19,15083,602791,42500,Menlo,16,1,release,8,24,3,false,0,0,false,Metal,Apple M5 Pro
cyrillic,dense_novel_text,explicit_rows,81,25,20,14959,609291,42792,Menlo,16,1,release,8,24,3,false,0,0,false,Metal,Apple M5 Pro
cyrillic,dense_novel_text,explicit_rows,81,25,21,15000,606750,42833,Menlo,16,1,release,8,24,3,false,0,0,false,Metal,Apple M5 Pro
cyrillic,dense_novel_text,explicit_rows,81,25,22,14834,602625,42792,Menlo,16,1,release,8,24,3,false,0,0,false,Metal,Apple M5 Pro
cyrillic,dense_novel_text,explicit_rows,81,25,23,14792,615625,43750,Menlo,16,1,release,8,24,3,false,0,0,false,Metal,Apple M5 Pro
cyrillic,dense_novel_text,softwrap,81,25,0,27625,1223250,55000,Menlo,16,1,release,8,24,3,false,7022,0,false,Metal,Apple M5 Pro
cyrillic,dense_novel_text,softwrap,81,25,1,28583,1177209,42958,Menlo,16,1,release,8,24,3,false,7022,0,false,Metal,Apple M5 Pro
cyrillic,dense_novel_text,softwrap,81,25,2,27958,1181833,44125,Menlo,16,1,release,8,24,3,false,7022,0,false,Metal,Apple M5 Pro
cyrillic,dense_novel_text,softwrap,81,25,3,28167,1180542,44208,Menlo,16,1,release,8,24,3,false,7022,0,false,Metal,Apple M5 Pro
cyrillic,dense_novel_text,softwrap,81,25,4,27416,1175625,44209,Menlo,16,1,release,8,24,3,false,7022,0,false,Metal,Apple M5 Pro
cyrillic,dense_novel_text,softwrap,81,25,5,27750,1202375,44042,Menlo,16,1,release,8,24,3,false,7022,0,false,Metal,Apple M5 Pro
cyrillic,dense_novel_text,softwrap,81,25,6,27666,1198375,43916,Menlo,16,1,release,8,24,3,false,7022,0,false,Metal,Apple M5 Pro
cyrillic,dense_novel_text,softwrap,81,25,7,27667,1202583,42958,Menlo,16,1,release,8,24,3,false,7022,0,false,Metal,Apple M5 Pro
cyrillic,dense_novel_text,softwrap,81,25,8,28375,1174291,44209,Menlo,16,1,release,8,24,3,false,7022,0,false,Metal,Apple M5 Pro
cyrillic,dense_novel_text,softwrap,81,25,9,27958,1164583,44250,Menlo,16,1,release,8,24,3,false,7022,0,false,Metal,Apple M5 Pro
cyrillic,dense_novel_text,softwrap,81,25,10,27459,1174500,43625,Menlo,16,1,release,8,24,3,false,7022,0,false,Metal,Apple M5 Pro
cyrillic,dense_novel_text,softwrap,81,25,11,27500,1209625,43917,Menlo,16,1,release,8,24,3,false,7022,0,false,Metal,Apple M5 Pro
cyrillic,dense_novel_text,softwrap,81,25,12,27959,1193709,44000,Menlo,16,1,release,8,24,3,false,7022,0,false,Metal,Apple M5 Pro
cyrillic,dense_novel_text,softwrap,81,25,13,27583,1179209,44041,Menlo,16,1,release,8,24,3,false,7022,0,false,Metal,Apple M5 Pro
cyrillic,dense_novel_text,softwrap,81,25,14,27500,1181583,43250,Menlo,16,1,release,8,24,3,false,7022,0,false,Metal,Apple M5 Pro
cyrillic,dense_novel_text,softwrap,81,25,15,27625,1207167,42083,Menlo,16,1,release,8,24,3,false,7022,0,false,Metal,Apple M5 Pro
cyrillic,dense_novel_text,softwrap,81,25,16,28292,1185833,43959,Menlo,16,1,release,8,24,3,false,7022,0,false,Metal,Apple M5 Pro
cyrillic,dense_novel_text,softwrap,81,25,17,27541,1194625,44042,Menlo,16,1,release,8,24,3,false,7022,0,false,Metal,Apple M5 Pro
cyrillic,dense_novel_text,softwrap,81,25,18,27375,1188667,44292,Menlo,16,1,release,8,24,3,false,7022,0,false,Metal,Apple M5 Pro
cyrillic,dense_novel_text,softwrap,81,25,19,27208,1199084,42000,Menlo,16,1,release,8,24,3,false,7022,0,false,Metal,Apple M5 Pro
cyrillic,dense_novel_text,softwrap,81,25,20,27583,1194250,43750,Menlo,16,1,release,8,24,3,false,7022,0,false,Metal,Apple M5 Pro
cyrillic,dense_novel_text,softwrap,81,25,21,27209,1194250,45416,Menlo,16,1,release,8,24,3,false,7022,0,false,Metal,Apple M5 Pro
cyrillic,dense_novel_text,softwrap,81,25,22,27083,1235583,44250,Menlo,16,1,release,8,24,3,false,7022,0,false,Metal,Apple M5 Pro
cyrillic,dense_novel_text,softwrap,81,25,23,28208,1195500,43875,Menlo,16,1,release,8,24,3,false,7022,0,false,Metal,Apple M5 Pro
cjk,sparse_novel_counter,explicit_rows,81,25,0,15125,125541,1208,Menlo,16,1,release,8,24,3,false,0,0,false,Metal,Apple M5 Pro
cjk,sparse_novel_counter,explicit_rows,81,25,1,15250,127125,1250,Menlo,16,1,release,8,24,3,false,0,0,false,Metal,Apple M5 Pro
cjk,sparse_novel_counter,explicit_rows,81,25,2,15250,126042,1250,Menlo,16,1,release,8,24,3,false,0,0,false,Metal,Apple M5 Pro
cjk,sparse_novel_counter,explicit_rows,81,25,3,15083,125042,1209,Menlo,16,1,release,8,24,3,false,0,0,false,Metal,Apple M5 Pro
cjk,sparse_novel_counter,explicit_rows,81,25,4,14916,125375,1250,Menlo,16,1,release,8,24,3,false,0,0,false,Metal,Apple M5 Pro
cjk,sparse_novel_counter,explicit_rows,81,25,5,15042,125875,1208,Menlo,16,1,release,8,24,3,false,0,0,false,Metal,Apple M5 Pro
cjk,sparse_novel_counter,explicit_rows,81,25,6,14958,125667,1250,Menlo,16,1,release,8,24,3,false,0,0,false,Metal,Apple M5 Pro
cjk,sparse_novel_counter,explicit_rows,81,25,7,15541,126125,1208,Menlo,16,1,release,8,24,3,false,0,0,false,Metal,Apple M5 Pro
cjk,sparse_novel_counter,explicit_rows,81,25,8,15083,126875,1208,Menlo,16,1,release,8,24,3,false,0,0,false,Metal,Apple M5 Pro
cjk,sparse_novel_counter,explicit_rows,81,25,9,15042,126125,1250,Menlo,16,1,release,8,24,3,false,0,0,false,Metal,Apple M5 Pro
cjk,sparse_novel_counter,explicit_rows,81,25,10,16542,128667,1291,Menlo,16,1,release,8,24,3,false,0,0,false,Metal,Apple M5 Pro
cjk,sparse_novel_counter,explicit_rows,81,25,11,15041,126584,1250,Menlo,16,1,release,8,24,3,false,0,0,false,Metal,Apple M5 Pro
cjk,sparse_novel_counter,explicit_rows,81,25,12,15042,126250,1208,Menlo,16,1,release,8,24,3,false,0,0,false,Metal,Apple M5 Pro
cjk,sparse_novel_counter,explicit_rows,81,25,13,15042,125708,1208,Menlo,16,1,release,8,24,3,false,0,0,false,Metal,Apple M5 Pro
cjk,sparse_novel_counter,explicit_rows,81,25,14,15000,126584,1208,Menlo,16,1,release,8,24,3,false,0,0,false,Metal,Apple M5 Pro
cjk,sparse_novel_counter,explicit_rows,81,25,15,15041,126167,1208,Menlo,16,1,release,8,24,3,false,0,0,false,Metal,Apple M5 Pro
cjk,sparse_novel_counter,explicit_rows,81,25,16,15125,126875,1292,Menlo,16,1,release,8,24,3,false,0,0,false,Metal,Apple M5 Pro
cjk,sparse_novel_counter,explicit_rows,81,25,17,15167,125958,1250,Menlo,16,1,release,8,24,3,false,0,0,false,Metal,Apple M5 Pro
cjk,sparse_novel_counter,explicit_rows,81,25,18,15042,159125,1292,Menlo,16,1,release,8,24,3,false,0,0,false,Metal,Apple M5 Pro
cjk,sparse_novel_counter,explicit_rows,81,25,19,18250,136667,1292,Menlo,16,1,release,8,24,3,false,0,0,false,Metal,Apple M5 Pro
cjk,sparse_novel_counter,explicit_rows,81,25,20,15166,130459,1250,Menlo,16,1,release,8,24,3,false,0,0,false,Metal,Apple M5 Pro
cjk,sparse_novel_counter,explicit_rows,81,25,21,15125,128500,1250,Menlo,16,1,release,8,24,3,false,0,0,false,Metal,Apple M5 Pro
cjk,sparse_novel_counter,explicit_rows,81,25,22,15125,128125,1250,Menlo,16,1,release,8,24,3,false,0,0,false,Metal,Apple M5 Pro
cjk,sparse_novel_counter,explicit_rows,81,25,23,15125,127458,1250,Menlo,16,1,release,8,24,3,false,0,0,false,Metal,Apple M5 Pro
cjk,sparse_novel_counter,softwrap,81,25,0,24291,8264459,44083,Menlo,16,1,release,8,24,3,false,5796,0,false,Metal,Apple M5 Pro
cjk,sparse_novel_counter,softwrap,81,25,1,24291,8231625,26375,Menlo,16,1,release,8,24,3,false,5796,0,false,Metal,Apple M5 Pro
cjk,sparse_novel_counter,softwrap,81,25,2,24292,8189750,26500,Menlo,16,1,release,8,24,3,false,5796,0,false,Metal,Apple M5 Pro
cjk,sparse_novel_counter,softwrap,81,25,3,24417,8192625,26667,Menlo,16,1,release,8,24,3,false,5796,0,false,Metal,Apple M5 Pro
cjk,sparse_novel_counter,softwrap,81,25,4,24208,8280208,26459,Menlo,16,1,release,8,24,3,false,5796,0,false,Metal,Apple M5 Pro
cjk,sparse_novel_counter,softwrap,81,25,5,24250,8254916,26292,Menlo,16,1,release,8,24,3,false,5796,0,false,Metal,Apple M5 Pro
cjk,sparse_novel_counter,softwrap,81,25,6,23875,8287333,26500,Menlo,16,1,release,8,24,3,false,5796,0,false,Metal,Apple M5 Pro
cjk,sparse_novel_counter,softwrap,81,25,7,24708,8248208,25750,Menlo,16,1,release,8,24,3,false,5796,0,false,Metal,Apple M5 Pro
cjk,sparse_novel_counter,softwrap,81,25,8,23667,8251000,26375,Menlo,16,1,release,8,24,3,false,5796,0,false,Metal,Apple M5 Pro
cjk,sparse_novel_counter,softwrap,81,25,9,24375,8267042,26458,Menlo,16,1,release,8,24,3,false,5796,0,false,Metal,Apple M5 Pro
cjk,sparse_novel_counter,softwrap,81,25,10,24208,8309125,26250,Menlo,16,1,release,8,24,3,false,5796,0,false,Metal,Apple M5 Pro
cjk,sparse_novel_counter,softwrap,81,25,11,24125,8285916,26625,Menlo,16,1,release,8,24,3,false,5796,0,false,Metal,Apple M5 Pro
cjk,sparse_novel_counter,softwrap,81,25,12,24625,8306375,26542,Menlo,16,1,release,8,24,3,false,5796,0,false,Metal,Apple M5 Pro
cjk,sparse_novel_counter,softwrap,81,25,13,24292,8223000,26500,Menlo,16,1,release,8,24,3,false,5796,0,false,Metal,Apple M5 Pro
cjk,sparse_novel_counter,softwrap,81,25,14,24125,8234333,26625,Menlo,16,1,release,8,24,3,false,5796,0,false,Metal,Apple M5 Pro
cjk,sparse_novel_counter,softwrap,81,25,15,23834,8199291,26500,Menlo,16,1,release,8,24,3,false,5796,0,false,Metal,Apple M5 Pro
cjk,sparse_novel_counter,softwrap,81,25,16,23791,8240792,26500,Menlo,16,1,release,8,24,3,false,5796,0,false,Metal,Apple M5 Pro
cjk,sparse_novel_counter,softwrap,81,25,17,24000,8193334,25875,Menlo,16,1,release,8,24,3,false,5796,0,false,Metal,Apple M5 Pro
cjk,sparse_novel_counter,softwrap,81,25,18,23750,8334416,26542,Menlo,16,1,release,8,24,3,false,5796,0,false,Metal,Apple M5 Pro
cjk,sparse_novel_counter,softwrap,81,25,19,24292,8333125,26459,Menlo,16,1,release,8,24,3,false,5796,0,false,Metal,Apple M5 Pro
cjk,sparse_novel_counter,softwrap,81,25,20,24125,8372583,26417,Menlo,16,1,release,8,24,3,false,5796,0,false,Metal,Apple M5 Pro
cjk,sparse_novel_counter,softwrap,81,25,21,23875,8268500,26500,Menlo,16,1,release,8,24,3,false,5796,0,false,Metal,Apple M5 Pro
cjk,sparse_novel_counter,softwrap,81,25,22,24084,8190500,26458,Menlo,16,1,release,8,24,3,false,5796,0,false,Metal,Apple M5 Pro
cjk,sparse_novel_counter,softwrap,81,25,23,24333,8251750,26417,Menlo,16,1,release,8,24,3,false,5796,0,false,Metal,Apple M5 Pro
cjk,scroll_triangle,explicit_rows,81,25,0,15417,126042,27500,Menlo,16,1,release,8,24,3,false,0,0,false,Metal,Apple M5 Pro
cjk,scroll_triangle,explicit_rows,81,25,1,15083,127125,27458,Menlo,16,1,release,8,24,3,false,0,0,false,Metal,Apple M5 Pro
cjk,scroll_triangle,explicit_rows,81,25,2,15083,126042,27542,Menlo,16,1,release,8,24,3,false,0,0,false,Metal,Apple M5 Pro
cjk,scroll_triangle,explicit_rows,81,25,3,15125,126375,27458,Menlo,16,1,release,8,24,3,false,0,0,false,Metal,Apple M5 Pro
cjk,scroll_triangle,explicit_rows,81,25,4,15334,126416,27125,Menlo,16,1,release,8,24,3,false,0,0,false,Metal,Apple M5 Pro
cjk,scroll_triangle,explicit_rows,81,25,5,15416,126583,27167,Menlo,16,1,release,8,24,3,false,0,0,false,Metal,Apple M5 Pro
cjk,scroll_triangle,explicit_rows,81,25,6,15042,126792,27125,Menlo,16,1,release,8,24,3,false,0,0,false,Metal,Apple M5 Pro
cjk,scroll_triangle,explicit_rows,81,25,7,15083,128416,27167,Menlo,16,1,release,8,24,3,false,0,0,false,Metal,Apple M5 Pro
cjk,scroll_triangle,explicit_rows,81,25,8,15208,126375,27125,Menlo,16,1,release,8,24,3,false,0,0,false,Metal,Apple M5 Pro
cjk,scroll_triangle,explicit_rows,81,25,9,15041,127042,27125,Menlo,16,1,release,8,24,3,false,0,0,false,Metal,Apple M5 Pro
cjk,scroll_triangle,explicit_rows,81,25,10,15125,126542,27125,Menlo,16,1,release,8,24,3,false,0,0,false,Metal,Apple M5 Pro
cjk,scroll_triangle,explicit_rows,81,25,11,15208,126375,27083,Menlo,16,1,release,8,24,3,false,0,0,false,Metal,Apple M5 Pro
cjk,scroll_triangle,explicit_rows,81,25,12,15209,127125,26834,Menlo,16,1,release,8,24,3,false,0,0,false,Metal,Apple M5 Pro
cjk,scroll_triangle,explicit_rows,81,25,13,15084,126208,27000,Menlo,16,1,release,8,24,3,false,0,0,false,Metal,Apple M5 Pro
cjk,scroll_triangle,explicit_rows,81,25,14,15125,126250,27125,Menlo,16,1,release,8,24,3,false,0,0,false,Metal,Apple M5 Pro
cjk,scroll_triangle,explicit_rows,81,25,15,15292,126791,27209,Menlo,16,1,release,8,24,3,false,0,0,false,Metal,Apple M5 Pro
cjk,scroll_triangle,explicit_rows,81,25,16,15084,16125,83,Menlo,16,1,release,8,24,3,false,0,0,false,Metal,Apple M5 Pro
cjk,scroll_triangle,explicit_rows,81,25,17,15208,15875,27000,Menlo,16,1,release,8,24,3,false,0,0,false,Metal,Apple M5 Pro
cjk,scroll_triangle,explicit_rows,81,25,18,15208,17833,29959,Menlo,16,1,release,8,24,3,false,0,0,false,Metal,Apple M5 Pro
cjk,scroll_triangle,explicit_rows,81,25,19,15041,17000,27083,Menlo,16,1,release,8,24,3,false,0,0,false,Metal,Apple M5 Pro
cjk,scroll_triangle,explicit_rows,81,25,20,15000,16917,27083,Menlo,16,1,release,8,24,3,false,0,0,false,Metal,Apple M5 Pro
cjk,scroll_triangle,explicit_rows,81,25,21,15000,16167,25750,Menlo,16,1,release,8,24,3,false,0,0,false,Metal,Apple M5 Pro
cjk,scroll_triangle,explicit_rows,81,25,22,15000,15708,25875,Menlo,16,1,release,8,24,3,false,0,0,false,Metal,Apple M5 Pro
cjk,scroll_triangle,explicit_rows,81,25,23,15084,15708,25708,Menlo,16,1,release,8,24,3,false,0,0,false,Metal,Apple M5 Pro
cjk,scroll_triangle,softwrap,81,25,0,25042,8265084,26292,Menlo,16,1,release,8,24,3,false,4774,1017,false,Metal,Apple M5 Pro
cjk,scroll_triangle,softwrap,81,25,1,24542,8232917,26167,Menlo,16,1,release,8,24,3,false,4658,1131,false,Metal,Apple M5 Pro
cjk,scroll_triangle,softwrap,81,25,2,24708,8240542,26208,Menlo,16,1,release,8,24,3,false,4546,1247,false,Metal,Apple M5 Pro
cjk,scroll_triangle,softwrap,81,25,3,24709,8245166,26375,Menlo,16,1,release,8,24,3,false,4432,1359,false,Metal,Apple M5 Pro
cjk,scroll_triangle,softwrap,81,25,4,24625,8289708,36167,Menlo,16,1,release,8,24,3,false,4320,1473,false,Metal,Apple M5 Pro
cjk,scroll_triangle,softwrap,81,25,5,25500,8337583,26292,Menlo,16,1,release,8,24,3,false,4206,1585,false,Metal,Apple M5 Pro
cjk,scroll_triangle,softwrap,81,25,6,25084,8260875,31875,Menlo,16,1,release,8,24,3,false,4092,1699,false,Metal,Apple M5 Pro
cjk,scroll_triangle,softwrap,81,25,7,24334,8294750,24875,Menlo,16,1,release,8,24,3,false,3976,1813,false,Metal,Apple M5 Pro
cjk,scroll_triangle,softwrap,81,25,8,24542,8228333,26167,Menlo,16,1,release,8,24,3,false,3864,1929,false,Metal,Apple M5 Pro
cjk,scroll_triangle,softwrap,81,25,9,24542,8245667,26292,Menlo,16,1,release,8,24,3,false,3750,2041,false,Metal,Apple M5 Pro
cjk,scroll_triangle,softwrap,81,25,10,24292,8204583,26167,Menlo,16,1,release,8,24,3,false,3638,2155,false,Metal,Apple M5 Pro
cjk,scroll_triangle,softwrap,81,25,11,24458,8273334,26416,Menlo,16,1,release,8,24,3,false,3524,2267,false,Metal,Apple M5 Pro
cjk,scroll_triangle,softwrap,81,25,12,24708,8248375,25041,Menlo,16,1,release,8,24,3,false,3410,2381,false,Metal,Apple M5 Pro
cjk,scroll_triangle,softwrap,81,25,13,24625,8311667,26166,Menlo,16,1,release,8,24,3,false,3294,2495,false,Metal,Apple M5 Pro
cjk,scroll_triangle,softwrap,81,25,14,24167,8285250,26208,Menlo,16,1,release,8,24,3,false,3182,2611,false,Metal,Apple M5 Pro
cjk,scroll_triangle,softwrap,81,25,15,24083,8267584,26416,Menlo,16,1,release,8,24,3,false,3068,2723,false,Metal,Apple M5 Pro
cjk,scroll_triangle,softwrap,81,25,16,24209,16583,83,Menlo,16,1,release,8,24,3,false,3068,2723,false,Metal,Apple M5 Pro
cjk,scroll_triangle,softwrap,81,25,17,23208,16416,26417,Menlo,16,1,release,8,24,3,false,3182,2611,false,Metal,Apple M5 Pro
cjk,scroll_triangle,softwrap,81,25,18,23042,16333,26541,Menlo,16,1,release,8,24,3,false,3294,2495,false,Metal,Apple M5 Pro
cjk,scroll_triangle,softwrap,81,25,19,23125,17750,26208,Menlo,16,1,release,8,24,3,false,3410,2381,false,Metal,Apple M5 Pro
cjk,scroll_triangle,softwrap,81,25,20,23125,17667,26250,Menlo,16,1,release,8,24,3,false,3524,2267,false,Metal,Apple M5 Pro
cjk,scroll_triangle,softwrap,81,25,21,23166,16375,26334,Menlo,16,1,release,8,24,3,false,3638,2155,false,Metal,Apple M5 Pro
cjk,scroll_triangle,softwrap,81,25,22,22958,8332458,27375,Menlo,16,1,release,8,24,3,false,3750,2041,false,Metal,Apple M5 Pro
cjk,scroll_triangle,softwrap,81,25,23,24041,8278334,26208,Menlo,16,1,release,8,24,3,false,3864,1929,false,Metal,Apple M5 Pro
cjk,dense_novel_text,explicit_rows,81,25,0,15458,2754375,27625,Menlo,16,1,release,8,24,3,false,0,0,false,Metal,Apple M5 Pro
cjk,dense_novel_text,explicit_rows,81,25,1,15125,2783916,27625,Menlo,16,1,release,8,24,3,false,0,0,false,Metal,Apple M5 Pro
cjk,dense_novel_text,explicit_rows,81,25,2,14917,2763500,27667,Menlo,16,1,release,8,24,3,false,0,0,false,Metal,Apple M5 Pro
cjk,dense_novel_text,explicit_rows,81,25,3,15042,2788333,27708,Menlo,16,1,release,8,24,3,false,0,0,false,Metal,Apple M5 Pro
cjk,dense_novel_text,explicit_rows,81,25,4,15500,2915375,27750,Menlo,16,1,release,8,24,3,false,0,0,false,Metal,Apple M5 Pro
cjk,dense_novel_text,explicit_rows,81,25,5,15292,2796833,27666,Menlo,16,1,release,8,24,3,false,0,0,false,Metal,Apple M5 Pro
cjk,dense_novel_text,explicit_rows,81,25,6,15542,2792500,27917,Menlo,16,1,release,8,24,3,false,0,0,false,Metal,Apple M5 Pro
cjk,dense_novel_text,explicit_rows,81,25,7,15625,2848291,27625,Menlo,16,1,release,8,24,3,false,0,0,false,Metal,Apple M5 Pro
cjk,dense_novel_text,explicit_rows,81,25,8,15583,2800666,27709,Menlo,16,1,release,8,24,3,false,0,0,false,Metal,Apple M5 Pro
cjk,dense_novel_text,explicit_rows,81,25,9,15208,2784750,28083,Menlo,16,1,release,8,24,3,false,0,0,false,Metal,Apple M5 Pro
cjk,dense_novel_text,explicit_rows,81,25,10,15291,2794709,27708,Menlo,16,1,release,8,24,3,false,0,0,false,Metal,Apple M5 Pro
cjk,dense_novel_text,explicit_rows,81,25,11,15583,2788000,27625,Menlo,16,1,release,8,24,3,false,0,0,false,Metal,Apple M5 Pro
cjk,dense_novel_text,explicit_rows,81,25,12,15333,2837541,34708,Menlo,16,1,release,8,24,3,false,0,0,false,Metal,Apple M5 Pro
cjk,dense_novel_text,explicit_rows,81,25,13,19834,2840875,27458,Menlo,16,1,release,8,24,3,false,0,0,false,Metal,Apple M5 Pro
cjk,dense_novel_text,explicit_rows,81,25,14,15666,2775667,27125,Menlo,16,1,release,8,24,3,false,0,0,false,Metal,Apple M5 Pro
cjk,dense_novel_text,explicit_rows,81,25,15,15000,2754375,27250,Menlo,16,1,release,8,24,3,false,0,0,false,Metal,Apple M5 Pro
cjk,dense_novel_text,explicit_rows,81,25,16,15250,2796625,27334,Menlo,16,1,release,8,24,3,false,0,0,false,Metal,Apple M5 Pro
cjk,dense_novel_text,explicit_rows,81,25,17,15333,2787125,26500,Menlo,16,1,release,8,24,3,false,0,0,false,Metal,Apple M5 Pro
cjk,dense_novel_text,explicit_rows,81,25,18,15208,2798458,26708,Menlo,16,1,release,8,24,3,false,0,0,false,Metal,Apple M5 Pro
cjk,dense_novel_text,explicit_rows,81,25,19,15333,2775833,26583,Menlo,16,1,release,8,24,3,false,0,0,false,Metal,Apple M5 Pro
cjk,dense_novel_text,explicit_rows,81,25,20,15542,2782583,27458,Menlo,16,1,release,8,24,3,false,0,0,false,Metal,Apple M5 Pro
cjk,dense_novel_text,explicit_rows,81,25,21,15625,2758833,26583,Menlo,16,1,release,8,24,3,false,0,0,false,Metal,Apple M5 Pro
cjk,dense_novel_text,explicit_rows,81,25,22,14875,2766917,26667,Menlo,16,1,release,8,24,3,false,0,0,false,Metal,Apple M5 Pro
cjk,dense_novel_text,explicit_rows,81,25,23,15125,2781500,27959,Menlo,16,1,release,8,24,3,false,0,0,false,Metal,Apple M5 Pro
cjk,dense_novel_text,softwrap,81,25,0,23042,8310000,35000,Menlo,16,1,release,8,24,3,false,5796,0,false,Metal,Apple M5 Pro
cjk,dense_novel_text,softwrap,81,25,1,23708,8283584,25417,Menlo,16,1,release,8,24,3,false,5796,0,false,Metal,Apple M5 Pro
cjk,dense_novel_text,softwrap,81,25,2,24291,8325292,26000,Menlo,16,1,release,8,24,3,false,5796,0,false,Metal,Apple M5 Pro
cjk,dense_novel_text,softwrap,81,25,3,23584,8228000,26042,Menlo,16,1,release,8,24,3,false,5796,0,false,Metal,Apple M5 Pro
cjk,dense_novel_text,softwrap,81,25,4,23167,8267000,26083,Menlo,16,1,release,8,24,3,false,5796,0,false,Metal,Apple M5 Pro
cjk,dense_novel_text,softwrap,81,25,5,23500,8193125,26083,Menlo,16,1,release,8,24,3,false,5796,0,false,Metal,Apple M5 Pro
cjk,dense_novel_text,softwrap,81,25,6,22875,8262125,31833,Menlo,16,1,release,8,24,3,false,5796,0,false,Metal,Apple M5 Pro
cjk,dense_novel_text,softwrap,81,25,7,22917,8257208,26083,Menlo,16,1,release,8,24,3,false,5796,0,false,Metal,Apple M5 Pro
cjk,dense_novel_text,softwrap,81,25,8,23375,8253708,26208,Menlo,16,1,release,8,24,3,false,5796,0,false,Metal,Apple M5 Pro
cjk,dense_novel_text,softwrap,81,25,9,23708,8250958,26084,Menlo,16,1,release,8,24,3,false,5796,0,false,Metal,Apple M5 Pro
cjk,dense_novel_text,softwrap,81,25,10,24000,8295958,26083,Menlo,16,1,release,8,24,3,false,5796,0,false,Metal,Apple M5 Pro
cjk,dense_novel_text,softwrap,81,25,11,23750,8200000,26416,Menlo,16,1,release,8,24,3,false,5796,0,false,Metal,Apple M5 Pro
cjk,dense_novel_text,softwrap,81,25,12,23625,8277584,26000,Menlo,16,1,release,8,24,3,false,5796,0,false,Metal,Apple M5 Pro
cjk,dense_novel_text,softwrap,81,25,13,23583,8228792,26166,Menlo,16,1,release,8,24,3,false,5796,0,false,Metal,Apple M5 Pro
cjk,dense_novel_text,softwrap,81,25,14,23541,8279375,26084,Menlo,16,1,release,8,24,3,false,5796,0,false,Metal,Apple M5 Pro
cjk,dense_novel_text,softwrap,81,25,15,23167,8305833,25458,Menlo,16,1,release,8,24,3,false,5796,0,false,Metal,Apple M5 Pro
cjk,dense_novel_text,softwrap,81,25,16,23458,8284167,26250,Menlo,16,1,release,8,24,3,false,5796,0,false,Metal,Apple M5 Pro
cjk,dense_novel_text,softwrap,81,25,17,23417,8208250,25959,Menlo,16,1,release,8,24,3,false,5796,0,false,Metal,Apple M5 Pro
cjk,dense_novel_text,softwrap,81,25,18,23666,8234250,26208,Menlo,16,1,release,8,24,3,false,5796,0,false,Metal,Apple M5 Pro
cjk,dense_novel_text,softwrap,81,25,19,23250,8214708,26125,Menlo,16,1,release,8,24,3,false,5796,0,false,Metal,Apple M5 Pro
cjk,dense_novel_text,softwrap,81,25,20,24375,8231084,26125,Menlo,16,1,release,8,24,3,false,5796,0,false,Metal,Apple M5 Pro
cjk,dense_novel_text,softwrap,81,25,21,23084,8203875,26167,Menlo,16,1,release,8,24,3,false,5796,0,false,Metal,Apple M5 Pro
cjk,dense_novel_text,softwrap,81,25,22,24416,8313000,25958,Menlo,16,1,release,8,24,3,false,5796,0,false,Metal,Apple M5 Pro
cjk,dense_novel_text,softwrap,81,25,23,23292,8318333,25959,Menlo,16,1,release,8,24,3,false,5796,0,false,Metal,Apple M5 Pro
arabic,sparse_novel_counter,explicit_rows,81,25,0,14917,78083,1750,Menlo,16,1,release,8,24,3,false,0,0,false,Metal,Apple M5 Pro
arabic,sparse_novel_counter,explicit_rows,81,25,1,14959,79083,1750,Menlo,16,1,release,8,24,3,false,0,0,false,Metal,Apple M5 Pro
arabic,sparse_novel_counter,explicit_rows,81,25,2,14917,78250,1750,Menlo,16,1,release,8,24,3,false,0,0,false,Metal,Apple M5 Pro
arabic,sparse_novel_counter,explicit_rows,81,25,3,14959,78584,1708,Menlo,16,1,release,8,24,3,false,0,0,false,Metal,Apple M5 Pro
arabic,sparse_novel_counter,explicit_rows,81,25,4,15000,79208,1792,Menlo,16,1,release,8,24,3,false,0,0,false,Metal,Apple M5 Pro
arabic,sparse_novel_counter,explicit_rows,81,25,5,14875,78917,1750,Menlo,16,1,release,8,24,3,false,0,0,false,Metal,Apple M5 Pro
arabic,sparse_novel_counter,explicit_rows,81,25,6,14708,78917,1750,Menlo,16,1,release,8,24,3,false,0,0,false,Metal,Apple M5 Pro
arabic,sparse_novel_counter,explicit_rows,81,25,7,15125,89958,1750,Menlo,16,1,release,8,24,3,false,0,0,false,Metal,Apple M5 Pro
arabic,sparse_novel_counter,explicit_rows,81,25,8,15042,82083,1792,Menlo,16,1,release,8,24,3,false,0,0,false,Metal,Apple M5 Pro
arabic,sparse_novel_counter,explicit_rows,81,25,9,14833,78042,1750,Menlo,16,1,release,8,24,3,false,0,0,false,Metal,Apple M5 Pro
arabic,sparse_novel_counter,explicit_rows,81,25,10,14917,79458,1750,Menlo,16,1,release,8,24,3,false,0,0,false,Metal,Apple M5 Pro
arabic,sparse_novel_counter,explicit_rows,81,25,11,14916,79292,1750,Menlo,16,1,release,8,24,3,false,0,0,false,Metal,Apple M5 Pro
arabic,sparse_novel_counter,explicit_rows,81,25,12,14792,79083,1708,Menlo,16,1,release,8,24,3,false,0,0,false,Metal,Apple M5 Pro
arabic,sparse_novel_counter,explicit_rows,81,25,13,14875,79958,1750,Menlo,16,1,release,8,24,3,false,0,0,false,Metal,Apple M5 Pro
arabic,sparse_novel_counter,explicit_rows,81,25,14,14959,78875,1750,Menlo,16,1,release,8,24,3,false,0,0,false,Metal,Apple M5 Pro
arabic,sparse_novel_counter,explicit_rows,81,25,15,14792,79667,1750,Menlo,16,1,release,8,24,3,false,0,0,false,Metal,Apple M5 Pro
arabic,sparse_novel_counter,explicit_rows,81,25,16,14875,78958,1750,Menlo,16,1,release,8,24,3,false,0,0,false,Metal,Apple M5 Pro
arabic,sparse_novel_counter,explicit_rows,81,25,17,14791,79917,1750,Menlo,16,1,release,8,24,3,false,0,0,false,Metal,Apple M5 Pro
arabic,sparse_novel_counter,explicit_rows,81,25,18,15000,78375,1750,Menlo,16,1,release,8,24,3,false,0,0,false,Metal,Apple M5 Pro
arabic,sparse_novel_counter,explicit_rows,81,25,19,14958,78167,1750,Menlo,16,1,release,8,24,3,false,0,0,false,Metal,Apple M5 Pro
arabic,sparse_novel_counter,explicit_rows,81,25,20,14917,79042,1750,Menlo,16,1,release,8,24,3,false,0,0,false,Metal,Apple M5 Pro
arabic,sparse_novel_counter,explicit_rows,81,25,21,15042,79541,1750,Menlo,16,1,release,8,24,3,false,0,0,false,Metal,Apple M5 Pro
arabic,sparse_novel_counter,explicit_rows,81,25,22,15000,80625,1708,Menlo,16,1,release,8,24,3,false,0,0,false,Metal,Apple M5 Pro
arabic,sparse_novel_counter,explicit_rows,81,25,23,15125,79917,1791,Menlo,16,1,release,8,24,3,false,0,0,false,Metal,Apple M5 Pro
arabic,sparse_novel_counter,softwrap,81,25,0,38209,5342333,106333,Menlo,16,1,release,8,24,3,false,7479,0,false,Metal,Apple M5 Pro
arabic,sparse_novel_counter,softwrap,81,25,1,32667,4988792,45291,Menlo,16,1,release,8,24,3,false,7479,0,false,Metal,Apple M5 Pro
arabic,sparse_novel_counter,softwrap,81,25,2,30708,5035458,44917,Menlo,16,1,release,8,24,3,false,7479,0,false,Metal,Apple M5 Pro
arabic,sparse_novel_counter,softwrap,81,25,3,29833,5032291,45417,Menlo,16,1,release,8,24,3,false,7479,0,false,Metal,Apple M5 Pro
arabic,sparse_novel_counter,softwrap,81,25,4,30500,5022042,44875,Menlo,16,1,release,8,24,3,false,7479,0,false,Metal,Apple M5 Pro
arabic,sparse_novel_counter,softwrap,81,25,5,29333,5069292,44291,Menlo,16,1,release,8,24,3,false,7479,0,false,Metal,Apple M5 Pro
arabic,sparse_novel_counter,softwrap,81,25,6,31000,5054542,45000,Menlo,16,1,release,8,24,3,false,7479,0,false,Metal,Apple M5 Pro
arabic,sparse_novel_counter,softwrap,81,25,7,29334,4989250,44667,Menlo,16,1,release,8,24,3,false,7479,0,false,Metal,Apple M5 Pro
arabic,sparse_novel_counter,softwrap,81,25,8,28667,4948209,44917,Menlo,16,1,release,8,24,3,false,7479,0,false,Metal,Apple M5 Pro
arabic,sparse_novel_counter,softwrap,81,25,9,28958,4960042,44292,Menlo,16,1,release,8,24,3,false,7479,0,false,Metal,Apple M5 Pro
arabic,sparse_novel_counter,softwrap,81,25,10,28250,4958334,45542,Menlo,16,1,release,8,24,3,false,7479,0,false,Metal,Apple M5 Pro
arabic,sparse_novel_counter,softwrap,81,25,11,28500,4975708,44916,Menlo,16,1,release,8,24,3,false,7479,0,false,Metal,Apple M5 Pro
arabic,sparse_novel_counter,softwrap,81,25,12,28750,4923250,44917,Menlo,16,1,release,8,24,3,false,7479,0,false,Metal,Apple M5 Pro
arabic,sparse_novel_counter,softwrap,81,25,13,28125,4953667,44666,Menlo,16,1,release,8,24,3,false,7479,0,false,Metal,Apple M5 Pro
arabic,sparse_novel_counter,softwrap,81,25,14,29417,4930750,44750,Menlo,16,1,release,8,24,3,false,7479,0,false,Metal,Apple M5 Pro
arabic,sparse_novel_counter,softwrap,81,25,15,28083,4978917,44791,Menlo,16,1,release,8,24,3,false,7479,0,false,Metal,Apple M5 Pro
arabic,sparse_novel_counter,softwrap,81,25,16,28792,4996833,44958,Menlo,16,1,release,8,24,3,false,7479,0,false,Metal,Apple M5 Pro
arabic,sparse_novel_counter,softwrap,81,25,17,28375,4967750,45125,Menlo,16,1,release,8,24,3,false,7479,0,false,Metal,Apple M5 Pro
arabic,sparse_novel_counter,softwrap,81,25,18,28875,4933917,45041,Menlo,16,1,release,8,24,3,false,7479,0,false,Metal,Apple M5 Pro
arabic,sparse_novel_counter,softwrap,81,25,19,28833,4953833,44208,Menlo,16,1,release,8,24,3,false,7479,0,false,Metal,Apple M5 Pro
arabic,sparse_novel_counter,softwrap,81,25,20,28292,4915917,44875,Menlo,16,1,release,8,24,3,false,7479,0,false,Metal,Apple M5 Pro
arabic,sparse_novel_counter,softwrap,81,25,21,28083,4992542,44958,Menlo,16,1,release,8,24,3,false,7479,0,false,Metal,Apple M5 Pro
arabic,sparse_novel_counter,softwrap,81,25,22,28542,4953833,44959,Menlo,16,1,release,8,24,3,false,7479,0,false,Metal,Apple M5 Pro
arabic,sparse_novel_counter,softwrap,81,25,23,28875,4956792,44875,Menlo,16,1,release,8,24,3,false,7479,0,false,Metal,Apple M5 Pro
arabic,scroll_triangle,explicit_rows,81,25,0,16417,87625,39750,Menlo,16,1,release,8,24,3,false,0,0,false,Metal,Apple M5 Pro
arabic,scroll_triangle,explicit_rows,81,25,1,15417,81958,39125,Menlo,16,1,release,8,24,3,false,0,0,false,Metal,Apple M5 Pro
arabic,scroll_triangle,explicit_rows,81,25,2,15458,83208,38375,Menlo,16,1,release,8,24,3,false,0,0,false,Metal,Apple M5 Pro
arabic,scroll_triangle,explicit_rows,81,25,3,15416,80917,38292,Menlo,16,1,release,8,24,3,false,0,0,false,Metal,Apple M5 Pro
arabic,scroll_triangle,explicit_rows,81,25,4,15083,80000,38208,Menlo,16,1,release,8,24,3,false,0,0,false,Metal,Apple M5 Pro
arabic,scroll_triangle,explicit_rows,81,25,5,14917,79167,38250,Menlo,16,1,release,8,24,3,false,0,0,false,Metal,Apple M5 Pro
arabic,scroll_triangle,explicit_rows,81,25,6,14834,80542,38250,Menlo,16,1,release,8,24,3,false,0,0,false,Metal,Apple M5 Pro
arabic,scroll_triangle,explicit_rows,81,25,7,15250,78667,38250,Menlo,16,1,release,8,24,3,false,0,0,false,Metal,Apple M5 Pro
arabic,scroll_triangle,explicit_rows,81,25,8,15000,81083,38250,Menlo,16,1,release,8,24,3,false,0,0,false,Metal,Apple M5 Pro
arabic,scroll_triangle,explicit_rows,81,25,9,14833,80084,37500,Menlo,16,1,release,8,24,3,false,0,0,false,Metal,Apple M5 Pro
arabic,scroll_triangle,explicit_rows,81,25,10,14917,80541,36959,Menlo,16,1,release,8,24,3,false,0,0,false,Metal,Apple M5 Pro
arabic,scroll_triangle,explicit_rows,81,25,11,15000,79792,38250,Menlo,16,1,release,8,24,3,false,0,0,false,Metal,Apple M5 Pro
arabic,scroll_triangle,explicit_rows,81,25,12,14792,94417,38417,Menlo,16,1,release,8,24,3,false,0,0,false,Metal,Apple M5 Pro
arabic,scroll_triangle,explicit_rows,81,25,13,15000,79583,38334,Menlo,16,1,release,8,24,3,false,0,0,false,Metal,Apple M5 Pro
arabic,scroll_triangle,explicit_rows,81,25,14,14917,81042,38334,Menlo,16,1,release,8,24,3,false,0,0,false,Metal,Apple M5 Pro
arabic,scroll_triangle,explicit_rows,81,25,15,15083,81083,38292,Menlo,16,1,release,8,24,3,false,0,0,false,Metal,Apple M5 Pro
arabic,scroll_triangle,explicit_rows,81,25,16,14834,16875,42,Menlo,16,1,release,8,24,3,false,0,0,false,Metal,Apple M5 Pro
arabic,scroll_triangle,explicit_rows,81,25,17,14958,15958,38250,Menlo,16,1,release,8,24,3,false,0,0,false,Metal,Apple M5 Pro
arabic,scroll_triangle,explicit_rows,81,25,18,14916,16792,37583,Menlo,16,1,release,8,24,3,false,0,0,false,Metal,Apple M5 Pro
arabic,scroll_triangle,explicit_rows,81,25,19,14917,16625,36667,Menlo,16,1,release,8,24,3,false,0,0,false,Metal,Apple M5 Pro
arabic,scroll_triangle,explicit_rows,81,25,20,14917,33834,39958,Menlo,16,1,release,8,24,3,false,0,0,false,Metal,Apple M5 Pro
arabic,scroll_triangle,explicit_rows,81,25,21,15500,16375,37458,Menlo,16,1,release,8,24,3,false,0,0,false,Metal,Apple M5 Pro
arabic,scroll_triangle,explicit_rows,81,25,22,14917,15167,36917,Menlo,16,1,release,8,24,3,false,0,0,false,Metal,Apple M5 Pro
arabic,scroll_triangle,explicit_rows,81,25,23,14959,14916,36667,Menlo,16,1,release,8,24,3,false,0,0,false,Metal,Apple M5 Pro
arabic,scroll_triangle,softwrap,81,25,0,29583,4937667,45791,Menlo,16,1,release,8,24,3,false,6180,1276,false,Metal,Apple M5 Pro
arabic,scroll_triangle,softwrap,81,25,1,29625,4974042,95625,Menlo,16,1,release,8,24,3,false,6039,1418,false,Metal,Apple M5 Pro
arabic,scroll_triangle,softwrap,81,25,2,30500,4998208,55083,Menlo,16,1,release,8,24,3,false,5897,1568,false,Metal,Apple M5 Pro
arabic,scroll_triangle,softwrap,81,25,3,29958,5013500,45583,Menlo,16,1,release,8,24,3,false,5748,1709,false,Metal,Apple M5 Pro
arabic,scroll_triangle,softwrap,81,25,4,29625,4925667,63291,Menlo,16,1,release,8,24,3,false,5606,1850,false,Metal,Apple M5 Pro
arabic,scroll_triangle,softwrap,81,25,5,28792,4956458,45833,Menlo,16,1,release,8,24,3,false,5465,1994,false,Metal,Apple M5 Pro
arabic,scroll_triangle,softwrap,81,25,6,29166,4863167,46000,Menlo,16,1,release,8,24,3,false,5319,2142,false,Metal,Apple M5 Pro
arabic,scroll_triangle,softwrap,81,25,7,28375,4911625,46041,Menlo,16,1,release,8,24,3,false,5174,2284,false,Metal,Apple M5 Pro
arabic,scroll_triangle,softwrap,81,25,8,28875,4928208,45542,Menlo,16,1,release,8,24,3,false,5032,2426,false,Metal,Apple M5 Pro
arabic,scroll_triangle,softwrap,81,25,9,28750,4931958,45917,Menlo,16,1,release,8,24,3,false,4890,2575,false,Metal,Apple M5 Pro
arabic,scroll_triangle,softwrap,81,25,10,29042,4983792,45083,Menlo,16,1,release,8,24,3,false,4741,2716,false,Metal,Apple M5 Pro
arabic,scroll_triangle,softwrap,81,25,11,28458,4970083,45459,Menlo,16,1,release,8,24,3,false,4599,2858,false,Metal,Apple M5 Pro
arabic,scroll_triangle,softwrap,81,25,12,29166,4932417,45916,Menlo,16,1,release,8,24,3,false,4458,3000,false,Metal,Apple M5 Pro
arabic,scroll_triangle,softwrap,81,25,13,28417,4951875,46041,Menlo,16,1,release,8,24,3,false,4316,3149,false,Metal,Apple M5 Pro
arabic,scroll_triangle,softwrap,81,25,14,28917,4927500,45833,Menlo,16,1,release,8,24,3,false,4166,3291,false,Metal,Apple M5 Pro
arabic,scroll_triangle,softwrap,81,25,15,27875,4971917,45958,Menlo,16,1,release,8,24,3,false,4025,3432,false,Metal,Apple M5 Pro
arabic,scroll_triangle,softwrap,81,25,16,28917,17000,83,Menlo,16,1,release,8,24,3,false,4025,3432,false,Metal,Apple M5 Pro
arabic,scroll_triangle,softwrap,81,25,17,27458,16750,44292,Menlo,16,1,release,8,24,3,false,4166,3291,false,Metal,Apple M5 Pro
arabic,scroll_triangle,softwrap,81,25,18,27334,18041,43875,Menlo,16,1,release,8,24,3,false,4316,3149,false,Metal,Apple M5 Pro
arabic,scroll_triangle,softwrap,81,25,19,27458,18250,43708,Menlo,16,1,release,8,24,3,false,4458,3000,false,Metal,Apple M5 Pro
arabic,scroll_triangle,softwrap,81,25,20,27042,4983875,46541,Menlo,16,1,release,8,24,3,false,4599,2858,false,Metal,Apple M5 Pro
arabic,scroll_triangle,softwrap,81,25,21,28708,4904667,45750,Menlo,16,1,release,8,24,3,false,4741,2716,false,Metal,Apple M5 Pro
arabic,scroll_triangle,softwrap,81,25,22,28250,4882458,45875,Menlo,16,1,release,8,24,3,false,4890,2575,false,Metal,Apple M5 Pro
arabic,scroll_triangle,softwrap,81,25,23,28000,4928458,45792,Menlo,16,1,release,8,24,3,false,5032,2426,false,Metal,Apple M5 Pro
arabic,dense_novel_text,explicit_rows,81,25,0,15000,1629000,39750,Menlo,16,1,release,8,24,3,false,0,0,false,Metal,Apple M5 Pro
arabic,dense_novel_text,explicit_rows,81,25,1,15750,1606542,39333,Menlo,16,1,release,8,24,3,false,0,0,false,Metal,Apple M5 Pro
arabic,dense_novel_text,explicit_rows,81,25,2,15458,1601250,39292,Menlo,16,1,release,8,24,3,false,0,0,false,Metal,Apple M5 Pro
arabic,dense_novel_text,explicit_rows,81,25,3,15166,1610458,39208,Menlo,16,1,release,8,24,3,false,0,0,false,Metal,Apple M5 Pro
arabic,dense_novel_text,explicit_rows,81,25,4,15166,1597042,39291,Menlo,16,1,release,8,24,3,false,0,0,false,Metal,Apple M5 Pro
arabic,dense_novel_text,explicit_rows,81,25,5,15250,1594291,39208,Menlo,16,1,release,8,24,3,false,0,0,false,Metal,Apple M5 Pro
arabic,dense_novel_text,explicit_rows,81,25,6,14917,1633750,39791,Menlo,16,1,release,8,24,3,false,0,0,false,Metal,Apple M5 Pro
arabic,dense_novel_text,explicit_rows,81,25,7,15292,1595792,39458,Menlo,16,1,release,8,24,3,false,0,0,false,Metal,Apple M5 Pro
arabic,dense_novel_text,explicit_rows,81,25,8,15042,1599916,39458,Menlo,16,1,release,8,24,3,false,0,0,false,Metal,Apple M5 Pro
arabic,dense_novel_text,explicit_rows,81,25,9,14917,1588292,39417,Menlo,16,1,release,8,24,3,false,0,0,false,Metal,Apple M5 Pro
arabic,dense_novel_text,explicit_rows,81,25,10,15042,1681750,39375,Menlo,16,1,release,8,24,3,false,0,0,false,Metal,Apple M5 Pro
arabic,dense_novel_text,explicit_rows,81,25,11,15334,1615625,39875,Menlo,16,1,release,8,24,3,false,0,0,false,Metal,Apple M5 Pro
arabic,dense_novel_text,explicit_rows,81,25,12,15667,1602583,39459,Menlo,16,1,release,8,24,3,false,0,0,false,Metal,Apple M5 Pro
arabic,dense_novel_text,explicit_rows,81,25,13,15291,1631959,39583,Menlo,16,1,release,8,24,3,false,0,0,false,Metal,Apple M5 Pro
arabic,dense_novel_text,explicit_rows,81,25,14,15208,1602375,39584,Menlo,16,1,release,8,24,3,false,0,0,false,Metal,Apple M5 Pro
arabic,dense_novel_text,explicit_rows,81,25,15,15042,1583583,39542,Menlo,16,1,release,8,24,3,false,0,0,false,Metal,Apple M5 Pro
arabic,dense_novel_text,explicit_rows,81,25,16,15125,1598500,39541,Menlo,16,1,release,8,24,3,false,0,0,false,Metal,Apple M5 Pro
arabic,dense_novel_text,explicit_rows,81,25,17,15292,1632042,39667,Menlo,16,1,release,8,24,3,false,0,0,false,Metal,Apple M5 Pro
arabic,dense_novel_text,explicit_rows,81,25,18,15292,1613333,39500,Menlo,16,1,release,8,24,3,false,0,0,false,Metal,Apple M5 Pro
arabic,dense_novel_text,explicit_rows,81,25,19,15167,1592958,39458,Menlo,16,1,release,8,24,3,false,0,0,false,Metal,Apple M5 Pro
arabic,dense_novel_text,explicit_rows,81,25,20,14875,1620500,39417,Menlo,16,1,release,8,24,3,false,0,0,false,Metal,Apple M5 Pro
arabic,dense_novel_text,explicit_rows,81,25,21,15000,1604875,39208,Menlo,16,1,release,8,24,3,false,0,0,false,Metal,Apple M5 Pro
arabic,dense_novel_text,explicit_rows,81,25,22,14958,1599250,38958,Menlo,16,1,release,8,24,3,false,0,0,false,Metal,Apple M5 Pro
arabic,dense_novel_text,explicit_rows,81,25,23,14917,1631208,39750,Menlo,16,1,release,8,24,3,false,0,0,false,Metal,Apple M5 Pro
arabic,dense_novel_text,softwrap,81,25,0,29084,4975000,61583,Menlo,16,1,release,8,24,3,false,7479,0,false,Metal,Apple M5 Pro
arabic,dense_novel_text,softwrap,81,25,1,28167,4996917,45667,Menlo,16,1,release,8,24,3,false,7479,0,false,Metal,Apple M5 Pro
arabic,dense_novel_text,softwrap,81,25,2,28875,4957125,45458,Menlo,16,1,release,8,24,3,false,7479,0,false,Metal,Apple M5 Pro
arabic,dense_novel_text,softwrap,81,25,3,28583,4980750,45042,Menlo,16,1,release,8,24,3,false,7479,0,false,Metal,Apple M5 Pro
arabic,dense_novel_text,softwrap,81,25,4,37542,5016833,45375,Menlo,16,1,release,8,24,3,false,7479,0,false,Metal,Apple M5 Pro
arabic,dense_novel_text,softwrap,81,25,5,28125,4969917,45208,Menlo,16,1,release,8,24,3,false,7479,0,false,Metal,Apple M5 Pro
arabic,dense_novel_text,softwrap,81,25,6,28375,4964791,45167,Menlo,16,1,release,8,24,3,false,7479,0,false,Metal,Apple M5 Pro
arabic,dense_novel_text,softwrap,81,25,7,28375,4962000,45417,Menlo,16,1,release,8,24,3,false,7479,0,false,Metal,Apple M5 Pro
arabic,dense_novel_text,softwrap,81,25,8,28083,4935792,43875,Menlo,16,1,release,8,24,3,false,7479,0,false,Metal,Apple M5 Pro
arabic,dense_novel_text,softwrap,81,25,9,28917,4938625,45084,Menlo,16,1,release,8,24,3,false,7479,0,false,Metal,Apple M5 Pro
arabic,dense_novel_text,softwrap,81,25,10,28291,4966958,48250,Menlo,16,1,release,8,24,3,false,7479,0,false,Metal,Apple M5 Pro
arabic,dense_novel_text,softwrap,81,25,11,28000,5008083,45542,Menlo,16,1,release,8,24,3,false,7479,0,false,Metal,Apple M5 Pro
arabic,dense_novel_text,softwrap,81,25,12,28417,4970125,45208,Menlo,16,1,release,8,24,3,false,7479,0,false,Metal,Apple M5 Pro
arabic,dense_novel_text,softwrap,81,25,13,28041,5039125,45417,Menlo,16,1,release,8,24,3,false,7479,0,false,Metal,Apple M5 Pro
arabic,dense_novel_text,softwrap,81,25,14,28333,4946709,45041,Menlo,16,1,release,8,24,3,false,7479,0,false,Metal,Apple M5 Pro
arabic,dense_novel_text,softwrap,81,25,15,27958,4953917,45333,Menlo,16,1,release,8,24,3,false,7479,0,false,Metal,Apple M5 Pro
arabic,dense_novel_text,softwrap,81,25,16,28292,4934666,45250,Menlo,16,1,release,8,24,3,false,7479,0,false,Metal,Apple M5 Pro
arabic,dense_novel_text,softwrap,81,25,17,27959,4982750,45250,Menlo,16,1,release,8,24,3,false,7479,0,false,Metal,Apple M5 Pro
arabic,dense_novel_text,softwrap,81,25,18,28416,5026458,45209,Menlo,16,1,release,8,24,3,false,7479,0,false,Metal,Apple M5 Pro
arabic,dense_novel_text,softwrap,81,25,19,28250,4925875,45292,Menlo,16,1,release,8,24,3,false,7479,0,false,Metal,Apple M5 Pro
arabic,dense_novel_text,softwrap,81,25,20,28375,4952541,45250,Menlo,16,1,release,8,24,3,false,7479,0,false,Metal,Apple M5 Pro
arabic,dense_novel_text,softwrap,81,25,21,28459,4918958,45333,Menlo,16,1,release,8,24,3,false,7479,0,false,Metal,Apple M5 Pro
arabic,dense_novel_text,softwrap,81,25,22,27625,4936666,45084,Menlo,16,1,release,8,24,3,false,7479,0,false,Metal,Apple M5 Pro
arabic,dense_novel_text,softwrap,81,25,23,28834,5024500,45291,Menlo,16,1,release,8,24,3,false,7479,0,false,Metal,Apple M5 Pro
rtl_context_ltr_viewport,sparse_novel_counter,explicit_rows,81,25,0,14750,40083,1875,Menlo,16,1,release,8,24,3,false,0,0,false,Metal,Apple M5 Pro
rtl_context_ltr_viewport,sparse_novel_counter,explicit_rows,81,25,1,15000,40875,1958,Menlo,16,1,release,8,24,3,false,0,0,false,Metal,Apple M5 Pro
rtl_context_ltr_viewport,sparse_novel_counter,explicit_rows,81,25,2,14917,40417,1875,Menlo,16,1,release,8,24,3,false,0,0,false,Metal,Apple M5 Pro
rtl_context_ltr_viewport,sparse_novel_counter,explicit_rows,81,25,3,14792,40375,1875,Menlo,16,1,release,8,24,3,false,0,0,false,Metal,Apple M5 Pro
rtl_context_ltr_viewport,sparse_novel_counter,explicit_rows,81,25,4,14959,41041,1917,Menlo,16,1,release,8,24,3,false,0,0,false,Metal,Apple M5 Pro
rtl_context_ltr_viewport,sparse_novel_counter,explicit_rows,81,25,5,14958,40166,1875,Menlo,16,1,release,8,24,3,false,0,0,false,Metal,Apple M5 Pro
rtl_context_ltr_viewport,sparse_novel_counter,explicit_rows,81,25,6,15083,41458,1917,Menlo,16,1,release,8,24,3,false,0,0,false,Metal,Apple M5 Pro
rtl_context_ltr_viewport,sparse_novel_counter,explicit_rows,81,25,7,15042,40250,1875,Menlo,16,1,release,8,24,3,false,0,0,false,Metal,Apple M5 Pro
rtl_context_ltr_viewport,sparse_novel_counter,explicit_rows,81,25,8,14958,39750,1916,Menlo,16,1,release,8,24,3,false,0,0,false,Metal,Apple M5 Pro
rtl_context_ltr_viewport,sparse_novel_counter,explicit_rows,81,25,9,14916,40458,1917,Menlo,16,1,release,8,24,3,false,0,0,false,Metal,Apple M5 Pro
rtl_context_ltr_viewport,sparse_novel_counter,explicit_rows,81,25,10,14792,41417,1875,Menlo,16,1,release,8,24,3,false,0,0,false,Metal,Apple M5 Pro
rtl_context_ltr_viewport,sparse_novel_counter,explicit_rows,81,25,11,14958,40125,1875,Menlo,16,1,release,8,24,3,false,0,0,false,Metal,Apple M5 Pro
rtl_context_ltr_viewport,sparse_novel_counter,explicit_rows,81,25,12,14750,48291,1875,Menlo,16,1,release,8,24,3,false,0,0,false,Metal,Apple M5 Pro
rtl_context_ltr_viewport,sparse_novel_counter,explicit_rows,81,25,13,14958,39083,1875,Menlo,16,1,release,8,24,3,false,0,0,false,Metal,Apple M5 Pro
rtl_context_ltr_viewport,sparse_novel_counter,explicit_rows,81,25,14,14792,40209,1875,Menlo,16,1,release,8,24,3,false,0,0,false,Metal,Apple M5 Pro
rtl_context_ltr_viewport,sparse_novel_counter,explicit_rows,81,25,15,15000,41041,1917,Menlo,16,1,release,8,24,3,false,0,0,false,Metal,Apple M5 Pro
rtl_context_ltr_viewport,sparse_novel_counter,explicit_rows,81,25,16,14875,40833,1875,Menlo,16,1,release,8,24,3,false,0,0,false,Metal,Apple M5 Pro
rtl_context_ltr_viewport,sparse_novel_counter,explicit_rows,81,25,17,15125,39625,1833,Menlo,16,1,release,8,24,3,false,0,0,false,Metal,Apple M5 Pro
rtl_context_ltr_viewport,sparse_novel_counter,explicit_rows,81,25,18,14916,40125,1875,Menlo,16,1,release,8,24,3,false,0,0,false,Metal,Apple M5 Pro
rtl_context_ltr_viewport,sparse_novel_counter,explicit_rows,81,25,19,14917,40250,1875,Menlo,16,1,release,8,24,3,false,0,0,false,Metal,Apple M5 Pro
rtl_context_ltr_viewport,sparse_novel_counter,explicit_rows,81,25,20,17667,49333,2042,Menlo,16,1,release,8,24,3,false,0,0,false,Metal,Apple M5 Pro
rtl_context_ltr_viewport,sparse_novel_counter,explicit_rows,81,25,21,15208,43000,1916,Menlo,16,1,release,8,24,3,false,0,0,false,Metal,Apple M5 Pro
rtl_context_ltr_viewport,sparse_novel_counter,explicit_rows,81,25,22,15125,40709,1917,Menlo,16,1,release,8,24,3,false,0,0,false,Metal,Apple M5 Pro
rtl_context_ltr_viewport,sparse_novel_counter,explicit_rows,81,25,23,14833,53083,1875,Menlo,16,1,release,8,24,3,false,0,0,false,Metal,Apple M5 Pro
rtl_context_ltr_viewport,sparse_novel_counter,softwrap,81,25,0,26375,1374958,71333,Menlo,16,1,release,8,24,3,false,4226,0,false,Metal,Apple M5 Pro
rtl_context_ltr_viewport,sparse_novel_counter,softwrap,81,25,1,26500,1400959,45458,Menlo,16,1,release,8,24,3,false,4226,0,false,Metal,Apple M5 Pro
rtl_context_ltr_viewport,sparse_novel_counter,softwrap,81,25,2,26834,1378542,45500,Menlo,16,1,release,8,24,3,false,4226,0,false,Metal,Apple M5 Pro
rtl_context_ltr_viewport,sparse_novel_counter,softwrap,81,25,3,26542,1408834,45541,Menlo,16,1,release,8,24,3,false,4226,0,false,Metal,Apple M5 Pro
rtl_context_ltr_viewport,sparse_novel_counter,softwrap,81,25,4,26709,1399084,45417,Menlo,16,1,release,8,24,3,false,4226,0,false,Metal,Apple M5 Pro
rtl_context_ltr_viewport,sparse_novel_counter,softwrap,81,25,5,26958,1403334,45292,Menlo,16,1,release,8,24,3,false,4226,0,false,Metal,Apple M5 Pro
rtl_context_ltr_viewport,sparse_novel_counter,softwrap,81,25,6,26541,1373500,45375,Menlo,16,1,release,8,24,3,false,4226,0,false,Metal,Apple M5 Pro
rtl_context_ltr_viewport,sparse_novel_counter,softwrap,81,25,7,26125,1387916,45667,Menlo,16,1,release,8,24,3,false,4226,0,false,Metal,Apple M5 Pro
rtl_context_ltr_viewport,sparse_novel_counter,softwrap,81,25,8,26000,1379791,45125,Menlo,16,1,release,8,24,3,false,4226,0,false,Metal,Apple M5 Pro
rtl_context_ltr_viewport,sparse_novel_counter,softwrap,81,25,9,26666,1377584,45333,Menlo,16,1,release,8,24,3,false,4226,0,false,Metal,Apple M5 Pro
rtl_context_ltr_viewport,sparse_novel_counter,softwrap,81,25,10,26959,1375791,45042,Menlo,16,1,release,8,24,3,false,4226,0,false,Metal,Apple M5 Pro
rtl_context_ltr_viewport,sparse_novel_counter,softwrap,81,25,11,26625,1422250,45542,Menlo,16,1,release,8,24,3,false,4226,0,false,Metal,Apple M5 Pro
rtl_context_ltr_viewport,sparse_novel_counter,softwrap,81,25,12,27791,1400875,45167,Menlo,16,1,release,8,24,3,false,4226,0,false,Metal,Apple M5 Pro
rtl_context_ltr_viewport,sparse_novel_counter,softwrap,81,25,13,26375,1389250,45458,Menlo,16,1,release,8,24,3,false,4226,0,false,Metal,Apple M5 Pro
rtl_context_ltr_viewport,sparse_novel_counter,softwrap,81,25,14,27125,1384458,45666,Menlo,16,1,release,8,24,3,false,4226,0,false,Metal,Apple M5 Pro
rtl_context_ltr_viewport,sparse_novel_counter,softwrap,81,25,15,26084,1422709,45625,Menlo,16,1,release,8,24,3,false,4226,0,false,Metal,Apple M5 Pro
rtl_context_ltr_viewport,sparse_novel_counter,softwrap,81,25,16,30625,1378833,45417,Menlo,16,1,release,8,24,3,false,4226,0,false,Metal,Apple M5 Pro
rtl_context_ltr_viewport,sparse_novel_counter,softwrap,81,25,17,26542,1401041,51083,Menlo,16,1,release,8,24,3,false,4226,0,false,Metal,Apple M5 Pro
rtl_context_ltr_viewport,sparse_novel_counter,softwrap,81,25,18,29625,1433125,45792,Menlo,16,1,release,8,24,3,false,4226,0,false,Metal,Apple M5 Pro
rtl_context_ltr_viewport,sparse_novel_counter,softwrap,81,25,19,27000,1391000,45375,Menlo,16,1,release,8,24,3,false,4226,0,false,Metal,Apple M5 Pro
rtl_context_ltr_viewport,sparse_novel_counter,softwrap,81,25,20,25834,1391000,45416,Menlo,16,1,release,8,24,3,false,4226,0,false,Metal,Apple M5 Pro
rtl_context_ltr_viewport,sparse_novel_counter,softwrap,81,25,21,26667,1373542,45458,Menlo,16,1,release,8,24,3,false,4226,0,false,Metal,Apple M5 Pro
rtl_context_ltr_viewport,sparse_novel_counter,softwrap,81,25,22,26584,1372333,45542,Menlo,16,1,release,8,24,3,false,4226,0,false,Metal,Apple M5 Pro
rtl_context_ltr_viewport,sparse_novel_counter,softwrap,81,25,23,26833,1378042,45541,Menlo,16,1,release,8,24,3,false,4226,0,false,Metal,Apple M5 Pro
rtl_context_ltr_viewport,scroll_triangle,explicit_rows,81,25,0,14792,41500,44083,Menlo,16,1,release,8,24,3,false,0,0,false,Metal,Apple M5 Pro
rtl_context_ltr_viewport,scroll_triangle,explicit_rows,81,25,1,15167,42542,44209,Menlo,16,1,release,8,24,3,false,0,0,false,Metal,Apple M5 Pro
rtl_context_ltr_viewport,scroll_triangle,explicit_rows,81,25,2,15000,41500,43958,Menlo,16,1,release,8,24,3,false,0,0,false,Metal,Apple M5 Pro
rtl_context_ltr_viewport,scroll_triangle,explicit_rows,81,25,3,15125,40125,41792,Menlo,16,1,release,8,24,3,false,0,0,false,Metal,Apple M5 Pro
rtl_context_ltr_viewport,scroll_triangle,explicit_rows,81,25,4,15000,40666,41792,Menlo,16,1,release,8,24,3,false,0,0,false,Metal,Apple M5 Pro
rtl_context_ltr_viewport,scroll_triangle,explicit_rows,81,25,5,15042,41125,42042,Menlo,16,1,release,8,24,3,false,0,0,false,Metal,Apple M5 Pro
rtl_context_ltr_viewport,scroll_triangle,explicit_rows,81,25,6,15167,41250,42167,Menlo,16,1,release,8,24,3,false,0,0,false,Metal,Apple M5 Pro
rtl_context_ltr_viewport,scroll_triangle,explicit_rows,81,25,7,15292,41166,42208,Menlo,16,1,release,8,24,3,false,0,0,false,Metal,Apple M5 Pro
rtl_context_ltr_viewport,scroll_triangle,explicit_rows,81,25,8,14917,39958,48084,Menlo,16,1,release,8,24,3,false,0,0,false,Metal,Apple M5 Pro
rtl_context_ltr_viewport,scroll_triangle,explicit_rows,81,25,9,14791,40792,42416,Menlo,16,1,release,8,24,3,false,0,0,false,Metal,Apple M5 Pro
rtl_context_ltr_viewport,scroll_triangle,explicit_rows,81,25,10,14750,39875,42292,Menlo,16,1,release,8,24,3,false,0,0,false,Metal,Apple M5 Pro
rtl_context_ltr_viewport,scroll_triangle,explicit_rows,81,25,11,15375,41375,42084,Menlo,16,1,release,8,24,3,false,0,0,false,Metal,Apple M5 Pro
rtl_context_ltr_viewport,scroll_triangle,explicit_rows,81,25,12,15292,41000,43292,Menlo,16,1,release,8,24,3,false,0,0,false,Metal,Apple M5 Pro
rtl_context_ltr_viewport,scroll_triangle,explicit_rows,81,25,13,14958,40125,54792,Menlo,16,1,release,8,24,3,false,0,0,false,Metal,Apple M5 Pro
rtl_context_ltr_viewport,scroll_triangle,explicit_rows,81,25,14,15041,41417,43708,Menlo,16,1,release,8,24,3,false,0,0,false,Metal,Apple M5 Pro
rtl_context_ltr_viewport,scroll_triangle,explicit_rows,81,25,15,14917,40375,44084,Menlo,16,1,release,8,24,3,false,0,0,false,Metal,Apple M5 Pro
rtl_context_ltr_viewport,scroll_triangle,explicit_rows,81,25,16,15125,17042,42,Menlo,16,1,release,8,24,3,false,0,0,false,Metal,Apple M5 Pro
rtl_context_ltr_viewport,scroll_triangle,explicit_rows,81,25,17,15000,16708,44000,Menlo,16,1,release,8,24,3,false,0,0,false,Metal,Apple M5 Pro
rtl_context_ltr_viewport,scroll_triangle,explicit_rows,81,25,18,14917,16708,44083,Menlo,16,1,release,8,24,3,false,0,0,false,Metal,Apple M5 Pro
rtl_context_ltr_viewport,scroll_triangle,explicit_rows,81,25,19,14750,15542,44209,Menlo,16,1,release,8,24,3,false,0,0,false,Metal,Apple M5 Pro
rtl_context_ltr_viewport,scroll_triangle,explicit_rows,81,25,20,14875,15750,43916,Menlo,16,1,release,8,24,3,false,0,0,false,Metal,Apple M5 Pro
rtl_context_ltr_viewport,scroll_triangle,explicit_rows,81,25,21,14750,15541,44125,Menlo,16,1,release,8,24,3,false,0,0,false,Metal,Apple M5 Pro
rtl_context_ltr_viewport,scroll_triangle,explicit_rows,81,25,22,14834,15666,42959,Menlo,16,1,release,8,24,3,false,0,0,false,Metal,Apple M5 Pro
rtl_context_ltr_viewport,scroll_triangle,explicit_rows,81,25,23,14875,15500,41750,Menlo,16,1,release,8,24,3,false,0,0,false,Metal,Apple M5 Pro
rtl_context_ltr_viewport,scroll_triangle,softwrap,81,25,0,26916,1393375,46125,Menlo,16,1,release,8,24,3,false,3485,741,false,Metal,Apple M5 Pro
rtl_context_ltr_viewport,scroll_triangle,softwrap,81,25,1,26375,1386917,45916,Menlo,16,1,release,8,24,3,false,3402,824,false,Metal,Apple M5 Pro
rtl_context_ltr_viewport,scroll_triangle,softwrap,81,25,2,26083,1410792,44625,Menlo,16,1,release,8,24,3,false,3320,906,false,Metal,Apple M5 Pro
rtl_context_ltr_viewport,scroll_triangle,softwrap,81,25,3,26667,1395625,46250,Menlo,16,1,release,8,24,3,false,3238,988,false,Metal,Apple M5 Pro
rtl_context_ltr_viewport,scroll_triangle,softwrap,81,25,4,26834,1391334,46166,Menlo,16,1,release,8,24,3,false,3155,1071,false,Metal,Apple M5 Pro
rtl_context_ltr_viewport,scroll_triangle,softwrap,81,25,5,26833,1390083,46250,Menlo,16,1,release,8,24,3,false,3073,1153,false,Metal,Apple M5 Pro
rtl_context_ltr_viewport,scroll_triangle,softwrap,81,25,6,26375,1383917,46583,Menlo,16,1,release,8,24,3,false,2990,1236,false,Metal,Apple M5 Pro
rtl_context_ltr_viewport,scroll_triangle,softwrap,81,25,7,25917,1395250,45875,Menlo,16,1,release,8,24,3,false,2908,1318,false,Metal,Apple M5 Pro
rtl_context_ltr_viewport,scroll_triangle,softwrap,81,25,8,25791,1381708,46292,Menlo,16,1,release,8,24,3,false,2826,1400,false,Metal,Apple M5 Pro
rtl_context_ltr_viewport,scroll_triangle,softwrap,81,25,9,26000,1437041,46167,Menlo,16,1,release,8,24,3,false,2743,1483,false,Metal,Apple M5 Pro
rtl_context_ltr_viewport,scroll_triangle,softwrap,81,25,10,25584,1402334,45708,Menlo,16,1,release,8,24,3,false,2661,1565,false,Metal,Apple M5 Pro
rtl_context_ltr_viewport,scroll_triangle,softwrap,81,25,11,25791,1399458,46292,Menlo,16,1,release,8,24,3,false,2578,1648,false,Metal,Apple M5 Pro
rtl_context_ltr_viewport,scroll_triangle,softwrap,81,25,12,25667,1393416,46292,Menlo,16,1,release,8,24,3,false,2496,1730,false,Metal,Apple M5 Pro
rtl_context_ltr_viewport,scroll_triangle,softwrap,81,25,13,26000,1399625,45791,Menlo,16,1,release,8,24,3,false,2414,1812,false,Metal,Apple M5 Pro
rtl_context_ltr_viewport,scroll_triangle,softwrap,81,25,14,26292,1378375,46250,Menlo,16,1,release,8,24,3,false,2331,1895,false,Metal,Apple M5 Pro
rtl_context_ltr_viewport,scroll_triangle,softwrap,81,25,15,25166,1399917,46291,Menlo,16,1,release,8,24,3,false,2249,1977,false,Metal,Apple M5 Pro
rtl_context_ltr_viewport,scroll_triangle,softwrap,81,25,16,27000,16416,42,Menlo,16,1,release,8,24,3,false,2249,1977,false,Metal,Apple M5 Pro
rtl_context_ltr_viewport,scroll_triangle,softwrap,81,25,17,25666,17500,46125,Menlo,16,1,release,8,24,3,false,2331,1895,false,Metal,Apple M5 Pro
rtl_context_ltr_viewport,scroll_triangle,softwrap,81,25,18,25291,17334,46125,Menlo,16,1,release,8,24,3,false,2414,1812,false,Metal,Apple M5 Pro
rtl_context_ltr_viewport,scroll_triangle,softwrap,81,25,19,25292,16083,46000,Menlo,16,1,release,8,24,3,false,2496,1730,false,Metal,Apple M5 Pro
rtl_context_ltr_viewport,scroll_triangle,softwrap,81,25,20,25291,1427333,47250,Menlo,16,1,release,8,24,3,false,2578,1648,false,Metal,Apple M5 Pro
rtl_context_ltr_viewport,scroll_triangle,softwrap,81,25,21,26542,1421666,46375,Menlo,16,1,release,8,24,3,false,2661,1565,false,Metal,Apple M5 Pro
rtl_context_ltr_viewport,scroll_triangle,softwrap,81,25,22,26750,1393166,46250,Menlo,16,1,release,8,24,3,false,2743,1483,false,Metal,Apple M5 Pro
rtl_context_ltr_viewport,scroll_triangle,softwrap,81,25,23,26292,1399125,46209,Menlo,16,1,release,8,24,3,false,2826,1400,false,Metal,Apple M5 Pro
rtl_context_ltr_viewport,dense_novel_text,explicit_rows,81,25,0,15125,611750,43959,Menlo,16,1,release,8,24,3,false,0,0,false,Metal,Apple M5 Pro
rtl_context_ltr_viewport,dense_novel_text,explicit_rows,81,25,1,15125,613208,43917,Menlo,16,1,release,8,24,3,false,0,0,false,Metal,Apple M5 Pro
rtl_context_ltr_viewport,dense_novel_text,explicit_rows,81,25,2,15458,608667,43792,Menlo,16,1,release,8,24,3,false,0,0,false,Metal,Apple M5 Pro
rtl_context_ltr_viewport,dense_novel_text,explicit_rows,81,25,3,15375,612625,43959,Menlo,16,1,release,8,24,3,false,0,0,false,Metal,Apple M5 Pro
rtl_context_ltr_viewport,dense_novel_text,explicit_rows,81,25,4,15292,613583,43875,Menlo,16,1,release,8,24,3,false,0,0,false,Metal,Apple M5 Pro
rtl_context_ltr_viewport,dense_novel_text,explicit_rows,81,25,5,14958,613875,43833,Menlo,16,1,release,8,24,3,false,0,0,false,Metal,Apple M5 Pro
rtl_context_ltr_viewport,dense_novel_text,explicit_rows,81,25,6,15125,613417,43791,Menlo,16,1,release,8,24,3,false,0,0,false,Metal,Apple M5 Pro
rtl_context_ltr_viewport,dense_novel_text,explicit_rows,81,25,7,15042,619584,44166,Menlo,16,1,release,8,24,3,false,0,0,false,Metal,Apple M5 Pro
rtl_context_ltr_viewport,dense_novel_text,explicit_rows,81,25,8,15000,616917,44042,Menlo,16,1,release,8,24,3,false,0,0,false,Metal,Apple M5 Pro
rtl_context_ltr_viewport,dense_novel_text,explicit_rows,81,25,9,15458,621541,42792,Menlo,16,1,release,8,24,3,false,0,0,false,Metal,Apple M5 Pro
rtl_context_ltr_viewport,dense_novel_text,explicit_rows,81,25,10,15166,611542,44375,Menlo,16,1,release,8,24,3,false,0,0,false,Metal,Apple M5 Pro
rtl_context_ltr_viewport,dense_novel_text,explicit_rows,81,25,11,15375,610250,44083,Menlo,16,1,release,8,24,3,false,0,0,false,Metal,Apple M5 Pro
rtl_context_ltr_viewport,dense_novel_text,explicit_rows,81,25,12,15250,670459,44375,Menlo,16,1,release,8,24,3,false,0,0,false,Metal,Apple M5 Pro
rtl_context_ltr_viewport,dense_novel_text,explicit_rows,81,25,13,15083,610416,44459,Menlo,16,1,release,8,24,3,false,0,0,false,Metal,Apple M5 Pro
rtl_context_ltr_viewport,dense_novel_text,explicit_rows,81,25,14,15167,609708,44417,Menlo,16,1,release,8,24,3,false,0,0,false,Metal,Apple M5 Pro
rtl_context_ltr_viewport,dense_novel_text,explicit_rows,81,25,15,15208,608792,44542,Menlo,16,1,release,8,24,3,false,0,0,false,Metal,Apple M5 Pro
rtl_context_ltr_viewport,dense_novel_text,explicit_rows,81,25,16,15250,608917,44458,Menlo,16,1,release,8,24,3,false,0,0,false,Metal,Apple M5 Pro
rtl_context_ltr_viewport,dense_novel_text,explicit_rows,81,25,17,15042,608041,44459,Menlo,16,1,release,8,24,3,false,0,0,false,Metal,Apple M5 Pro
rtl_context_ltr_viewport,dense_novel_text,explicit_rows,81,25,18,15208,606958,47542,Menlo,16,1,release,8,24,3,false,0,0,false,Metal,Apple M5 Pro
rtl_context_ltr_viewport,dense_novel_text,explicit_rows,81,25,19,14875,605333,44458,Menlo,16,1,release,8,24,3,false,0,0,false,Metal,Apple M5 Pro
rtl_context_ltr_viewport,dense_novel_text,explicit_rows,81,25,20,15083,607625,44541,Menlo,16,1,release,8,24,3,false,0,0,false,Metal,Apple M5 Pro
rtl_context_ltr_viewport,dense_novel_text,explicit_rows,81,25,21,15042,610792,44458,Menlo,16,1,release,8,24,3,false,0,0,false,Metal,Apple M5 Pro
rtl_context_ltr_viewport,dense_novel_text,explicit_rows,81,25,22,15083,636875,44542,Menlo,16,1,release,8,24,3,false,0,0,false,Metal,Apple M5 Pro
rtl_context_ltr_viewport,dense_novel_text,explicit_rows,81,25,23,15416,618125,44417,Menlo,16,1,release,8,24,3,false,0,0,false,Metal,Apple M5 Pro
rtl_context_ltr_viewport,dense_novel_text,softwrap,81,25,0,25791,1377958,50459,Menlo,16,1,release,8,24,3,false,4226,0,false,Metal,Apple M5 Pro
rtl_context_ltr_viewport,dense_novel_text,softwrap,81,25,1,26292,1389750,45583,Menlo,16,1,release,8,24,3,false,4226,0,false,Metal,Apple M5 Pro
rtl_context_ltr_viewport,dense_novel_text,softwrap,81,25,2,25917,1386458,45458,Menlo,16,1,release,8,24,3,false,4226,0,false,Metal,Apple M5 Pro
rtl_context_ltr_viewport,dense_novel_text,softwrap,81,25,3,26208,1380209,45458,Menlo,16,1,release,8,24,3,false,4226,0,false,Metal,Apple M5 Pro
rtl_context_ltr_viewport,dense_novel_text,softwrap,81,25,4,26625,1414458,45292,Menlo,16,1,release,8,24,3,false,4226,0,false,Metal,Apple M5 Pro
rtl_context_ltr_viewport,dense_novel_text,softwrap,81,25,5,26209,1400291,45292,Menlo,16,1,release,8,24,3,false,4226,0,false,Metal,Apple M5 Pro
rtl_context_ltr_viewport,dense_novel_text,softwrap,81,25,6,25875,1390500,45583,Menlo,16,1,release,8,24,3,false,4226,0,false,Metal,Apple M5 Pro
rtl_context_ltr_viewport,dense_novel_text,softwrap,81,25,7,26000,1416041,45334,Menlo,16,1,release,8,24,3,false,4226,0,false,Metal,Apple M5 Pro
rtl_context_ltr_viewport,dense_novel_text,softwrap,81,25,8,26042,1420833,45416,Menlo,16,1,release,8,24,3,false,4226,0,false,Metal,Apple M5 Pro
rtl_context_ltr_viewport,dense_novel_text,softwrap,81,25,9,26041,1392042,45459,Menlo,16,1,release,8,24,3,false,4226,0,false,Metal,Apple M5 Pro
rtl_context_ltr_viewport,dense_novel_text,softwrap,81,25,10,25750,1424375,45250,Menlo,16,1,release,8,24,3,false,4226,0,false,Metal,Apple M5 Pro
rtl_context_ltr_viewport,dense_novel_text,softwrap,81,25,11,26416,1387417,45292,Menlo,16,1,release,8,24,3,false,4226,0,false,Metal,Apple M5 Pro
rtl_context_ltr_viewport,dense_novel_text,softwrap,81,25,12,26041,1373334,45375,Menlo,16,1,release,8,24,3,false,4226,0,false,Metal,Apple M5 Pro
rtl_context_ltr_viewport,dense_novel_text,softwrap,81,25,13,25875,1376834,45125,Menlo,16,1,release,8,24,3,false,4226,0,false,Metal,Apple M5 Pro
rtl_context_ltr_viewport,dense_novel_text,softwrap,81,25,14,26042,1400083,45083,Menlo,16,1,release,8,24,3,false,4226,0,false,Metal,Apple M5 Pro
rtl_context_ltr_viewport,dense_novel_text,softwrap,81,25,15,25875,1377000,45250,Menlo,16,1,release,8,24,3,false,4226,0,false,Metal,Apple M5 Pro
rtl_context_ltr_viewport,dense_novel_text,softwrap,81,25,16,25875,1386959,45334,Menlo,16,1,release,8,24,3,false,4226,0,false,Metal,Apple M5 Pro
rtl_context_ltr_viewport,dense_novel_text,softwrap,81,25,17,25666,1413792,45334,Menlo,16,1,release,8,24,3,false,4226,0,false,Metal,Apple M5 Pro
rtl_context_ltr_viewport,dense_novel_text,softwrap,81,25,18,27250,1388208,45083,Menlo,16,1,release,8,24,3,false,4226,0,false,Metal,Apple M5 Pro
rtl_context_ltr_viewport,dense_novel_text,softwrap,81,25,19,26125,1374375,45500,Menlo,16,1,release,8,24,3,false,4226,0,false,Metal,Apple M5 Pro
rtl_context_ltr_viewport,dense_novel_text,softwrap,81,25,20,26041,1380125,45375,Menlo,16,1,release,8,24,3,false,4226,0,false,Metal,Apple M5 Pro
rtl_context_ltr_viewport,dense_novel_text,softwrap,81,25,21,25584,1370166,43667,Menlo,16,1,release,8,24,3,false,4226,0,false,Metal,Apple M5 Pro
rtl_context_ltr_viewport,dense_novel_text,softwrap,81,25,22,26292,1384542,45375,Menlo,16,1,release,8,24,3,false,4226,0,false,Metal,Apple M5 Pro
rtl_context_ltr_viewport,dense_novel_text,softwrap,81,25,23,26167,1379083,45375,Menlo,16,1,release,8,24,3,false,4226,0,false,Metal,Apple M5 Pro
latin_accents,sparse_novel_counter,explicit_rows,121,42,0,38334,78791,2917,Menlo,16,1,release,8,24,3,false,0,0,false,Metal,Apple M5 Pro
latin_accents,sparse_novel_counter,explicit_rows,121,42,1,38542,75875,2916,Menlo,16,1,release,8,24,3,false,0,0,false,Metal,Apple M5 Pro
latin_accents,sparse_novel_counter,explicit_rows,121,42,2,38417,75875,2875,Menlo,16,1,release,8,24,3,false,0,0,false,Metal,Apple M5 Pro
latin_accents,sparse_novel_counter,explicit_rows,121,42,3,38542,76125,2916,Menlo,16,1,release,8,24,3,false,0,0,false,Metal,Apple M5 Pro
latin_accents,sparse_novel_counter,explicit_rows,121,42,4,38292,75208,2917,Menlo,16,1,release,8,24,3,false,0,0,false,Metal,Apple M5 Pro
latin_accents,sparse_novel_counter,explicit_rows,121,42,5,38583,75583,2958,Menlo,16,1,release,8,24,3,false,0,0,false,Metal,Apple M5 Pro
latin_accents,sparse_novel_counter,explicit_rows,121,42,6,39125,75583,2833,Menlo,16,1,release,8,24,3,false,0,0,false,Metal,Apple M5 Pro
latin_accents,sparse_novel_counter,explicit_rows,121,42,7,38750,116583,2916,Menlo,16,1,release,8,24,3,false,0,0,false,Metal,Apple M5 Pro
latin_accents,sparse_novel_counter,explicit_rows,121,42,8,38375,75834,2875,Menlo,16,1,release,8,24,3,false,0,0,false,Metal,Apple M5 Pro
latin_accents,sparse_novel_counter,explicit_rows,121,42,9,38375,75250,2875,Menlo,16,1,release,8,24,3,false,0,0,false,Metal,Apple M5 Pro
latin_accents,sparse_novel_counter,explicit_rows,121,42,10,38250,75458,2875,Menlo,16,1,release,8,24,3,false,0,0,false,Metal,Apple M5 Pro
latin_accents,sparse_novel_counter,explicit_rows,121,42,11,38541,80625,2875,Menlo,16,1,release,8,24,3,false,0,0,false,Metal,Apple M5 Pro
latin_accents,sparse_novel_counter,explicit_rows,121,42,12,38333,76125,2875,Menlo,16,1,release,8,24,3,false,0,0,false,Metal,Apple M5 Pro
latin_accents,sparse_novel_counter,explicit_rows,121,42,13,38250,75542,2875,Menlo,16,1,release,8,24,3,false,0,0,false,Metal,Apple M5 Pro
latin_accents,sparse_novel_counter,explicit_rows,121,42,14,38292,75125,2916,Menlo,16,1,release,8,24,3,false,0,0,false,Metal,Apple M5 Pro
latin_accents,sparse_novel_counter,explicit_rows,121,42,15,38250,75583,2917,Menlo,16,1,release,8,24,3,false,0,0,false,Metal,Apple M5 Pro
latin_accents,sparse_novel_counter,explicit_rows,121,42,16,38334,75584,2916,Menlo,16,1,release,8,24,3,false,0,0,false,Metal,Apple M5 Pro
latin_accents,sparse_novel_counter,explicit_rows,121,42,17,38834,75916,2875,Menlo,16,1,release,8,24,3,false,0,0,false,Metal,Apple M5 Pro
latin_accents,sparse_novel_counter,explicit_rows,121,42,18,38208,76000,2916,Menlo,16,1,release,8,24,3,false,0,0,false,Metal,Apple M5 Pro
latin_accents,sparse_novel_counter,explicit_rows,121,42,19,38334,75916,2917,Menlo,16,1,release,8,24,3,false,0,0,false,Metal,Apple M5 Pro
latin_accents,sparse_novel_counter,explicit_rows,121,42,20,38375,75708,2875,Menlo,16,1,release,8,24,3,false,0,0,false,Metal,Apple M5 Pro
latin_accents,sparse_novel_counter,explicit_rows,121,42,21,38292,75500,2875,Menlo,16,1,release,8,24,3,false,0,0,false,Metal,Apple M5 Pro
latin_accents,sparse_novel_counter,explicit_rows,121,42,22,38417,76000,2875,Menlo,16,1,release,8,24,3,false,0,0,false,Metal,Apple M5 Pro
latin_accents,sparse_novel_counter,explicit_rows,121,42,23,38458,75667,2875,Menlo,16,1,release,8,24,3,false,0,0,false,Metal,Apple M5 Pro
latin_accents,sparse_novel_counter,softwrap,121,42,0,70833,3161750,168750,Menlo,16,1,release,8,24,3,false,11784,0,false,Metal,Apple M5 Pro
latin_accents,sparse_novel_counter,softwrap,121,42,1,69375,3238875,117542,Menlo,16,1,release,8,24,3,false,11784,0,false,Metal,Apple M5 Pro
latin_accents,sparse_novel_counter,softwrap,121,42,2,85333,3155959,117167,Menlo,16,1,release,8,24,3,false,11784,0,false,Metal,Apple M5 Pro
latin_accents,sparse_novel_counter,softwrap,121,42,3,70333,3209000,114166,Menlo,16,1,release,8,24,3,false,11784,0,false,Metal,Apple M5 Pro
latin_accents,sparse_novel_counter,softwrap,121,42,4,69834,3222166,117375,Menlo,16,1,release,8,24,3,false,11784,0,false,Metal,Apple M5 Pro
latin_accents,sparse_novel_counter,softwrap,121,42,5,88417,3213916,115292,Menlo,16,1,release,8,24,3,false,11784,0,false,Metal,Apple M5 Pro
latin_accents,sparse_novel_counter,softwrap,121,42,6,68417,3173125,117958,Menlo,16,1,release,8,24,3,false,11784,0,false,Metal,Apple M5 Pro
latin_accents,sparse_novel_counter,softwrap,121,42,7,69333,3235458,116458,Menlo,16,1,release,8,24,3,false,11784,0,false,Metal,Apple M5 Pro
latin_accents,sparse_novel_counter,softwrap,121,42,8,69500,3198791,116917,Menlo,16,1,release,8,24,3,false,11784,0,false,Metal,Apple M5 Pro
latin_accents,sparse_novel_counter,softwrap,121,42,9,70500,3222833,116583,Menlo,16,1,release,8,24,3,false,11784,0,false,Metal,Apple M5 Pro
latin_accents,sparse_novel_counter,softwrap,121,42,10,70250,3244500,117000,Menlo,16,1,release,8,24,3,false,11784,0,false,Metal,Apple M5 Pro
latin_accents,sparse_novel_counter,softwrap,121,42,11,68666,3198958,113917,Menlo,16,1,release,8,24,3,false,11784,0,false,Metal,Apple M5 Pro
latin_accents,sparse_novel_counter,softwrap,121,42,12,70125,3224291,117875,Menlo,16,1,release,8,24,3,false,11784,0,false,Metal,Apple M5 Pro
latin_accents,sparse_novel_counter,softwrap,121,42,13,68584,3233334,116959,Menlo,16,1,release,8,24,3,false,11784,0,false,Metal,Apple M5 Pro
latin_accents,sparse_novel_counter,softwrap,121,42,14,68875,3183792,113666,Menlo,16,1,release,8,24,3,false,11784,0,false,Metal,Apple M5 Pro
latin_accents,sparse_novel_counter,softwrap,121,42,15,68833,3170667,121541,Menlo,16,1,release,8,24,3,false,11784,0,false,Metal,Apple M5 Pro
latin_accents,sparse_novel_counter,softwrap,121,42,16,68708,3168625,117458,Menlo,16,1,release,8,24,3,false,11784,0,false,Metal,Apple M5 Pro
latin_accents,sparse_novel_counter,softwrap,121,42,17,67959,3191250,116292,Menlo,16,1,release,8,24,3,false,11784,0,false,Metal,Apple M5 Pro
latin_accents,sparse_novel_counter,softwrap,121,42,18,69209,3232666,117750,Menlo,16,1,release,8,24,3,false,11784,0,false,Metal,Apple M5 Pro
latin_accents,sparse_novel_counter,softwrap,121,42,19,68000,3215500,114500,Menlo,16,1,release,8,24,3,false,11784,0,false,Metal,Apple M5 Pro
latin_accents,sparse_novel_counter,softwrap,121,42,20,67583,3178166,116000,Menlo,16,1,release,8,24,3,false,11784,0,false,Metal,Apple M5 Pro
latin_accents,sparse_novel_counter,softwrap,121,42,21,68666,3231500,116500,Menlo,16,1,release,8,24,3,false,11784,0,false,Metal,Apple M5 Pro
latin_accents,sparse_novel_counter,softwrap,121,42,22,70708,3194375,112791,Menlo,16,1,release,8,24,3,false,11784,0,false,Metal,Apple M5 Pro
latin_accents,sparse_novel_counter,softwrap,121,42,23,67625,3192292,117916,Menlo,16,1,release,8,24,3,false,11784,0,false,Metal,Apple M5 Pro
latin_accents,scroll_triangle,explicit_rows,121,42,0,38250,74875,109667,Menlo,16,1,release,8,24,3,false,0,0,false,Metal,Apple M5 Pro
latin_accents,scroll_triangle,explicit_rows,121,42,1,39000,76000,110250,Menlo,16,1,release,8,24,3,false,0,0,false,Metal,Apple M5 Pro
latin_accents,scroll_triangle,explicit_rows,121,42,2,38500,75458,110292,Menlo,16,1,release,8,24,3,false,0,0,false,Metal,Apple M5 Pro
latin_accents,scroll_triangle,explicit_rows,121,42,3,38416,75417,110250,Menlo,16,1,release,8,24,3,false,0,0,false,Metal,Apple M5 Pro
latin_accents,scroll_triangle,explicit_rows,121,42,4,38792,75792,110458,Menlo,16,1,release,8,24,3,false,0,0,false,Metal,Apple M5 Pro
latin_accents,scroll_triangle,explicit_rows,121,42,5,38417,75125,115542,Menlo,16,1,release,8,24,3,false,0,0,false,Metal,Apple M5 Pro
latin_accents,scroll_triangle,explicit_rows,121,42,6,39833,85458,135375,Menlo,16,1,release,8,24,3,false,0,0,false,Metal,Apple M5 Pro
latin_accents,scroll_triangle,explicit_rows,121,42,7,39292,116375,114625,Menlo,16,1,release,8,24,3,false,0,0,false,Metal,Apple M5 Pro
latin_accents,scroll_triangle,explicit_rows,121,42,8,39084,76291,113625,Menlo,16,1,release,8,24,3,false,0,0,false,Metal,Apple M5 Pro
latin_accents,scroll_triangle,explicit_rows,121,42,9,39250,75292,115042,Menlo,16,1,release,8,24,3,false,0,0,false,Metal,Apple M5 Pro
latin_accents,scroll_triangle,explicit_rows,121,42,10,44917,76375,117667,Menlo,16,1,release,8,24,3,false,0,0,false,Metal,Apple M5 Pro
latin_accents,scroll_triangle,explicit_rows,121,42,11,39291,76167,116125,Menlo,16,1,release,8,24,3,false,0,0,false,Metal,Apple M5 Pro
latin_accents,scroll_triangle,explicit_rows,121,42,12,38667,75500,122750,Menlo,16,1,release,8,24,3,false,0,0,false,Metal,Apple M5 Pro
latin_accents,scroll_triangle,explicit_rows,121,42,13,41459,75542,114083,Menlo,16,1,release,8,24,3,false,0,0,false,Metal,Apple M5 Pro
latin_accents,scroll_triangle,explicit_rows,121,42,14,38791,75292,112542,Menlo,16,1,release,8,24,3,false,0,0,false,Metal,Apple M5 Pro
latin_accents,scroll_triangle,explicit_rows,121,42,15,38875,75666,112625,Menlo,16,1,release,8,24,3,false,0,0,false,Metal,Apple M5 Pro
latin_accents,scroll_triangle,explicit_rows,121,42,16,38583,76000,112500,Menlo,16,1,release,8,24,3,false,0,0,false,Metal,Apple M5 Pro
latin_accents,scroll_triangle,explicit_rows,121,42,17,39291,75625,112000,Menlo,16,1,release,8,24,3,false,0,0,false,Metal,Apple M5 Pro
latin_accents,scroll_triangle,explicit_rows,121,42,18,39083,75792,113583,Menlo,16,1,release,8,24,3,false,0,0,false,Metal,Apple M5 Pro
latin_accents,scroll_triangle,explicit_rows,121,42,19,38584,75625,114084,Menlo,16,1,release,8,24,3,false,0,0,false,Metal,Apple M5 Pro
latin_accents,scroll_triangle,explicit_rows,121,42,20,38500,75666,113167,Menlo,16,1,release,8,24,3,false,0,0,false,Metal,Apple M5 Pro
latin_accents,scroll_triangle,explicit_rows,121,42,21,38917,76417,112125,Menlo,16,1,release,8,24,3,false,0,0,false,Metal,Apple M5 Pro
latin_accents,scroll_triangle,explicit_rows,121,42,22,39292,75750,111750,Menlo,16,1,release,8,24,3,false,0,0,false,Metal,Apple M5 Pro
latin_accents,scroll_triangle,explicit_rows,121,42,23,39542,75500,113667,Menlo,16,1,release,8,24,3,false,0,0,false,Metal,Apple M5 Pro
latin_accents,scroll_triangle,softwrap,121,42,0,68916,3227500,121208,Menlo,16,1,release,8,24,3,false,10538,1234,false,Metal,Apple M5 Pro
latin_accents,scroll_triangle,softwrap,121,42,1,70791,3198459,120208,Menlo,16,1,release,8,24,3,false,10398,1371,false,Metal,Apple M5 Pro
latin_accents,scroll_triangle,softwrap,121,42,2,69708,3214458,119416,Menlo,16,1,release,8,24,3,false,10260,1512,false,Metal,Apple M5 Pro
latin_accents,scroll_triangle,softwrap,121,42,3,70375,3250417,123583,Menlo,16,1,release,8,24,3,false,10121,1649,false,Metal,Apple M5 Pro
latin_accents,scroll_triangle,softwrap,121,42,4,69792,3212041,121334,Menlo,16,1,release,8,24,3,false,9981,1789,false,Metal,Apple M5 Pro
latin_accents,scroll_triangle,softwrap,121,42,5,69667,3223833,117750,Menlo,16,1,release,8,24,3,false,9844,1926,false,Metal,Apple M5 Pro
latin_accents,scroll_triangle,softwrap,121,42,6,69875,3269625,119250,Menlo,16,1,release,8,24,3,false,9704,2066,false,Metal,Apple M5 Pro
latin_accents,scroll_triangle,softwrap,121,42,7,68709,3263500,121333,Menlo,16,1,release,8,24,3,false,9567,2203,false,Metal,Apple M5 Pro
latin_accents,scroll_triangle,softwrap,121,42,8,68375,3180250,121292,Menlo,16,1,release,8,24,3,false,9426,2343,false,Metal,Apple M5 Pro
latin_accents,scroll_triangle,softwrap,121,42,9,69625,3250500,122375,Menlo,16,1,release,8,24,3,false,9289,2480,false,Metal,Apple M5 Pro
latin_accents,scroll_triangle,softwrap,121,42,10,69375,3190542,122584,Menlo,16,1,release,8,24,3,false,9149,2620,false,Metal,Apple M5 Pro
latin_accents,scroll_triangle,softwrap,121,42,11,67333,3191958,118875,Menlo,16,1,release,8,24,3,false,9012,2757,false,Metal,Apple M5 Pro
latin_accents,scroll_triangle,softwrap,121,42,12,68750,3248542,121334,Menlo,16,1,release,8,24,3,false,8872,2898,false,Metal,Apple M5 Pro
latin_accents,scroll_triangle,softwrap,121,42,13,67250,3193083,122083,Menlo,16,1,release,8,24,3,false,8735,3035,false,Metal,Apple M5 Pro
latin_accents,scroll_triangle,softwrap,121,42,14,67209,3192875,122708,Menlo,16,1,release,8,24,3,false,8595,3175,false,Metal,Apple M5 Pro
latin_accents,scroll_triangle,softwrap,121,42,15,68625,3222333,118625,Menlo,16,1,release,8,24,3,false,8458,3312,false,Metal,Apple M5 Pro
latin_accents,scroll_triangle,softwrap,121,42,16,67459,3214875,121625,Menlo,16,1,release,8,24,3,false,8318,3452,false,Metal,Apple M5 Pro
latin_accents,scroll_triangle,softwrap,121,42,17,67583,3205167,120541,Menlo,16,1,release,8,24,3,false,8181,3589,false,Metal,Apple M5 Pro
latin_accents,scroll_triangle,softwrap,121,42,18,72750,3233958,121250,Menlo,16,1,release,8,24,3,false,8040,3729,false,Metal,Apple M5 Pro
latin_accents,scroll_triangle,softwrap,121,42,19,68042,3210750,121625,Menlo,16,1,release,8,24,3,false,7903,3866,false,Metal,Apple M5 Pro
latin_accents,scroll_triangle,softwrap,121,42,20,69500,3215000,121958,Menlo,16,1,release,8,24,3,false,7763,4006,false,Metal,Apple M5 Pro
latin_accents,scroll_triangle,softwrap,121,42,21,69334,3255166,119125,Menlo,16,1,release,8,24,3,false,7626,4144,false,Metal,Apple M5 Pro
latin_accents,scroll_triangle,softwrap,121,42,22,68208,3202833,121208,Menlo,16,1,release,8,24,3,false,7486,4283,false,Metal,Apple M5 Pro
latin_accents,scroll_triangle,softwrap,121,42,23,68417,3177125,118167,Menlo,16,1,release,8,24,3,false,7349,4423,false,Metal,Apple M5 Pro
latin_accents,dense_novel_text,explicit_rows,121,42,0,38416,1567000,115917,Menlo,16,1,release,8,24,3,false,0,0,false,Metal,Apple M5 Pro
latin_accents,dense_novel_text,explicit_rows,121,42,1,39375,1558750,116041,Menlo,16,1,release,8,24,3,false,0,0,false,Metal,Apple M5 Pro
latin_accents,dense_novel_text,explicit_rows,121,42,2,53834,1563709,116250,Menlo,16,1,release,8,24,3,false,0,0,false,Metal,Apple M5 Pro
latin_accents,dense_novel_text,explicit_rows,121,42,3,38917,1561916,116000,Menlo,16,1,release,8,24,3,false,0,0,false,Metal,Apple M5 Pro
latin_accents,dense_novel_text,explicit_rows,121,42,4,38209,1546167,116708,Menlo,16,1,release,8,24,3,false,0,0,false,Metal,Apple M5 Pro
latin_accents,dense_novel_text,explicit_rows,121,42,5,38541,1548959,116375,Menlo,16,1,release,8,24,3,false,0,0,false,Metal,Apple M5 Pro
latin_accents,dense_novel_text,explicit_rows,121,42,6,38041,1546250,115750,Menlo,16,1,release,8,24,3,false,0,0,false,Metal,Apple M5 Pro
latin_accents,dense_novel_text,explicit_rows,121,42,7,38667,1609084,116333,Menlo,16,1,release,8,24,3,false,0,0,false,Metal,Apple M5 Pro
latin_accents,dense_novel_text,explicit_rows,121,42,8,39583,1591250,116500,Menlo,16,1,release,8,24,3,false,0,0,false,Metal,Apple M5 Pro
latin_accents,dense_novel_text,explicit_rows,121,42,9,39042,1561875,116084,Menlo,16,1,release,8,24,3,false,0,0,false,Metal,Apple M5 Pro
latin_accents,dense_novel_text,explicit_rows,121,42,10,39125,1556167,116541,Menlo,16,1,release,8,24,3,false,0,0,false,Metal,Apple M5 Pro
latin_accents,dense_novel_text,explicit_rows,121,42,11,39125,1556542,116792,Menlo,16,1,release,8,24,3,false,0,0,false,Metal,Apple M5 Pro
latin_accents,dense_novel_text,explicit_rows,121,42,12,38792,1595375,119416,Menlo,16,1,release,8,24,3,false,0,0,false,Metal,Apple M5 Pro
latin_accents,dense_novel_text,explicit_rows,121,42,13,38917,1560666,115750,Menlo,16,1,release,8,24,3,false,0,0,false,Metal,Apple M5 Pro
latin_accents,dense_novel_text,explicit_rows,121,42,14,39000,1563292,117958,Menlo,16,1,release,8,24,3,false,0,0,false,Metal,Apple M5 Pro
latin_accents,dense_novel_text,explicit_rows,121,42,15,38584,1570541,128167,Menlo,16,1,release,8,24,3,false,0,0,false,Metal,Apple M5 Pro
latin_accents,dense_novel_text,explicit_rows,121,42,16,39000,1573958,116708,Menlo,16,1,release,8,24,3,false,0,0,false,Metal,Apple M5 Pro
latin_accents,dense_novel_text,explicit_rows,121,42,17,38833,1556333,116667,Menlo,16,1,release,8,24,3,false,0,0,false,Metal,Apple M5 Pro
latin_accents,dense_novel_text,explicit_rows,121,42,18,39417,1585291,116584,Menlo,16,1,release,8,24,3,false,0,0,false,Metal,Apple M5 Pro
latin_accents,dense_novel_text,explicit_rows,121,42,19,39708,1557250,115459,Menlo,16,1,release,8,24,3,false,0,0,false,Metal,Apple M5 Pro
latin_accents,dense_novel_text,explicit_rows,121,42,20,38584,1562541,116292,Menlo,16,1,release,8,24,3,false,0,0,false,Metal,Apple M5 Pro
latin_accents,dense_novel_text,explicit_rows,121,42,21,38709,1553958,114875,Menlo,16,1,release,8,24,3,false,0,0,false,Metal,Apple M5 Pro
latin_accents,dense_novel_text,explicit_rows,121,42,22,38625,1562667,115083,Menlo,16,1,release,8,24,3,false,0,0,false,Metal,Apple M5 Pro
latin_accents,dense_novel_text,explicit_rows,121,42,23,39625,1574292,115625,Menlo,16,1,release,8,24,3,false,0,0,false,Metal,Apple M5 Pro
latin_accents,dense_novel_text,softwrap,121,42,0,67292,3218333,110875,Menlo,16,1,release,8,24,3,false,11784,0,false,Metal,Apple M5 Pro
latin_accents,dense_novel_text,softwrap,121,42,1,68834,3210375,129833,Menlo,16,1,release,8,24,3,false,11784,0,false,Metal,Apple M5 Pro
latin_accents,dense_novel_text,softwrap,121,42,2,68083,3224583,138125,Menlo,16,1,release,8,24,3,false,11784,0,false,Metal,Apple M5 Pro
latin_accents,dense_novel_text,softwrap,121,42,3,68000,3174958,117125,Menlo,16,1,release,8,24,3,false,11784,0,false,Metal,Apple M5 Pro
latin_accents,dense_novel_text,softwrap,121,42,4,66750,3183417,117291,Menlo,16,1,release,8,24,3,false,11784,0,false,Metal,Apple M5 Pro
latin_accents,dense_novel_text,softwrap,121,42,5,67334,3173209,116166,Menlo,16,1,release,8,24,3,false,11784,0,false,Metal,Apple M5 Pro
latin_accents,dense_novel_text,softwrap,121,42,6,68916,3182583,116292,Menlo,16,1,release,8,24,3,false,11784,0,false,Metal,Apple M5 Pro
latin_accents,dense_novel_text,softwrap,121,42,7,68000,3175333,115875,Menlo,16,1,release,8,24,3,false,11784,0,false,Metal,Apple M5 Pro
latin_accents,dense_novel_text,softwrap,121,42,8,68334,3211459,114958,Menlo,16,1,release,8,24,3,false,11784,0,false,Metal,Apple M5 Pro
latin_accents,dense_novel_text,softwrap,121,42,9,68125,3183333,116875,Menlo,16,1,release,8,24,3,false,11784,0,false,Metal,Apple M5 Pro
latin_accents,dense_novel_text,softwrap,121,42,10,68333,3183625,116083,Menlo,16,1,release,8,24,3,false,11784,0,false,Metal,Apple M5 Pro
latin_accents,dense_novel_text,softwrap,121,42,11,67625,3244416,115792,Menlo,16,1,release,8,24,3,false,11784,0,false,Metal,Apple M5 Pro
latin_accents,dense_novel_text,softwrap,121,42,12,67375,3206334,117417,Menlo,16,1,release,8,24,3,false,11784,0,false,Metal,Apple M5 Pro
latin_accents,dense_novel_text,softwrap,121,42,13,67417,3181250,122791,Menlo,16,1,release,8,24,3,false,11784,0,false,Metal,Apple M5 Pro
latin_accents,dense_novel_text,softwrap,121,42,14,67417,3226500,115375,Menlo,16,1,release,8,24,3,false,11784,0,false,Metal,Apple M5 Pro
latin_accents,dense_novel_text,softwrap,121,42,15,68083,3194958,115917,Menlo,16,1,release,8,24,3,false,11784,0,false,Metal,Apple M5 Pro
latin_accents,dense_novel_text,softwrap,121,42,16,68625,3164750,116125,Menlo,16,1,release,8,24,3,false,11784,0,false,Metal,Apple M5 Pro
latin_accents,dense_novel_text,softwrap,121,42,17,67833,3232958,116833,Menlo,16,1,release,8,24,3,false,11784,0,false,Metal,Apple M5 Pro
latin_accents,dense_novel_text,softwrap,121,42,18,69083,3171625,115125,Menlo,16,1,release,8,24,3,false,11784,0,false,Metal,Apple M5 Pro
latin_accents,dense_novel_text,softwrap,121,42,19,68791,3199584,117125,Menlo,16,1,release,8,24,3,false,11784,0,false,Metal,Apple M5 Pro
latin_accents,dense_novel_text,softwrap,121,42,20,68708,3264208,124291,Menlo,16,1,release,8,24,3,false,11784,0,false,Metal,Apple M5 Pro
latin_accents,dense_novel_text,softwrap,121,42,21,67500,3192666,115292,Menlo,16,1,release,8,24,3,false,11784,0,false,Metal,Apple M5 Pro
latin_accents,dense_novel_text,softwrap,121,42,22,67709,3155375,117000,Menlo,16,1,release,8,24,3,false,11784,0,false,Metal,Apple M5 Pro
latin_accents,dense_novel_text,softwrap,121,42,23,68750,3271125,127375,Menlo,16,1,release,8,24,3,false,11784,0,false,Metal,Apple M5 Pro
cyrillic,sparse_novel_counter,explicit_rows,121,42,0,36875,72708,2792,Menlo,16,1,release,8,24,3,false,0,0,false,Metal,Apple M5 Pro
cyrillic,sparse_novel_counter,explicit_rows,121,42,1,37291,72375,2791,Menlo,16,1,release,8,24,3,false,0,0,false,Metal,Apple M5 Pro
cyrillic,sparse_novel_counter,explicit_rows,121,42,2,37125,73042,2750,Menlo,16,1,release,8,24,3,false,0,0,false,Metal,Apple M5 Pro
cyrillic,sparse_novel_counter,explicit_rows,121,42,3,37125,74875,2792,Menlo,16,1,release,8,24,3,false,0,0,false,Metal,Apple M5 Pro
cyrillic,sparse_novel_counter,explicit_rows,121,42,4,37709,75041,2792,Menlo,16,1,release,8,24,3,false,0,0,false,Metal,Apple M5 Pro
cyrillic,sparse_novel_counter,explicit_rows,121,42,5,37000,72291,2750,Menlo,16,1,release,8,24,3,false,0,0,false,Metal,Apple M5 Pro
cyrillic,sparse_novel_counter,explicit_rows,121,42,6,37167,74625,2750,Menlo,16,1,release,8,24,3,false,0,0,false,Metal,Apple M5 Pro
cyrillic,sparse_novel_counter,explicit_rows,121,42,7,37000,114792,2791,Menlo,16,1,release,8,24,3,false,0,0,false,Metal,Apple M5 Pro
cyrillic,sparse_novel_counter,explicit_rows,121,42,8,37084,73083,2833,Menlo,16,1,release,8,24,3,false,0,0,false,Metal,Apple M5 Pro
cyrillic,sparse_novel_counter,explicit_rows,121,42,9,39583,73416,2834,Menlo,16,1,release,8,24,3,false,0,0,false,Metal,Apple M5 Pro
cyrillic,sparse_novel_counter,explicit_rows,121,42,10,37209,72458,2791,Menlo,16,1,release,8,24,3,false,0,0,false,Metal,Apple M5 Pro
cyrillic,sparse_novel_counter,explicit_rows,121,42,11,37000,73292,2833,Menlo,16,1,release,8,24,3,false,0,0,false,Metal,Apple M5 Pro
cyrillic,sparse_novel_counter,explicit_rows,121,42,12,37250,73375,2834,Menlo,16,1,release,8,24,3,false,0,0,false,Metal,Apple M5 Pro
cyrillic,sparse_novel_counter,explicit_rows,121,42,13,36917,73583,2791,Menlo,16,1,release,8,24,3,false,0,0,false,Metal,Apple M5 Pro
cyrillic,sparse_novel_counter,explicit_rows,121,42,14,53167,83750,2917,Menlo,16,1,release,8,24,3,false,0,0,false,Metal,Apple M5 Pro
cyrillic,sparse_novel_counter,explicit_rows,121,42,15,37208,77208,2833,Menlo,16,1,release,8,24,3,false,0,0,false,Metal,Apple M5 Pro
cyrillic,sparse_novel_counter,explicit_rows,121,42,16,37083,77000,2875,Menlo,16,1,release,8,24,3,false,0,0,false,Metal,Apple M5 Pro
cyrillic,sparse_novel_counter,explicit_rows,121,42,17,36959,73209,2792,Menlo,16,1,release,8,24,3,false,0,0,false,Metal,Apple M5 Pro
cyrillic,sparse_novel_counter,explicit_rows,121,42,18,36833,74792,2792,Menlo,16,1,release,8,24,3,false,0,0,false,Metal,Apple M5 Pro
cyrillic,sparse_novel_counter,explicit_rows,121,42,19,36916,74875,2792,Menlo,16,1,release,8,24,3,false,0,0,false,Metal,Apple M5 Pro
cyrillic,sparse_novel_counter,explicit_rows,121,42,20,36792,76792,2833,Menlo,16,1,release,8,24,3,false,0,0,false,Metal,Apple M5 Pro
cyrillic,sparse_novel_counter,explicit_rows,121,42,21,37125,76459,2792,Menlo,16,1,release,8,24,3,false,0,0,false,Metal,Apple M5 Pro
cyrillic,sparse_novel_counter,explicit_rows,121,42,22,37042,75042,2792,Menlo,16,1,release,8,24,3,false,0,0,false,Metal,Apple M5 Pro
cyrillic,sparse_novel_counter,explicit_rows,121,42,23,36834,76834,2791,Menlo,16,1,release,8,24,3,false,0,0,false,Metal,Apple M5 Pro
cyrillic,sparse_novel_counter,softwrap,121,42,0,66833,3088083,161583,Menlo,16,1,release,8,24,3,false,17484,0,false,Metal,Apple M5 Pro
cyrillic,sparse_novel_counter,softwrap,121,42,1,70666,3036667,112250,Menlo,16,1,release,8,24,3,false,17484,0,false,Metal,Apple M5 Pro
cyrillic,sparse_novel_counter,softwrap,121,42,2,68875,3019833,113625,Menlo,16,1,release,8,24,3,false,17484,0,false,Metal,Apple M5 Pro
cyrillic,sparse_novel_counter,softwrap,121,42,3,67834,3084333,113625,Menlo,16,1,release,8,24,3,false,17484,0,false,Metal,Apple M5 Pro
cyrillic,sparse_novel_counter,softwrap,121,42,4,70125,2978416,110792,Menlo,16,1,release,8,24,3,false,17484,0,false,Metal,Apple M5 Pro
cyrillic,sparse_novel_counter,softwrap,121,42,5,68208,2970209,112667,Menlo,16,1,release,8,24,3,false,17484,0,false,Metal,Apple M5 Pro
cyrillic,sparse_novel_counter,softwrap,121,42,6,67958,3029709,113125,Menlo,16,1,release,8,24,3,false,17484,0,false,Metal,Apple M5 Pro
cyrillic,sparse_novel_counter,softwrap,121,42,7,68750,3002833,112041,Menlo,16,1,release,8,24,3,false,17484,0,false,Metal,Apple M5 Pro
cyrillic,sparse_novel_counter,softwrap,121,42,8,67042,2994542,111667,Menlo,16,1,release,8,24,3,false,17484,0,false,Metal,Apple M5 Pro
cyrillic,sparse_novel_counter,softwrap,121,42,9,67167,3008166,112167,Menlo,16,1,release,8,24,3,false,17484,0,false,Metal,Apple M5 Pro
cyrillic,sparse_novel_counter,softwrap,121,42,10,68459,2993125,107959,Menlo,16,1,release,8,24,3,false,17484,0,false,Metal,Apple M5 Pro
cyrillic,sparse_novel_counter,softwrap,121,42,11,67292,3025500,109625,Menlo,16,1,release,8,24,3,false,17484,0,false,Metal,Apple M5 Pro
cyrillic,sparse_novel_counter,softwrap,121,42,12,69209,3039500,112458,Menlo,16,1,release,8,24,3,false,17484,0,false,Metal,Apple M5 Pro
cyrillic,sparse_novel_counter,softwrap,121,42,13,67375,3003208,110833,Menlo,16,1,release,8,24,3,false,17484,0,false,Metal,Apple M5 Pro
cyrillic,sparse_novel_counter,softwrap,121,42,14,67459,2947084,112625,Menlo,16,1,release,8,24,3,false,17484,0,false,Metal,Apple M5 Pro
cyrillic,sparse_novel_counter,softwrap,121,42,15,67584,2970208,111917,Menlo,16,1,release,8,24,3,false,17484,0,false,Metal,Apple M5 Pro
cyrillic,sparse_novel_counter,softwrap,121,42,16,67333,2996750,109250,Menlo,16,1,release,8,24,3,false,17484,0,false,Metal,Apple M5 Pro
cyrillic,sparse_novel_counter,softwrap,121,42,17,67583,2968709,111875,Menlo,16,1,release,8,24,3,false,17484,0,false,Metal,Apple M5 Pro
cyrillic,sparse_novel_counter,softwrap,121,42,18,66917,2993834,111583,Menlo,16,1,release,8,24,3,false,17484,0,false,Metal,Apple M5 Pro
cyrillic,sparse_novel_counter,softwrap,121,42,19,66833,3032375,112208,Menlo,16,1,release,8,24,3,false,17484,0,false,Metal,Apple M5 Pro
cyrillic,sparse_novel_counter,softwrap,121,42,20,67125,3057208,109708,Menlo,16,1,release,8,24,3,false,17484,0,false,Metal,Apple M5 Pro
cyrillic,sparse_novel_counter,softwrap,121,42,21,67000,3056875,111375,Menlo,16,1,release,8,24,3,false,17484,0,false,Metal,Apple M5 Pro
cyrillic,sparse_novel_counter,softwrap,121,42,22,67250,3030709,111833,Menlo,16,1,release,8,24,3,false,17484,0,false,Metal,Apple M5 Pro
cyrillic,sparse_novel_counter,softwrap,121,42,23,66917,3008042,112292,Menlo,16,1,release,8,24,3,false,17484,0,false,Metal,Apple M5 Pro
cyrillic,scroll_triangle,explicit_rows,121,42,0,38000,76209,116333,Menlo,16,1,release,8,24,3,false,0,0,false,Metal,Apple M5 Pro
cyrillic,scroll_triangle,explicit_rows,121,42,1,47542,75291,109750,Menlo,16,1,release,8,24,3,false,0,0,false,Metal,Apple M5 Pro
cyrillic,scroll_triangle,explicit_rows,121,42,2,37917,72375,109666,Menlo,16,1,release,8,24,3,false,0,0,false,Metal,Apple M5 Pro
cyrillic,scroll_triangle,explicit_rows,121,42,3,37625,75250,109541,Menlo,16,1,release,8,24,3,false,0,0,false,Metal,Apple M5 Pro
cyrillic,scroll_triangle,explicit_rows,121,42,4,37791,71459,110250,Menlo,16,1,release,8,24,3,false,0,0,false,Metal,Apple M5 Pro
cyrillic,scroll_triangle,explicit_rows,121,42,5,37458,72042,110000,Menlo,16,1,release,8,24,3,false,0,0,false,Metal,Apple M5 Pro
cyrillic,scroll_triangle,explicit_rows,121,42,6,37833,74667,110750,Menlo,16,1,release,8,24,3,false,0,0,false,Metal,Apple M5 Pro
cyrillic,scroll_triangle,explicit_rows,121,42,7,37250,112666,109792,Menlo,16,1,release,8,24,3,false,0,0,false,Metal,Apple M5 Pro
cyrillic,scroll_triangle,explicit_rows,121,42,8,37084,72041,112000,Menlo,16,1,release,8,24,3,false,0,0,false,Metal,Apple M5 Pro
cyrillic,scroll_triangle,explicit_rows,121,42,9,37625,74833,113292,Menlo,16,1,release,8,24,3,false,0,0,false,Metal,Apple M5 Pro
cyrillic,scroll_triangle,explicit_rows,121,42,10,37417,75125,115708,Menlo,16,1,release,8,24,3,false,0,0,false,Metal,Apple M5 Pro
cyrillic,scroll_triangle,explicit_rows,121,42,11,37333,75667,111083,Menlo,16,1,release,8,24,3,false,0,0,false,Metal,Apple M5 Pro
cyrillic,scroll_triangle,explicit_rows,121,42,12,37250,75375,111167,Menlo,16,1,release,8,24,3,false,0,0,false,Metal,Apple M5 Pro
cyrillic,scroll_triangle,explicit_rows,121,42,13,37000,75583,111292,Menlo,16,1,release,8,24,3,false,0,0,false,Metal,Apple M5 Pro
cyrillic,scroll_triangle,explicit_rows,121,42,14,37209,74875,109417,Menlo,16,1,release,8,24,3,false,0,0,false,Metal,Apple M5 Pro
cyrillic,scroll_triangle,explicit_rows,121,42,15,37542,74541,110167,Menlo,16,1,release,8,24,3,false,0,0,false,Metal,Apple M5 Pro
cyrillic,scroll_triangle,explicit_rows,121,42,16,37417,76000,109375,Menlo,16,1,release,8,24,3,false,0,0,false,Metal,Apple M5 Pro
cyrillic,scroll_triangle,explicit_rows,121,42,17,37167,74250,110584,Menlo,16,1,release,8,24,3,false,0,0,false,Metal,Apple M5 Pro
cyrillic,scroll_triangle,explicit_rows,121,42,18,37625,74958,113583,Menlo,16,1,release,8,24,3,false,0,0,false,Metal,Apple M5 Pro
cyrillic,scroll_triangle,explicit_rows,121,42,19,37042,72458,109833,Menlo,16,1,release,8,24,3,false,0,0,false,Metal,Apple M5 Pro
cyrillic,scroll_triangle,explicit_rows,121,42,20,38042,75125,109167,Menlo,16,1,release,8,24,3,false,0,0,false,Metal,Apple M5 Pro
cyrillic,scroll_triangle,explicit_rows,121,42,21,37834,75500,111375,Menlo,16,1,release,8,24,3,false,0,0,false,Metal,Apple M5 Pro
cyrillic,scroll_triangle,explicit_rows,121,42,22,37542,74667,111667,Menlo,16,1,release,8,24,3,false,0,0,false,Metal,Apple M5 Pro
cyrillic,scroll_triangle,explicit_rows,121,42,23,37125,82084,112416,Menlo,16,1,release,8,24,3,false,0,0,false,Metal,Apple M5 Pro
cyrillic,scroll_triangle,softwrap,121,42,0,69000,3021583,119541,Menlo,16,1,release,8,24,3,false,15634,1769,false,Metal,Apple M5 Pro
cyrillic,scroll_triangle,softwrap,121,42,1,68083,2974125,116625,Menlo,16,1,release,8,24,3,false,15427,1978,false,Metal,Apple M5 Pro
cyrillic,scroll_triangle,softwrap,121,42,2,68625,3073125,120250,Menlo,16,1,release,8,24,3,false,15219,2181,false,Metal,Apple M5 Pro
cyrillic,scroll_triangle,softwrap,121,42,3,68459,2966541,113125,Menlo,16,1,release,8,24,3,false,15016,2388,false,Metal,Apple M5 Pro
cyrillic,scroll_triangle,softwrap,121,42,4,68083,2998625,120125,Menlo,16,1,release,8,24,3,false,14809,2592,false,Metal,Apple M5 Pro
cyrillic,scroll_triangle,softwrap,121,42,5,67500,3017166,118625,Menlo,16,1,release,8,24,3,false,14605,2799,false,Metal,Apple M5 Pro
cyrillic,scroll_triangle,softwrap,121,42,6,68875,3006625,119041,Menlo,16,1,release,8,24,3,false,14398,3005,false,Metal,Apple M5 Pro
cyrillic,scroll_triangle,softwrap,121,42,7,67375,3101834,119625,Menlo,16,1,release,8,24,3,false,14194,3210,false,Metal,Apple M5 Pro
cyrillic,scroll_triangle,softwrap,121,42,8,68333,3042292,121292,Menlo,16,1,release,8,24,3,false,13988,3417,false,Metal,Apple M5 Pro
cyrillic,scroll_triangle,softwrap,121,42,9,67084,3019458,116833,Menlo,16,1,release,8,24,3,false,13779,3621,false,Metal,Apple M5 Pro
cyrillic,scroll_triangle,softwrap,121,42,10,71833,3004917,115458,Menlo,16,1,release,8,24,3,false,13576,3827,false,Metal,Apple M5 Pro
cyrillic,scroll_triangle,softwrap,121,42,11,68334,3024416,117125,Menlo,16,1,release,8,24,3,false,13369,4031,false,Metal,Apple M5 Pro
cyrillic,scroll_triangle,softwrap,121,42,12,66500,2998709,117458,Menlo,16,1,release,8,24,3,false,13165,4238,false,Metal,Apple M5 Pro
cyrillic,scroll_triangle,softwrap,121,42,13,67166,3002167,117916,Menlo,16,1,release,8,24,3,false,12958,4447,false,Metal,Apple M5 Pro
cyrillic,scroll_triangle,softwrap,121,42,14,67000,3006125,116084,Menlo,16,1,release,8,24,3,false,12752,4649,false,Metal,Apple M5 Pro
cyrillic,scroll_triangle,softwrap,121,42,15,66792,3039375,117792,Menlo,16,1,release,8,24,3,false,12547,4857,false,Metal,Apple M5 Pro
cyrillic,scroll_triangle,softwrap,121,42,16,67625,3062208,125416,Menlo,16,1,release,8,24,3,false,12340,5060,false,Metal,Apple M5 Pro
cyrillic,scroll_triangle,softwrap,121,42,17,67708,3091333,121625,Menlo,16,1,release,8,24,3,false,12136,5268,false,Metal,Apple M5 Pro
cyrillic,scroll_triangle,softwrap,121,42,18,66959,2984167,114958,Menlo,16,1,release,8,24,3,false,11930,5472,false,Metal,Apple M5 Pro
cyrillic,scroll_triangle,softwrap,121,42,19,66208,2976833,119542,Menlo,16,1,release,8,24,3,false,11726,5678,false,Metal,Apple M5 Pro
cyrillic,scroll_triangle,softwrap,121,42,20,66834,3036750,118167,Menlo,16,1,release,8,24,3,false,11519,5886,false,Metal,Apple M5 Pro
cyrillic,scroll_triangle,softwrap,121,42,21,65958,2996208,119459,Menlo,16,1,release,8,24,3,false,11310,6090,false,Metal,Apple M5 Pro
cyrillic,scroll_triangle,softwrap,121,42,22,65750,3070750,118542,Menlo,16,1,release,8,24,3,false,11108,6296,false,Metal,Apple M5 Pro
cyrillic,scroll_triangle,softwrap,121,42,23,73958,3043500,119209,Menlo,16,1,release,8,24,3,false,10900,6500,false,Metal,Apple M5 Pro
cyrillic,dense_novel_text,explicit_rows,121,42,0,37500,1479958,107750,Menlo,16,1,release,8,24,3,false,0,0,false,Metal,Apple M5 Pro
cyrillic,dense_novel_text,explicit_rows,121,42,1,36958,1525667,106541,Menlo,16,1,release,8,24,3,false,0,0,false,Metal,Apple M5 Pro
cyrillic,dense_novel_text,explicit_rows,121,42,2,37792,1507792,108042,Menlo,16,1,release,8,24,3,false,0,0,false,Metal,Apple M5 Pro
cyrillic,dense_novel_text,explicit_rows,121,42,3,36875,1503916,103959,Menlo,16,1,release,8,24,3,false,0,0,false,Metal,Apple M5 Pro
cyrillic,dense_novel_text,explicit_rows,121,42,4,37583,1498208,108625,Menlo,16,1,release,8,24,3,false,0,0,false,Metal,Apple M5 Pro
cyrillic,dense_novel_text,explicit_rows,121,42,5,37542,1524500,108958,Menlo,16,1,release,8,24,3,false,0,0,false,Metal,Apple M5 Pro
cyrillic,dense_novel_text,explicit_rows,121,42,6,37166,1508750,108792,Menlo,16,1,release,8,24,3,false,0,0,false,Metal,Apple M5 Pro
cyrillic,dense_novel_text,explicit_rows,121,42,7,37167,1529666,108542,Menlo,16,1,release,8,24,3,false,0,0,false,Metal,Apple M5 Pro
cyrillic,dense_novel_text,explicit_rows,121,42,8,37167,1494000,104666,Menlo,16,1,release,8,24,3,false,0,0,false,Metal,Apple M5 Pro
cyrillic,dense_novel_text,explicit_rows,121,42,9,37208,1491917,107125,Menlo,16,1,release,8,24,3,false,0,0,false,Metal,Apple M5 Pro
cyrillic,dense_novel_text,explicit_rows,121,42,10,37042,1500125,107708,Menlo,16,1,release,8,24,3,false,0,0,false,Metal,Apple M5 Pro
cyrillic,dense_novel_text,explicit_rows,121,42,11,37333,1481125,107458,Menlo,16,1,release,8,24,3,false,0,0,false,Metal,Apple M5 Pro
cyrillic,dense_novel_text,explicit_rows,121,42,12,40084,1515125,107417,Menlo,16,1,release,8,24,3,false,0,0,false,Metal,Apple M5 Pro
cyrillic,dense_novel_text,explicit_rows,121,42,13,37250,1489958,103500,Menlo,16,1,release,8,24,3,false,0,0,false,Metal,Apple M5 Pro
cyrillic,dense_novel_text,explicit_rows,121,42,14,37250,1501250,108708,Menlo,16,1,release,8,24,3,false,0,0,false,Metal,Apple M5 Pro
cyrillic,dense_novel_text,explicit_rows,121,42,15,37167,1487833,104708,Menlo,16,1,release,8,24,3,false,0,0,false,Metal,Apple M5 Pro
cyrillic,dense_novel_text,explicit_rows,121,42,16,37125,1486041,108667,Menlo,16,1,release,8,24,3,false,0,0,false,Metal,Apple M5 Pro
cyrillic,dense_novel_text,explicit_rows,121,42,17,37375,1481750,107125,Menlo,16,1,release,8,24,3,false,0,0,false,Metal,Apple M5 Pro
cyrillic,dense_novel_text,explicit_rows,121,42,18,37125,1530959,107750,Menlo,16,1,release,8,24,3,false,0,0,false,Metal,Apple M5 Pro
cyrillic,dense_novel_text,explicit_rows,121,42,19,38042,1494417,108000,Menlo,16,1,release,8,24,3,false,0,0,false,Metal,Apple M5 Pro
cyrillic,dense_novel_text,explicit_rows,121,42,20,37166,1495500,107750,Menlo,16,1,release,8,24,3,false,0,0,false,Metal,Apple M5 Pro
cyrillic,dense_novel_text,explicit_rows,121,42,21,37083,1503042,109750,Menlo,16,1,release,8,24,3,false,0,0,false,Metal,Apple M5 Pro
cyrillic,dense_novel_text,explicit_rows,121,42,22,37625,1512542,108750,Menlo,16,1,release,8,24,3,false,0,0,false,Metal,Apple M5 Pro
cyrillic,dense_novel_text,explicit_rows,121,42,23,36917,1509458,129583,Menlo,16,1,release,8,24,3,false,0,0,false,Metal,Apple M5 Pro
cyrillic,dense_novel_text,softwrap,121,42,0,66167,3016833,132333,Menlo,16,1,release,8,24,3,false,17484,0,false,Metal,Apple M5 Pro
cyrillic,dense_novel_text,softwrap,121,42,1,65792,2999916,116209,Menlo,16,1,release,8,24,3,false,17484,0,false,Metal,Apple M5 Pro
cyrillic,dense_novel_text,softwrap,121,42,2,66459,2988916,111792,Menlo,16,1,release,8,24,3,false,17484,0,false,Metal,Apple M5 Pro
cyrillic,dense_novel_text,softwrap,121,42,3,67125,2986458,107750,Menlo,16,1,release,8,24,3,false,17484,0,false,Metal,Apple M5 Pro
cyrillic,dense_novel_text,softwrap,121,42,4,67333,2971667,110792,Menlo,16,1,release,8,24,3,false,17484,0,false,Metal,Apple M5 Pro
cyrillic,dense_novel_text,softwrap,121,42,5,67167,3002667,112833,Menlo,16,1,release,8,24,3,false,17484,0,false,Metal,Apple M5 Pro
cyrillic,dense_novel_text,softwrap,121,42,6,68000,3030083,115000,Menlo,16,1,release,8,24,3,false,17484,0,false,Metal,Apple M5 Pro
cyrillic,dense_novel_text,softwrap,121,42,7,67292,2953750,111916,Menlo,16,1,release,8,24,3,false,17484,0,false,Metal,Apple M5 Pro
cyrillic,dense_novel_text,softwrap,121,42,8,66250,2939750,111792,Menlo,16,1,release,8,24,3,false,17484,0,false,Metal,Apple M5 Pro
cyrillic,dense_novel_text,softwrap,121,42,9,66375,2969750,112292,Menlo,16,1,release,8,24,3,false,17484,0,false,Metal,Apple M5 Pro
cyrillic,dense_novel_text,softwrap,121,42,10,73792,2952209,112209,Menlo,16,1,release,8,24,3,false,17484,0,false,Metal,Apple M5 Pro
cyrillic,dense_novel_text,softwrap,121,42,11,66000,2956458,111875,Menlo,16,1,release,8,24,3,false,17484,0,false,Metal,Apple M5 Pro
cyrillic,dense_novel_text,softwrap,121,42,12,65750,2980416,112875,Menlo,16,1,release,8,24,3,false,17484,0,false,Metal,Apple M5 Pro
cyrillic,dense_novel_text,softwrap,121,42,13,66750,3040625,127708,Menlo,16,1,release,8,24,3,false,17484,0,false,Metal,Apple M5 Pro
cyrillic,dense_novel_text,softwrap,121,42,14,67084,3012291,108667,Menlo,16,1,release,8,24,3,false,17484,0,false,Metal,Apple M5 Pro
cyrillic,dense_novel_text,softwrap,121,42,15,66625,3033584,110792,Menlo,16,1,release,8,24,3,false,17484,0,false,Metal,Apple M5 Pro
cyrillic,dense_novel_text,softwrap,121,42,16,66333,3008709,111416,Menlo,16,1,release,8,24,3,false,17484,0,false,Metal,Apple M5 Pro
cyrillic,dense_novel_text,softwrap,121,42,17,66917,3033250,111292,Menlo,16,1,release,8,24,3,false,17484,0,false,Metal,Apple M5 Pro
cyrillic,dense_novel_text,softwrap,121,42,18,66375,2967583,111541,Menlo,16,1,release,8,24,3,false,17484,0,false,Metal,Apple M5 Pro
cyrillic,dense_novel_text,softwrap,121,42,19,66875,3000625,111291,Menlo,16,1,release,8,24,3,false,17484,0,false,Metal,Apple M5 Pro
cyrillic,dense_novel_text,softwrap,121,42,20,66750,2950500,110000,Menlo,16,1,release,8,24,3,false,17484,0,false,Metal,Apple M5 Pro
cyrillic,dense_novel_text,softwrap,121,42,21,66375,2971958,111917,Menlo,16,1,release,8,24,3,false,17484,0,false,Metal,Apple M5 Pro
cyrillic,dense_novel_text,softwrap,121,42,22,66250,3050208,113000,Menlo,16,1,release,8,24,3,false,17484,0,false,Metal,Apple M5 Pro
cyrillic,dense_novel_text,softwrap,121,42,23,67209,3007458,109250,Menlo,16,1,release,8,24,3,false,17484,0,false,Metal,Apple M5 Pro
cjk,sparse_novel_counter,explicit_rows,121,42,0,37417,186792,1750,Menlo,16,1,release,8,24,3,false,0,0,false,Metal,Apple M5 Pro
cjk,sparse_novel_counter,explicit_rows,121,42,1,37917,187542,1792,Menlo,16,1,release,8,24,3,false,0,0,false,Metal,Apple M5 Pro
cjk,sparse_novel_counter,explicit_rows,121,42,2,40459,197584,2250,Menlo,16,1,release,8,24,3,false,0,0,false,Metal,Apple M5 Pro
cjk,sparse_novel_counter,explicit_rows,121,42,3,39416,191042,1791,Menlo,16,1,release,8,24,3,false,0,0,false,Metal,Apple M5 Pro
cjk,sparse_novel_counter,explicit_rows,121,42,4,37583,188500,1750,Menlo,16,1,release,8,24,3,false,0,0,false,Metal,Apple M5 Pro
cjk,sparse_novel_counter,explicit_rows,121,42,5,37666,189875,1834,Menlo,16,1,release,8,24,3,false,0,0,false,Metal,Apple M5 Pro
cjk,sparse_novel_counter,explicit_rows,121,42,6,37583,188292,1834,Menlo,16,1,release,8,24,3,false,0,0,false,Metal,Apple M5 Pro
cjk,sparse_novel_counter,explicit_rows,121,42,7,37625,227625,1834,Menlo,16,1,release,8,24,3,false,0,0,false,Metal,Apple M5 Pro
cjk,sparse_novel_counter,explicit_rows,121,42,8,45875,188458,1792,Menlo,16,1,release,8,24,3,false,0,0,false,Metal,Apple M5 Pro
cjk,sparse_novel_counter,explicit_rows,121,42,9,37666,186417,1791,Menlo,16,1,release,8,24,3,false,0,0,false,Metal,Apple M5 Pro
cjk,sparse_novel_counter,explicit_rows,121,42,10,37625,188375,1833,Menlo,16,1,release,8,24,3,false,0,0,false,Metal,Apple M5 Pro
cjk,sparse_novel_counter,explicit_rows,121,42,11,37541,188500,1792,Menlo,16,1,release,8,24,3,false,0,0,false,Metal,Apple M5 Pro
cjk,sparse_novel_counter,explicit_rows,121,42,12,37875,190083,1834,Menlo,16,1,release,8,24,3,false,0,0,false,Metal,Apple M5 Pro
cjk,sparse_novel_counter,explicit_rows,121,42,13,37667,188625,1750,Menlo,16,1,release,8,24,3,false,0,0,false,Metal,Apple M5 Pro
cjk,sparse_novel_counter,explicit_rows,121,42,14,58833,209750,1917,Menlo,16,1,release,8,24,3,false,0,0,false,Metal,Apple M5 Pro
cjk,sparse_novel_counter,explicit_rows,121,42,15,37583,192667,1875,Menlo,16,1,release,8,24,3,false,0,0,false,Metal,Apple M5 Pro
cjk,sparse_novel_counter,explicit_rows,121,42,16,38417,191459,1834,Menlo,16,1,release,8,24,3,false,0,0,false,Metal,Apple M5 Pro
cjk,sparse_novel_counter,explicit_rows,121,42,17,38000,188959,1833,Menlo,16,1,release,8,24,3,false,0,0,false,Metal,Apple M5 Pro
cjk,sparse_novel_counter,explicit_rows,121,42,18,37833,189334,1792,Menlo,16,1,release,8,24,3,false,0,0,false,Metal,Apple M5 Pro
cjk,sparse_novel_counter,explicit_rows,121,42,19,38042,192458,1833,Menlo,16,1,release,8,24,3,false,0,0,false,Metal,Apple M5 Pro
cjk,sparse_novel_counter,explicit_rows,121,42,20,38250,195375,1792,Menlo,16,1,release,8,24,3,false,0,0,false,Metal,Apple M5 Pro
cjk,sparse_novel_counter,explicit_rows,121,42,21,38083,190959,1750,Menlo,16,1,release,8,24,3,false,0,0,false,Metal,Apple M5 Pro
cjk,sparse_novel_counter,explicit_rows,121,42,22,37875,190417,1833,Menlo,16,1,release,8,24,3,false,0,0,false,Metal,Apple M5 Pro
cjk,sparse_novel_counter,explicit_rows,121,42,23,37875,190708,1792,Menlo,16,1,release,8,24,3,false,0,0,false,Metal,Apple M5 Pro
cjk,sparse_novel_counter,softwrap,121,42,0,64417,20718708,105042,Menlo,16,1,release,8,24,3,false,14492,0,false,Metal,Apple M5 Pro
cjk,sparse_novel_counter,softwrap,121,42,1,61458,20516291,68500,Menlo,16,1,release,8,24,3,false,14492,0,false,Metal,Apple M5 Pro
cjk,sparse_novel_counter,softwrap,121,42,2,59834,20488750,65500,Menlo,16,1,release,8,24,3,false,14492,0,false,Metal,Apple M5 Pro
cjk,sparse_novel_counter,softwrap,121,42,3,58834,20549583,65625,Menlo,16,1,release,8,24,3,false,14492,0,false,Metal,Apple M5 Pro
cjk,sparse_novel_counter,softwrap,121,42,4,58542,20514916,64958,Menlo,16,1,release,8,24,3,false,14492,0,false,Metal,Apple M5 Pro
cjk,sparse_novel_counter,softwrap,121,42,5,59500,20487167,65542,Menlo,16,1,release,8,24,3,false,14492,0,false,Metal,Apple M5 Pro
cjk,sparse_novel_counter,softwrap,121,42,6,61875,20517667,63166,Menlo,16,1,release,8,24,3,false,14492,0,false,Metal,Apple M5 Pro
cjk,sparse_novel_counter,softwrap,121,42,7,58333,20469375,65209,Menlo,16,1,release,8,24,3,false,14492,0,false,Metal,Apple M5 Pro
cjk,sparse_novel_counter,softwrap,121,42,8,59208,20550958,65625,Menlo,16,1,release,8,24,3,false,14492,0,false,Metal,Apple M5 Pro
cjk,sparse_novel_counter,softwrap,121,42,9,61167,20490416,65667,Menlo,16,1,release,8,24,3,false,14492,0,false,Metal,Apple M5 Pro
cjk,sparse_novel_counter,softwrap,121,42,10,68333,21016292,65583,Menlo,16,1,release,8,24,3,false,14492,0,false,Metal,Apple M5 Pro
cjk,sparse_novel_counter,softwrap,121,42,11,64625,20547291,66083,Menlo,16,1,release,8,24,3,false,14492,0,false,Metal,Apple M5 Pro
cjk,sparse_novel_counter,softwrap,121,42,12,59667,20407625,65791,Menlo,16,1,release,8,24,3,false,14492,0,false,Metal,Apple M5 Pro
cjk,sparse_novel_counter,softwrap,121,42,13,58416,20505542,65458,Menlo,16,1,release,8,24,3,false,14492,0,false,Metal,Apple M5 Pro
cjk,sparse_novel_counter,softwrap,121,42,14,57958,20515917,64125,Menlo,16,1,release,8,24,3,false,14492,0,false,Metal,Apple M5 Pro
cjk,sparse_novel_counter,softwrap,121,42,15,58375,20543458,66208,Menlo,16,1,release,8,24,3,false,14492,0,false,Metal,Apple M5 Pro
cjk,sparse_novel_counter,softwrap,121,42,16,58542,20552084,66000,Menlo,16,1,release,8,24,3,false,14492,0,false,Metal,Apple M5 Pro
cjk,sparse_novel_counter,softwrap,121,42,17,57542,20565417,65333,Menlo,16,1,release,8,24,3,false,14492,0,false,Metal,Apple M5 Pro
cjk,sparse_novel_counter,softwrap,121,42,18,57458,20594708,65792,Menlo,16,1,release,8,24,3,false,14492,0,false,Metal,Apple M5 Pro
cjk,sparse_novel_counter,softwrap,121,42,19,58916,20477042,65166,Menlo,16,1,release,8,24,3,false,14492,0,false,Metal,Apple M5 Pro
cjk,sparse_novel_counter,softwrap,121,42,20,56917,20535500,65958,Menlo,16,1,release,8,24,3,false,14492,0,false,Metal,Apple M5 Pro
cjk,sparse_novel_counter,softwrap,121,42,21,64417,20952916,65917,Menlo,16,1,release,8,24,3,false,14492,0,false,Metal,Apple M5 Pro
cjk,sparse_novel_counter,softwrap,121,42,22,94000,20700334,64667,Menlo,16,1,release,8,24,3,false,14492,0,false,Metal,Apple M5 Pro
cjk,sparse_novel_counter,softwrap,121,42,23,60042,20621000,64459,Menlo,16,1,release,8,24,3,false,14492,0,false,Metal,Apple M5 Pro
cjk,scroll_triangle,explicit_rows,121,42,0,38000,189584,64834,Menlo,16,1,release,8,24,3,false,0,0,false,Metal,Apple M5 Pro
cjk,scroll_triangle,explicit_rows,121,42,1,38042,187333,66166,Menlo,16,1,release,8,24,3,false,0,0,false,Metal,Apple M5 Pro
cjk,scroll_triangle,explicit_rows,121,42,2,38083,190125,64500,Menlo,16,1,release,8,24,3,false,0,0,false,Metal,Apple M5 Pro
cjk,scroll_triangle,explicit_rows,121,42,3,38500,187375,64834,Menlo,16,1,release,8,24,3,false,0,0,false,Metal,Apple M5 Pro
cjk,scroll_triangle,explicit_rows,121,42,4,38084,187334,64834,Menlo,16,1,release,8,24,3,false,0,0,false,Metal,Apple M5 Pro
cjk,scroll_triangle,explicit_rows,121,42,5,59167,190458,68125,Menlo,16,1,release,8,24,3,false,0,0,false,Metal,Apple M5 Pro
cjk,scroll_triangle,explicit_rows,121,42,6,38916,187084,67208,Menlo,16,1,release,8,24,3,false,0,0,false,Metal,Apple M5 Pro
cjk,scroll_triangle,explicit_rows,121,42,7,37958,227500,66167,Menlo,16,1,release,8,24,3,false,0,0,false,Metal,Apple M5 Pro
cjk,scroll_triangle,explicit_rows,121,42,8,38292,185833,66958,Menlo,16,1,release,8,24,3,false,0,0,false,Metal,Apple M5 Pro
cjk,scroll_triangle,explicit_rows,121,42,9,38416,185875,65708,Menlo,16,1,release,8,24,3,false,0,0,false,Metal,Apple M5 Pro
cjk,scroll_triangle,explicit_rows,121,42,10,37958,187542,64833,Menlo,16,1,release,8,24,3,false,0,0,false,Metal,Apple M5 Pro
cjk,scroll_triangle,explicit_rows,121,42,11,38041,187958,64750,Menlo,16,1,release,8,24,3,false,0,0,false,Metal,Apple M5 Pro
cjk,scroll_triangle,explicit_rows,121,42,12,38166,187625,64000,Menlo,16,1,release,8,24,3,false,0,0,false,Metal,Apple M5 Pro
cjk,scroll_triangle,explicit_rows,121,42,13,38042,186000,63500,Menlo,16,1,release,8,24,3,false,0,0,false,Metal,Apple M5 Pro
cjk,scroll_triangle,explicit_rows,121,42,14,37750,187958,64875,Menlo,16,1,release,8,24,3,false,0,0,false,Metal,Apple M5 Pro
cjk,scroll_triangle,explicit_rows,121,42,15,38000,188959,64833,Menlo,16,1,release,8,24,3,false,0,0,false,Metal,Apple M5 Pro
cjk,scroll_triangle,explicit_rows,121,42,16,38458,186167,64750,Menlo,16,1,release,8,24,3,false,0,0,false,Metal,Apple M5 Pro
cjk,scroll_triangle,explicit_rows,121,42,17,37958,185875,64584,Menlo,16,1,release,8,24,3,false,0,0,false,Metal,Apple M5 Pro
cjk,scroll_triangle,explicit_rows,121,42,18,38042,188125,65209,Menlo,16,1,release,8,24,3,false,0,0,false,Metal,Apple M5 Pro
cjk,scroll_triangle,explicit_rows,121,42,19,37917,186375,66458,Menlo,16,1,release,8,24,3,false,0,0,false,Metal,Apple M5 Pro
cjk,scroll_triangle,explicit_rows,121,42,20,37875,188375,65459,Menlo,16,1,release,8,24,3,false,0,0,false,Metal,Apple M5 Pro
cjk,scroll_triangle,explicit_rows,121,42,21,38042,186500,63625,Menlo,16,1,release,8,24,3,false,0,0,false,Metal,Apple M5 Pro
cjk,scroll_triangle,explicit_rows,121,42,22,37667,187459,66375,Menlo,16,1,release,8,24,3,false,0,0,false,Metal,Apple M5 Pro
cjk,scroll_triangle,explicit_rows,121,42,23,38333,186208,66500,Menlo,16,1,release,8,24,3,false,0,0,false,Metal,Apple M5 Pro
cjk,scroll_triangle,softwrap,121,42,0,59459,20508041,66584,Menlo,16,1,release,8,24,3,false,12958,1495,false,Metal,Apple M5 Pro
cjk,scroll_triangle,softwrap,121,42,1,61667,20572916,65500,Menlo,16,1,release,8,24,3,false,12786,1665,false,Metal,Apple M5 Pro
cjk,scroll_triangle,softwrap,121,42,2,58792,20715666,66917,Menlo,16,1,release,8,24,3,false,12616,1835,false,Metal,Apple M5 Pro
cjk,scroll_triangle,softwrap,121,42,3,60000,20503459,66375,Menlo,16,1,release,8,24,3,false,12446,2007,false,Metal,Apple M5 Pro
cjk,scroll_triangle,softwrap,121,42,4,78791,20603125,67125,Menlo,16,1,release,8,24,3,false,12276,2177,false,Metal,Apple M5 Pro
cjk,scroll_triangle,softwrap,121,42,5,67542,27793292,68667,Menlo,16,1,release,8,24,3,false,12104,2347,false,Metal,Apple M5 Pro
cjk,scroll_triangle,softwrap,121,42,6,110042,22053042,67958,Menlo,16,1,release,8,24,3,false,11934,2517,false,Metal,Apple M5 Pro
cjk,scroll_triangle,softwrap,121,42,7,68042,20684625,67375,Menlo,16,1,release,8,24,3,false,11764,2689,false,Metal,Apple M5 Pro
cjk,scroll_triangle,softwrap,121,42,8,63625,20639709,67375,Menlo,16,1,release,8,24,3,false,11594,2859,false,Metal,Apple M5 Pro
cjk,scroll_triangle,softwrap,121,42,9,64125,20619000,185167,Menlo,16,1,release,8,24,3,false,11422,3029,false,Metal,Apple M5 Pro
cjk,scroll_triangle,softwrap,121,42,10,62667,20502291,174959,Menlo,16,1,release,8,24,3,false,11252,3199,false,Metal,Apple M5 Pro
cjk,scroll_triangle,softwrap,121,42,11,60750,20467292,85708,Menlo,16,1,release,8,24,3,false,11082,3371,false,Metal,Apple M5 Pro
cjk,scroll_triangle,softwrap,121,42,12,60625,20519791,67292,Menlo,16,1,release,8,24,3,false,10912,3541,false,Metal,Apple M5 Pro
cjk,scroll_triangle,softwrap,121,42,13,60417,20521917,67500,Menlo,16,1,release,8,24,3,false,10740,3711,false,Metal,Apple M5 Pro
cjk,scroll_triangle,softwrap,121,42,14,60125,20516667,68666,Menlo,16,1,release,8,24,3,false,10570,3881,false,Metal,Apple M5 Pro
cjk,scroll_triangle,softwrap,121,42,15,61209,20662500,75667,Menlo,16,1,release,8,24,3,false,10400,4053,false,Metal,Apple M5 Pro
cjk,scroll_triangle,softwrap,121,42,16,60750,20537709,67583,Menlo,16,1,release,8,24,3,false,10230,4223,false,Metal,Apple M5 Pro
cjk,scroll_triangle,softwrap,121,42,17,67250,20506208,66292,Menlo,16,1,release,8,24,3,false,10058,4393,false,Metal,Apple M5 Pro
cjk,scroll_triangle,softwrap,121,42,18,60583,20576708,66875,Menlo,16,1,release,8,24,3,false,9888,4563,false,Metal,Apple M5 Pro
cjk,scroll_triangle,softwrap,121,42,19,62292,20547542,66917,Menlo,16,1,release,8,24,3,false,9718,4735,false,Metal,Apple M5 Pro
cjk,scroll_triangle,softwrap,121,42,20,59583,20442625,67292,Menlo,16,1,release,8,24,3,false,9548,4905,false,Metal,Apple M5 Pro
cjk,scroll_triangle,softwrap,121,42,21,58416,20617042,67250,Menlo,16,1,release,8,24,3,false,9376,5075,false,Metal,Apple M5 Pro
cjk,scroll_triangle,softwrap,121,42,22,59291,20451709,82958,Menlo,16,1,release,8,24,3,false,9206,5245,false,Metal,Apple M5 Pro
cjk,scroll_triangle,softwrap,121,42,23,60500,20433042,67208,Menlo,16,1,release,8,24,3,false,9036,5417,false,Metal,Apple M5 Pro
cjk,dense_novel_text,explicit_rows,121,42,0,37958,6287750,66333,Menlo,16,1,release,8,24,3,false,0,0,false,Metal,Apple M5 Pro
cjk,dense_novel_text,explicit_rows,121,42,1,37667,6324125,68875,Menlo,16,1,release,8,24,3,false,0,0,false,Metal,Apple M5 Pro
cjk,dense_novel_text,explicit_rows,121,42,2,38541,6291500,68541,Menlo,16,1,release,8,24,3,false,0,0,false,Metal,Apple M5 Pro
cjk,dense_novel_text,explicit_rows,121,42,3,37917,6273041,71917,Menlo,16,1,release,8,24,3,false,0,0,false,Metal,Apple M5 Pro
cjk,dense_novel_text,explicit_rows,121,42,4,41125,6278583,66500,Menlo,16,1,release,8,24,3,false,0,0,false,Metal,Apple M5 Pro
cjk,dense_novel_text,explicit_rows,121,42,5,37416,6250458,68459,Menlo,16,1,release,8,24,3,false,0,0,false,Metal,Apple M5 Pro
cjk,dense_novel_text,explicit_rows,121,42,6,38166,6245750,67375,Menlo,16,1,release,8,24,3,false,0,0,false,Metal,Apple M5 Pro
cjk,dense_novel_text,explicit_rows,121,42,7,37958,6344042,66125,Menlo,16,1,release,8,24,3,false,0,0,false,Metal,Apple M5 Pro
cjk,dense_novel_text,explicit_rows,121,42,8,37625,6277250,69917,Menlo,16,1,release,8,24,3,false,0,0,false,Metal,Apple M5 Pro
cjk,dense_novel_text,explicit_rows,121,42,9,37833,6269292,68875,Menlo,16,1,release,8,24,3,false,0,0,false,Metal,Apple M5 Pro
cjk,dense_novel_text,explicit_rows,121,42,10,37625,6288500,68125,Menlo,16,1,release,8,24,3,false,0,0,false,Metal,Apple M5 Pro
cjk,dense_novel_text,explicit_rows,121,42,11,37125,6282625,68042,Menlo,16,1,release,8,24,3,false,0,0,false,Metal,Apple M5 Pro
cjk,dense_novel_text,explicit_rows,121,42,12,37584,6286792,66292,Menlo,16,1,release,8,24,3,false,0,0,false,Metal,Apple M5 Pro
cjk,dense_novel_text,explicit_rows,121,42,13,38292,6338000,67542,Menlo,16,1,release,8,24,3,false,0,0,false,Metal,Apple M5 Pro
cjk,dense_novel_text,explicit_rows,121,42,14,38750,6289500,66125,Menlo,16,1,release,8,24,3,false,0,0,false,Metal,Apple M5 Pro
cjk,dense_novel_text,explicit_rows,121,42,15,38167,6241208,66250,Menlo,16,1,release,8,24,3,false,0,0,false,Metal,Apple M5 Pro
cjk,dense_novel_text,explicit_rows,121,42,16,37333,6273458,66834,Menlo,16,1,release,8,24,3,false,0,0,false,Metal,Apple M5 Pro
cjk,dense_novel_text,explicit_rows,121,42,17,37541,6335542,68333,Menlo,16,1,release,8,24,3,false,0,0,false,Metal,Apple M5 Pro
cjk,dense_novel_text,explicit_rows,121,42,18,37500,6242250,71375,Menlo,16,1,release,8,24,3,false,0,0,false,Metal,Apple M5 Pro
cjk,dense_novel_text,explicit_rows,121,42,19,37167,6312375,68666,Menlo,16,1,release,8,24,3,false,0,0,false,Metal,Apple M5 Pro
cjk,dense_novel_text,explicit_rows,121,42,20,38042,6266667,68667,Menlo,16,1,release,8,24,3,false,0,0,false,Metal,Apple M5 Pro
cjk,dense_novel_text,explicit_rows,121,42,21,37791,6270709,68167,Menlo,16,1,release,8,24,3,false,0,0,false,Metal,Apple M5 Pro
cjk,dense_novel_text,explicit_rows,121,42,22,37708,6327666,68834,Menlo,16,1,release,8,24,3,false,0,0,false,Metal,Apple M5 Pro
cjk,dense_novel_text,explicit_rows,121,42,23,37375,6330041,69875,Menlo,16,1,release,8,24,3,false,0,0,false,Metal,Apple M5 Pro
cjk,dense_novel_text,softwrap,121,42,0,56500,20418083,65709,Menlo,16,1,release,8,24,3,false,14492,0,false,Metal,Apple M5 Pro
cjk,dense_novel_text,softwrap,121,42,1,65042,20582583,63750,Menlo,16,1,release,8,24,3,false,14492,0,false,Metal,Apple M5 Pro
cjk,dense_novel_text,softwrap,121,42,2,57208,20429416,64542,Menlo,16,1,release,8,24,3,false,14492,0,false,Metal,Apple M5 Pro
cjk,dense_novel_text,softwrap,121,42,3,57291,20508000,63042,Menlo,16,1,release,8,24,3,false,14492,0,false,Metal,Apple M5 Pro
cjk,dense_novel_text,softwrap,121,42,4,58125,20514042,64125,Menlo,16,1,release,8,24,3,false,14492,0,false,Metal,Apple M5 Pro
cjk,dense_novel_text,softwrap,121,42,5,56709,20437459,64333,Menlo,16,1,release,8,24,3,false,14492,0,false,Metal,Apple M5 Pro
cjk,dense_novel_text,softwrap,121,42,6,60875,20498833,64500,Menlo,16,1,release,8,24,3,false,14492,0,false,Metal,Apple M5 Pro
cjk,dense_novel_text,softwrap,121,42,7,59750,20535250,63458,Menlo,16,1,release,8,24,3,false,14492,0,false,Metal,Apple M5 Pro
cjk,dense_novel_text,softwrap,121,42,8,56000,20559083,66125,Menlo,16,1,release,8,24,3,false,14492,0,false,Metal,Apple M5 Pro
cjk,dense_novel_text,softwrap,121,42,9,56667,20693834,66625,Menlo,16,1,release,8,24,3,false,14492,0,false,Metal,Apple M5 Pro
cjk,dense_novel_text,softwrap,121,42,10,57333,20596167,65292,Menlo,16,1,release,8,24,3,false,14492,0,false,Metal,Apple M5 Pro
cjk,dense_novel_text,softwrap,121,42,11,58334,20489291,66125,Menlo,16,1,release,8,24,3,false,14492,0,false,Metal,Apple M5 Pro
cjk,dense_novel_text,softwrap,121,42,12,57125,20540417,62417,Menlo,16,1,release,8,24,3,false,14492,0,false,Metal,Apple M5 Pro
cjk,dense_novel_text,softwrap,121,42,13,57458,20549333,62834,Menlo,16,1,release,8,24,3,false,14492,0,false,Metal,Apple M5 Pro
cjk,dense_novel_text,softwrap,121,42,14,56125,20468250,65584,Menlo,16,1,release,8,24,3,false,14492,0,false,Metal,Apple M5 Pro
cjk,dense_novel_text,softwrap,121,42,15,56875,20662708,61583,Menlo,16,1,release,8,24,3,false,14492,0,false,Metal,Apple M5 Pro
cjk,dense_novel_text,softwrap,121,42,16,57416,20487458,64209,Menlo,16,1,release,8,24,3,false,14492,0,false,Metal,Apple M5 Pro
cjk,dense_novel_text,softwrap,121,42,17,56667,20584125,64167,Menlo,16,1,release,8,24,3,false,14492,0,false,Metal,Apple M5 Pro
cjk,dense_novel_text,softwrap,121,42,18,58541,20512917,65916,Menlo,16,1,release,8,24,3,false,14492,0,false,Metal,Apple M5 Pro
cjk,dense_novel_text,softwrap,121,42,19,57208,20578792,66459,Menlo,16,1,release,8,24,3,false,14492,0,false,Metal,Apple M5 Pro
cjk,dense_novel_text,softwrap,121,42,20,57125,20464959,64875,Menlo,16,1,release,8,24,3,false,14492,0,false,Metal,Apple M5 Pro
cjk,dense_novel_text,softwrap,121,42,21,58833,20502625,63625,Menlo,16,1,release,8,24,3,false,14492,0,false,Metal,Apple M5 Pro
cjk,dense_novel_text,softwrap,121,42,22,58125,20490750,66208,Menlo,16,1,release,8,24,3,false,14492,0,false,Metal,Apple M5 Pro
cjk,dense_novel_text,softwrap,121,42,23,58333,20468708,64417,Menlo,16,1,release,8,24,3,false,14492,0,false,Metal,Apple M5 Pro
arabic,sparse_novel_counter,explicit_rows,121,42,0,37333,141375,2708,Menlo,16,1,release,8,24,3,false,0,0,false,Metal,Apple M5 Pro
arabic,sparse_novel_counter,explicit_rows,121,42,1,37333,141917,2833,Menlo,16,1,release,8,24,3,false,0,0,false,Metal,Apple M5 Pro
arabic,sparse_novel_counter,explicit_rows,121,42,2,37250,141416,2750,Menlo,16,1,release,8,24,3,false,0,0,false,Metal,Apple M5 Pro
arabic,sparse_novel_counter,explicit_rows,121,42,3,37459,139667,2750,Menlo,16,1,release,8,24,3,false,0,0,false,Metal,Apple M5 Pro
arabic,sparse_novel_counter,explicit_rows,121,42,4,37167,139291,2709,Menlo,16,1,release,8,24,3,false,0,0,false,Metal,Apple M5 Pro
arabic,sparse_novel_counter,explicit_rows,121,42,5,37083,142500,2750,Menlo,16,1,release,8,24,3,false,0,0,false,Metal,Apple M5 Pro
arabic,sparse_novel_counter,explicit_rows,121,42,6,37167,140583,2708,Menlo,16,1,release,8,24,3,false,0,0,false,Metal,Apple M5 Pro
arabic,sparse_novel_counter,explicit_rows,121,42,7,37125,185542,2750,Menlo,16,1,release,8,24,3,false,0,0,false,Metal,Apple M5 Pro
arabic,sparse_novel_counter,explicit_rows,121,42,8,37542,149167,2709,Menlo,16,1,release,8,24,3,false,0,0,false,Metal,Apple M5 Pro
arabic,sparse_novel_counter,explicit_rows,121,42,9,37291,139709,2709,Menlo,16,1,release,8,24,3,false,0,0,false,Metal,Apple M5 Pro
arabic,sparse_novel_counter,explicit_rows,121,42,10,37083,147125,2709,Menlo,16,1,release,8,24,3,false,0,0,false,Metal,Apple M5 Pro
arabic,sparse_novel_counter,explicit_rows,121,42,11,37000,142375,2709,Menlo,16,1,release,8,24,3,false,0,0,false,Metal,Apple M5 Pro
arabic,sparse_novel_counter,explicit_rows,121,42,12,37208,145041,2750,Menlo,16,1,release,8,24,3,false,0,0,false,Metal,Apple M5 Pro
arabic,sparse_novel_counter,explicit_rows,121,42,13,37625,138666,2667,Menlo,16,1,release,8,24,3,false,0,0,false,Metal,Apple M5 Pro
arabic,sparse_novel_counter,explicit_rows,121,42,14,37125,141833,2708,Menlo,16,1,release,8,24,3,false,0,0,false,Metal,Apple M5 Pro
arabic,sparse_novel_counter,explicit_rows,121,42,15,37292,140500,2750,Menlo,16,1,release,8,24,3,false,0,0,false,Metal,Apple M5 Pro
arabic,sparse_novel_counter,explicit_rows,121,42,16,37041,144000,2708,Menlo,16,1,release,8,24,3,false,0,0,false,Metal,Apple M5 Pro
arabic,sparse_novel_counter,explicit_rows,121,42,17,37250,140333,2750,Menlo,16,1,release,8,24,3,false,0,0,false,Metal,Apple M5 Pro
arabic,sparse_novel_counter,explicit_rows,121,42,18,37542,142625,2750,Menlo,16,1,release,8,24,3,false,0,0,false,Metal,Apple M5 Pro
arabic,sparse_novel_counter,explicit_rows,121,42,19,37416,142042,2708,Menlo,16,1,release,8,24,3,false,0,0,false,Metal,Apple M5 Pro
arabic,sparse_novel_counter,explicit_rows,121,42,20,37208,142000,2750,Menlo,16,1,release,8,24,3,false,0,0,false,Metal,Apple M5 Pro
arabic,sparse_novel_counter,explicit_rows,121,42,21,37250,142958,2750,Menlo,16,1,release,8,24,3,false,0,0,false,Metal,Apple M5 Pro
arabic,sparse_novel_counter,explicit_rows,121,42,22,37333,142209,2667,Menlo,16,1,release,8,24,3,false,0,0,false,Metal,Apple M5 Pro
arabic,sparse_novel_counter,explicit_rows,121,42,23,37500,156291,2667,Menlo,16,1,release,8,24,3,false,0,0,false,Metal,Apple M5 Pro
arabic,sparse_novel_counter,softwrap,121,42,0,70625,12297250,174875,Menlo,16,1,release,8,24,3,false,18686,0,false,Metal,Apple M5 Pro
arabic,sparse_novel_counter,softwrap,121,42,1,71625,12319833,114708,Menlo,16,1,release,8,24,3,false,18686,0,false,Metal,Apple M5 Pro
arabic,sparse_novel_counter,softwrap,121,42,2,71500,12278625,113875,Menlo,16,1,release,8,24,3,false,18686,0,false,Metal,Apple M5 Pro
arabic,sparse_novel_counter,softwrap,121,42,3,71458,12279375,111416,Menlo,16,1,release,8,24,3,false,18686,0,false,Metal,Apple M5 Pro
arabic,sparse_novel_counter,softwrap,121,42,4,75084,12326709,114834,Menlo,16,1,release,8,24,3,false,18686,0,false,Metal,Apple M5 Pro
arabic,sparse_novel_counter,softwrap,121,42,5,69875,12270625,114667,Menlo,16,1,release,8,24,3,false,18686,0,false,Metal,Apple M5 Pro
arabic,sparse_novel_counter,softwrap,121,42,6,69292,12310416,111667,Menlo,16,1,release,8,24,3,false,18686,0,false,Metal,Apple M5 Pro
arabic,sparse_novel_counter,softwrap,121,42,7,69583,12317083,111000,Menlo,16,1,release,8,24,3,false,18686,0,false,Metal,Apple M5 Pro
arabic,sparse_novel_counter,softwrap,121,42,8,70417,12250750,114875,Menlo,16,1,release,8,24,3,false,18686,0,false,Metal,Apple M5 Pro
arabic,sparse_novel_counter,softwrap,121,42,9,70167,12283750,116125,Menlo,16,1,release,8,24,3,false,18686,0,false,Metal,Apple M5 Pro
arabic,sparse_novel_counter,softwrap,121,42,10,69916,12273209,115916,Menlo,16,1,release,8,24,3,false,18686,0,false,Metal,Apple M5 Pro
arabic,sparse_novel_counter,softwrap,121,42,11,70541,12264500,112083,Menlo,16,1,release,8,24,3,false,18686,0,false,Metal,Apple M5 Pro
arabic,sparse_novel_counter,softwrap,121,42,12,71000,12325292,116209,Menlo,16,1,release,8,24,3,false,18686,0,false,Metal,Apple M5 Pro
arabic,sparse_novel_counter,softwrap,121,42,13,70292,12227084,116458,Menlo,16,1,release,8,24,3,false,18686,0,false,Metal,Apple M5 Pro
arabic,sparse_novel_counter,softwrap,121,42,14,69000,12361167,116209,Menlo,16,1,release,8,24,3,false,18686,0,false,Metal,Apple M5 Pro
arabic,sparse_novel_counter,softwrap,121,42,15,70042,12258625,114167,Menlo,16,1,release,8,24,3,false,18686,0,false,Metal,Apple M5 Pro
arabic,sparse_novel_counter,softwrap,121,42,16,79916,12285459,116458,Menlo,16,1,release,8,24,3,false,18686,0,false,Metal,Apple M5 Pro
arabic,sparse_novel_counter,softwrap,121,42,17,70083,12250625,112917,Menlo,16,1,release,8,24,3,false,18686,0,false,Metal,Apple M5 Pro
arabic,sparse_novel_counter,softwrap,121,42,18,69375,12306708,116458,Menlo,16,1,release,8,24,3,false,18686,0,false,Metal,Apple M5 Pro
arabic,sparse_novel_counter,softwrap,121,42,19,69334,12266791,113375,Menlo,16,1,release,8,24,3,false,18686,0,false,Metal,Apple M5 Pro
arabic,sparse_novel_counter,softwrap,121,42,20,69250,12262250,115167,Menlo,16,1,release,8,24,3,false,18686,0,false,Metal,Apple M5 Pro
arabic,sparse_novel_counter,softwrap,121,42,21,69875,12252833,116208,Menlo,16,1,release,8,24,3,false,18686,0,false,Metal,Apple M5 Pro
arabic,sparse_novel_counter,softwrap,121,42,22,69709,12269042,115833,Menlo,16,1,release,8,24,3,false,18686,0,false,Metal,Apple M5 Pro
arabic,sparse_novel_counter,softwrap,121,42,23,68583,12256000,113041,Menlo,16,1,release,8,24,3,false,18686,0,false,Metal,Apple M5 Pro
arabic,scroll_triangle,explicit_rows,121,42,0,37666,140709,97666,Menlo,16,1,release,8,24,3,false,0,0,false,Metal,Apple M5 Pro
arabic,scroll_triangle,explicit_rows,121,42,1,37792,141875,98041,Menlo,16,1,release,8,24,3,false,0,0,false,Metal,Apple M5 Pro
arabic,scroll_triangle,explicit_rows,121,42,2,43416,166500,104625,Menlo,16,1,release,8,24,3,false,0,0,false,Metal,Apple M5 Pro
arabic,scroll_triangle,explicit_rows,121,42,3,39167,143833,98792,Menlo,16,1,release,8,24,3,false,0,0,false,Metal,Apple M5 Pro
arabic,scroll_triangle,explicit_rows,121,42,4,38292,140541,98709,Menlo,16,1,release,8,24,3,false,0,0,false,Metal,Apple M5 Pro
arabic,scroll_triangle,explicit_rows,121,42,5,38375,140125,101125,Menlo,16,1,release,8,24,3,false,0,0,false,Metal,Apple M5 Pro
arabic,scroll_triangle,explicit_rows,121,42,6,37667,141500,102125,Menlo,16,1,release,8,24,3,false,0,0,false,Metal,Apple M5 Pro
arabic,scroll_triangle,explicit_rows,121,42,7,37375,180750,102333,Menlo,16,1,release,8,24,3,false,0,0,false,Metal,Apple M5 Pro
arabic,scroll_triangle,explicit_rows,121,42,8,40500,139417,100291,Menlo,16,1,release,8,24,3,false,0,0,false,Metal,Apple M5 Pro
arabic,scroll_triangle,explicit_rows,121,42,9,37958,139000,99208,Menlo,16,1,release,8,24,3,false,0,0,false,Metal,Apple M5 Pro
arabic,scroll_triangle,explicit_rows,121,42,10,37625,141084,100417,Menlo,16,1,release,8,24,3,false,0,0,false,Metal,Apple M5 Pro
arabic,scroll_triangle,explicit_rows,121,42,11,37667,139375,98792,Menlo,16,1,release,8,24,3,false,0,0,false,Metal,Apple M5 Pro
arabic,scroll_triangle,explicit_rows,121,42,12,37583,141958,99334,Menlo,16,1,release,8,24,3,false,0,0,false,Metal,Apple M5 Pro
arabic,scroll_triangle,explicit_rows,121,42,13,37708,138166,101459,Menlo,16,1,release,8,24,3,false,0,0,false,Metal,Apple M5 Pro
arabic,scroll_triangle,explicit_rows,121,42,14,37584,141875,99459,Menlo,16,1,release,8,24,3,false,0,0,false,Metal,Apple M5 Pro
arabic,scroll_triangle,explicit_rows,121,42,15,38083,138750,116958,Menlo,16,1,release,8,24,3,false,0,0,false,Metal,Apple M5 Pro
arabic,scroll_triangle,explicit_rows,121,42,16,37917,138916,98667,Menlo,16,1,release,8,24,3,false,0,0,false,Metal,Apple M5 Pro
arabic,scroll_triangle,explicit_rows,121,42,17,37750,139375,100916,Menlo,16,1,release,8,24,3,false,0,0,false,Metal,Apple M5 Pro
arabic,scroll_triangle,explicit_rows,121,42,18,37667,138708,98750,Menlo,16,1,release,8,24,3,false,0,0,false,Metal,Apple M5 Pro
arabic,scroll_triangle,explicit_rows,121,42,19,37750,138166,98209,Menlo,16,1,release,8,24,3,false,0,0,false,Metal,Apple M5 Pro
arabic,scroll_triangle,explicit_rows,121,42,20,37542,140000,99000,Menlo,16,1,release,8,24,3,false,0,0,false,Metal,Apple M5 Pro
arabic,scroll_triangle,explicit_rows,121,42,21,38000,138458,100958,Menlo,16,1,release,8,24,3,false,0,0,false,Metal,Apple M5 Pro
arabic,scroll_triangle,explicit_rows,121,42,22,38000,140917,98375,Menlo,16,1,release,8,24,3,false,0,0,false,Metal,Apple M5 Pro
arabic,scroll_triangle,explicit_rows,121,42,23,38042,140041,98042,Menlo,16,1,release,8,24,3,false,0,0,false,Metal,Apple M5 Pro
arabic,scroll_triangle,softwrap,121,42,0,70166,12257542,114834,Menlo,16,1,release,8,24,3,false,16748,1877,false,Metal,Apple M5 Pro
arabic,scroll_triangle,softwrap,121,42,1,72375,12329916,113417,Menlo,16,1,release,8,24,3,false,16539,2092,false,Metal,Apple M5 Pro
arabic,scroll_triangle,softwrap,121,42,2,71666,12230042,115125,Menlo,16,1,release,8,24,3,false,16324,2307,false,Metal,Apple M5 Pro
arabic,scroll_triangle,softwrap,121,42,3,71792,12248958,114708,Menlo,16,1,release,8,24,3,false,16109,2523,false,Metal,Apple M5 Pro
arabic,scroll_triangle,softwrap,121,42,4,70791,12376125,149084,Menlo,16,1,release,8,24,3,false,15893,2739,false,Metal,Apple M5 Pro
arabic,scroll_triangle,softwrap,121,42,5,70167,12229291,150458,Menlo,16,1,release,8,24,3,false,15677,2954,false,Metal,Apple M5 Pro
arabic,scroll_triangle,softwrap,121,42,6,72959,12266416,117625,Menlo,16,1,release,8,24,3,false,15462,3169,false,Metal,Apple M5 Pro
arabic,scroll_triangle,softwrap,121,42,7,71667,12327625,116750,Menlo,16,1,release,8,24,3,false,15246,3385,false,Metal,Apple M5 Pro
arabic,scroll_triangle,softwrap,121,42,8,72333,12371000,123792,Menlo,16,1,release,8,24,3,false,15031,3600,false,Metal,Apple M5 Pro
arabic,scroll_triangle,softwrap,121,42,9,71000,12283709,116084,Menlo,16,1,release,8,24,3,false,14816,3812,false,Metal,Apple M5 Pro
arabic,scroll_triangle,softwrap,121,42,10,72250,12276875,113667,Menlo,16,1,release,8,24,3,false,14600,4024,false,Metal,Apple M5 Pro
arabic,scroll_triangle,softwrap,121,42,11,71458,12217334,118167,Menlo,16,1,release,8,24,3,false,14385,4239,false,Metal,Apple M5 Pro
arabic,scroll_triangle,softwrap,121,42,12,70250,12516167,115583,Menlo,16,1,release,8,24,3,false,14177,4454,false,Metal,Apple M5 Pro
arabic,scroll_triangle,softwrap,121,42,13,72583,12313084,120375,Menlo,16,1,release,8,24,3,false,13961,4670,false,Metal,Apple M5 Pro
arabic,scroll_triangle,softwrap,121,42,14,70458,12269833,116041,Menlo,16,1,release,8,24,3,false,13747,4885,false,Metal,Apple M5 Pro
arabic,scroll_triangle,softwrap,121,42,15,81833,12285125,125125,Menlo,16,1,release,8,24,3,false,13531,5101,false,Metal,Apple M5 Pro
arabic,scroll_triangle,softwrap,121,42,16,69125,12285208,152208,Menlo,16,1,release,8,24,3,false,13315,5316,false,Metal,Apple M5 Pro
arabic,scroll_triangle,softwrap,121,42,17,74917,12308625,118208,Menlo,16,1,release,8,24,3,false,13100,5532,false,Metal,Apple M5 Pro
arabic,scroll_triangle,softwrap,121,42,18,70542,12250291,112917,Menlo,16,1,release,8,24,3,false,12884,5747,false,Metal,Apple M5 Pro
arabic,scroll_triangle,softwrap,121,42,19,67833,12286667,116958,Menlo,16,1,release,8,24,3,false,12669,5963,false,Metal,Apple M5 Pro
arabic,scroll_triangle,softwrap,121,42,20,70958,12399834,118750,Menlo,16,1,release,8,24,3,false,12453,6175,false,Metal,Apple M5 Pro
arabic,scroll_triangle,softwrap,121,42,21,69375,12354834,115125,Menlo,16,1,release,8,24,3,false,12238,6386,false,Metal,Apple M5 Pro
arabic,scroll_triangle,softwrap,121,42,22,70083,12355167,131042,Menlo,16,1,release,8,24,3,false,12022,6601,false,Metal,Apple M5 Pro
arabic,scroll_triangle,softwrap,121,42,23,71042,12315792,119417,Menlo,16,1,release,8,24,3,false,11815,6816,false,Metal,Apple M5 Pro
arabic,dense_novel_text,explicit_rows,121,42,0,37500,4321875,95667,Menlo,16,1,release,8,24,3,false,0,0,false,Metal,Apple M5 Pro
arabic,dense_novel_text,explicit_rows,121,42,1,37667,4277500,103042,Menlo,16,1,release,8,24,3,false,0,0,false,Metal,Apple M5 Pro
arabic,dense_novel_text,explicit_rows,121,42,2,37500,4341125,102334,Menlo,16,1,release,8,24,3,false,0,0,false,Metal,Apple M5 Pro
arabic,dense_novel_text,explicit_rows,121,42,3,37750,4290834,100792,Menlo,16,1,release,8,24,3,false,0,0,false,Metal,Apple M5 Pro
arabic,dense_novel_text,explicit_rows,121,42,4,40333,4344000,103750,Menlo,16,1,release,8,24,3,false,0,0,false,Metal,Apple M5 Pro
arabic,dense_novel_text,explicit_rows,121,42,5,37833,4291375,101917,Menlo,16,1,release,8,24,3,false,0,0,false,Metal,Apple M5 Pro
arabic,dense_novel_text,explicit_rows,121,42,6,37667,4301167,102750,Menlo,16,1,release,8,24,3,false,0,0,false,Metal,Apple M5 Pro
arabic,dense_novel_text,explicit_rows,121,42,7,38042,4273791,102209,Menlo,16,1,release,8,24,3,false,0,0,false,Metal,Apple M5 Pro
arabic,dense_novel_text,explicit_rows,121,42,8,37500,4275375,100917,Menlo,16,1,release,8,24,3,false,0,0,false,Metal,Apple M5 Pro
arabic,dense_novel_text,explicit_rows,121,42,9,37542,4377000,108791,Menlo,16,1,release,8,24,3,false,0,0,false,Metal,Apple M5 Pro
arabic,dense_novel_text,explicit_rows,121,42,10,37667,4312458,99958,Menlo,16,1,release,8,24,3,false,0,0,false,Metal,Apple M5 Pro
arabic,dense_novel_text,explicit_rows,121,42,11,37917,4390750,103833,Menlo,16,1,release,8,24,3,false,0,0,false,Metal,Apple M5 Pro
arabic,dense_novel_text,explicit_rows,121,42,12,38083,4308542,102916,Menlo,16,1,release,8,24,3,false,0,0,false,Metal,Apple M5 Pro
arabic,dense_novel_text,explicit_rows,121,42,13,37459,4338125,101750,Menlo,16,1,release,8,24,3,false,0,0,false,Metal,Apple M5 Pro
arabic,dense_novel_text,explicit_rows,121,42,14,37667,4260833,101875,Menlo,16,1,release,8,24,3,false,0,0,false,Metal,Apple M5 Pro
arabic,dense_novel_text,explicit_rows,121,42,15,37583,4282417,102417,Menlo,16,1,release,8,24,3,false,0,0,false,Metal,Apple M5 Pro
arabic,dense_novel_text,explicit_rows,121,42,16,37875,4278416,100542,Menlo,16,1,release,8,24,3,false,0,0,false,Metal,Apple M5 Pro
arabic,dense_novel_text,explicit_rows,121,42,17,37333,4359459,103167,Menlo,16,1,release,8,24,3,false,0,0,false,Metal,Apple M5 Pro
arabic,dense_novel_text,explicit_rows,121,42,18,38000,4275250,98500,Menlo,16,1,release,8,24,3,false,0,0,false,Metal,Apple M5 Pro
arabic,dense_novel_text,explicit_rows,121,42,19,37458,4286792,102333,Menlo,16,1,release,8,24,3,false,0,0,false,Metal,Apple M5 Pro
arabic,dense_novel_text,explicit_rows,121,42,20,37625,4319334,99166,Menlo,16,1,release,8,24,3,false,0,0,false,Metal,Apple M5 Pro
arabic,dense_novel_text,explicit_rows,121,42,21,37417,4285500,102333,Menlo,16,1,release,8,24,3,false,0,0,false,Metal,Apple M5 Pro
arabic,dense_novel_text,explicit_rows,121,42,22,37417,4318792,101958,Menlo,16,1,release,8,24,3,false,0,0,false,Metal,Apple M5 Pro
arabic,dense_novel_text,explicit_rows,121,42,23,40750,4324084,103209,Menlo,16,1,release,8,24,3,false,0,0,false,Metal,Apple M5 Pro
arabic,dense_novel_text,softwrap,121,42,0,68959,12302583,111416,Menlo,16,1,release,8,24,3,false,18686,0,false,Metal,Apple M5 Pro
arabic,dense_novel_text,softwrap,121,42,1,69416,12275709,112625,Menlo,16,1,release,8,24,3,false,18686,0,false,Metal,Apple M5 Pro
arabic,dense_novel_text,softwrap,121,42,2,69208,12238292,111791,Menlo,16,1,release,8,24,3,false,18686,0,false,Metal,Apple M5 Pro
arabic,dense_novel_text,softwrap,121,42,3,69333,12240041,111333,Menlo,16,1,release,8,24,3,false,18686,0,false,Metal,Apple M5 Pro
arabic,dense_novel_text,softwrap,121,42,4,68625,12313916,110750,Menlo,16,1,release,8,24,3,false,18686,0,false,Metal,Apple M5 Pro
arabic,dense_novel_text,softwrap,121,42,5,68625,12274041,110042,Menlo,16,1,release,8,24,3,false,18686,0,false,Metal,Apple M5 Pro
arabic,dense_novel_text,softwrap,121,42,6,69875,12214042,109583,Menlo,16,1,release,8,24,3,false,18686,0,false,Metal,Apple M5 Pro
arabic,dense_novel_text,softwrap,121,42,7,69375,12309166,111625,Menlo,16,1,release,8,24,3,false,18686,0,false,Metal,Apple M5 Pro
arabic,dense_novel_text,softwrap,121,42,8,68416,12273000,113250,Menlo,16,1,release,8,24,3,false,18686,0,false,Metal,Apple M5 Pro
arabic,dense_novel_text,softwrap,121,42,9,68875,12299625,110250,Menlo,16,1,release,8,24,3,false,18686,0,false,Metal,Apple M5 Pro
arabic,dense_novel_text,softwrap,121,42,10,68875,12330583,122000,Menlo,16,1,release,8,24,3,false,18686,0,false,Metal,Apple M5 Pro
arabic,dense_novel_text,softwrap,121,42,11,68750,12269250,108208,Menlo,16,1,release,8,24,3,false,18686,0,false,Metal,Apple M5 Pro
arabic,dense_novel_text,softwrap,121,42,12,69208,12186417,113125,Menlo,16,1,release,8,24,3,false,18686,0,false,Metal,Apple M5 Pro
arabic,dense_novel_text,softwrap,121,42,13,69667,12295875,108625,Menlo,16,1,release,8,24,3,false,18686,0,false,Metal,Apple M5 Pro
arabic,dense_novel_text,softwrap,121,42,14,68000,12295000,108625,Menlo,16,1,release,8,24,3,false,18686,0,false,Metal,Apple M5 Pro
arabic,dense_novel_text,softwrap,121,42,15,67917,12384750,109334,Menlo,16,1,release,8,24,3,false,18686,0,false,Metal,Apple M5 Pro
arabic,dense_novel_text,softwrap,121,42,16,68375,12216375,111834,Menlo,16,1,release,8,24,3,false,18686,0,false,Metal,Apple M5 Pro
arabic,dense_novel_text,softwrap,121,42,17,68417,12308292,111000,Menlo,16,1,release,8,24,3,false,18686,0,false,Metal,Apple M5 Pro
arabic,dense_novel_text,softwrap,121,42,18,68083,12267917,112791,Menlo,16,1,release,8,24,3,false,18686,0,false,Metal,Apple M5 Pro
arabic,dense_novel_text,softwrap,121,42,19,91333,12300208,110208,Menlo,16,1,release,8,24,3,false,18686,0,false,Metal,Apple M5 Pro
arabic,dense_novel_text,softwrap,121,42,20,69334,12212459,112208,Menlo,16,1,release,8,24,3,false,18686,0,false,Metal,Apple M5 Pro
arabic,dense_novel_text,softwrap,121,42,21,68541,12236208,109750,Menlo,16,1,release,8,24,3,false,18686,0,false,Metal,Apple M5 Pro
arabic,dense_novel_text,softwrap,121,42,22,69000,12241792,109750,Menlo,16,1,release,8,24,3,false,18686,0,false,Metal,Apple M5 Pro
arabic,dense_novel_text,softwrap,121,42,23,67625,12353541,112417,Menlo,16,1,release,8,24,3,false,18686,0,false,Metal,Apple M5 Pro
rtl_context_ltr_viewport,sparse_novel_counter,explicit_rows,121,42,0,37000,76916,2792,Menlo,16,1,release,8,24,3,false,0,0,false,Metal,Apple M5 Pro
rtl_context_ltr_viewport,sparse_novel_counter,explicit_rows,121,42,1,37709,76625,2833,Menlo,16,1,release,8,24,3,false,0,0,false,Metal,Apple M5 Pro
rtl_context_ltr_viewport,sparse_novel_counter,explicit_rows,121,42,2,37208,77375,2833,Menlo,16,1,release,8,24,3,false,0,0,false,Metal,Apple M5 Pro
rtl_context_ltr_viewport,sparse_novel_counter,explicit_rows,121,42,3,39833,76791,2792,Menlo,16,1,release,8,24,3,false,0,0,false,Metal,Apple M5 Pro
rtl_context_ltr_viewport,sparse_novel_counter,explicit_rows,121,42,4,37125,75542,2791,Menlo,16,1,release,8,24,3,false,0,0,false,Metal,Apple M5 Pro
rtl_context_ltr_viewport,sparse_novel_counter,explicit_rows,121,42,5,36958,76000,2791,Menlo,16,1,release,8,24,3,false,0,0,false,Metal,Apple M5 Pro
rtl_context_ltr_viewport,sparse_novel_counter,explicit_rows,121,42,6,37083,74500,2792,Menlo,16,1,release,8,24,3,false,0,0,false,Metal,Apple M5 Pro
rtl_context_ltr_viewport,sparse_novel_counter,explicit_rows,121,42,7,36916,121709,2791,Menlo,16,1,release,8,24,3,false,0,0,false,Metal,Apple M5 Pro
rtl_context_ltr_viewport,sparse_novel_counter,explicit_rows,121,42,8,37208,75916,2792,Menlo,16,1,release,8,24,3,false,0,0,false,Metal,Apple M5 Pro
rtl_context_ltr_viewport,sparse_novel_counter,explicit_rows,121,42,9,37000,73250,2833,Menlo,16,1,release,8,24,3,false,0,0,false,Metal,Apple M5 Pro
rtl_context_ltr_viewport,sparse_novel_counter,explicit_rows,121,42,10,37167,76584,2792,Menlo,16,1,release,8,24,3,false,0,0,false,Metal,Apple M5 Pro
rtl_context_ltr_viewport,sparse_novel_counter,explicit_rows,121,42,11,37083,75667,2792,Menlo,16,1,release,8,24,3,false,0,0,false,Metal,Apple M5 Pro
rtl_context_ltr_viewport,sparse_novel_counter,explicit_rows,121,42,12,37041,74750,2791,Menlo,16,1,release,8,24,3,false,0,0,false,Metal,Apple M5 Pro
rtl_context_ltr_viewport,sparse_novel_counter,explicit_rows,121,42,13,37375,75500,2833,Menlo,16,1,release,8,24,3,false,0,0,false,Metal,Apple M5 Pro
rtl_context_ltr_viewport,sparse_novel_counter,explicit_rows,121,42,14,36875,76167,2791,Menlo,16,1,release,8,24,3,false,0,0,false,Metal,Apple M5 Pro
rtl_context_ltr_viewport,sparse_novel_counter,explicit_rows,121,42,15,37125,75375,2833,Menlo,16,1,release,8,24,3,false,0,0,false,Metal,Apple M5 Pro
rtl_context_ltr_viewport,sparse_novel_counter,explicit_rows,121,42,16,37542,75666,2792,Menlo,16,1,release,8,24,3,false,0,0,false,Metal,Apple M5 Pro
rtl_context_ltr_viewport,sparse_novel_counter,explicit_rows,121,42,17,36958,73041,2792,Menlo,16,1,release,8,24,3,false,0,0,false,Metal,Apple M5 Pro
rtl_context_ltr_viewport,sparse_novel_counter,explicit_rows,121,42,18,37208,74667,2791,Menlo,16,1,release,8,24,3,false,0,0,false,Metal,Apple M5 Pro
rtl_context_ltr_viewport,sparse_novel_counter,explicit_rows,121,42,19,37167,98250,3625,Menlo,16,1,release,8,24,3,false,0,0,false,Metal,Apple M5 Pro
rtl_context_ltr_viewport,sparse_novel_counter,explicit_rows,121,42,20,38000,82250,2833,Menlo,16,1,release,8,24,3,false,0,0,false,Metal,Apple M5 Pro
rtl_context_ltr_viewport,sparse_novel_counter,explicit_rows,121,42,21,37334,77583,2792,Menlo,16,1,release,8,24,3,false,0,0,false,Metal,Apple M5 Pro
rtl_context_ltr_viewport,sparse_novel_counter,explicit_rows,121,42,22,37416,76084,2791,Menlo,16,1,release,8,24,3,false,0,0,false,Metal,Apple M5 Pro
rtl_context_ltr_viewport,sparse_novel_counter,explicit_rows,121,42,23,37334,75875,2791,Menlo,16,1,release,8,24,3,false,0,0,false,Metal,Apple M5 Pro
rtl_context_ltr_viewport,sparse_novel_counter,softwrap,121,42,0,65541,3446000,162667,Menlo,16,1,release,8,24,3,false,10487,0,false,Metal,Apple M5 Pro
rtl_context_ltr_viewport,sparse_novel_counter,softwrap,121,42,1,65917,3450541,111209,Menlo,16,1,release,8,24,3,false,10487,0,false,Metal,Apple M5 Pro
rtl_context_ltr_viewport,sparse_novel_counter,softwrap,121,42,2,64042,3515458,116750,Menlo,16,1,release,8,24,3,false,10487,0,false,Metal,Apple M5 Pro
rtl_context_ltr_viewport,sparse_novel_counter,softwrap,121,42,3,65875,3473666,129000,Menlo,16,1,release,8,24,3,false,10487,0,false,Metal,Apple M5 Pro
rtl_context_ltr_viewport,sparse_novel_counter,softwrap,121,42,4,63750,3463417,116791,Menlo,16,1,release,8,24,3,false,10487,0,false,Metal,Apple M5 Pro
rtl_context_ltr_viewport,sparse_novel_counter,softwrap,121,42,5,63458,3484417,116125,Menlo,16,1,release,8,24,3,false,10487,0,false,Metal,Apple M5 Pro
rtl_context_ltr_viewport,sparse_novel_counter,softwrap,121,42,6,65000,3427542,115750,Menlo,16,1,release,8,24,3,false,10487,0,false,Metal,Apple M5 Pro
rtl_context_ltr_viewport,sparse_novel_counter,softwrap,121,42,7,65291,3482084,116250,Menlo,16,1,release,8,24,3,false,10487,0,false,Metal,Apple M5 Pro
rtl_context_ltr_viewport,sparse_novel_counter,softwrap,121,42,8,64167,3416333,115917,Menlo,16,1,release,8,24,3,false,10487,0,false,Metal,Apple M5 Pro
rtl_context_ltr_viewport,sparse_novel_counter,softwrap,121,42,9,63958,3460875,116333,Menlo,16,1,release,8,24,3,false,10487,0,false,Metal,Apple M5 Pro
rtl_context_ltr_viewport,sparse_novel_counter,softwrap,121,42,10,64208,3483792,114459,Menlo,16,1,release,8,24,3,false,10487,0,false,Metal,Apple M5 Pro
rtl_context_ltr_viewport,sparse_novel_counter,softwrap,121,42,11,64875,3389666,114875,Menlo,16,1,release,8,24,3,false,10487,0,false,Metal,Apple M5 Pro
rtl_context_ltr_viewport,sparse_novel_counter,softwrap,121,42,12,64000,3393208,116333,Menlo,16,1,release,8,24,3,false,10487,0,false,Metal,Apple M5 Pro
rtl_context_ltr_viewport,sparse_novel_counter,softwrap,121,42,13,65250,3474333,116333,Menlo,16,1,release,8,24,3,false,10487,0,false,Metal,Apple M5 Pro
rtl_context_ltr_viewport,sparse_novel_counter,softwrap,121,42,14,64750,3414958,118709,Menlo,16,1,release,8,24,3,false,10487,0,false,Metal,Apple M5 Pro
rtl_context_ltr_viewport,sparse_novel_counter,softwrap,121,42,15,64166,3445042,114292,Menlo,16,1,release,8,24,3,false,10487,0,false,Metal,Apple M5 Pro
rtl_context_ltr_viewport,sparse_novel_counter,softwrap,121,42,16,63583,3457000,113292,Menlo,16,1,release,8,24,3,false,10487,0,false,Metal,Apple M5 Pro
rtl_context_ltr_viewport,sparse_novel_counter,softwrap,121,42,17,64958,3441000,117041,Menlo,16,1,release,8,24,3,false,10487,0,false,Metal,Apple M5 Pro
rtl_context_ltr_viewport,sparse_novel_counter,softwrap,121,42,18,63709,3484333,114333,Menlo,16,1,release,8,24,3,false,10487,0,false,Metal,Apple M5 Pro
rtl_context_ltr_viewport,sparse_novel_counter,softwrap,121,42,19,63584,3427708,116542,Menlo,16,1,release,8,24,3,false,10487,0,false,Metal,Apple M5 Pro
rtl_context_ltr_viewport,sparse_novel_counter,softwrap,121,42,20,64500,3410916,116042,Menlo,16,1,release,8,24,3,false,10487,0,false,Metal,Apple M5 Pro
rtl_context_ltr_viewport,sparse_novel_counter,softwrap,121,42,21,63084,3444500,118417,Menlo,16,1,release,8,24,3,false,10487,0,false,Metal,Apple M5 Pro
rtl_context_ltr_viewport,sparse_novel_counter,softwrap,121,42,22,63833,3409959,113916,Menlo,16,1,release,8,24,3,false,10487,0,false,Metal,Apple M5 Pro
rtl_context_ltr_viewport,sparse_novel_counter,softwrap,121,42,23,63583,3411459,116916,Menlo,16,1,release,8,24,3,false,10487,0,false,Metal,Apple M5 Pro
rtl_context_ltr_viewport,scroll_triangle,explicit_rows,121,42,0,37291,72792,112041,Menlo,16,1,release,8,24,3,false,0,0,false,Metal,Apple M5 Pro
rtl_context_ltr_viewport,scroll_triangle,explicit_rows,121,42,1,37541,75542,112083,Menlo,16,1,release,8,24,3,false,0,0,false,Metal,Apple M5 Pro
rtl_context_ltr_viewport,scroll_triangle,explicit_rows,121,42,2,37500,75292,111917,Menlo,16,1,release,8,24,3,false,0,0,false,Metal,Apple M5 Pro
rtl_context_ltr_viewport,scroll_triangle,explicit_rows,121,42,3,37166,75500,109625,Menlo,16,1,release,8,24,3,false,0,0,false,Metal,Apple M5 Pro
rtl_context_ltr_viewport,scroll_triangle,explicit_rows,121,42,4,38042,72292,107208,Menlo,16,1,release,8,24,3,false,0,0,false,Metal,Apple M5 Pro
rtl_context_ltr_viewport,scroll_triangle,explicit_rows,121,42,5,37709,75416,112000,Menlo,16,1,release,8,24,3,false,0,0,false,Metal,Apple M5 Pro
rtl_context_ltr_viewport,scroll_triangle,explicit_rows,121,42,6,37667,75209,112459,Menlo,16,1,release,8,24,3,false,0,0,false,Metal,Apple M5 Pro
rtl_context_ltr_viewport,scroll_triangle,explicit_rows,121,42,7,37459,112542,111916,Menlo,16,1,release,8,24,3,false,0,0,false,Metal,Apple M5 Pro
rtl_context_ltr_viewport,scroll_triangle,explicit_rows,121,42,8,37042,75625,111292,Menlo,16,1,release,8,24,3,false,0,0,false,Metal,Apple M5 Pro
rtl_context_ltr_viewport,scroll_triangle,explicit_rows,121,42,9,37833,75417,110291,Menlo,16,1,release,8,24,3,false,0,0,false,Metal,Apple M5 Pro
rtl_context_ltr_viewport,scroll_triangle,explicit_rows,121,42,10,37541,75583,111875,Menlo,16,1,release,8,24,3,false,0,0,false,Metal,Apple M5 Pro
rtl_context_ltr_viewport,scroll_triangle,explicit_rows,121,42,11,37500,76167,112458,Menlo,16,1,release,8,24,3,false,0,0,false,Metal,Apple M5 Pro
rtl_context_ltr_viewport,scroll_triangle,explicit_rows,121,42,12,37500,75708,112208,Menlo,16,1,release,8,24,3,false,0,0,false,Metal,Apple M5 Pro
rtl_context_ltr_viewport,scroll_triangle,explicit_rows,121,42,13,37708,75667,115000,Menlo,16,1,release,8,24,3,false,0,0,false,Metal,Apple M5 Pro
rtl_context_ltr_viewport,scroll_triangle,explicit_rows,121,42,14,37792,75584,113458,Menlo,16,1,release,8,24,3,false,0,0,false,Metal,Apple M5 Pro
rtl_context_ltr_viewport,scroll_triangle,explicit_rows,121,42,15,37208,75542,110917,Menlo,16,1,release,8,24,3,false,0,0,false,Metal,Apple M5 Pro
rtl_context_ltr_viewport,scroll_triangle,explicit_rows,121,42,16,37292,75541,113167,Menlo,16,1,release,8,24,3,false,0,0,false,Metal,Apple M5 Pro
rtl_context_ltr_viewport,scroll_triangle,explicit_rows,121,42,17,37208,73625,111125,Menlo,16,1,release,8,24,3,false,0,0,false,Metal,Apple M5 Pro
rtl_context_ltr_viewport,scroll_triangle,explicit_rows,121,42,18,37375,75375,111417,Menlo,16,1,release,8,24,3,false,0,0,false,Metal,Apple M5 Pro
rtl_context_ltr_viewport,scroll_triangle,explicit_rows,121,42,19,37916,75417,111833,Menlo,16,1,release,8,24,3,false,0,0,false,Metal,Apple M5 Pro
rtl_context_ltr_viewport,scroll_triangle,explicit_rows,121,42,20,37125,75792,111666,Menlo,16,1,release,8,24,3,false,0,0,false,Metal,Apple M5 Pro
rtl_context_ltr_viewport,scroll_triangle,explicit_rows,121,42,21,37541,73125,115375,Menlo,16,1,release,8,24,3,false,0,0,false,Metal,Apple M5 Pro
rtl_context_ltr_viewport,scroll_triangle,explicit_rows,121,42,22,37500,73167,112417,Menlo,16,1,release,8,24,3,false,0,0,false,Metal,Apple M5 Pro
rtl_context_ltr_viewport,scroll_triangle,explicit_rows,121,42,23,37750,72792,111500,Menlo,16,1,release,8,24,3,false,0,0,false,Metal,Apple M5 Pro
rtl_context_ltr_viewport,scroll_triangle,softwrap,121,42,0,90083,3474041,116625,Menlo,16,1,release,8,24,3,false,9379,1107,false,Metal,Apple M5 Pro
rtl_context_ltr_viewport,scroll_triangle,softwrap,121,42,1,65334,3454583,117375,Menlo,16,1,release,8,24,3,false,9256,1230,false,Metal,Apple M5 Pro
rtl_context_ltr_viewport,scroll_triangle,softwrap,121,42,2,64458,3467917,113792,Menlo,16,1,release,8,24,3,false,9133,1353,false,Metal,Apple M5 Pro
rtl_context_ltr_viewport,scroll_triangle,softwrap,121,42,3,64167,3443625,117625,Menlo,16,1,release,8,24,3,false,9009,1476,false,Metal,Apple M5 Pro
rtl_context_ltr_viewport,scroll_triangle,softwrap,121,42,4,65292,3425958,118458,Menlo,16,1,release,8,24,3,false,8886,1599,false,Metal,Apple M5 Pro
rtl_context_ltr_viewport,scroll_triangle,softwrap,121,42,5,64375,3481542,114000,Menlo,16,1,release,8,24,3,false,8763,1722,false,Metal,Apple M5 Pro
rtl_context_ltr_viewport,scroll_triangle,softwrap,121,42,6,70167,3524041,117042,Menlo,16,1,release,8,24,3,false,8640,1845,false,Metal,Apple M5 Pro
rtl_context_ltr_viewport,scroll_triangle,softwrap,121,42,7,65583,3482583,112708,Menlo,16,1,release,8,24,3,false,8517,1968,false,Metal,Apple M5 Pro
rtl_context_ltr_viewport,scroll_triangle,softwrap,121,42,8,63583,3519167,113541,Menlo,16,1,release,8,24,3,false,8394,2091,false,Metal,Apple M5 Pro
rtl_context_ltr_viewport,scroll_triangle,softwrap,121,42,9,62959,3459084,116625,Menlo,16,1,release,8,24,3,false,8271,2214,false,Metal,Apple M5 Pro
rtl_context_ltr_viewport,scroll_triangle,softwrap,121,42,10,63000,3476709,116792,Menlo,16,1,release,8,24,3,false,8148,2337,false,Metal,Apple M5 Pro
rtl_context_ltr_viewport,scroll_triangle,softwrap,121,42,11,63125,3447708,116250,Menlo,16,1,release,8,24,3,false,8025,2461,false,Metal,Apple M5 Pro
rtl_context_ltr_viewport,scroll_triangle,softwrap,121,42,12,62167,3463791,115459,Menlo,16,1,release,8,24,3,false,7902,2584,false,Metal,Apple M5 Pro
rtl_context_ltr_viewport,scroll_triangle,softwrap,121,42,13,63458,3480083,117167,Menlo,16,1,release,8,24,3,false,7779,2707,false,Metal,Apple M5 Pro
rtl_context_ltr_viewport,scroll_triangle,softwrap,121,42,14,62666,3437042,116042,Menlo,16,1,release,8,24,3,false,7656,2830,false,Metal,Apple M5 Pro
rtl_context_ltr_viewport,scroll_triangle,softwrap,121,42,15,62416,3422750,114750,Menlo,16,1,release,8,24,3,false,7532,2953,false,Metal,Apple M5 Pro
rtl_context_ltr_viewport,scroll_triangle,softwrap,121,42,16,61917,3469083,113917,Menlo,16,1,release,8,24,3,false,7409,3076,false,Metal,Apple M5 Pro
rtl_context_ltr_viewport,scroll_triangle,softwrap,121,42,17,63584,3464875,116959,Menlo,16,1,release,8,24,3,false,7286,3199,false,Metal,Apple M5 Pro
rtl_context_ltr_viewport,scroll_triangle,softwrap,121,42,18,63334,3428750,116875,Menlo,16,1,release,8,24,3,false,7163,3322,false,Metal,Apple M5 Pro
rtl_context_ltr_viewport,scroll_triangle,softwrap,121,42,19,63583,3443500,115042,Menlo,16,1,release,8,24,3,false,7040,3445,false,Metal,Apple M5 Pro
rtl_context_ltr_viewport,scroll_triangle,softwrap,121,42,20,63583,3400292,115000,Menlo,16,1,release,8,24,3,false,6917,3568,false,Metal,Apple M5 Pro
rtl_context_ltr_viewport,scroll_triangle,softwrap,121,42,21,64750,3444125,116208,Menlo,16,1,release,8,24,3,false,6794,3691,false,Metal,Apple M5 Pro
rtl_context_ltr_viewport,scroll_triangle,softwrap,121,42,22,63791,3478333,116625,Menlo,16,1,release,8,24,3,false,6671,3815,false,Metal,Apple M5 Pro
rtl_context_ltr_viewport,scroll_triangle,softwrap,121,42,23,63625,3450625,116125,Menlo,16,1,release,8,24,3,false,6548,3938,false,Metal,Apple M5 Pro
rtl_context_ltr_viewport,dense_novel_text,explicit_rows,121,42,0,37375,1488000,106417,Menlo,16,1,release,8,24,3,false,0,0,false,Metal,Apple M5 Pro
rtl_context_ltr_viewport,dense_novel_text,explicit_rows,121,42,1,37125,1511750,109375,Menlo,16,1,release,8,24,3,false,0,0,false,Metal,Apple M5 Pro
rtl_context_ltr_viewport,dense_novel_text,explicit_rows,121,42,2,37208,1509542,113458,Menlo,16,1,release,8,24,3,false,0,0,false,Metal,Apple M5 Pro
rtl_context_ltr_viewport,dense_novel_text,explicit_rows,121,42,3,37500,1548792,109792,Menlo,16,1,release,8,24,3,false,0,0,false,Metal,Apple M5 Pro
rtl_context_ltr_viewport,dense_novel_text,explicit_rows,121,42,4,37459,1503166,108167,Menlo,16,1,release,8,24,3,false,0,0,false,Metal,Apple M5 Pro
rtl_context_ltr_viewport,dense_novel_text,explicit_rows,121,42,5,37959,1505166,110333,Menlo,16,1,release,8,24,3,false,0,0,false,Metal,Apple M5 Pro
rtl_context_ltr_viewport,dense_novel_text,explicit_rows,121,42,6,37125,1505291,110167,Menlo,16,1,release,8,24,3,false,0,0,false,Metal,Apple M5 Pro
rtl_context_ltr_viewport,dense_novel_text,explicit_rows,121,42,7,37208,1521792,108875,Menlo,16,1,release,8,24,3,false,0,0,false,Metal,Apple M5 Pro
rtl_context_ltr_viewport,dense_novel_text,explicit_rows,121,42,8,37625,1528125,107708,Menlo,16,1,release,8,24,3,false,0,0,false,Metal,Apple M5 Pro
rtl_context_ltr_viewport,dense_novel_text,explicit_rows,121,42,9,37500,1496417,113084,Menlo,16,1,release,8,24,3,false,0,0,false,Metal,Apple M5 Pro
rtl_context_ltr_viewport,dense_novel_text,explicit_rows,121,42,10,37917,1502500,109875,Menlo,16,1,release,8,24,3,false,0,0,false,Metal,Apple M5 Pro
rtl_context_ltr_viewport,dense_novel_text,explicit_rows,121,42,11,37209,1509500,110375,Menlo,16,1,release,8,24,3,false,0,0,false,Metal,Apple M5 Pro
rtl_context_ltr_viewport,dense_novel_text,explicit_rows,121,42,12,37417,1502667,110417,Menlo,16,1,release,8,24,3,false,0,0,false,Metal,Apple M5 Pro
rtl_context_ltr_viewport,dense_novel_text,explicit_rows,121,42,13,37375,1502334,110334,Menlo,16,1,release,8,24,3,false,0,0,false,Metal,Apple M5 Pro
rtl_context_ltr_viewport,dense_novel_text,explicit_rows,121,42,14,37000,1537333,110541,Menlo,16,1,release,8,24,3,false,0,0,false,Metal,Apple M5 Pro
rtl_context_ltr_viewport,dense_novel_text,explicit_rows,121,42,15,37958,1506791,110042,Menlo,16,1,release,8,24,3,false,0,0,false,Metal,Apple M5 Pro
rtl_context_ltr_viewport,dense_novel_text,explicit_rows,121,42,16,37583,1523291,109708,Menlo,16,1,release,8,24,3,false,0,0,false,Metal,Apple M5 Pro
rtl_context_ltr_viewport,dense_novel_text,explicit_rows,121,42,17,37459,1503583,108792,Menlo,16,1,release,8,24,3,false,0,0,false,Metal,Apple M5 Pro
rtl_context_ltr_viewport,dense_novel_text,explicit_rows,121,42,18,37750,1507584,110333,Menlo,16,1,release,8,24,3,false,0,0,false,Metal,Apple M5 Pro
rtl_context_ltr_viewport,dense_novel_text,explicit_rows,121,42,19,37625,1504958,128458,Menlo,16,1,release,8,24,3,false,0,0,false,Metal,Apple M5 Pro
rtl_context_ltr_viewport,dense_novel_text,explicit_rows,121,42,20,37875,1544666,110667,Menlo,16,1,release,8,24,3,false,0,0,false,Metal,Apple M5 Pro
rtl_context_ltr_viewport,dense_novel_text,explicit_rows,121,42,21,37709,1504875,110042,Menlo,16,1,release,8,24,3,false,0,0,false,Metal,Apple M5 Pro
rtl_context_ltr_viewport,dense_novel_text,explicit_rows,121,42,22,37542,1533625,110666,Menlo,16,1,release,8,24,3,false,0,0,false,Metal,Apple M5 Pro
rtl_context_ltr_viewport,dense_novel_text,explicit_rows,121,42,23,37708,1504750,109208,Menlo,16,1,release,8,24,3,false,0,0,false,Metal,Apple M5 Pro
rtl_context_ltr_viewport,dense_novel_text,softwrap,121,42,0,63250,3436042,115041,Menlo,16,1,release,8,24,3,false,10487,0,false,Metal,Apple M5 Pro
rtl_context_ltr_viewport,dense_novel_text,softwrap,121,42,1,63792,3451959,111167,Menlo,16,1,release,8,24,3,false,10487,0,false,Metal,Apple M5 Pro
rtl_context_ltr_viewport,dense_novel_text,softwrap,121,42,2,63792,3451458,117500,Menlo,16,1,release,8,24,3,false,10487,0,false,Metal,Apple M5 Pro
rtl_context_ltr_viewport,dense_novel_text,softwrap,121,42,3,63458,3468000,114625,Menlo,16,1,release,8,24,3,false,10487,0,false,Metal,Apple M5 Pro
rtl_context_ltr_viewport,dense_novel_text,softwrap,121,42,4,64458,3452208,114625,Menlo,16,1,release,8,24,3,false,10487,0,false,Metal,Apple M5 Pro
rtl_context_ltr_viewport,dense_novel_text,softwrap,121,42,5,62792,3435375,115125,Menlo,16,1,release,8,24,3,false,10487,0,false,Metal,Apple M5 Pro
rtl_context_ltr_viewport,dense_novel_text,softwrap,121,42,6,78291,3450625,114167,Menlo,16,1,release,8,24,3,false,10487,0,false,Metal,Apple M5 Pro
rtl_context_ltr_viewport,dense_novel_text,softwrap,121,42,7,63084,3433042,110750,Menlo,16,1,release,8,24,3,false,10487,0,false,Metal,Apple M5 Pro
rtl_context_ltr_viewport,dense_novel_text,softwrap,121,42,8,63000,3447041,111917,Menlo,16,1,release,8,24,3,false,10487,0,false,Metal,Apple M5 Pro
rtl_context_ltr_viewport,dense_novel_text,softwrap,121,42,9,63875,3444584,116042,Menlo,16,1,release,8,24,3,false,10487,0,false,Metal,Apple M5 Pro
rtl_context_ltr_viewport,dense_novel_text,softwrap,121,42,10,63167,3421833,111750,Menlo,16,1,release,8,24,3,false,10487,0,false,Metal,Apple M5 Pro
rtl_context_ltr_viewport,dense_novel_text,softwrap,121,42,11,62875,3532708,115834,Menlo,16,1,release,8,24,3,false,10487,0,false,Metal,Apple M5 Pro
rtl_context_ltr_viewport,dense_novel_text,softwrap,121,42,12,63667,3424208,114583,Menlo,16,1,release,8,24,3,false,10487,0,false,Metal,Apple M5 Pro
rtl_context_ltr_viewport,dense_novel_text,softwrap,121,42,13,62250,3420625,113542,Menlo,16,1,release,8,24,3,false,10487,0,false,Metal,Apple M5 Pro
rtl_context_ltr_viewport,dense_novel_text,softwrap,121,42,14,63250,3454375,114833,Menlo,16,1,release,8,24,3,false,10487,0,false,Metal,Apple M5 Pro
rtl_context_ltr_viewport,dense_novel_text,softwrap,121,42,15,63583,3451917,116084,Menlo,16,1,release,8,24,3,false,10487,0,false,Metal,Apple M5 Pro
rtl_context_ltr_viewport,dense_novel_text,softwrap,121,42,16,63125,3427583,115333,Menlo,16,1,release,8,24,3,false,10487,0,false,Metal,Apple M5 Pro
rtl_context_ltr_viewport,dense_novel_text,softwrap,121,42,17,62875,3399250,114208,Menlo,16,1,release,8,24,3,false,10487,0,false,Metal,Apple M5 Pro
rtl_context_ltr_viewport,dense_novel_text,softwrap,121,42,18,62500,3412833,115125,Menlo,16,1,release,8,24,3,false,10487,0,false,Metal,Apple M5 Pro
rtl_context_ltr_viewport,dense_novel_text,softwrap,121,42,19,64167,3455541,111042,Menlo,16,1,release,8,24,3,false,10487,0,false,Metal,Apple M5 Pro
rtl_context_ltr_viewport,dense_novel_text,softwrap,121,42,20,64583,3427917,112833,Menlo,16,1,release,8,24,3,false,10487,0,false,Metal,Apple M5 Pro
rtl_context_ltr_viewport,dense_novel_text,softwrap,121,42,21,63917,3458583,115958,Menlo,16,1,release,8,24,3,false,10487,0,false,Metal,Apple M5 Pro
rtl_context_ltr_viewport,dense_novel_text,softwrap,121,42,22,62917,3479750,115833,Menlo,16,1,release,8,24,3,false,10487,0,false,Metal,Apple M5 Pro
rtl_context_ltr_viewport,dense_novel_text,softwrap,121,42,23,63333,3421875,116125,Menlo,16,1,release,8,24,3,false,10487,0,false,Metal,Apple M5 Pro
