script,update_mode,wrapping,cols,rows,sample,conversion_ns,shaping_ns,prepare_ns,font,font_size,scale,profile,warmups,samples,source_screens,parser_inside_timing,bidi_prefix_bytes,bidi_suffix_bytes,bidi_context_truncated,backend,adapter,display_offset
latin_accents,sparse_novel_counter,explicit_rows,40,12,0,5708,24750,1458,Menlo,16,1,release,8,24,3,false,0,0,false,Metal,Apple M5 Pro,0
latin_accents,sparse_novel_counter,explicit_rows,40,12,1,5709,27250,1500,Menlo,16,1,release,8,24,3,false,0,0,false,Metal,Apple M5 Pro,0
latin_accents,sparse_novel_counter,explicit_rows,40,12,2,5750,26292,1500,Menlo,16,1,release,8,24,3,false,0,0,false,Metal,Apple M5 Pro,0
latin_accents,sparse_novel_counter,explicit_rows,40,12,3,5708,25333,1458,Menlo,16,1,release,8,24,3,false,0,0,false,Metal,Apple M5 Pro,0
latin_accents,sparse_novel_counter,explicit_rows,40,12,4,5708,25375,1458,Menlo,16,1,release,8,24,3,false,0,0,false,Metal,Apple M5 Pro,0
latin_accents,sparse_novel_counter,explicit_rows,40,12,5,6083,27500,1500,Menlo,16,1,release,8,24,3,false,0,0,false,Metal,Apple M5 Pro,0
latin_accents,sparse_novel_counter,explicit_rows,40,12,6,5667,25042,1500,Menlo,16,1,release,8,24,3,false,0,0,false,Metal,Apple M5 Pro,0
latin_accents,sparse_novel_counter,explicit_rows,40,12,7,5625,24917,1541,Menlo,16,1,release,8,24,3,false,0,0,false,Metal,Apple M5 Pro,0
latin_accents,sparse_novel_counter,explicit_rows,40,12,8,5708,25166,1458,Menlo,16,1,release,8,24,3,false,0,0,false,Metal,Apple M5 Pro,0
latin_accents,sparse_novel_counter,explicit_rows,40,12,9,5625,36500,1542,Menlo,16,1,release,8,24,3,false,0,0,false,Metal,Apple M5 Pro,0
latin_accents,sparse_novel_counter,explicit_rows,40,12,10,5625,25416,1500,Menlo,16,1,release,8,24,3,false,0,0,false,Metal,Apple M5 Pro,0
latin_accents,sparse_novel_counter,explicit_rows,40,12,11,5625,25042,1458,Menlo,16,1,release,8,24,3,false,0,0,false,Metal,Apple M5 Pro,0
latin_accents,sparse_novel_counter,explicit_rows,40,12,12,5708,25458,1458,Menlo,16,1,release,8,24,3,false,0,0,false,Metal,Apple M5 Pro,0
latin_accents,sparse_novel_counter,explicit_rows,40,12,13,8667,30708,1458,Menlo,16,1,release,8,24,3,false,0,0,false,Metal,Apple M5 Pro,0
latin_accents,sparse_novel_counter,explicit_rows,40,12,14,5667,26833,1417,Menlo,16,1,release,8,24,3,false,0,0,false,Metal,Apple M5 Pro,0
latin_accents,sparse_novel_counter,explicit_rows,40,12,15,5791,25167,1458,Menlo,16,1,release,8,24,3,false,0,0,false,Metal,Apple M5 Pro,0
latin_accents,sparse_novel_counter,explicit_rows,40,12,16,5750,25083,1458,Menlo,16,1,release,8,24,3,false,0,0,false,Metal,Apple M5 Pro,0
latin_accents,sparse_novel_counter,explicit_rows,40,12,17,5750,26667,1500,Menlo,16,1,release,8,24,3,false,0,0,false,Metal,Apple M5 Pro,0
latin_accents,sparse_novel_counter,explicit_rows,40,12,18,5750,25000,1458,Menlo,16,1,release,8,24,3,false,0,0,false,Metal,Apple M5 Pro,0
latin_accents,sparse_novel_counter,explicit_rows,40,12,19,5750,25042,1459,Menlo,16,1,release,8,24,3,false,0,0,false,Metal,Apple M5 Pro,0
latin_accents,sparse_novel_counter,explicit_rows,40,12,20,5666,24792,1500,Menlo,16,1,release,8,24,3,false,0,0,false,Metal,Apple M5 Pro,0
latin_accents,sparse_novel_counter,explicit_rows,40,12,21,5708,26458,1458,Menlo,16,1,release,8,24,3,false,0,0,false,Metal,Apple M5 Pro,0
latin_accents,sparse_novel_counter,explicit_rows,40,12,22,5709,25125,1458,Menlo,16,1,release,8,24,3,false,0,0,false,Metal,Apple M5 Pro,0
latin_accents,sparse_novel_counter,explicit_rows,40,12,23,5708,25375,1458,Menlo,16,1,release,8,24,3,false,0,0,false,Metal,Apple M5 Pro,0
latin_accents,sparse_novel_counter,softwrap,40,12,0,8000,342916,29375,Menlo,16,1,release,8,24,3,false,1178,0,false,Metal,Apple M5 Pro,0
latin_accents,sparse_novel_counter,softwrap,40,12,1,8042,347625,11791,Menlo,16,1,release,8,24,3,false,1178,0,false,Metal,Apple M5 Pro,0
latin_accents,sparse_novel_counter,softwrap,40,12,2,8042,360583,11667,Menlo,16,1,release,8,24,3,false,1178,0,false,Metal,Apple M5 Pro,0
latin_accents,sparse_novel_counter,softwrap,40,12,3,7958,341583,11792,Menlo,16,1,release,8,24,3,false,1178,0,false,Metal,Apple M5 Pro,0
latin_accents,sparse_novel_counter,softwrap,40,12,4,7833,343708,11708,Menlo,16,1,release,8,24,3,false,1178,0,false,Metal,Apple M5 Pro,0
latin_accents,sparse_novel_counter,softwrap,40,12,5,7917,345291,11667,Menlo,16,1,release,8,24,3,false,1178,0,false,Metal,Apple M5 Pro,0
latin_accents,sparse_novel_counter,softwrap,40,12,6,7834,366416,12042,Menlo,16,1,release,8,24,3,false,1178,0,false,Metal,Apple M5 Pro,0
latin_accents,sparse_novel_counter,softwrap,40,12,7,8042,334291,11375,Menlo,16,1,release,8,24,3,false,1178,0,false,Metal,Apple M5 Pro,0
latin_accents,sparse_novel_counter,softwrap,40,12,8,7750,342917,11417,Menlo,16,1,release,8,24,3,false,1178,0,false,Metal,Apple M5 Pro,0
latin_accents,sparse_novel_counter,softwrap,40,12,9,7625,331959,11458,Menlo,16,1,release,8,24,3,false,1178,0,false,Metal,Apple M5 Pro,0
latin_accents,sparse_novel_counter,softwrap,40,12,10,7667,330708,11458,Menlo,16,1,release,8,24,3,false,1178,0,false,Metal,Apple M5 Pro,0
latin_accents,sparse_novel_counter,softwrap,40,12,11,7708,332041,11417,Menlo,16,1,release,8,24,3,false,1178,0,false,Metal,Apple M5 Pro,0
latin_accents,sparse_novel_counter,softwrap,40,12,12,7584,334417,11375,Menlo,16,1,release,8,24,3,false,1178,0,false,Metal,Apple M5 Pro,0
latin_accents,sparse_novel_counter,softwrap,40,12,13,7542,336500,11500,Menlo,16,1,release,8,24,3,false,1178,0,false,Metal,Apple M5 Pro,0
latin_accents,sparse_novel_counter,softwrap,40,12,14,7583,332084,11458,Menlo,16,1,release,8,24,3,false,1178,0,false,Metal,Apple M5 Pro,0
latin_accents,sparse_novel_counter,softwrap,40,12,15,7708,334083,11375,Menlo,16,1,release,8,24,3,false,1178,0,false,Metal,Apple M5 Pro,0
latin_accents,sparse_novel_counter,softwrap,40,12,16,7709,328125,11417,Menlo,16,1,release,8,24,3,false,1178,0,false,Metal,Apple M5 Pro,0
latin_accents,sparse_novel_counter,softwrap,40,12,17,7666,320959,10500,Menlo,16,1,release,8,24,3,false,1178,0,false,Metal,Apple M5 Pro,0
latin_accents,sparse_novel_counter,softwrap,40,12,18,7166,304292,10583,Menlo,16,1,release,8,24,3,false,1178,0,false,Metal,Apple M5 Pro,0
latin_accents,sparse_novel_counter,softwrap,40,12,19,7083,305333,10542,Menlo,16,1,release,8,24,3,false,1178,0,false,Metal,Apple M5 Pro,0
latin_accents,sparse_novel_counter,softwrap,40,12,20,7041,302708,10625,Menlo,16,1,release,8,24,3,false,1178,0,false,Metal,Apple M5 Pro,0
latin_accents,sparse_novel_counter,softwrap,40,12,21,7125,304084,10500,Menlo,16,1,release,8,24,3,false,1178,0,false,Metal,Apple M5 Pro,0
latin_accents,sparse_novel_counter,softwrap,40,12,22,7084,305208,10625,Menlo,16,1,release,8,24,3,false,1178,0,false,Metal,Apple M5 Pro,0
latin_accents,sparse_novel_counter,softwrap,40,12,23,7167,310750,10541,Menlo,16,1,release,8,24,3,false,1178,0,false,Metal,Apple M5 Pro,0
latin_accents,scroll_cycle,explicit_rows,40,12,0,3958,3750,10500,Menlo,16,1,release,8,24,3,false,0,0,false,Metal,Apple M5 Pro,3
latin_accents,scroll_cycle,explicit_rows,40,12,1,4000,3834,10583,Menlo,16,1,release,8,24,3,false,0,0,false,Metal,Apple M5 Pro,6
latin_accents,scroll_cycle,explicit_rows,40,12,2,3959,3750,10709,Menlo,16,1,release,8,24,3,false,0,0,false,Metal,Apple M5 Pro,9
latin_accents,scroll_cycle,explicit_rows,40,12,3,3875,3792,10542,Menlo,16,1,release,8,24,3,false,0,0,false,Metal,Apple M5 Pro,12
latin_accents,scroll_cycle,explicit_rows,40,12,4,3917,3792,10500,Menlo,16,1,release,8,24,3,false,0,0,false,Metal,Apple M5 Pro,9
latin_accents,scroll_cycle,explicit_rows,40,12,5,3959,3791,10584,Menlo,16,1,release,8,24,3,false,0,0,false,Metal,Apple M5 Pro,6
latin_accents,scroll_cycle,explicit_rows,40,12,6,3917,3750,10583,Menlo,16,1,release,8,24,3,false,0,0,false,Metal,Apple M5 Pro,3
latin_accents,scroll_cycle,explicit_rows,40,12,7,4042,3833,10584,Menlo,16,1,release,8,24,3,false,0,0,false,Metal,Apple M5 Pro,0
latin_accents,scroll_cycle,explicit_rows,40,12,8,3917,3833,10625,Menlo,16,1,release,8,24,3,false,0,0,false,Metal,Apple M5 Pro,3
latin_accents,scroll_cycle,explicit_rows,40,12,9,3875,3792,10292,Menlo,16,1,release,8,24,3,false,0,0,false,Metal,Apple M5 Pro,6
latin_accents,scroll_cycle,explicit_rows,40,12,10,3875,3791,10417,Menlo,16,1,release,8,24,3,false,0,0,false,Metal,Apple M5 Pro,9
latin_accents,scroll_cycle,explicit_rows,40,12,11,3916,3834,10583,Menlo,16,1,release,8,24,3,false,0,0,false,Metal,Apple M5 Pro,12
latin_accents,scroll_cycle,explicit_rows,40,12,12,3875,3834,10583,Menlo,16,1,release,8,24,3,false,0,0,false,Metal,Apple M5 Pro,9
latin_accents,scroll_cycle,explicit_rows,40,12,13,3875,3750,10542,Menlo,16,1,release,8,24,3,false,0,0,false,Metal,Apple M5 Pro,6
latin_accents,scroll_cycle,explicit_rows,40,12,14,3875,3750,10500,Menlo,16,1,release,8,24,3,false,0,0,false,Metal,Apple M5 Pro,3
latin_accents,scroll_cycle,explicit_rows,40,12,15,3875,3792,10459,Menlo,16,1,release,8,24,3,false,0,0,false,Metal,Apple M5 Pro,0
latin_accents,scroll_cycle,explicit_rows,40,12,16,3875,3792,9792,Menlo,16,1,release,8,24,3,false,0,0,false,Metal,Apple M5 Pro,3
latin_accents,scroll_cycle,explicit_rows,40,12,17,3917,3792,9958,Menlo,16,1,release,8,24,3,false,0,0,false,Metal,Apple M5 Pro,6
latin_accents,scroll_cycle,explicit_rows,40,12,18,3916,3834,9917,Menlo,16,1,release,8,24,3,false,0,0,false,Metal,Apple M5 Pro,9
latin_accents,scroll_cycle,explicit_rows,40,12,19,3875,3791,9959,Menlo,16,1,release,8,24,3,false,0,0,false,Metal,Apple M5 Pro,12
latin_accents,scroll_cycle,explicit_rows,40,12,20,3875,3834,9791,Menlo,16,1,release,8,24,3,false,0,0,false,Metal,Apple M5 Pro,9
latin_accents,scroll_cycle,explicit_rows,40,12,21,3875,3833,9875,Menlo,16,1,release,8,24,3,false,0,0,false,Metal,Apple M5 Pro,6
latin_accents,scroll_cycle,explicit_rows,40,12,22,3833,3792,9875,Menlo,16,1,release,8,24,3,false,0,0,false,Metal,Apple M5 Pro,3
latin_accents,scroll_cycle,explicit_rows,40,12,23,3917,3833,9792,Menlo,16,1,release,8,24,3,false,0,0,false,Metal,Apple M5 Pro,0
latin_accents,scroll_cycle,softwrap,40,12,0,7166,4209,10875,Menlo,16,1,release,8,24,3,false,1040,133,false,Metal,Apple M5 Pro,3
latin_accents,scroll_cycle,softwrap,40,12,1,7333,4375,10958,Menlo,16,1,release,8,24,3,false,905,268,false,Metal,Apple M5 Pro,6
latin_accents,scroll_cycle,softwrap,40,12,2,7041,4333,10875,Menlo,16,1,release,8,24,3,false,770,403,false,Metal,Apple M5 Pro,9
latin_accents,scroll_cycle,softwrap,40,12,3,7166,4292,10875,Menlo,16,1,release,8,24,3,false,634,538,false,Metal,Apple M5 Pro,12
latin_accents,scroll_cycle,softwrap,40,12,4,6875,4292,10916,Menlo,16,1,release,8,24,3,false,770,403,false,Metal,Apple M5 Pro,9
latin_accents,scroll_cycle,softwrap,40,12,5,6959,4375,11000,Menlo,16,1,release,8,24,3,false,905,268,false,Metal,Apple M5 Pro,6
latin_accents,scroll_cycle,softwrap,40,12,6,6834,4291,10458,Menlo,16,1,release,8,24,3,false,1040,133,false,Metal,Apple M5 Pro,3
latin_accents,scroll_cycle,softwrap,40,12,7,6875,4334,9625,Menlo,16,1,release,8,24,3,false,1178,0,false,Metal,Apple M5 Pro,0
latin_accents,scroll_cycle,softwrap,40,12,8,6667,4291,10542,Menlo,16,1,release,8,24,3,false,1040,133,false,Metal,Apple M5 Pro,3
latin_accents,scroll_cycle,softwrap,40,12,9,6792,4292,10500,Menlo,16,1,release,8,24,3,false,905,268,false,Metal,Apple M5 Pro,6
latin_accents,scroll_cycle,softwrap,40,12,10,6708,4208,10500,Menlo,16,1,release,8,24,3,false,770,403,false,Metal,Apple M5 Pro,9
latin_accents,scroll_cycle,softwrap,40,12,11,6958,4333,10417,Menlo,16,1,release,8,24,3,false,634,538,false,Metal,Apple M5 Pro,12
latin_accents,scroll_cycle,softwrap,40,12,12,6708,4250,10625,Menlo,16,1,release,8,24,3,false,770,403,false,Metal,Apple M5 Pro,9
latin_accents,scroll_cycle,softwrap,40,12,13,6750,4333,10542,Menlo,16,1,release,8,24,3,false,905,268,false,Metal,Apple M5 Pro,6
latin_accents,scroll_cycle,softwrap,40,12,14,6667,4333,10417,Menlo,16,1,release,8,24,3,false,1040,133,false,Metal,Apple M5 Pro,3
latin_accents,scroll_cycle,softwrap,40,12,15,6708,4292,9667,Menlo,16,1,release,8,24,3,false,1178,0,false,Metal,Apple M5 Pro,0
latin_accents,scroll_cycle,softwrap,40,12,16,6875,4250,10375,Menlo,16,1,release,8,24,3,false,1040,133,false,Metal,Apple M5 Pro,3
latin_accents,scroll_cycle,softwrap,40,12,17,6833,4292,10417,Menlo,16,1,release,8,24,3,false,905,268,false,Metal,Apple M5 Pro,6
latin_accents,scroll_cycle,softwrap,40,12,18,6750,4333,10417,Menlo,16,1,release,8,24,3,false,770,403,false,Metal,Apple M5 Pro,9
latin_accents,scroll_cycle,softwrap,40,12,19,7167,4208,10375,Menlo,16,1,release,8,24,3,false,634,538,false,Metal,Apple M5 Pro,12
latin_accents,scroll_cycle,softwrap,40,12,20,6750,4250,10542,Menlo,16,1,release,8,24,3,false,770,403,false,Metal,Apple M5 Pro,9
latin_accents,scroll_cycle,softwrap,40,12,21,6792,4166,10500,Menlo,16,1,release,8,24,3,false,905,268,false,Metal,Apple M5 Pro,6
latin_accents,scroll_cycle,softwrap,40,12,22,6625,4167,10417,Menlo,16,1,release,8,24,3,false,1040,133,false,Metal,Apple M5 Pro,3
latin_accents,scroll_cycle,softwrap,40,12,23,6708,4166,9584,Menlo,16,1,release,8,24,3,false,1178,0,false,Metal,Apple M5 Pro,0
latin_accents,dense_novel_text,explicit_rows,40,12,0,3916,154584,10625,Menlo,16,1,release,8,24,3,false,0,0,false,Metal,Apple M5 Pro,0
latin_accents,dense_novel_text,explicit_rows,40,12,1,3958,184083,10625,Menlo,16,1,release,8,24,3,false,0,0,false,Metal,Apple M5 Pro,0
latin_accents,dense_novel_text,explicit_rows,40,12,2,3916,153292,10583,Menlo,16,1,release,8,24,3,false,0,0,false,Metal,Apple M5 Pro,0
latin_accents,dense_novel_text,explicit_rows,40,12,3,3958,152708,10542,Menlo,16,1,release,8,24,3,false,0,0,false,Metal,Apple M5 Pro,0
latin_accents,dense_novel_text,explicit_rows,40,12,4,4000,154375,10542,Menlo,16,1,release,8,24,3,false,0,0,false,Metal,Apple M5 Pro,0
latin_accents,dense_novel_text,explicit_rows,40,12,5,4083,154958,10500,Menlo,16,1,release,8,24,3,false,0,0,false,Metal,Apple M5 Pro,0
latin_accents,dense_novel_text,explicit_rows,40,12,6,3958,154166,10458,Menlo,16,1,release,8,24,3,false,0,0,false,Metal,Apple M5 Pro,0
latin_accents,dense_novel_text,explicit_rows,40,12,7,4000,153958,10458,Menlo,16,1,release,8,24,3,false,0,0,false,Metal,Apple M5 Pro,0
latin_accents,dense_novel_text,explicit_rows,40,12,8,3917,164459,10625,Menlo,16,1,release,8,24,3,false,0,0,false,Metal,Apple M5 Pro,0
latin_accents,dense_novel_text,explicit_rows,40,12,9,3917,153667,10583,Menlo,16,1,release,8,24,3,false,0,0,false,Metal,Apple M5 Pro,0
latin_accents,dense_novel_text,explicit_rows,40,12,10,3916,210375,10500,Menlo,16,1,release,8,24,3,false,0,0,false,Metal,Apple M5 Pro,0
latin_accents,dense_novel_text,explicit_rows,40,12,11,3916,153000,10584,Menlo,16,1,release,8,24,3,false,0,0,false,Metal,Apple M5 Pro,0
latin_accents,dense_novel_text,explicit_rows,40,12,12,3917,157958,10667,Menlo,16,1,release,8,24,3,false,0,0,false,Metal,Apple M5 Pro,0
latin_accents,dense_novel_text,explicit_rows,40,12,13,3875,159458,10709,Menlo,16,1,release,8,24,3,false,0,0,false,Metal,Apple M5 Pro,0
latin_accents,dense_novel_text,explicit_rows,40,12,14,3917,156250,10542,Menlo,16,1,release,8,24,3,false,0,0,false,Metal,Apple M5 Pro,0
latin_accents,dense_novel_text,explicit_rows,40,12,15,3917,156958,10625,Menlo,16,1,release,8,24,3,false,0,0,false,Metal,Apple M5 Pro,0
latin_accents,dense_novel_text,explicit_rows,40,12,16,4000,156708,10709,Menlo,16,1,release,8,24,3,false,0,0,false,Metal,Apple M5 Pro,0
latin_accents,dense_novel_text,explicit_rows,40,12,17,3917,157333,10625,Menlo,16,1,release,8,24,3,false,0,0,false,Metal,Apple M5 Pro,0
latin_accents,dense_novel_text,explicit_rows,40,12,18,3875,157625,10584,Menlo,16,1,release,8,24,3,false,0,0,false,Metal,Apple M5 Pro,0
latin_accents,dense_novel_text,explicit_rows,40,12,19,3916,156583,10375,Menlo,16,1,release,8,24,3,false,0,0,false,Metal,Apple M5 Pro,0
latin_accents,dense_novel_text,explicit_rows,40,12,20,3916,155667,10500,Menlo,16,1,release,8,24,3,false,0,0,false,Metal,Apple M5 Pro,0
latin_accents,dense_novel_text,explicit_rows,40,12,21,3916,156125,10459,Menlo,16,1,release,8,24,3,false,0,0,false,Metal,Apple M5 Pro,0
latin_accents,dense_novel_text,explicit_rows,40,12,22,3917,155125,10459,Menlo,16,1,release,8,24,3,false,0,0,false,Metal,Apple M5 Pro,0
latin_accents,dense_novel_text,explicit_rows,40,12,23,3875,156250,10375,Menlo,16,1,release,8,24,3,false,0,0,false,Metal,Apple M5 Pro,0
latin_accents,dense_novel_text,softwrap,40,12,0,6750,291583,22333,Menlo,16,1,release,8,24,3,false,1178,0,false,Metal,Apple M5 Pro,0
latin_accents,dense_novel_text,softwrap,40,12,1,6708,291750,10459,Menlo,16,1,release,8,24,3,false,1178,0,false,Metal,Apple M5 Pro,0
latin_accents,dense_novel_text,softwrap,40,12,2,6666,289625,10292,Menlo,16,1,release,8,24,3,false,1178,0,false,Metal,Apple M5 Pro,0
latin_accents,dense_novel_text,softwrap,40,12,3,6667,291875,10292,Menlo,16,1,release,8,24,3,false,1178,0,false,Metal,Apple M5 Pro,0
latin_accents,dense_novel_text,softwrap,40,12,4,6625,305833,10334,Menlo,16,1,release,8,24,3,false,1178,0,false,Metal,Apple M5 Pro,0
latin_accents,dense_novel_text,softwrap,40,12,5,6750,299125,10333,Menlo,16,1,release,8,24,3,false,1178,0,false,Metal,Apple M5 Pro,0
latin_accents,dense_novel_text,softwrap,40,12,6,6625,312750,10292,Menlo,16,1,release,8,24,3,false,1178,0,false,Metal,Apple M5 Pro,0
latin_accents,dense_novel_text,softwrap,40,12,7,6625,290000,10292,Menlo,16,1,release,8,24,3,false,1178,0,false,Metal,Apple M5 Pro,0
latin_accents,dense_novel_text,softwrap,40,12,8,6625,290875,10291,Menlo,16,1,release,8,24,3,false,1178,0,false,Metal,Apple M5 Pro,0
latin_accents,dense_novel_text,softwrap,40,12,9,6667,291500,10375,Menlo,16,1,release,8,24,3,false,1178,0,false,Metal,Apple M5 Pro,0
latin_accents,dense_novel_text,softwrap,40,12,10,6667,291208,10333,Menlo,16,1,release,8,24,3,false,1178,0,false,Metal,Apple M5 Pro,0
latin_accents,dense_novel_text,softwrap,40,12,11,6708,290208,10375,Menlo,16,1,release,8,24,3,false,1178,0,false,Metal,Apple M5 Pro,0
latin_accents,dense_novel_text,softwrap,40,12,12,6791,290000,10334,Menlo,16,1,release,8,24,3,false,1178,0,false,Metal,Apple M5 Pro,0
latin_accents,dense_novel_text,softwrap,40,12,13,6583,292667,10333,Menlo,16,1,release,8,24,3,false,1178,0,false,Metal,Apple M5 Pro,0
latin_accents,dense_novel_text,softwrap,40,12,14,6667,293208,10250,Menlo,16,1,release,8,24,3,false,1178,0,false,Metal,Apple M5 Pro,0
latin_accents,dense_novel_text,softwrap,40,12,15,6750,292167,10292,Menlo,16,1,release,8,24,3,false,1178,0,false,Metal,Apple M5 Pro,0
latin_accents,dense_novel_text,softwrap,40,12,16,6708,292583,10208,Menlo,16,1,release,8,24,3,false,1178,0,false,Metal,Apple M5 Pro,0
latin_accents,dense_novel_text,softwrap,40,12,17,6875,292750,10250,Menlo,16,1,release,8,24,3,false,1178,0,false,Metal,Apple M5 Pro,0
latin_accents,dense_novel_text,softwrap,40,12,18,6791,350875,10875,Menlo,16,1,release,8,24,3,false,1178,0,false,Metal,Apple M5 Pro,0
latin_accents,dense_novel_text,softwrap,40,12,19,8500,340875,10459,Menlo,16,1,release,8,24,3,false,1178,0,false,Metal,Apple M5 Pro,0
latin_accents,dense_novel_text,softwrap,40,12,20,7583,302625,10292,Menlo,16,1,release,8,24,3,false,1178,0,false,Metal,Apple M5 Pro,0
latin_accents,dense_novel_text,softwrap,40,12,21,7042,307542,10375,Menlo,16,1,release,8,24,3,false,1178,0,false,Metal,Apple M5 Pro,0
latin_accents,dense_novel_text,softwrap,40,12,22,6959,309166,10334,Menlo,16,1,release,8,24,3,false,1178,0,false,Metal,Apple M5 Pro,0
latin_accents,dense_novel_text,softwrap,40,12,23,6791,305209,10250,Menlo,16,1,release,8,24,3,false,1178,0,false,Metal,Apple M5 Pro,0
cyrillic,sparse_novel_counter,explicit_rows,40,12,0,3667,16208,875,Menlo,16,1,release,8,24,3,false,0,0,false,Metal,Apple M5 Pro,0
cyrillic,sparse_novel_counter,explicit_rows,40,12,1,3709,17500,916,Menlo,16,1,release,8,24,3,false,0,0,false,Metal,Apple M5 Pro,0
cyrillic,sparse_novel_counter,explicit_rows,40,12,2,3667,17166,875,Menlo,16,1,release,8,24,3,false,0,0,false,Metal,Apple M5 Pro,0
cyrillic,sparse_novel_counter,explicit_rows,40,12,3,3667,16791,917,Menlo,16,1,release,8,24,3,false,0,0,false,Metal,Apple M5 Pro,0
cyrillic,sparse_novel_counter,explicit_rows,40,12,4,3666,16667,875,Menlo,16,1,release,8,24,3,false,0,0,false,Metal,Apple M5 Pro,0
cyrillic,sparse_novel_counter,explicit_rows,40,12,5,3666,16959,916,Menlo,16,1,release,8,24,3,false,0,0,false,Metal,Apple M5 Pro,0
cyrillic,sparse_novel_counter,explicit_rows,40,12,6,3666,16750,917,Menlo,16,1,release,8,24,3,false,0,0,false,Metal,Apple M5 Pro,0
cyrillic,sparse_novel_counter,explicit_rows,40,12,7,3750,16917,917,Menlo,16,1,release,8,24,3,false,0,0,false,Metal,Apple M5 Pro,0
cyrillic,sparse_novel_counter,explicit_rows,40,12,8,3625,16667,916,Menlo,16,1,release,8,24,3,false,0,0,false,Metal,Apple M5 Pro,0
cyrillic,sparse_novel_counter,explicit_rows,40,12,9,3667,23708,916,Menlo,16,1,release,8,24,3,false,0,0,false,Metal,Apple M5 Pro,0
cyrillic,sparse_novel_counter,explicit_rows,40,12,10,3667,16541,917,Menlo,16,1,release,8,24,3,false,0,0,false,Metal,Apple M5 Pro,0
cyrillic,sparse_novel_counter,explicit_rows,40,12,11,3667,16708,917,Menlo,16,1,release,8,24,3,false,0,0,false,Metal,Apple M5 Pro,0
cyrillic,sparse_novel_counter,explicit_rows,40,12,12,3667,17125,917,Menlo,16,1,release,8,24,3,false,0,0,false,Metal,Apple M5 Pro,0
cyrillic,sparse_novel_counter,explicit_rows,40,12,13,3667,17000,916,Menlo,16,1,release,8,24,3,false,0,0,false,Metal,Apple M5 Pro,0
cyrillic,sparse_novel_counter,explicit_rows,40,12,14,3666,16833,875,Menlo,16,1,release,8,24,3,false,0,0,false,Metal,Apple M5 Pro,0
cyrillic,sparse_novel_counter,explicit_rows,40,12,15,3666,16584,916,Menlo,16,1,release,8,24,3,false,0,0,false,Metal,Apple M5 Pro,0
cyrillic,sparse_novel_counter,explicit_rows,40,12,16,3666,16583,917,Menlo,16,1,release,8,24,3,false,0,0,false,Metal,Apple M5 Pro,0
cyrillic,sparse_novel_counter,explicit_rows,40,12,17,3666,16667,917,Menlo,16,1,release,8,24,3,false,0,0,false,Metal,Apple M5 Pro,0
cyrillic,sparse_novel_counter,explicit_rows,40,12,18,3666,16167,875,Menlo,16,1,release,8,24,3,false,0,0,false,Metal,Apple M5 Pro,0
cyrillic,sparse_novel_counter,explicit_rows,40,12,19,3667,16542,875,Menlo,16,1,release,8,24,3,false,0,0,false,Metal,Apple M5 Pro,0
cyrillic,sparse_novel_counter,explicit_rows,40,12,20,3625,16500,916,Menlo,16,1,release,8,24,3,false,0,0,false,Metal,Apple M5 Pro,0
cyrillic,sparse_novel_counter,explicit_rows,40,12,21,3667,16542,875,Menlo,16,1,release,8,24,3,false,0,0,false,Metal,Apple M5 Pro,0
cyrillic,sparse_novel_counter,explicit_rows,40,12,22,3667,16542,916,Menlo,16,1,release,8,24,3,false,0,0,false,Metal,Apple M5 Pro,0
cyrillic,sparse_novel_counter,explicit_rows,40,12,23,3667,16292,916,Menlo,16,1,release,8,24,3,false,0,0,false,Metal,Apple M5 Pro,0
cyrillic,sparse_novel_counter,softwrap,40,12,0,7042,277125,9625,Menlo,16,1,release,8,24,3,false,1702,0,false,Metal,Apple M5 Pro,0
cyrillic,sparse_novel_counter,softwrap,40,12,1,6875,280375,9667,Menlo,16,1,release,8,24,3,false,1702,0,false,Metal,Apple M5 Pro,0
cyrillic,sparse_novel_counter,softwrap,40,12,2,6792,276000,9583,Menlo,16,1,release,8,24,3,false,1702,0,false,Metal,Apple M5 Pro,0
cyrillic,sparse_novel_counter,softwrap,40,12,3,6833,275291,9667,Menlo,16,1,release,8,24,3,false,1702,0,false,Metal,Apple M5 Pro,0
cyrillic,sparse_novel_counter,softwrap,40,12,4,6833,276042,9583,Menlo,16,1,release,8,24,3,false,1702,0,false,Metal,Apple M5 Pro,0
cyrillic,sparse_novel_counter,softwrap,40,12,5,6875,283541,9667,Menlo,16,1,release,8,24,3,false,1702,0,false,Metal,Apple M5 Pro,0
cyrillic,sparse_novel_counter,softwrap,40,12,6,6667,298666,9708,Menlo,16,1,release,8,24,3,false,1702,0,false,Metal,Apple M5 Pro,0
cyrillic,sparse_novel_counter,softwrap,40,12,7,6875,306292,9750,Menlo,16,1,release,8,24,3,false,1702,0,false,Metal,Apple M5 Pro,0
cyrillic,sparse_novel_counter,softwrap,40,12,8,9042,289791,9667,Menlo,16,1,release,8,24,3,false,1702,0,false,Metal,Apple M5 Pro,0
cyrillic,sparse_novel_counter,softwrap,40,12,9,7334,275334,9667,Menlo,16,1,release,8,24,3,false,1702,0,false,Metal,Apple M5 Pro,0
cyrillic,sparse_novel_counter,softwrap,40,12,10,7583,279541,9750,Menlo,16,1,release,8,24,3,false,1702,0,false,Metal,Apple M5 Pro,0
cyrillic,sparse_novel_counter,softwrap,40,12,11,6917,273083,9708,Menlo,16,1,release,8,24,3,false,1702,0,false,Metal,Apple M5 Pro,0
cyrillic,sparse_novel_counter,softwrap,40,12,12,6708,272417,9667,Menlo,16,1,release,8,24,3,false,1702,0,false,Metal,Apple M5 Pro,0
cyrillic,sparse_novel_counter,softwrap,40,12,13,6750,276375,9708,Menlo,16,1,release,8,24,3,false,1702,0,false,Metal,Apple M5 Pro,0
cyrillic,sparse_novel_counter,softwrap,40,12,14,6875,275959,9708,Menlo,16,1,release,8,24,3,false,1702,0,false,Metal,Apple M5 Pro,0
cyrillic,sparse_novel_counter,softwrap,40,12,15,6750,283334,9750,Menlo,16,1,release,8,24,3,false,1702,0,false,Metal,Apple M5 Pro,0
cyrillic,sparse_novel_counter,softwrap,40,12,16,6709,273459,9708,Menlo,16,1,release,8,24,3,false,1702,0,false,Metal,Apple M5 Pro,0
cyrillic,sparse_novel_counter,softwrap,40,12,17,6584,274125,9708,Menlo,16,1,release,8,24,3,false,1702,0,false,Metal,Apple M5 Pro,0
cyrillic,sparse_novel_counter,softwrap,40,12,18,6750,279167,9750,Menlo,16,1,release,8,24,3,false,1702,0,false,Metal,Apple M5 Pro,0
cyrillic,sparse_novel_counter,softwrap,40,12,19,6667,272791,9583,Menlo,16,1,release,8,24,3,false,1702,0,false,Metal,Apple M5 Pro,0
cyrillic,sparse_novel_counter,softwrap,40,12,20,6667,271166,9667,Menlo,16,1,release,8,24,3,false,1702,0,false,Metal,Apple M5 Pro,0
cyrillic,sparse_novel_counter,softwrap,40,12,21,6667,284583,9625,Menlo,16,1,release,8,24,3,false,1702,0,false,Metal,Apple M5 Pro,0
cyrillic,sparse_novel_counter,softwrap,40,12,22,6625,282333,9833,Menlo,16,1,release,8,24,3,false,1702,0,false,Metal,Apple M5 Pro,0
cyrillic,sparse_novel_counter,softwrap,40,12,23,6625,272500,9625,Menlo,16,1,release,8,24,3,false,1702,0,false,Metal,Apple M5 Pro,0
cyrillic,scroll_cycle,explicit_rows,40,12,0,3667,3791,9459,Menlo,16,1,release,8,24,3,false,0,0,false,Metal,Apple M5 Pro,3
cyrillic,scroll_cycle,explicit_rows,40,12,1,3750,3875,9625,Menlo,16,1,release,8,24,3,false,0,0,false,Metal,Apple M5 Pro,6
cyrillic,scroll_cycle,explicit_rows,40,12,2,3667,4125,9417,Menlo,16,1,release,8,24,3,false,0,0,false,Metal,Apple M5 Pro,9
cyrillic,scroll_cycle,explicit_rows,40,12,3,3667,3875,9375,Menlo,16,1,release,8,24,3,false,0,0,false,Metal,Apple M5 Pro,12
cyrillic,scroll_cycle,explicit_rows,40,12,4,3750,4083,9375,Menlo,16,1,release,8,24,3,false,0,0,false,Metal,Apple M5 Pro,9
cyrillic,scroll_cycle,explicit_rows,40,12,5,3667,4000,9375,Menlo,16,1,release,8,24,3,false,0,0,false,Metal,Apple M5 Pro,6
cyrillic,scroll_cycle,explicit_rows,40,12,6,3666,4042,9417,Menlo,16,1,release,8,24,3,false,0,0,false,Metal,Apple M5 Pro,3
cyrillic,scroll_cycle,explicit_rows,40,12,7,3667,4125,9417,Menlo,16,1,release,8,24,3,false,0,0,false,Metal,Apple M5 Pro,0
cyrillic,scroll_cycle,explicit_rows,40,12,8,3625,4084,9333,Menlo,16,1,release,8,24,3,false,0,0,false,Metal,Apple M5 Pro,3
cyrillic,scroll_cycle,explicit_rows,40,12,9,3667,4125,9458,Menlo,16,1,release,8,24,3,false,0,0,false,Metal,Apple M5 Pro,6
cyrillic,scroll_cycle,explicit_rows,40,12,10,3625,4083,9583,Menlo,16,1,release,8,24,3,false,0,0,false,Metal,Apple M5 Pro,9
cyrillic,scroll_cycle,explicit_rows,40,12,11,3625,4084,9584,Menlo,16,1,release,8,24,3,false,0,0,false,Metal,Apple M5 Pro,12
cyrillic,scroll_cycle,explicit_rows,40,12,12,3625,4083,9500,Menlo,16,1,release,8,24,3,false,0,0,false,Metal,Apple M5 Pro,9
cyrillic,scroll_cycle,explicit_rows,40,12,13,3750,4292,9584,Menlo,16,1,release,8,24,3,false,0,0,false,Metal,Apple M5 Pro,6
cyrillic,scroll_cycle,explicit_rows,40,12,14,3667,3875,9542,Menlo,16,1,release,8,24,3,false,0,0,false,Metal,Apple M5 Pro,3
cyrillic,scroll_cycle,explicit_rows,40,12,15,3625,4083,9333,Menlo,16,1,release,8,24,3,false,0,0,false,Metal,Apple M5 Pro,0
cyrillic,scroll_cycle,explicit_rows,40,12,16,3625,4083,9500,Menlo,16,1,release,8,24,3,false,0,0,false,Metal,Apple M5 Pro,3
cyrillic,scroll_cycle,explicit_rows,40,12,17,3666,3875,9500,Menlo,16,1,release,8,24,3,false,0,0,false,Metal,Apple M5 Pro,6
cyrillic,scroll_cycle,explicit_rows,40,12,18,3666,3834,9417,Menlo,16,1,release,8,24,3,false,0,0,false,Metal,Apple M5 Pro,9
cyrillic,scroll_cycle,explicit_rows,40,12,19,3625,4084,9375,Menlo,16,1,release,8,24,3,false,0,0,false,Metal,Apple M5 Pro,12
cyrillic,scroll_cycle,explicit_rows,40,12,20,3625,3875,9333,Menlo,16,1,release,8,24,3,false,0,0,false,Metal,Apple M5 Pro,9
cyrillic,scroll_cycle,explicit_rows,40,12,21,3667,4125,9458,Menlo,16,1,release,8,24,3,false,0,0,false,Metal,Apple M5 Pro,6
cyrillic,scroll_cycle,explicit_rows,40,12,22,3750,3875,9459,Menlo,16,1,release,8,24,3,false,0,0,false,Metal,Apple M5 Pro,3
cyrillic,scroll_cycle,explicit_rows,40,12,23,3667,3958,9416,Menlo,16,1,release,8,24,3,false,0,0,false,Metal,Apple M5 Pro,0
cyrillic,scroll_cycle,softwrap,40,12,0,7125,4500,10375,Menlo,16,1,release,8,24,3,false,1504,177,false,Metal,Apple M5 Pro,3
cyrillic,scroll_cycle,softwrap,40,12,1,7041,4292,10500,Menlo,16,1,release,8,24,3,false,1307,375,false,Metal,Apple M5 Pro,6
cyrillic,scroll_cycle,softwrap,40,12,2,7000,4250,10417,Menlo,16,1,release,8,24,3,false,1109,570,false,Metal,Apple M5 Pro,9
cyrillic,scroll_cycle,softwrap,40,12,3,7084,4417,10417,Menlo,16,1,release,8,24,3,false,910,763,false,Metal,Apple M5 Pro,12
cyrillic,scroll_cycle,softwrap,40,12,4,6875,4209,10416,Menlo,16,1,release,8,24,3,false,1109,570,false,Metal,Apple M5 Pro,9
cyrillic,scroll_cycle,softwrap,40,12,5,6750,4458,10375,Menlo,16,1,release,8,24,3,false,1307,375,false,Metal,Apple M5 Pro,6
cyrillic,scroll_cycle,softwrap,40,12,6,9458,4334,10709,Menlo,16,1,release,8,24,3,false,1504,177,false,Metal,Apple M5 Pro,3
cyrillic,scroll_cycle,softwrap,40,12,7,7208,4250,9667,Menlo,16,1,release,8,24,3,false,1702,0,false,Metal,Apple M5 Pro,0
cyrillic,scroll_cycle,softwrap,40,12,8,7125,4125,10417,Menlo,16,1,release,8,24,3,false,1504,177,false,Metal,Apple M5 Pro,3
cyrillic,scroll_cycle,softwrap,40,12,9,7417,4250,9958,Menlo,16,1,release,8,24,3,false,1307,375,false,Metal,Apple M5 Pro,6
cyrillic,scroll_cycle,softwrap,40,12,10,7417,4167,9792,Menlo,16,1,release,8,24,3,false,1109,570,false,Metal,Apple M5 Pro,9
cyrillic,scroll_cycle,softwrap,40,12,11,7291,4167,10000,Menlo,16,1,release,8,24,3,false,910,763,false,Metal,Apple M5 Pro,12
cyrillic,scroll_cycle,softwrap,40,12,12,7041,4167,9958,Menlo,16,1,release,8,24,3,false,1109,570,false,Metal,Apple M5 Pro,9
cyrillic,scroll_cycle,softwrap,40,12,13,6917,4083,9833,Menlo,16,1,release,8,24,3,false,1307,375,false,Metal,Apple M5 Pro,6
cyrillic,scroll_cycle,softwrap,40,12,14,6875,4125,9833,Menlo,16,1,release,8,24,3,false,1504,177,false,Metal,Apple M5 Pro,3
cyrillic,scroll_cycle,softwrap,40,12,15,6792,4042,9250,Menlo,16,1,release,8,24,3,false,1702,0,false,Metal,Apple M5 Pro,0
cyrillic,scroll_cycle,softwrap,40,12,16,6750,4166,10375,Menlo,16,1,release,8,24,3,false,1504,177,false,Metal,Apple M5 Pro,3
cyrillic,scroll_cycle,softwrap,40,12,17,6750,4084,10375,Menlo,16,1,release,8,24,3,false,1307,375,false,Metal,Apple M5 Pro,6
cyrillic,scroll_cycle,softwrap,40,12,18,6833,4125,10375,Menlo,16,1,release,8,24,3,false,1109,570,false,Metal,Apple M5 Pro,9
cyrillic,scroll_cycle,softwrap,40,12,19,6917,4084,10416,Menlo,16,1,release,8,24,3,false,910,763,false,Metal,Apple M5 Pro,12
cyrillic,scroll_cycle,softwrap,40,12,20,6750,4084,10333,Menlo,16,1,release,8,24,3,false,1109,570,false,Metal,Apple M5 Pro,9
cyrillic,scroll_cycle,softwrap,40,12,21,6792,4125,10416,Menlo,16,1,release,8,24,3,false,1307,375,false,Metal,Apple M5 Pro,6
cyrillic,scroll_cycle,softwrap,40,12,22,6792,4125,10416,Menlo,16,1,release,8,24,3,false,1504,177,false,Metal,Apple M5 Pro,3
cyrillic,scroll_cycle,softwrap,40,12,23,6708,4167,9541,Menlo,16,1,release,8,24,3,false,1702,0,false,Metal,Apple M5 Pro,0
cyrillic,dense_novel_text,explicit_rows,40,12,0,3666,147417,9958,Menlo,16,1,release,8,24,3,false,0,0,false,Metal,Apple M5 Pro,0
cyrillic,dense_novel_text,explicit_rows,40,12,1,3625,174667,9833,Menlo,16,1,release,8,24,3,false,0,0,false,Metal,Apple M5 Pro,0
cyrillic,dense_novel_text,explicit_rows,40,12,2,3833,149000,9875,Menlo,16,1,release,8,24,3,false,0,0,false,Metal,Apple M5 Pro,0
cyrillic,dense_novel_text,explicit_rows,40,12,3,3709,148458,9833,Menlo,16,1,release,8,24,3,false,0,0,false,Metal,Apple M5 Pro,0
cyrillic,dense_novel_text,explicit_rows,40,12,4,3667,149416,9833,Menlo,16,1,release,8,24,3,false,0,0,false,Metal,Apple M5 Pro,0
cyrillic,dense_novel_text,explicit_rows,40,12,5,3667,147833,9833,Menlo,16,1,release,8,24,3,false,0,0,false,Metal,Apple M5 Pro,0
cyrillic,dense_novel_text,explicit_rows,40,12,6,3750,149125,10000,Menlo,16,1,release,8,24,3,false,0,0,false,Metal,Apple M5 Pro,0
cyrillic,dense_novel_text,explicit_rows,40,12,7,3750,147541,9833,Menlo,16,1,release,8,24,3,false,0,0,false,Metal,Apple M5 Pro,0
cyrillic,dense_novel_text,explicit_rows,40,12,8,3667,148709,9833,Menlo,16,1,release,8,24,3,false,0,0,false,Metal,Apple M5 Pro,0
cyrillic,dense_novel_text,explicit_rows,40,12,9,3667,154625,9875,Menlo,16,1,release,8,24,3,false,0,0,false,Metal,Apple M5 Pro,0
cyrillic,dense_novel_text,explicit_rows,40,12,10,3667,202917,9833,Menlo,16,1,release,8,24,3,false,0,0,false,Metal,Apple M5 Pro,0
cyrillic,dense_novel_text,explicit_rows,40,12,11,3708,148083,9750,Menlo,16,1,release,8,24,3,false,0,0,false,Metal,Apple M5 Pro,0
cyrillic,dense_novel_text,explicit_rows,40,12,12,3667,147875,9917,Menlo,16,1,release,8,24,3,false,0,0,false,Metal,Apple M5 Pro,0
cyrillic,dense_novel_text,explicit_rows,40,12,13,3625,151625,9834,Menlo,16,1,release,8,24,3,false,0,0,false,Metal,Apple M5 Pro,0
cyrillic,dense_novel_text,explicit_rows,40,12,14,3625,150167,9791,Menlo,16,1,release,8,24,3,false,0,0,false,Metal,Apple M5 Pro,0
cyrillic,dense_novel_text,explicit_rows,40,12,15,3666,149417,9792,Menlo,16,1,release,8,24,3,false,0,0,false,Metal,Apple M5 Pro,0
cyrillic,dense_novel_text,explicit_rows,40,12,16,3709,148916,9875,Menlo,16,1,release,8,24,3,false,0,0,false,Metal,Apple M5 Pro,0
cyrillic,dense_novel_text,explicit_rows,40,12,17,3667,148583,9834,Menlo,16,1,release,8,24,3,false,0,0,false,Metal,Apple M5 Pro,0
cyrillic,dense_novel_text,explicit_rows,40,12,18,3625,149250,9834,Menlo,16,1,release,8,24,3,false,0,0,false,Metal,Apple M5 Pro,0
cyrillic,dense_novel_text,explicit_rows,40,12,19,3625,150834,9833,Menlo,16,1,release,8,24,3,false,0,0,false,Metal,Apple M5 Pro,0
cyrillic,dense_novel_text,explicit_rows,40,12,20,3666,149917,9833,Menlo,16,1,release,8,24,3,false,0,0,false,Metal,Apple M5 Pro,0
cyrillic,dense_novel_text,explicit_rows,40,12,21,3708,149917,9792,Menlo,16,1,release,8,24,3,false,0,0,false,Metal,Apple M5 Pro,0
cyrillic,dense_novel_text,explicit_rows,40,12,22,3667,149167,9875,Menlo,16,1,release,8,24,3,false,0,0,false,Metal,Apple M5 Pro,0
cyrillic,dense_novel_text,explicit_rows,40,12,23,3667,148083,9833,Menlo,16,1,release,8,24,3,false,0,0,false,Metal,Apple M5 Pro,0
cyrillic,dense_novel_text,softwrap,40,12,0,6792,278500,10083,Menlo,16,1,release,8,24,3,false,1702,0,false,Metal,Apple M5 Pro,0
cyrillic,dense_novel_text,softwrap,40,12,1,6667,275792,10000,Menlo,16,1,release,8,24,3,false,1702,0,false,Metal,Apple M5 Pro,0
cyrillic,dense_novel_text,softwrap,40,12,2,6750,277042,10042,Menlo,16,1,release,8,24,3,false,1702,0,false,Metal,Apple M5 Pro,0
cyrillic,dense_novel_text,softwrap,40,12,3,6709,275000,9958,Menlo,16,1,release,8,24,3,false,1702,0,false,Metal,Apple M5 Pro,0
cyrillic,dense_novel_text,softwrap,40,12,4,6750,274750,9958,Menlo,16,1,release,8,24,3,false,1702,0,false,Metal,Apple M5 Pro,0
cyrillic,dense_novel_text,softwrap,40,12,5,6750,275208,10042,Menlo,16,1,release,8,24,3,false,1702,0,false,Metal,Apple M5 Pro,0
cyrillic,dense_novel_text,softwrap,40,12,6,6750,292416,10250,Menlo,16,1,release,8,24,3,false,1702,0,false,Metal,Apple M5 Pro,0
cyrillic,dense_novel_text,softwrap,40,12,7,6791,275083,10042,Menlo,16,1,release,8,24,3,false,1702,0,false,Metal,Apple M5 Pro,0
cyrillic,dense_novel_text,softwrap,40,12,8,6708,275334,9959,Menlo,16,1,release,8,24,3,false,1702,0,false,Metal,Apple M5 Pro,0
cyrillic,dense_novel_text,softwrap,40,12,9,6750,277584,10041,Menlo,16,1,release,8,24,3,false,1702,0,false,Metal,Apple M5 Pro,0
cyrillic,dense_novel_text,softwrap,40,12,10,6708,272958,10083,Menlo,16,1,release,8,24,3,false,1702,0,false,Metal,Apple M5 Pro,0
cyrillic,dense_novel_text,softwrap,40,12,11,6666,275292,10000,Menlo,16,1,release,8,24,3,false,1702,0,false,Metal,Apple M5 Pro,0
cyrillic,dense_novel_text,softwrap,40,12,12,6667,274250,10000,Menlo,16,1,release,8,24,3,false,1702,0,false,Metal,Apple M5 Pro,0
cyrillic,dense_novel_text,softwrap,40,12,13,6750,275917,10083,Menlo,16,1,release,8,24,3,false,1702,0,false,Metal,Apple M5 Pro,0
cyrillic,dense_novel_text,softwrap,40,12,14,6792,276625,10000,Menlo,16,1,release,8,24,3,false,1702,0,false,Metal,Apple M5 Pro,0
cyrillic,dense_novel_text,softwrap,40,12,15,6750,277208,9959,Menlo,16,1,release,8,24,3,false,1702,0,false,Metal,Apple M5 Pro,0
cyrillic,dense_novel_text,softwrap,40,12,16,6750,276084,10000,Menlo,16,1,release,8,24,3,false,1702,0,false,Metal,Apple M5 Pro,0
cyrillic,dense_novel_text,softwrap,40,12,17,6750,276417,10125,Menlo,16,1,release,8,24,3,false,1702,0,false,Metal,Apple M5 Pro,0
cyrillic,dense_novel_text,softwrap,40,12,18,6709,283708,10000,Menlo,16,1,release,8,24,3,false,1702,0,false,Metal,Apple M5 Pro,0
cyrillic,dense_novel_text,softwrap,40,12,19,6750,277000,10083,Menlo,16,1,release,8,24,3,false,1702,0,false,Metal,Apple M5 Pro,0
cyrillic,dense_novel_text,softwrap,40,12,20,6708,277667,10042,Menlo,16,1,release,8,24,3,false,1702,0,false,Metal,Apple M5 Pro,0
cyrillic,dense_novel_text,softwrap,40,12,21,6792,274875,10000,Menlo,16,1,release,8,24,3,false,1702,0,false,Metal,Apple M5 Pro,0
cyrillic,dense_novel_text,softwrap,40,12,22,6667,277375,10084,Menlo,16,1,release,8,24,3,false,1702,0,false,Metal,Apple M5 Pro,0
cyrillic,dense_novel_text,softwrap,40,12,23,6834,276958,10000,Menlo,16,1,release,8,24,3,false,1702,0,false,Metal,Apple M5 Pro,0
cjk,sparse_novel_counter,explicit_rows,40,12,0,3750,65916,625,Menlo,16,1,release,8,24,3,false,0,0,false,Metal,Apple M5 Pro,0
cjk,sparse_novel_counter,explicit_rows,40,12,1,3708,67166,583,Menlo,16,1,release,8,24,3,false,0,0,false,Metal,Apple M5 Pro,0
cjk,sparse_novel_counter,explicit_rows,40,12,2,3709,66208,625,Menlo,16,1,release,8,24,3,false,0,0,false,Metal,Apple M5 Pro,0
cjk,sparse_novel_counter,explicit_rows,40,12,3,3666,66833,625,Menlo,16,1,release,8,24,3,false,0,0,false,Metal,Apple M5 Pro,0
cjk,sparse_novel_counter,explicit_rows,40,12,4,3708,79000,625,Menlo,16,1,release,8,24,3,false,0,0,false,Metal,Apple M5 Pro,0
cjk,sparse_novel_counter,explicit_rows,40,12,5,3750,66166,625,Menlo,16,1,release,8,24,3,false,0,0,false,Metal,Apple M5 Pro,0
cjk,sparse_novel_counter,explicit_rows,40,12,6,3750,66250,625,Menlo,16,1,release,8,24,3,false,0,0,false,Metal,Apple M5 Pro,0
cjk,sparse_novel_counter,explicit_rows,40,12,7,3792,66875,625,Menlo,16,1,release,8,24,3,false,0,0,false,Metal,Apple M5 Pro,0
cjk,sparse_novel_counter,explicit_rows,40,12,8,3834,66625,584,Menlo,16,1,release,8,24,3,false,0,0,false,Metal,Apple M5 Pro,0
cjk,sparse_novel_counter,explicit_rows,40,12,9,3750,72792,583,Menlo,16,1,release,8,24,3,false,0,0,false,Metal,Apple M5 Pro,0
cjk,sparse_novel_counter,explicit_rows,40,12,10,3750,66250,583,Menlo,16,1,release,8,24,3,false,0,0,false,Metal,Apple M5 Pro,0
cjk,sparse_novel_counter,explicit_rows,40,12,11,3708,67458,625,Menlo,16,1,release,8,24,3,false,0,0,false,Metal,Apple M5 Pro,0
cjk,sparse_novel_counter,explicit_rows,40,12,12,3750,66125,625,Menlo,16,1,release,8,24,3,false,0,0,false,Metal,Apple M5 Pro,0
cjk,sparse_novel_counter,explicit_rows,40,12,13,3667,66791,625,Menlo,16,1,release,8,24,3,false,0,0,false,Metal,Apple M5 Pro,0
cjk,sparse_novel_counter,explicit_rows,40,12,14,3709,66125,625,Menlo,16,1,release,8,24,3,false,0,0,false,Metal,Apple M5 Pro,0
cjk,sparse_novel_counter,explicit_rows,40,12,15,3791,66292,625,Menlo,16,1,release,8,24,3,false,0,0,false,Metal,Apple M5 Pro,0
cjk,sparse_novel_counter,explicit_rows,40,12,16,3750,66292,625,Menlo,16,1,release,8,24,3,false,0,0,false,Metal,Apple M5 Pro,0
cjk,sparse_novel_counter,explicit_rows,40,12,17,3792,66459,625,Menlo,16,1,release,8,24,3,false,0,0,false,Metal,Apple M5 Pro,0
cjk,sparse_novel_counter,explicit_rows,40,12,18,3708,65958,625,Menlo,16,1,release,8,24,3,false,0,0,false,Metal,Apple M5 Pro,0
cjk,sparse_novel_counter,explicit_rows,40,12,19,3708,67792,625,Menlo,16,1,release,8,24,3,false,0,0,false,Metal,Apple M5 Pro,0
cjk,sparse_novel_counter,explicit_rows,40,12,20,3708,66375,583,Menlo,16,1,release,8,24,3,false,0,0,false,Metal,Apple M5 Pro,0
cjk,sparse_novel_counter,explicit_rows,40,12,21,3667,66291,625,Menlo,16,1,release,8,24,3,false,0,0,false,Metal,Apple M5 Pro,0
cjk,sparse_novel_counter,explicit_rows,40,12,22,3834,66458,625,Menlo,16,1,release,8,24,3,false,0,0,false,Metal,Apple M5 Pro,0
cjk,sparse_novel_counter,explicit_rows,40,12,23,3709,66375,625,Menlo,16,1,release,8,24,3,false,0,0,false,Metal,Apple M5 Pro,0
cjk,sparse_novel_counter,softwrap,40,12,0,6250,1893292,6208,Menlo,16,1,release,8,24,3,false,1410,0,false,Metal,Apple M5 Pro,0
cjk,sparse_novel_counter,softwrap,40,12,1,7833,1813333,6083,Menlo,16,1,release,8,24,3,false,1410,0,false,Metal,Apple M5 Pro,0
cjk,sparse_novel_counter,softwrap,40,12,2,6666,1805875,6083,Menlo,16,1,release,8,24,3,false,1410,0,false,Metal,Apple M5 Pro,0
cjk,sparse_novel_counter,softwrap,40,12,3,6375,1803917,6083,Menlo,16,1,release,8,24,3,false,1410,0,false,Metal,Apple M5 Pro,0
cjk,sparse_novel_counter,softwrap,40,12,4,6291,1804125,6167,Menlo,16,1,release,8,24,3,false,1410,0,false,Metal,Apple M5 Pro,0
cjk,sparse_novel_counter,softwrap,40,12,5,6250,1893917,6208,Menlo,16,1,release,8,24,3,false,1410,0,false,Metal,Apple M5 Pro,0
cjk,sparse_novel_counter,softwrap,40,12,6,7834,1839209,6125,Menlo,16,1,release,8,24,3,false,1410,0,false,Metal,Apple M5 Pro,0
cjk,sparse_novel_counter,softwrap,40,12,7,6666,1810084,5916,Menlo,16,1,release,8,24,3,false,1410,0,false,Metal,Apple M5 Pro,0
cjk,sparse_novel_counter,softwrap,40,12,8,6375,1794375,5791,Menlo,16,1,release,8,24,3,false,1410,0,false,Metal,Apple M5 Pro,0
cjk,sparse_novel_counter,softwrap,40,12,9,6333,1794458,5792,Menlo,16,1,release,8,24,3,false,1410,0,false,Metal,Apple M5 Pro,0
cjk,sparse_novel_counter,softwrap,40,12,10,6166,1832958,6375,Menlo,16,1,release,8,24,3,false,1410,0,false,Metal,Apple M5 Pro,0
cjk,sparse_novel_counter,softwrap,40,12,11,8167,1808125,6167,Menlo,16,1,release,8,24,3,false,1410,0,false,Metal,Apple M5 Pro,0
cjk,sparse_novel_counter,softwrap,40,12,12,6667,1796834,6084,Menlo,16,1,release,8,24,3,false,1410,0,false,Metal,Apple M5 Pro,0
cjk,sparse_novel_counter,softwrap,40,12,13,6292,1793166,6042,Menlo,16,1,release,8,24,3,false,1410,0,false,Metal,Apple M5 Pro,0
cjk,sparse_novel_counter,softwrap,40,12,14,6209,1798708,6125,Menlo,16,1,release,8,24,3,false,1410,0,false,Metal,Apple M5 Pro,0
cjk,sparse_novel_counter,softwrap,40,12,15,6125,1797917,6167,Menlo,16,1,release,8,24,3,false,1410,0,false,Metal,Apple M5 Pro,0
cjk,sparse_novel_counter,softwrap,40,12,16,6125,1849292,6125,Menlo,16,1,release,8,24,3,false,1410,0,false,Metal,Apple M5 Pro,0
cjk,sparse_novel_counter,softwrap,40,12,17,7875,1810292,6125,Menlo,16,1,release,8,24,3,false,1410,0,false,Metal,Apple M5 Pro,0
cjk,sparse_novel_counter,softwrap,40,12,18,6666,1821750,6083,Menlo,16,1,release,8,24,3,false,1410,0,false,Metal,Apple M5 Pro,0
cjk,sparse_novel_counter,softwrap,40,12,19,6417,1836417,6042,Menlo,16,1,release,8,24,3,false,1410,0,false,Metal,Apple M5 Pro,0
cjk,sparse_novel_counter,softwrap,40,12,20,6292,1844708,6250,Menlo,16,1,release,8,24,3,false,1410,0,false,Metal,Apple M5 Pro,0
cjk,sparse_novel_counter,softwrap,40,12,21,6291,1859208,6208,Menlo,16,1,release,8,24,3,false,1410,0,false,Metal,Apple M5 Pro,0
cjk,sparse_novel_counter,softwrap,40,12,22,7875,1825333,6208,Menlo,16,1,release,8,24,3,false,1410,0,false,Metal,Apple M5 Pro,0
cjk,sparse_novel_counter,softwrap,40,12,23,6667,1855042,6250,Menlo,16,1,release,8,24,3,false,1410,0,false,Metal,Apple M5 Pro,0
cjk,scroll_cycle,explicit_rows,40,12,0,3791,3917,6458,Menlo,16,1,release,8,24,3,false,0,0,false,Metal,Apple M5 Pro,3
cjk,scroll_cycle,explicit_rows,40,12,1,3709,3916,6583,Menlo,16,1,release,8,24,3,false,0,0,false,Metal,Apple M5 Pro,6
cjk,scroll_cycle,explicit_rows,40,12,2,3666,3917,6625,Menlo,16,1,release,8,24,3,false,0,0,false,Metal,Apple M5 Pro,9
cjk,scroll_cycle,explicit_rows,40,12,3,3667,4000,6500,Menlo,16,1,release,8,24,3,false,0,0,false,Metal,Apple M5 Pro,12
cjk,scroll_cycle,explicit_rows,40,12,4,3667,3958,6500,Menlo,16,1,release,8,24,3,false,0,0,false,Metal,Apple M5 Pro,9
cjk,scroll_cycle,explicit_rows,40,12,5,3708,3958,6500,Menlo,16,1,release,8,24,3,false,0,0,false,Metal,Apple M5 Pro,6
cjk,scroll_cycle,explicit_rows,40,12,6,3625,4000,6625,Menlo,16,1,release,8,24,3,false,0,0,false,Metal,Apple M5 Pro,3
cjk,scroll_cycle,explicit_rows,40,12,7,3709,3875,6542,Menlo,16,1,release,8,24,3,false,0,0,false,Metal,Apple M5 Pro,0
cjk,scroll_cycle,explicit_rows,40,12,8,3666,3875,6334,Menlo,16,1,release,8,24,3,false,0,0,false,Metal,Apple M5 Pro,3
cjk,scroll_cycle,explicit_rows,40,12,9,3667,3875,6167,Menlo,16,1,release,8,24,3,false,0,0,false,Metal,Apple M5 Pro,6
cjk,scroll_cycle,explicit_rows,40,12,10,3625,3875,6125,Menlo,16,1,release,8,24,3,false,0,0,false,Metal,Apple M5 Pro,9
cjk,scroll_cycle,explicit_rows,40,12,11,3625,3958,6125,Menlo,16,1,release,8,24,3,false,0,0,false,Metal,Apple M5 Pro,12
cjk,scroll_cycle,explicit_rows,40,12,12,3667,3875,6250,Menlo,16,1,release,8,24,3,false,0,0,false,Metal,Apple M5 Pro,9
cjk,scroll_cycle,explicit_rows,40,12,13,3708,3875,6292,Menlo,16,1,release,8,24,3,false,0,0,false,Metal,Apple M5 Pro,6
cjk,scroll_cycle,explicit_rows,40,12,14,3792,4042,6333,Menlo,16,1,release,8,24,3,false,0,0,false,Metal,Apple M5 Pro,3
cjk,scroll_cycle,explicit_rows,40,12,15,3667,3958,6167,Menlo,16,1,release,8,24,3,false,0,0,false,Metal,Apple M5 Pro,0
cjk,scroll_cycle,explicit_rows,40,12,16,3666,3917,6000,Menlo,16,1,release,8,24,3,false,0,0,false,Metal,Apple M5 Pro,3
cjk,scroll_cycle,explicit_rows,40,12,17,3667,3875,6166,Menlo,16,1,release,8,24,3,false,0,0,false,Metal,Apple M5 Pro,6
cjk,scroll_cycle,explicit_rows,40,12,18,3667,3958,6292,Menlo,16,1,release,8,24,3,false,0,0,false,Metal,Apple M5 Pro,9
cjk,scroll_cycle,explicit_rows,40,12,19,3625,3958,6292,Menlo,16,1,release,8,24,3,false,0,0,false,Metal,Apple M5 Pro,12
cjk,scroll_cycle,explicit_rows,40,12,20,3667,4000,6208,Menlo,16,1,release,8,24,3,false,0,0,false,Metal,Apple M5 Pro,9
cjk,scroll_cycle,explicit_rows,40,12,21,3750,4042,6084,Menlo,16,1,release,8,24,3,false,0,0,false,Metal,Apple M5 Pro,6
cjk,scroll_cycle,explicit_rows,40,12,22,3625,3875,6208,Menlo,16,1,release,8,24,3,false,0,0,false,Metal,Apple M5 Pro,3
cjk,scroll_cycle,explicit_rows,40,12,23,3667,3916,6250,Menlo,16,1,release,8,24,3,false,0,0,false,Metal,Apple M5 Pro,0
cjk,scroll_cycle,softwrap,40,12,0,6583,4375,6583,Menlo,16,1,release,8,24,3,false,1247,152,false,Metal,Apple M5 Pro,3
cjk,scroll_cycle,softwrap,40,12,1,6250,4167,6458,Menlo,16,1,release,8,24,3,false,1081,312,false,Metal,Apple M5 Pro,6
cjk,scroll_cycle,softwrap,40,12,2,6292,4375,6458,Menlo,16,1,release,8,24,3,false,919,477,false,Metal,Apple M5 Pro,9
cjk,scroll_cycle,softwrap,40,12,3,6584,4167,6417,Menlo,16,1,release,8,24,3,false,756,637,false,Metal,Apple M5 Pro,12
cjk,scroll_cycle,softwrap,40,12,4,6167,4375,6458,Menlo,16,1,release,8,24,3,false,919,477,false,Metal,Apple M5 Pro,9
cjk,scroll_cycle,softwrap,40,12,5,6125,4125,6417,Menlo,16,1,release,8,24,3,false,1081,312,false,Metal,Apple M5 Pro,6
cjk,scroll_cycle,softwrap,40,12,6,6125,4083,6542,Menlo,16,1,release,8,24,3,false,1247,152,false,Metal,Apple M5 Pro,3
cjk,scroll_cycle,softwrap,40,12,7,5875,4375,5958,Menlo,16,1,release,8,24,3,false,1410,0,false,Metal,Apple M5 Pro,0
cjk,scroll_cycle,softwrap,40,12,8,6083,4333,6459,Menlo,16,1,release,8,24,3,false,1247,152,false,Metal,Apple M5 Pro,3
cjk,scroll_cycle,softwrap,40,12,9,6125,4041,6333,Menlo,16,1,release,8,24,3,false,1081,312,false,Metal,Apple M5 Pro,6
cjk,scroll_cycle,softwrap,40,12,10,6041,4334,6458,Menlo,16,1,release,8,24,3,false,919,477,false,Metal,Apple M5 Pro,9
cjk,scroll_cycle,softwrap,40,12,11,6208,4041,6209,Menlo,16,1,release,8,24,3,false,756,637,false,Metal,Apple M5 Pro,12
cjk,scroll_cycle,softwrap,40,12,12,6042,4084,6250,Menlo,16,1,release,8,24,3,false,919,477,false,Metal,Apple M5 Pro,9
cjk,scroll_cycle,softwrap,40,12,13,6125,4417,6125,Menlo,16,1,release,8,24,3,false,1081,312,false,Metal,Apple M5 Pro,6
cjk,scroll_cycle,softwrap,40,12,14,6083,4042,6209,Menlo,16,1,release,8,24,3,false,1247,152,false,Metal,Apple M5 Pro,3
cjk,scroll_cycle,softwrap,40,12,15,5958,4125,5666,Menlo,16,1,release,8,24,3,false,1410,0,false,Metal,Apple M5 Pro,0
cjk,scroll_cycle,softwrap,40,12,16,6000,4292,6416,Menlo,16,1,release,8,24,3,false,1247,152,false,Metal,Apple M5 Pro,3
cjk,scroll_cycle,softwrap,40,12,17,5958,4083,6375,Menlo,16,1,release,8,24,3,false,1081,312,false,Metal,Apple M5 Pro,6
cjk,scroll_cycle,softwrap,40,12,18,6000,4291,6500,Menlo,16,1,release,8,24,3,false,919,477,false,Metal,Apple M5 Pro,9
cjk,scroll_cycle,softwrap,40,12,19,6167,4292,6000,Menlo,16,1,release,8,24,3,false,756,637,false,Metal,Apple M5 Pro,12
cjk,scroll_cycle,softwrap,40,12,20,6041,4292,6083,Menlo,16,1,release,8,24,3,false,919,477,false,Metal,Apple M5 Pro,9
cjk,scroll_cycle,softwrap,40,12,21,6000,4042,6041,Menlo,16,1,release,8,24,3,false,1081,312,false,Metal,Apple M5 Pro,6
cjk,scroll_cycle,softwrap,40,12,22,6042,4042,6166,Menlo,16,1,release,8,24,3,false,1247,152,false,Metal,Apple M5 Pro,3
cjk,scroll_cycle,softwrap,40,12,23,5959,4083,5583,Menlo,16,1,release,8,24,3,false,1410,0,false,Metal,Apple M5 Pro,0
cjk,dense_novel_text,explicit_rows,40,12,0,3709,735250,6458,Menlo,16,1,release,8,24,3,false,0,0,false,Metal,Apple M5 Pro,0
cjk,dense_novel_text,explicit_rows,40,12,1,3708,765625,6459,Menlo,16,1,release,8,24,3,false,0,0,false,Metal,Apple M5 Pro,0
cjk,dense_novel_text,explicit_rows,40,12,2,3708,736083,6542,Menlo,16,1,release,8,24,3,false,0,0,false,Metal,Apple M5 Pro,0
cjk,dense_novel_text,explicit_rows,40,12,3,3708,737208,6500,Menlo,16,1,release,8,24,3,false,0,0,false,Metal,Apple M5 Pro,0
cjk,dense_novel_text,explicit_rows,40,12,4,3708,778375,6417,Menlo,16,1,release,8,24,3,false,0,0,false,Metal,Apple M5 Pro,0
cjk,dense_novel_text,explicit_rows,40,12,5,3916,765167,6167,Menlo,16,1,release,8,24,3,false,0,0,false,Metal,Apple M5 Pro,0
cjk,dense_novel_text,explicit_rows,40,12,6,3708,747416,6209,Menlo,16,1,release,8,24,3,false,0,0,false,Metal,Apple M5 Pro,0
cjk,dense_novel_text,explicit_rows,40,12,7,3792,747334,6375,Menlo,16,1,release,8,24,3,false,0,0,false,Metal,Apple M5 Pro,0
cjk,dense_novel_text,explicit_rows,40,12,8,3667,748042,6375,Menlo,16,1,release,8,24,3,false,0,0,false,Metal,Apple M5 Pro,0
cjk,dense_novel_text,explicit_rows,40,12,9,3667,746792,6458,Menlo,16,1,release,8,24,3,false,0,0,false,Metal,Apple M5 Pro,0
cjk,dense_novel_text,explicit_rows,40,12,10,3708,805875,6375,Menlo,16,1,release,8,24,3,false,0,0,false,Metal,Apple M5 Pro,0
cjk,dense_novel_text,explicit_rows,40,12,11,3709,746750,6334,Menlo,16,1,release,8,24,3,false,0,0,false,Metal,Apple M5 Pro,0
cjk,dense_novel_text,explicit_rows,40,12,12,3708,745125,6417,Menlo,16,1,release,8,24,3,false,0,0,false,Metal,Apple M5 Pro,0
cjk,dense_novel_text,explicit_rows,40,12,13,3667,745583,6417,Menlo,16,1,release,8,24,3,false,0,0,false,Metal,Apple M5 Pro,0
cjk,dense_novel_text,explicit_rows,40,12,14,3667,747625,6459,Menlo,16,1,release,8,24,3,false,0,0,false,Metal,Apple M5 Pro,0
cjk,dense_novel_text,explicit_rows,40,12,15,3666,749583,6333,Menlo,16,1,release,8,24,3,false,0,0,false,Metal,Apple M5 Pro,0
cjk,dense_novel_text,explicit_rows,40,12,16,3708,749333,6417,Menlo,16,1,release,8,24,3,false,0,0,false,Metal,Apple M5 Pro,0
cjk,dense_novel_text,explicit_rows,40,12,17,3750,751667,6375,Menlo,16,1,release,8,24,3,false,0,0,false,Metal,Apple M5 Pro,0
cjk,dense_novel_text,explicit_rows,40,12,18,3666,763625,6375,Menlo,16,1,release,8,24,3,false,0,0,false,Metal,Apple M5 Pro,0
cjk,dense_novel_text,explicit_rows,40,12,19,3667,762416,6417,Menlo,16,1,release,8,24,3,false,0,0,false,Metal,Apple M5 Pro,0
cjk,dense_novel_text,explicit_rows,40,12,20,3708,747292,6375,Menlo,16,1,release,8,24,3,false,0,0,false,Metal,Apple M5 Pro,0
cjk,dense_novel_text,explicit_rows,40,12,21,3750,751250,6375,Menlo,16,1,release,8,24,3,false,0,0,false,Metal,Apple M5 Pro,0
cjk,dense_novel_text,explicit_rows,40,12,22,3708,746917,6375,Menlo,16,1,release,8,24,3,false,0,0,false,Metal,Apple M5 Pro,0
cjk,dense_novel_text,explicit_rows,40,12,23,3667,750834,6458,Menlo,16,1,release,8,24,3,false,0,0,false,Metal,Apple M5 Pro,0
cjk,dense_novel_text,softwrap,40,12,0,6333,1806125,6042,Menlo,16,1,release,8,24,3,false,1410,0,false,Metal,Apple M5 Pro,0
cjk,dense_novel_text,softwrap,40,12,1,6208,1817333,5958,Menlo,16,1,release,8,24,3,false,1410,0,false,Metal,Apple M5 Pro,0
cjk,dense_novel_text,softwrap,40,12,2,6083,1834125,6000,Menlo,16,1,release,8,24,3,false,1410,0,false,Metal,Apple M5 Pro,0
cjk,dense_novel_text,softwrap,40,12,3,6250,1806417,6000,Menlo,16,1,release,8,24,3,false,1410,0,false,Metal,Apple M5 Pro,0
cjk,dense_novel_text,softwrap,40,12,4,6000,1838667,6167,Menlo,16,1,release,8,24,3,false,1410,0,false,Metal,Apple M5 Pro,0
cjk,dense_novel_text,softwrap,40,12,5,6916,1798959,6083,Menlo,16,1,release,8,24,3,false,1410,0,false,Metal,Apple M5 Pro,0
cjk,dense_novel_text,softwrap,40,12,6,6334,1803666,6042,Menlo,16,1,release,8,24,3,false,1410,0,false,Metal,Apple M5 Pro,0
cjk,dense_novel_text,softwrap,40,12,7,6166,1783750,6083,Menlo,16,1,release,8,24,3,false,1410,0,false,Metal,Apple M5 Pro,0
cjk,dense_novel_text,softwrap,40,12,8,6209,1784916,6167,Menlo,16,1,release,8,24,3,false,1410,0,false,Metal,Apple M5 Pro,0
cjk,dense_novel_text,softwrap,40,12,9,6208,1781459,6084,Menlo,16,1,release,8,24,3,false,1410,0,false,Metal,Apple M5 Pro,0
cjk,dense_novel_text,softwrap,40,12,10,6042,1819334,6125,Menlo,16,1,release,8,24,3,false,1410,0,false,Metal,Apple M5 Pro,0
cjk,dense_novel_text,softwrap,40,12,11,6292,1807250,6083,Menlo,16,1,release,8,24,3,false,1410,0,false,Metal,Apple M5 Pro,0
cjk,dense_novel_text,softwrap,40,12,12,6083,1791459,6209,Menlo,16,1,release,8,24,3,false,1410,0,false,Metal,Apple M5 Pro,0
cjk,dense_novel_text,softwrap,40,12,13,6042,1784291,6125,Menlo,16,1,release,8,24,3,false,1410,0,false,Metal,Apple M5 Pro,0
cjk,dense_novel_text,softwrap,40,12,14,6000,1816667,6167,Menlo,16,1,release,8,24,3,false,1410,0,false,Metal,Apple M5 Pro,0
cjk,dense_novel_text,softwrap,40,12,15,6083,1791000,6125,Menlo,16,1,release,8,24,3,false,1410,0,false,Metal,Apple M5 Pro,0
cjk,dense_novel_text,softwrap,40,12,16,5916,1818542,6083,Menlo,16,1,release,8,24,3,false,1410,0,false,Metal,Apple M5 Pro,0
cjk,dense_novel_text,softwrap,40,12,17,5917,1792958,6083,Menlo,16,1,release,8,24,3,false,1410,0,false,Metal,Apple M5 Pro,0
cjk,dense_novel_text,softwrap,40,12,18,5917,1776916,6167,Menlo,16,1,release,8,24,3,false,1410,0,false,Metal,Apple M5 Pro,0
cjk,dense_novel_text,softwrap,40,12,19,5958,1819375,6042,Menlo,16,1,release,8,24,3,false,1410,0,false,Metal,Apple M5 Pro,0
cjk,dense_novel_text,softwrap,40,12,20,5958,1799458,6042,Menlo,16,1,release,8,24,3,false,1410,0,false,Metal,Apple M5 Pro,0
cjk,dense_novel_text,softwrap,40,12,21,6125,1858000,6166,Menlo,16,1,release,8,24,3,false,1410,0,false,Metal,Apple M5 Pro,0
cjk,dense_novel_text,softwrap,40,12,22,6333,1804708,6042,Menlo,16,1,release,8,24,3,false,1410,0,false,Metal,Apple M5 Pro,0
cjk,dense_novel_text,softwrap,40,12,23,6208,1793333,5958,Menlo,16,1,release,8,24,3,false,1410,0,false,Metal,Apple M5 Pro,0
arabic,sparse_novel_counter,explicit_rows,40,12,0,3667,34000,959,Menlo,16,1,release,8,24,3,false,0,0,false,Metal,Apple M5 Pro,0
arabic,sparse_novel_counter,explicit_rows,40,12,1,3709,35250,958,Menlo,16,1,release,8,24,3,false,0,0,false,Metal,Apple M5 Pro,0
arabic,sparse_novel_counter,explicit_rows,40,12,2,3708,34959,958,Menlo,16,1,release,8,24,3,false,0,0,false,Metal,Apple M5 Pro,0
arabic,sparse_novel_counter,explicit_rows,40,12,3,3708,35292,958,Menlo,16,1,release,8,24,3,false,0,0,false,Metal,Apple M5 Pro,0
arabic,sparse_novel_counter,explicit_rows,40,12,4,3708,35750,958,Menlo,16,1,release,8,24,3,false,0,0,false,Metal,Apple M5 Pro,0
arabic,sparse_novel_counter,explicit_rows,40,12,5,3667,35625,959,Menlo,16,1,release,8,24,3,false,0,0,false,Metal,Apple M5 Pro,0
arabic,sparse_novel_counter,explicit_rows,40,12,6,3667,35083,1000,Menlo,16,1,release,8,24,3,false,0,0,false,Metal,Apple M5 Pro,0
arabic,sparse_novel_counter,explicit_rows,40,12,7,3667,34334,958,Menlo,16,1,release,8,24,3,false,0,0,false,Metal,Apple M5 Pro,0
arabic,sparse_novel_counter,explicit_rows,40,12,8,3709,34666,1000,Menlo,16,1,release,8,24,3,false,0,0,false,Metal,Apple M5 Pro,0
arabic,sparse_novel_counter,explicit_rows,40,12,9,3667,42125,959,Menlo,16,1,release,8,24,3,false,0,0,false,Metal,Apple M5 Pro,0
arabic,sparse_novel_counter,explicit_rows,40,12,10,3666,34417,958,Menlo,16,1,release,8,24,3,false,0,0,false,Metal,Apple M5 Pro,0
arabic,sparse_novel_counter,explicit_rows,40,12,11,3666,34917,958,Menlo,16,1,release,8,24,3,false,0,0,false,Metal,Apple M5 Pro,0
arabic,sparse_novel_counter,explicit_rows,40,12,12,3708,34625,958,Menlo,16,1,release,8,24,3,false,0,0,false,Metal,Apple M5 Pro,0
arabic,sparse_novel_counter,explicit_rows,40,12,13,3667,34708,958,Menlo,16,1,release,8,24,3,false,0,0,false,Metal,Apple M5 Pro,0
arabic,sparse_novel_counter,explicit_rows,40,12,14,3708,35042,959,Menlo,16,1,release,8,24,3,false,0,0,false,Metal,Apple M5 Pro,0
arabic,sparse_novel_counter,explicit_rows,40,12,15,3667,34208,958,Menlo,16,1,release,8,24,3,false,0,0,false,Metal,Apple M5 Pro,0
arabic,sparse_novel_counter,explicit_rows,40,12,16,3667,34542,958,Menlo,16,1,release,8,24,3,false,0,0,false,Metal,Apple M5 Pro,0
arabic,sparse_novel_counter,explicit_rows,40,12,17,3667,35333,916,Menlo,16,1,release,8,24,3,false,0,0,false,Metal,Apple M5 Pro,0
arabic,sparse_novel_counter,explicit_rows,40,12,18,3666,35125,917,Menlo,16,1,release,8,24,3,false,0,0,false,Metal,Apple M5 Pro,0
arabic,sparse_novel_counter,explicit_rows,40,12,19,3666,34792,958,Menlo,16,1,release,8,24,3,false,0,0,false,Metal,Apple M5 Pro,0
arabic,sparse_novel_counter,explicit_rows,40,12,20,3666,34833,917,Menlo,16,1,release,8,24,3,false,0,0,false,Metal,Apple M5 Pro,0
arabic,sparse_novel_counter,explicit_rows,40,12,21,3708,34708,959,Menlo,16,1,release,8,24,3,false,0,0,false,Metal,Apple M5 Pro,0
arabic,sparse_novel_counter,explicit_rows,40,12,22,3667,34584,958,Menlo,16,1,release,8,24,3,false,0,0,false,Metal,Apple M5 Pro,0
arabic,sparse_novel_counter,explicit_rows,40,12,23,3667,34250,917,Menlo,16,1,release,8,24,3,false,0,0,false,Metal,Apple M5 Pro,0
arabic,sparse_novel_counter,softwrap,40,12,0,7417,1222417,10500,Menlo,16,1,release,8,24,3,false,1814,0,false,Metal,Apple M5 Pro,0
arabic,sparse_novel_counter,softwrap,40,12,1,9041,1196167,10375,Menlo,16,1,release,8,24,3,false,1814,0,false,Metal,Apple M5 Pro,0
arabic,sparse_novel_counter,softwrap,40,12,2,8000,1168292,10375,Menlo,16,1,release,8,24,3,false,1814,0,false,Metal,Apple M5 Pro,0
arabic,sparse_novel_counter,softwrap,40,12,3,7666,1157625,10292,Menlo,16,1,release,8,24,3,false,1814,0,false,Metal,Apple M5 Pro,0
arabic,sparse_novel_counter,softwrap,40,12,4,7500,1159458,10375,Menlo,16,1,release,8,24,3,false,1814,0,false,Metal,Apple M5 Pro,0
arabic,sparse_novel_counter,softwrap,40,12,5,7375,1154917,10334,Menlo,16,1,release,8,24,3,false,1814,0,false,Metal,Apple M5 Pro,0
arabic,sparse_novel_counter,softwrap,40,12,6,7375,1203208,10791,Menlo,16,1,release,8,24,3,false,1814,0,false,Metal,Apple M5 Pro,0
arabic,sparse_novel_counter,softwrap,40,12,7,7416,1204917,10291,Menlo,16,1,release,8,24,3,false,1814,0,false,Metal,Apple M5 Pro,0
arabic,sparse_novel_counter,softwrap,40,12,8,7292,1171458,10417,Menlo,16,1,release,8,24,3,false,1814,0,false,Metal,Apple M5 Pro,0
arabic,sparse_novel_counter,softwrap,40,12,9,7333,1169417,10375,Menlo,16,1,release,8,24,3,false,1814,0,false,Metal,Apple M5 Pro,0
arabic,sparse_novel_counter,softwrap,40,12,10,7334,1150041,10333,Menlo,16,1,release,8,24,3,false,1814,0,false,Metal,Apple M5 Pro,0
arabic,sparse_novel_counter,softwrap,40,12,11,7250,1152500,10375,Menlo,16,1,release,8,24,3,false,1814,0,false,Metal,Apple M5 Pro,0
arabic,sparse_novel_counter,softwrap,40,12,12,7333,1154417,10333,Menlo,16,1,release,8,24,3,false,1814,0,false,Metal,Apple M5 Pro,0
arabic,sparse_novel_counter,softwrap,40,12,13,7291,1173875,9958,Menlo,16,1,release,8,24,3,false,1814,0,false,Metal,Apple M5 Pro,0
arabic,sparse_novel_counter,softwrap,40,12,14,7333,1151500,10084,Menlo,16,1,release,8,24,3,false,1814,0,false,Metal,Apple M5 Pro,0
arabic,sparse_novel_counter,softwrap,40,12,15,7333,1177000,10333,Menlo,16,1,release,8,24,3,false,1814,0,false,Metal,Apple M5 Pro,0
arabic,sparse_novel_counter,softwrap,40,12,16,7291,1181542,10542,Menlo,16,1,release,8,24,3,false,1814,0,false,Metal,Apple M5 Pro,0
arabic,sparse_novel_counter,softwrap,40,12,17,8791,1237542,10416,Menlo,16,1,release,8,24,3,false,1814,0,false,Metal,Apple M5 Pro,0
arabic,sparse_novel_counter,softwrap,40,12,18,7666,1182583,10333,Menlo,16,1,release,8,24,3,false,1814,0,false,Metal,Apple M5 Pro,0
arabic,sparse_novel_counter,softwrap,40,12,19,7500,1164042,10333,Menlo,16,1,release,8,24,3,false,1814,0,false,Metal,Apple M5 Pro,0
arabic,sparse_novel_counter,softwrap,40,12,20,7209,1151792,10375,Menlo,16,1,release,8,24,3,false,1814,0,false,Metal,Apple M5 Pro,0
arabic,sparse_novel_counter,softwrap,40,12,21,7250,1149583,10375,Menlo,16,1,release,8,24,3,false,1814,0,false,Metal,Apple M5 Pro,0
arabic,sparse_novel_counter,softwrap,40,12,22,7250,1147916,10417,Menlo,16,1,release,8,24,3,false,1814,0,false,Metal,Apple M5 Pro,0
arabic,sparse_novel_counter,softwrap,40,12,23,7375,1151250,10334,Menlo,16,1,release,8,24,3,false,1814,0,false,Metal,Apple M5 Pro,0
arabic,scroll_cycle,explicit_rows,40,12,0,4166,4292,10416,Menlo,16,1,release,8,24,3,false,0,0,false,Metal,Apple M5 Pro,3
arabic,scroll_cycle,explicit_rows,40,12,1,3708,4083,10542,Menlo,16,1,release,8,24,3,false,0,0,false,Metal,Apple M5 Pro,6
arabic,scroll_cycle,explicit_rows,40,12,2,3625,4042,10417,Menlo,16,1,release,8,24,3,false,0,0,false,Metal,Apple M5 Pro,9
arabic,scroll_cycle,explicit_rows,40,12,3,3667,4250,10333,Menlo,16,1,release,8,24,3,false,0,0,false,Metal,Apple M5 Pro,12
arabic,scroll_cycle,explicit_rows,40,12,4,3625,4042,10250,Menlo,16,1,release,8,24,3,false,0,0,false,Metal,Apple M5 Pro,9
arabic,scroll_cycle,explicit_rows,40,12,5,3625,4250,10375,Menlo,16,1,release,8,24,3,false,0,0,false,Metal,Apple M5 Pro,6
arabic,scroll_cycle,explicit_rows,40,12,6,3625,4125,10208,Menlo,16,1,release,8,24,3,false,0,0,false,Metal,Apple M5 Pro,3
arabic,scroll_cycle,explicit_rows,40,12,7,3625,4125,10291,Menlo,16,1,release,8,24,3,false,0,0,false,Metal,Apple M5 Pro,0
arabic,scroll_cycle,explicit_rows,40,12,8,3667,4042,10291,Menlo,16,1,release,8,24,3,false,0,0,false,Metal,Apple M5 Pro,3
arabic,scroll_cycle,explicit_rows,40,12,9,3584,4208,9875,Menlo,16,1,release,8,24,3,false,0,0,false,Metal,Apple M5 Pro,6
arabic,scroll_cycle,explicit_rows,40,12,10,3750,4375,9875,Menlo,16,1,release,8,24,3,false,0,0,false,Metal,Apple M5 Pro,9
arabic,scroll_cycle,explicit_rows,40,12,11,3625,4083,9875,Menlo,16,1,release,8,24,3,false,0,0,false,Metal,Apple M5 Pro,12
arabic,scroll_cycle,explicit_rows,40,12,12,3750,4000,10083,Menlo,16,1,release,8,24,3,false,0,0,false,Metal,Apple M5 Pro,9
arabic,scroll_cycle,explicit_rows,40,12,13,3625,4083,10292,Menlo,16,1,release,8,24,3,false,0,0,false,Metal,Apple M5 Pro,6
arabic,scroll_cycle,explicit_rows,40,12,14,3666,4250,10417,Menlo,16,1,release,8,24,3,false,0,0,false,Metal,Apple M5 Pro,3
arabic,scroll_cycle,explicit_rows,40,12,15,3625,4084,10375,Menlo,16,1,release,8,24,3,false,0,0,false,Metal,Apple M5 Pro,0
arabic,scroll_cycle,explicit_rows,40,12,16,3625,4417,10333,Menlo,16,1,release,8,24,3,false,0,0,false,Metal,Apple M5 Pro,3
arabic,scroll_cycle,explicit_rows,40,12,17,3625,4333,10250,Menlo,16,1,release,8,24,3,false,0,0,false,Metal,Apple M5 Pro,6
arabic,scroll_cycle,explicit_rows,40,12,18,3708,4417,10333,Menlo,16,1,release,8,24,3,false,0,0,false,Metal,Apple M5 Pro,9
arabic,scroll_cycle,explicit_rows,40,12,19,3625,4375,10292,Menlo,16,1,release,8,24,3,false,0,0,false,Metal,Apple M5 Pro,12
arabic,scroll_cycle,explicit_rows,40,12,20,3666,4250,10375,Menlo,16,1,release,8,24,3,false,0,0,false,Metal,Apple M5 Pro,9
arabic,scroll_cycle,explicit_rows,40,12,21,3666,4042,10041,Menlo,16,1,release,8,24,3,false,0,0,false,Metal,Apple M5 Pro,6
arabic,scroll_cycle,explicit_rows,40,12,22,3625,4000,10000,Menlo,16,1,release,8,24,3,false,0,0,false,Metal,Apple M5 Pro,3
arabic,scroll_cycle,explicit_rows,40,12,23,3625,4167,10250,Menlo,16,1,release,8,24,3,false,0,0,false,Metal,Apple M5 Pro,0
arabic,scroll_cycle,softwrap,40,12,0,7917,4291,10750,Menlo,16,1,release,8,24,3,false,1605,206,false,Metal,Apple M5 Pro,3
arabic,scroll_cycle,softwrap,40,12,1,7417,4334,10875,Menlo,16,1,release,8,24,3,false,1396,412,false,Metal,Apple M5 Pro,6
arabic,scroll_cycle,softwrap,40,12,2,7250,4208,10875,Menlo,16,1,release,8,24,3,false,1186,618,false,Metal,Apple M5 Pro,9
arabic,scroll_cycle,softwrap,40,12,3,7417,4291,11084,Menlo,16,1,release,8,24,3,false,977,824,false,Metal,Apple M5 Pro,12
arabic,scroll_cycle,softwrap,40,12,4,7167,4250,10792,Menlo,16,1,release,8,24,3,false,1186,618,false,Metal,Apple M5 Pro,9
arabic,scroll_cycle,softwrap,40,12,5,7208,4208,10792,Menlo,16,1,release,8,24,3,false,1396,412,false,Metal,Apple M5 Pro,6
arabic,scroll_cycle,softwrap,40,12,6,7291,4250,10792,Menlo,16,1,release,8,24,3,false,1605,206,false,Metal,Apple M5 Pro,3
arabic,scroll_cycle,softwrap,40,12,7,7083,4292,10375,Menlo,16,1,release,8,24,3,false,1814,0,false,Metal,Apple M5 Pro,0
arabic,scroll_cycle,softwrap,40,12,8,7084,4291,10792,Menlo,16,1,release,8,24,3,false,1605,206,false,Metal,Apple M5 Pro,3
arabic,scroll_cycle,softwrap,40,12,9,7084,4209,10708,Menlo,16,1,release,8,24,3,false,1396,412,false,Metal,Apple M5 Pro,6
arabic,scroll_cycle,softwrap,40,12,10,7167,4250,10250,Menlo,16,1,release,8,24,3,false,1186,618,false,Metal,Apple M5 Pro,9
arabic,scroll_cycle,softwrap,40,12,11,7250,4250,10417,Menlo,16,1,release,8,24,3,false,977,824,false,Metal,Apple M5 Pro,12
arabic,scroll_cycle,softwrap,40,12,12,7042,4250,10250,Menlo,16,1,release,8,24,3,false,1186,618,false,Metal,Apple M5 Pro,9
arabic,scroll_cycle,softwrap,40,12,13,7041,4250,10584,Menlo,16,1,release,8,24,3,false,1396,412,false,Metal,Apple M5 Pro,6
arabic,scroll_cycle,softwrap,40,12,14,7042,4292,10333,Menlo,16,1,release,8,24,3,false,1605,206,false,Metal,Apple M5 Pro,3
arabic,scroll_cycle,softwrap,40,12,15,7084,4291,9917,Menlo,16,1,release,8,24,3,false,1814,0,false,Metal,Apple M5 Pro,0
arabic,scroll_cycle,softwrap,40,12,16,6959,4334,10333,Menlo,16,1,release,8,24,3,false,1605,206,false,Metal,Apple M5 Pro,3
arabic,scroll_cycle,softwrap,40,12,17,7000,4250,10334,Menlo,16,1,release,8,24,3,false,1396,412,false,Metal,Apple M5 Pro,6
arabic,scroll_cycle,softwrap,40,12,18,7042,4208,10375,Menlo,16,1,release,8,24,3,false,1186,618,false,Metal,Apple M5 Pro,9
arabic,scroll_cycle,softwrap,40,12,19,7125,4208,10667,Menlo,16,1,release,8,24,3,false,977,824,false,Metal,Apple M5 Pro,12
arabic,scroll_cycle,softwrap,40,12,20,7042,4208,10417,Menlo,16,1,release,8,24,3,false,1186,618,false,Metal,Apple M5 Pro,9
arabic,scroll_cycle,softwrap,40,12,21,6959,4250,10375,Menlo,16,1,release,8,24,3,false,1396,412,false,Metal,Apple M5 Pro,6
arabic,scroll_cycle,softwrap,40,12,22,7000,4292,10333,Menlo,16,1,release,8,24,3,false,1605,206,false,Metal,Apple M5 Pro,3
arabic,scroll_cycle,softwrap,40,12,23,7042,4250,10041,Menlo,16,1,release,8,24,3,false,1814,0,false,Metal,Apple M5 Pro,0
arabic,dense_novel_text,explicit_rows,40,12,0,3666,377875,10250,Menlo,16,1,release,8,24,3,false,0,0,false,Metal,Apple M5 Pro,0
arabic,dense_novel_text,explicit_rows,40,12,1,3709,405084,10292,Menlo,16,1,release,8,24,3,false,0,0,false,Metal,Apple M5 Pro,0
arabic,dense_novel_text,explicit_rows,40,12,2,3667,364417,10292,Menlo,16,1,release,8,24,3,false,0,0,false,Metal,Apple M5 Pro,0
arabic,dense_novel_text,explicit_rows,40,12,3,3625,376500,10334,Menlo,16,1,release,8,24,3,false,0,0,false,Metal,Apple M5 Pro,0
arabic,dense_novel_text,explicit_rows,40,12,4,3625,375917,10333,Menlo,16,1,release,8,24,3,false,0,0,false,Metal,Apple M5 Pro,0
arabic,dense_novel_text,explicit_rows,40,12,5,3667,366041,10250,Menlo,16,1,release,8,24,3,false,0,0,false,Metal,Apple M5 Pro,0
arabic,dense_novel_text,explicit_rows,40,12,6,3667,365958,10292,Menlo,16,1,release,8,24,3,false,0,0,false,Metal,Apple M5 Pro,0
arabic,dense_novel_text,explicit_rows,40,12,7,3667,367667,10333,Menlo,16,1,release,8,24,3,false,0,0,false,Metal,Apple M5 Pro,0
arabic,dense_novel_text,explicit_rows,40,12,8,3667,364792,10291,Menlo,16,1,release,8,24,3,false,0,0,false,Metal,Apple M5 Pro,0
arabic,dense_novel_text,explicit_rows,40,12,9,3625,364083,10292,Menlo,16,1,release,8,24,3,false,0,0,false,Metal,Apple M5 Pro,0
arabic,dense_novel_text,explicit_rows,40,12,10,3666,420500,10334,Menlo,16,1,release,8,24,3,false,0,0,false,Metal,Apple M5 Pro,0
arabic,dense_novel_text,explicit_rows,40,12,11,3666,367292,10291,Menlo,16,1,release,8,24,3,false,0,0,false,Metal,Apple M5 Pro,0
arabic,dense_novel_text,explicit_rows,40,12,12,3667,365791,10334,Menlo,16,1,release,8,24,3,false,0,0,false,Metal,Apple M5 Pro,0
arabic,dense_novel_text,explicit_rows,40,12,13,3750,368000,10292,Menlo,16,1,release,8,24,3,false,0,0,false,Metal,Apple M5 Pro,0
arabic,dense_novel_text,explicit_rows,40,12,14,3666,399792,10541,Menlo,16,1,release,8,24,3,false,0,0,false,Metal,Apple M5 Pro,0
arabic,dense_novel_text,explicit_rows,40,12,15,3917,369750,10292,Menlo,16,1,release,8,24,3,false,0,0,false,Metal,Apple M5 Pro,0
arabic,dense_novel_text,explicit_rows,40,12,16,3750,368500,10250,Menlo,16,1,release,8,24,3,false,0,0,false,Metal,Apple M5 Pro,0
arabic,dense_novel_text,explicit_rows,40,12,17,3709,369167,10166,Menlo,16,1,release,8,24,3,false,0,0,false,Metal,Apple M5 Pro,0
arabic,dense_novel_text,explicit_rows,40,12,18,3709,379750,10208,Menlo,16,1,release,8,24,3,false,0,0,false,Metal,Apple M5 Pro,0
arabic,dense_novel_text,explicit_rows,40,12,19,3750,367709,10208,Menlo,16,1,release,8,24,3,false,0,0,false,Metal,Apple M5 Pro,0
arabic,dense_novel_text,explicit_rows,40,12,20,3708,367500,10208,Menlo,16,1,release,8,24,3,false,0,0,false,Metal,Apple M5 Pro,0
arabic,dense_novel_text,explicit_rows,40,12,21,3667,372584,10167,Menlo,16,1,release,8,24,3,false,0,0,false,Metal,Apple M5 Pro,0
arabic,dense_novel_text,explicit_rows,40,12,22,3708,366833,10292,Menlo,16,1,release,8,24,3,false,0,0,false,Metal,Apple M5 Pro,0
arabic,dense_novel_text,explicit_rows,40,12,23,3667,367916,10292,Menlo,16,1,release,8,24,3,false,0,0,false,Metal,Apple M5 Pro,0
arabic,dense_novel_text,softwrap,40,12,0,7167,1146458,10541,Menlo,16,1,release,8,24,3,false,1814,0,false,Metal,Apple M5 Pro,0
arabic,dense_novel_text,softwrap,40,12,1,7250,1142417,10625,Menlo,16,1,release,8,24,3,false,1814,0,false,Metal,Apple M5 Pro,0
arabic,dense_novel_text,softwrap,40,12,2,7167,1170792,10750,Menlo,16,1,release,8,24,3,false,1814,0,false,Metal,Apple M5 Pro,0
arabic,dense_novel_text,softwrap,40,12,3,15250,1196958,10542,Menlo,16,1,release,8,24,3,false,1814,0,false,Metal,Apple M5 Pro,0
arabic,dense_novel_text,softwrap,40,12,4,7208,1197417,10667,Menlo,16,1,release,8,24,3,false,1814,0,false,Metal,Apple M5 Pro,0
arabic,dense_novel_text,softwrap,40,12,5,7500,1151625,10583,Menlo,16,1,release,8,24,3,false,1814,0,false,Metal,Apple M5 Pro,0
arabic,dense_novel_text,softwrap,40,12,6,7167,1165458,10792,Menlo,16,1,release,8,24,3,false,1814,0,false,Metal,Apple M5 Pro,0
arabic,dense_novel_text,softwrap,40,12,7,7250,1144458,10541,Menlo,16,1,release,8,24,3,false,1814,0,false,Metal,Apple M5 Pro,0
arabic,dense_novel_text,softwrap,40,12,8,7167,1161250,10667,Menlo,16,1,release,8,24,3,false,1814,0,false,Metal,Apple M5 Pro,0
arabic,dense_novel_text,softwrap,40,12,9,7208,1148792,10958,Menlo,16,1,release,8,24,3,false,1814,0,false,Metal,Apple M5 Pro,0
arabic,dense_novel_text,softwrap,40,12,10,7125,1144042,10625,Menlo,16,1,release,8,24,3,false,1814,0,false,Metal,Apple M5 Pro,0
arabic,dense_novel_text,softwrap,40,12,11,7125,1157084,10625,Menlo,16,1,release,8,24,3,false,1814,0,false,Metal,Apple M5 Pro,0
arabic,dense_novel_text,softwrap,40,12,12,7166,1184208,10875,Menlo,16,1,release,8,24,3,false,1814,0,false,Metal,Apple M5 Pro,0
arabic,dense_novel_text,softwrap,40,12,13,7500,1156083,10625,Menlo,16,1,release,8,24,3,false,1814,0,false,Metal,Apple M5 Pro,0
arabic,dense_novel_text,softwrap,40,12,14,7291,1152709,10583,Menlo,16,1,release,8,24,3,false,1814,0,false,Metal,Apple M5 Pro,0
arabic,dense_novel_text,softwrap,40,12,15,7250,1151916,10584,Menlo,16,1,release,8,24,3,false,1814,0,false,Metal,Apple M5 Pro,0
arabic,dense_novel_text,softwrap,40,12,16,7083,1148958,10584,Menlo,16,1,release,8,24,3,false,1814,0,false,Metal,Apple M5 Pro,0
arabic,dense_novel_text,softwrap,40,12,17,7167,1152083,10625,Menlo,16,1,release,8,24,3,false,1814,0,false,Metal,Apple M5 Pro,0
arabic,dense_novel_text,softwrap,40,12,18,7167,1149458,10583,Menlo,16,1,release,8,24,3,false,1814,0,false,Metal,Apple M5 Pro,0
arabic,dense_novel_text,softwrap,40,12,19,7166,1152750,10708,Menlo,16,1,release,8,24,3,false,1814,0,false,Metal,Apple M5 Pro,0
arabic,dense_novel_text,softwrap,40,12,20,7125,1171125,10583,Menlo,16,1,release,8,24,3,false,1814,0,false,Metal,Apple M5 Pro,0
arabic,dense_novel_text,softwrap,40,12,21,7208,1156917,10583,Menlo,16,1,release,8,24,3,false,1814,0,false,Metal,Apple M5 Pro,0
arabic,dense_novel_text,softwrap,40,12,22,7166,1154292,10583,Menlo,16,1,release,8,24,3,false,1814,0,false,Metal,Apple M5 Pro,0
arabic,dense_novel_text,softwrap,40,12,23,7208,1152375,10625,Menlo,16,1,release,8,24,3,false,1814,0,false,Metal,Apple M5 Pro,0
rtl_context_ltr_viewport,sparse_novel_counter,explicit_rows,40,12,0,3625,4625,666,Menlo,16,1,release,8,24,3,false,0,0,false,Metal,Apple M5 Pro,0
rtl_context_ltr_viewport,sparse_novel_counter,explicit_rows,40,12,1,3667,5000,37542,Menlo,16,1,release,8,24,3,false,0,0,false,Metal,Apple M5 Pro,0
rtl_context_ltr_viewport,sparse_novel_counter,explicit_rows,40,12,2,3709,5583,708,Menlo,16,1,release,8,24,3,false,0,0,false,Metal,Apple M5 Pro,0
rtl_context_ltr_viewport,sparse_novel_counter,explicit_rows,40,12,3,3667,4792,666,Menlo,16,1,release,8,24,3,false,0,0,false,Metal,Apple M5 Pro,0
rtl_context_ltr_viewport,sparse_novel_counter,explicit_rows,40,12,4,3625,5750,667,Menlo,16,1,release,8,24,3,false,0,0,false,Metal,Apple M5 Pro,0
rtl_context_ltr_viewport,sparse_novel_counter,explicit_rows,40,12,5,3667,4875,666,Menlo,16,1,release,8,24,3,false,0,0,false,Metal,Apple M5 Pro,0
rtl_context_ltr_viewport,sparse_novel_counter,explicit_rows,40,12,6,3750,4916,667,Menlo,16,1,release,8,24,3,false,0,0,false,Metal,Apple M5 Pro,0
rtl_context_ltr_viewport,sparse_novel_counter,explicit_rows,40,12,7,3750,4875,625,Menlo,16,1,release,8,24,3,false,0,0,false,Metal,Apple M5 Pro,0
rtl_context_ltr_viewport,sparse_novel_counter,explicit_rows,40,12,8,3667,5083,625,Menlo,16,1,release,8,24,3,false,0,0,false,Metal,Apple M5 Pro,0
rtl_context_ltr_viewport,sparse_novel_counter,explicit_rows,40,12,9,3625,12375,625,Menlo,16,1,release,8,24,3,false,0,0,false,Metal,Apple M5 Pro,0
rtl_context_ltr_viewport,sparse_novel_counter,explicit_rows,40,12,10,3666,5584,666,Menlo,16,1,release,8,24,3,false,0,0,false,Metal,Apple M5 Pro,0
rtl_context_ltr_viewport,sparse_novel_counter,explicit_rows,40,12,11,3750,5041,19000,Menlo,16,1,release,8,24,3,false,0,0,false,Metal,Apple M5 Pro,0
rtl_context_ltr_viewport,sparse_novel_counter,explicit_rows,40,12,12,3666,4875,667,Menlo,16,1,release,8,24,3,false,0,0,false,Metal,Apple M5 Pro,0
rtl_context_ltr_viewport,sparse_novel_counter,explicit_rows,40,12,13,3792,5375,666,Menlo,16,1,release,8,24,3,false,0,0,false,Metal,Apple M5 Pro,0
rtl_context_ltr_viewport,sparse_novel_counter,explicit_rows,40,12,14,3666,5125,792,Menlo,16,1,release,8,24,3,false,0,0,false,Metal,Apple M5 Pro,0
rtl_context_ltr_viewport,sparse_novel_counter,explicit_rows,40,12,15,3666,5250,666,Menlo,16,1,release,8,24,3,false,0,0,false,Metal,Apple M5 Pro,0
rtl_context_ltr_viewport,sparse_novel_counter,explicit_rows,40,12,16,3584,5750,667,Menlo,16,1,release,8,24,3,false,0,0,false,Metal,Apple M5 Pro,0
rtl_context_ltr_viewport,sparse_novel_counter,explicit_rows,40,12,17,3667,5041,625,Menlo,16,1,release,8,24,3,false,0,0,false,Metal,Apple M5 Pro,0
rtl_context_ltr_viewport,sparse_novel_counter,explicit_rows,40,12,18,3625,5166,667,Menlo,16,1,release,8,24,3,false,0,0,false,Metal,Apple M5 Pro,0
rtl_context_ltr_viewport,sparse_novel_counter,explicit_rows,40,12,19,3625,5125,666,Menlo,16,1,release,8,24,3,false,0,0,false,Metal,Apple M5 Pro,0
rtl_context_ltr_viewport,sparse_novel_counter,explicit_rows,40,12,20,3625,5083,667,Menlo,16,1,release,8,24,3,false,0,0,false,Metal,Apple M5 Pro,0
rtl_context_ltr_viewport,sparse_novel_counter,explicit_rows,40,12,21,3625,4750,18209,Menlo,16,1,release,8,24,3,false,0,0,false,Metal,Apple M5 Pro,0
rtl_context_ltr_viewport,sparse_novel_counter,explicit_rows,40,12,22,3666,5750,667,Menlo,16,1,release,8,24,3,false,0,0,false,Metal,Apple M5 Pro,0
rtl_context_ltr_viewport,sparse_novel_counter,explicit_rows,40,12,23,3666,4875,667,Menlo,16,1,release,8,24,3,false,0,0,false,Metal,Apple M5 Pro,0
rtl_context_ltr_viewport,sparse_novel_counter,softwrap,40,12,0,6834,348084,10083,Menlo,16,1,release,8,24,3,false,1081,0,false,Metal,Apple M5 Pro,0
rtl_context_ltr_viewport,sparse_novel_counter,softwrap,40,12,1,28667,372041,10000,Menlo,16,1,release,8,24,3,false,1081,0,false,Metal,Apple M5 Pro,0
rtl_context_ltr_viewport,sparse_novel_counter,softwrap,40,12,2,7333,354500,9958,Menlo,16,1,release,8,24,3,false,1081,0,false,Metal,Apple M5 Pro,0
rtl_context_ltr_viewport,sparse_novel_counter,softwrap,40,12,3,7042,351291,9875,Menlo,16,1,release,8,24,3,false,1081,0,false,Metal,Apple M5 Pro,0
rtl_context_ltr_viewport,sparse_novel_counter,softwrap,40,12,4,6875,349416,9958,Menlo,16,1,release,8,24,3,false,1081,0,false,Metal,Apple M5 Pro,0
rtl_context_ltr_viewport,sparse_novel_counter,softwrap,40,12,5,6875,348750,9875,Menlo,16,1,release,8,24,3,false,1081,0,false,Metal,Apple M5 Pro,0
rtl_context_ltr_viewport,sparse_novel_counter,softwrap,40,12,6,6791,366875,10208,Menlo,16,1,release,8,24,3,false,1081,0,false,Metal,Apple M5 Pro,0
rtl_context_ltr_viewport,sparse_novel_counter,softwrap,40,12,7,7000,345333,10000,Menlo,16,1,release,8,24,3,false,1081,0,false,Metal,Apple M5 Pro,0
rtl_context_ltr_viewport,sparse_novel_counter,softwrap,40,12,8,6792,345375,9916,Menlo,16,1,release,8,24,3,false,1081,0,false,Metal,Apple M5 Pro,0
rtl_context_ltr_viewport,sparse_novel_counter,softwrap,40,12,9,6708,343541,9917,Menlo,16,1,release,8,24,3,false,1081,0,false,Metal,Apple M5 Pro,0
rtl_context_ltr_viewport,sparse_novel_counter,softwrap,40,12,10,6708,345459,10000,Menlo,16,1,release,8,24,3,false,1081,0,false,Metal,Apple M5 Pro,0
rtl_context_ltr_viewport,sparse_novel_counter,softwrap,40,12,11,6792,343208,9875,Menlo,16,1,release,8,24,3,false,1081,0,false,Metal,Apple M5 Pro,0
rtl_context_ltr_viewport,sparse_novel_counter,softwrap,40,12,12,6750,343500,9875,Menlo,16,1,release,8,24,3,false,1081,0,false,Metal,Apple M5 Pro,0
rtl_context_ltr_viewport,sparse_novel_counter,softwrap,40,12,13,6709,345292,10000,Menlo,16,1,release,8,24,3,false,1081,0,false,Metal,Apple M5 Pro,0
rtl_context_ltr_viewport,sparse_novel_counter,softwrap,40,12,14,7000,356208,9958,Menlo,16,1,release,8,24,3,false,1081,0,false,Metal,Apple M5 Pro,0
rtl_context_ltr_viewport,sparse_novel_counter,softwrap,40,12,15,6916,351458,9917,Menlo,16,1,release,8,24,3,false,1081,0,false,Metal,Apple M5 Pro,0
rtl_context_ltr_viewport,sparse_novel_counter,softwrap,40,12,16,7000,343667,9875,Menlo,16,1,release,8,24,3,false,1081,0,false,Metal,Apple M5 Pro,0
rtl_context_ltr_viewport,sparse_novel_counter,softwrap,40,12,17,6917,357000,9917,Menlo,16,1,release,8,24,3,false,1081,0,false,Metal,Apple M5 Pro,0
rtl_context_ltr_viewport,sparse_novel_counter,softwrap,40,12,18,6917,357334,9959,Menlo,16,1,release,8,24,3,false,1081,0,false,Metal,Apple M5 Pro,0
rtl_context_ltr_viewport,sparse_novel_counter,softwrap,40,12,19,6875,348125,9875,Menlo,16,1,release,8,24,3,false,1081,0,false,Metal,Apple M5 Pro,0
rtl_context_ltr_viewport,sparse_novel_counter,softwrap,40,12,20,6917,348459,9916,Menlo,16,1,release,8,24,3,false,1081,0,false,Metal,Apple M5 Pro,0
rtl_context_ltr_viewport,sparse_novel_counter,softwrap,40,12,21,6916,344667,9917,Menlo,16,1,release,8,24,3,false,1081,0,false,Metal,Apple M5 Pro,0
rtl_context_ltr_viewport,sparse_novel_counter,softwrap,40,12,22,6917,354958,10083,Menlo,16,1,release,8,24,3,false,1081,0,false,Metal,Apple M5 Pro,0
rtl_context_ltr_viewport,sparse_novel_counter,softwrap,40,12,23,6791,356667,9916,Menlo,16,1,release,8,24,3,false,1081,0,false,Metal,Apple M5 Pro,0
rtl_context_ltr_viewport,scroll_cycle,explicit_rows,40,12,0,4792,3916,6625,Menlo,16,1,release,8,24,3,false,0,0,false,Metal,Apple M5 Pro,3
rtl_context_ltr_viewport,scroll_cycle,explicit_rows,40,12,1,3708,3791,6625,Menlo,16,1,release,8,24,3,false,0,0,false,Metal,Apple M5 Pro,6
rtl_context_ltr_viewport,scroll_cycle,explicit_rows,40,12,2,3667,3750,6750,Menlo,16,1,release,8,24,3,false,0,0,false,Metal,Apple M5 Pro,9
rtl_context_ltr_viewport,scroll_cycle,explicit_rows,40,12,3,3708,3709,6584,Menlo,16,1,release,8,24,3,false,0,0,false,Metal,Apple M5 Pro,12
rtl_context_ltr_viewport,scroll_cycle,explicit_rows,40,12,4,3709,3750,6584,Menlo,16,1,release,8,24,3,false,0,0,false,Metal,Apple M5 Pro,9
rtl_context_ltr_viewport,scroll_cycle,explicit_rows,40,12,5,3750,4000,6625,Menlo,16,1,release,8,24,3,false,0,0,false,Metal,Apple M5 Pro,6
rtl_context_ltr_viewport,scroll_cycle,explicit_rows,40,12,6,3667,3792,6791,Menlo,16,1,release,8,24,3,false,0,0,false,Metal,Apple M5 Pro,3
rtl_context_ltr_viewport,scroll_cycle,explicit_rows,40,12,7,3667,3750,6750,Menlo,16,1,release,8,24,3,false,0,0,false,Metal,Apple M5 Pro,0
rtl_context_ltr_viewport,scroll_cycle,explicit_rows,40,12,8,3625,3959,6750,Menlo,16,1,release,8,24,3,false,0,0,false,Metal,Apple M5 Pro,3
rtl_context_ltr_viewport,scroll_cycle,explicit_rows,40,12,9,3667,4000,6583,Menlo,16,1,release,8,24,3,false,0,0,false,Metal,Apple M5 Pro,6
rtl_context_ltr_viewport,scroll_cycle,explicit_rows,40,12,10,3625,4042,6583,Menlo,16,1,release,8,24,3,false,0,0,false,Metal,Apple M5 Pro,9
rtl_context_ltr_viewport,scroll_cycle,explicit_rows,40,12,11,3708,3792,6667,Menlo,16,1,release,8,24,3,false,0,0,false,Metal,Apple M5 Pro,12
rtl_context_ltr_viewport,scroll_cycle,explicit_rows,40,12,12,3625,3750,6542,Menlo,16,1,release,8,24,3,false,0,0,false,Metal,Apple M5 Pro,9
rtl_context_ltr_viewport,scroll_cycle,explicit_rows,40,12,13,3625,3708,6625,Menlo,16,1,release,8,24,3,false,0,0,false,Metal,Apple M5 Pro,6
rtl_context_ltr_viewport,scroll_cycle,explicit_rows,40,12,14,3625,3709,6542,Menlo,16,1,release,8,24,3,false,0,0,false,Metal,Apple M5 Pro,3
rtl_context_ltr_viewport,scroll_cycle,explicit_rows,40,12,15,3625,3709,6542,Menlo,16,1,release,8,24,3,false,0,0,false,Metal,Apple M5 Pro,0
rtl_context_ltr_viewport,scroll_cycle,explicit_rows,40,12,16,3666,3750,6583,Menlo,16,1,release,8,24,3,false,0,0,false,Metal,Apple M5 Pro,3
rtl_context_ltr_viewport,scroll_cycle,explicit_rows,40,12,17,3625,3959,6542,Menlo,16,1,release,8,24,3,false,0,0,false,Metal,Apple M5 Pro,6
rtl_context_ltr_viewport,scroll_cycle,explicit_rows,40,12,18,3625,3792,6666,Menlo,16,1,release,8,24,3,false,0,0,false,Metal,Apple M5 Pro,9
rtl_context_ltr_viewport,scroll_cycle,explicit_rows,40,12,19,3667,3792,6583,Menlo,16,1,release,8,24,3,false,0,0,false,Metal,Apple M5 Pro,12
rtl_context_ltr_viewport,scroll_cycle,explicit_rows,40,12,20,3666,4000,6750,Menlo,16,1,release,8,24,3,false,0,0,false,Metal,Apple M5 Pro,9
rtl_context_ltr_viewport,scroll_cycle,explicit_rows,40,12,21,3667,3750,6708,Menlo,16,1,release,8,24,3,false,0,0,false,Metal,Apple M5 Pro,6
rtl_context_ltr_viewport,scroll_cycle,explicit_rows,40,12,22,3625,4042,6583,Menlo,16,1,release,8,24,3,false,0,0,false,Metal,Apple M5 Pro,3
rtl_context_ltr_viewport,scroll_cycle,explicit_rows,40,12,23,3750,3959,6708,Menlo,16,1,release,8,24,3,false,0,0,false,Metal,Apple M5 Pro,0
rtl_context_ltr_viewport,scroll_cycle,softwrap,40,12,0,6709,4416,10875,Menlo,16,1,release,8,24,3,false,959,122,false,Metal,Apple M5 Pro,3
rtl_context_ltr_viewport,scroll_cycle,softwrap,40,12,1,6625,4042,10917,Menlo,16,1,release,8,24,3,false,837,243,false,Metal,Apple M5 Pro,6
rtl_context_ltr_viewport,scroll_cycle,softwrap,40,12,2,6583,4292,10709,Menlo,16,1,release,8,24,3,false,715,365,false,Metal,Apple M5 Pro,9
rtl_context_ltr_viewport,scroll_cycle,softwrap,40,12,3,6542,4042,10542,Menlo,16,1,release,8,24,3,false,593,487,false,Metal,Apple M5 Pro,12
rtl_context_ltr_viewport,scroll_cycle,softwrap,40,12,4,6375,4250,10167,Menlo,16,1,release,8,24,3,false,715,365,false,Metal,Apple M5 Pro,9
rtl_context_ltr_viewport,scroll_cycle,softwrap,40,12,5,6417,4000,10291,Menlo,16,1,release,8,24,3,false,837,243,false,Metal,Apple M5 Pro,6
rtl_context_ltr_viewport,scroll_cycle,softwrap,40,12,6,6500,4292,10250,Menlo,16,1,release,8,24,3,false,959,122,false,Metal,Apple M5 Pro,3
rtl_context_ltr_viewport,scroll_cycle,softwrap,40,12,7,6500,4041,9542,Menlo,16,1,release,8,24,3,false,1081,0,false,Metal,Apple M5 Pro,0
rtl_context_ltr_viewport,scroll_cycle,softwrap,40,12,8,6417,4041,10125,Menlo,16,1,release,8,24,3,false,959,122,false,Metal,Apple M5 Pro,3
rtl_context_ltr_viewport,scroll_cycle,softwrap,40,12,9,6417,4250,10167,Menlo,16,1,release,8,24,3,false,837,243,false,Metal,Apple M5 Pro,6
rtl_context_ltr_viewport,scroll_cycle,softwrap,40,12,10,6709,4250,10083,Menlo,16,1,release,8,24,3,false,715,365,false,Metal,Apple M5 Pro,9
rtl_context_ltr_viewport,scroll_cycle,softwrap,40,12,11,6417,4041,10209,Menlo,16,1,release,8,24,3,false,593,487,false,Metal,Apple M5 Pro,12
rtl_context_ltr_viewport,scroll_cycle,softwrap,40,12,12,6375,4000,10166,Menlo,16,1,release,8,24,3,false,715,365,false,Metal,Apple M5 Pro,9
rtl_context_ltr_viewport,scroll_cycle,softwrap,40,12,13,6334,4250,10167,Menlo,16,1,release,8,24,3,false,837,243,false,Metal,Apple M5 Pro,6
rtl_context_ltr_viewport,scroll_cycle,softwrap,40,12,14,6250,4250,10166,Menlo,16,1,release,8,24,3,false,959,122,false,Metal,Apple M5 Pro,3
rtl_context_ltr_viewport,scroll_cycle,softwrap,40,12,15,6334,4000,9333,Menlo,16,1,release,8,24,3,false,1081,0,false,Metal,Apple M5 Pro,0
rtl_context_ltr_viewport,scroll_cycle,softwrap,40,12,16,6333,4000,10583,Menlo,16,1,release,8,24,3,false,959,122,false,Metal,Apple M5 Pro,3
rtl_context_ltr_viewport,scroll_cycle,softwrap,40,12,17,6333,4209,10584,Menlo,16,1,release,8,24,3,false,837,243,false,Metal,Apple M5 Pro,6
rtl_context_ltr_viewport,scroll_cycle,softwrap,40,12,18,6375,4250,10667,Menlo,16,1,release,8,24,3,false,715,365,false,Metal,Apple M5 Pro,9
rtl_context_ltr_viewport,scroll_cycle,softwrap,40,12,19,6459,4083,10542,Menlo,16,1,release,8,24,3,false,593,487,false,Metal,Apple M5 Pro,12
rtl_context_ltr_viewport,scroll_cycle,softwrap,40,12,20,6375,4250,10209,Menlo,16,1,release,8,24,3,false,715,365,false,Metal,Apple M5 Pro,9
rtl_context_ltr_viewport,scroll_cycle,softwrap,40,12,21,6334,4000,10250,Menlo,16,1,release,8,24,3,false,837,243,false,Metal,Apple M5 Pro,6
rtl_context_ltr_viewport,scroll_cycle,softwrap,40,12,22,6291,4000,10292,Menlo,16,1,release,8,24,3,false,959,122,false,Metal,Apple M5 Pro,3
rtl_context_ltr_viewport,scroll_cycle,softwrap,40,12,23,6334,4291,9334,Menlo,16,1,release,8,24,3,false,1081,0,false,Metal,Apple M5 Pro,0
rtl_context_ltr_viewport,dense_novel_text,explicit_rows,40,12,0,3625,15583,7041,Menlo,16,1,release,8,24,3,false,0,0,false,Metal,Apple M5 Pro,0
rtl_context_ltr_viewport,dense_novel_text,explicit_rows,40,12,1,3667,44416,21459,Menlo,16,1,release,8,24,3,false,0,0,false,Metal,Apple M5 Pro,0
rtl_context_ltr_viewport,dense_novel_text,explicit_rows,40,12,2,3667,16583,7167,Menlo,16,1,release,8,24,3,false,0,0,false,Metal,Apple M5 Pro,0
rtl_context_ltr_viewport,dense_novel_text,explicit_rows,40,12,3,3667,15875,7166,Menlo,16,1,release,8,24,3,false,0,0,false,Metal,Apple M5 Pro,0
rtl_context_ltr_viewport,dense_novel_text,explicit_rows,40,12,4,3791,16333,6625,Menlo,16,1,release,8,24,3,false,0,0,false,Metal,Apple M5 Pro,0
rtl_context_ltr_viewport,dense_novel_text,explicit_rows,40,12,5,3667,16125,6667,Menlo,16,1,release,8,24,3,false,0,0,false,Metal,Apple M5 Pro,0
rtl_context_ltr_viewport,dense_novel_text,explicit_rows,40,12,6,3625,15709,6750,Menlo,16,1,release,8,24,3,false,0,0,false,Metal,Apple M5 Pro,0
rtl_context_ltr_viewport,dense_novel_text,explicit_rows,40,12,7,3625,15750,6666,Menlo,16,1,release,8,24,3,false,0,0,false,Metal,Apple M5 Pro,0
rtl_context_ltr_viewport,dense_novel_text,explicit_rows,40,12,8,3625,16916,6625,Menlo,16,1,release,8,24,3,false,0,0,false,Metal,Apple M5 Pro,0
rtl_context_ltr_viewport,dense_novel_text,explicit_rows,40,12,9,3667,16750,6792,Menlo,16,1,release,8,24,3,false,0,0,false,Metal,Apple M5 Pro,0
rtl_context_ltr_viewport,dense_novel_text,explicit_rows,40,12,10,3625,75208,6625,Menlo,16,1,release,8,24,3,false,0,0,false,Metal,Apple M5 Pro,0
rtl_context_ltr_viewport,dense_novel_text,explicit_rows,40,12,11,3792,15708,21000,Menlo,16,1,release,8,24,3,false,0,0,false,Metal,Apple M5 Pro,0
rtl_context_ltr_viewport,dense_novel_text,explicit_rows,40,12,12,3791,15625,7292,Menlo,16,1,release,8,24,3,false,0,0,false,Metal,Apple M5 Pro,0
rtl_context_ltr_viewport,dense_novel_text,explicit_rows,40,12,13,3750,17834,7250,Menlo,16,1,release,8,24,3,false,0,0,false,Metal,Apple M5 Pro,0
rtl_context_ltr_viewport,dense_novel_text,explicit_rows,40,12,14,3708,18417,7125,Menlo,16,1,release,8,24,3,false,0,0,false,Metal,Apple M5 Pro,0
rtl_context_ltr_viewport,dense_novel_text,explicit_rows,40,12,15,3709,18334,7291,Menlo,16,1,release,8,24,3,false,0,0,false,Metal,Apple M5 Pro,0
rtl_context_ltr_viewport,dense_novel_text,explicit_rows,40,12,16,3667,18083,7167,Menlo,16,1,release,8,24,3,false,0,0,false,Metal,Apple M5 Pro,0
rtl_context_ltr_viewport,dense_novel_text,explicit_rows,40,12,17,3750,18542,6916,Menlo,16,1,release,8,24,3,false,0,0,false,Metal,Apple M5 Pro,0
rtl_context_ltr_viewport,dense_novel_text,explicit_rows,40,12,18,3792,18542,6791,Menlo,16,1,release,8,24,3,false,0,0,false,Metal,Apple M5 Pro,0
rtl_context_ltr_viewport,dense_novel_text,explicit_rows,40,12,19,3666,17917,6708,Menlo,16,1,release,8,24,3,false,0,0,false,Metal,Apple M5 Pro,0
rtl_context_ltr_viewport,dense_novel_text,explicit_rows,40,12,20,3792,19125,6792,Menlo,16,1,release,8,24,3,false,0,0,false,Metal,Apple M5 Pro,0
rtl_context_ltr_viewport,dense_novel_text,explicit_rows,40,12,21,3750,18709,18375,Menlo,16,1,release,8,24,3,false,0,0,false,Metal,Apple M5 Pro,0
rtl_context_ltr_viewport,dense_novel_text,explicit_rows,40,12,22,3834,18166,6750,Menlo,16,1,release,8,24,3,false,0,0,false,Metal,Apple M5 Pro,0
rtl_context_ltr_viewport,dense_novel_text,explicit_rows,40,12,23,3708,18250,6625,Menlo,16,1,release,8,24,3,false,0,0,false,Metal,Apple M5 Pro,0
rtl_context_ltr_viewport,dense_novel_text,softwrap,40,12,0,6875,342791,9958,Menlo,16,1,release,8,24,3,false,1081,0,false,Metal,Apple M5 Pro,0
rtl_context_ltr_viewport,dense_novel_text,softwrap,40,12,1,6708,342750,9917,Menlo,16,1,release,8,24,3,false,1081,0,false,Metal,Apple M5 Pro,0
rtl_context_ltr_viewport,dense_novel_text,softwrap,40,12,2,6750,345666,9959,Menlo,16,1,release,8,24,3,false,1081,0,false,Metal,Apple M5 Pro,0
rtl_context_ltr_viewport,dense_novel_text,softwrap,40,12,3,6750,354792,9958,Menlo,16,1,release,8,24,3,false,1081,0,false,Metal,Apple M5 Pro,0
rtl_context_ltr_viewport,dense_novel_text,softwrap,40,12,4,6583,354583,10042,Menlo,16,1,release,8,24,3,false,1081,0,false,Metal,Apple M5 Pro,0
rtl_context_ltr_viewport,dense_novel_text,softwrap,40,12,5,6667,355208,10000,Menlo,16,1,release,8,24,3,false,1081,0,false,Metal,Apple M5 Pro,0
rtl_context_ltr_viewport,dense_novel_text,softwrap,40,12,6,6792,364333,10042,Menlo,16,1,release,8,24,3,false,1081,0,false,Metal,Apple M5 Pro,0
rtl_context_ltr_viewport,dense_novel_text,softwrap,40,12,7,6667,353292,10000,Menlo,16,1,release,8,24,3,false,1081,0,false,Metal,Apple M5 Pro,0
rtl_context_ltr_viewport,dense_novel_text,softwrap,40,12,8,6667,359000,9959,Menlo,16,1,release,8,24,3,false,1081,0,false,Metal,Apple M5 Pro,0
rtl_context_ltr_viewport,dense_novel_text,softwrap,40,12,9,6708,354334,10000,Menlo,16,1,release,8,24,3,false,1081,0,false,Metal,Apple M5 Pro,0
rtl_context_ltr_viewport,dense_novel_text,softwrap,40,12,10,6708,344500,10000,Menlo,16,1,release,8,24,3,false,1081,0,false,Metal,Apple M5 Pro,0
rtl_context_ltr_viewport,dense_novel_text,softwrap,40,12,11,6833,347125,10000,Menlo,16,1,release,8,24,3,false,1081,0,false,Metal,Apple M5 Pro,0
rtl_context_ltr_viewport,dense_novel_text,softwrap,40,12,12,6667,344666,9959,Menlo,16,1,release,8,24,3,false,1081,0,false,Metal,Apple M5 Pro,0
rtl_context_ltr_viewport,dense_novel_text,softwrap,40,12,13,6666,345042,9917,Menlo,16,1,release,8,24,3,false,1081,0,false,Metal,Apple M5 Pro,0
rtl_context_ltr_viewport,dense_novel_text,softwrap,40,12,14,6583,345792,10000,Menlo,16,1,release,8,24,3,false,1081,0,false,Metal,Apple M5 Pro,0
rtl_context_ltr_viewport,dense_novel_text,softwrap,40,12,15,6667,345500,9917,Menlo,16,1,release,8,24,3,false,1081,0,false,Metal,Apple M5 Pro,0
rtl_context_ltr_viewport,dense_novel_text,softwrap,40,12,16,6625,348250,10000,Menlo,16,1,release,8,24,3,false,1081,0,false,Metal,Apple M5 Pro,0
rtl_context_ltr_viewport,dense_novel_text,softwrap,40,12,17,6667,363250,12500,Menlo,16,1,release,8,24,3,false,1081,0,false,Metal,Apple M5 Pro,0
rtl_context_ltr_viewport,dense_novel_text,softwrap,40,12,18,7416,376792,9917,Menlo,16,1,release,8,24,3,false,1081,0,false,Metal,Apple M5 Pro,0
rtl_context_ltr_viewport,dense_novel_text,softwrap,40,12,19,7042,364542,10000,Menlo,16,1,release,8,24,3,false,1081,0,false,Metal,Apple M5 Pro,0
rtl_context_ltr_viewport,dense_novel_text,softwrap,40,12,20,6833,356334,9958,Menlo,16,1,release,8,24,3,false,1081,0,false,Metal,Apple M5 Pro,0
rtl_context_ltr_viewport,dense_novel_text,softwrap,40,12,21,6708,354750,9958,Menlo,16,1,release,8,24,3,false,1081,0,false,Metal,Apple M5 Pro,0
rtl_context_ltr_viewport,dense_novel_text,softwrap,40,12,22,6833,350541,10125,Menlo,16,1,release,8,24,3,false,1081,0,false,Metal,Apple M5 Pro,0
rtl_context_ltr_viewport,dense_novel_text,softwrap,40,12,23,6792,348708,10000,Menlo,16,1,release,8,24,3,false,1081,0,false,Metal,Apple M5 Pro,0
latin_accents,sparse_novel_counter,explicit_rows,81,25,0,15750,42291,1959,Menlo,16,1,release,8,24,3,false,0,0,false,Metal,Apple M5 Pro,0
latin_accents,sparse_novel_counter,explicit_rows,81,25,1,15750,41042,1917,Menlo,16,1,release,8,24,3,false,0,0,false,Metal,Apple M5 Pro,0
latin_accents,sparse_novel_counter,explicit_rows,81,25,2,15833,62583,1958,Menlo,16,1,release,8,24,3,false,0,0,false,Metal,Apple M5 Pro,0
latin_accents,sparse_novel_counter,explicit_rows,81,25,3,15667,40041,1917,Menlo,16,1,release,8,24,3,false,0,0,false,Metal,Apple M5 Pro,0
latin_accents,sparse_novel_counter,explicit_rows,81,25,4,15750,41042,1959,Menlo,16,1,release,8,24,3,false,0,0,false,Metal,Apple M5 Pro,0
latin_accents,sparse_novel_counter,explicit_rows,81,25,5,15875,40792,1916,Menlo,16,1,release,8,24,3,false,0,0,false,Metal,Apple M5 Pro,0
latin_accents,sparse_novel_counter,explicit_rows,81,25,6,15833,41292,1916,Menlo,16,1,release,8,24,3,false,0,0,false,Metal,Apple M5 Pro,0
latin_accents,sparse_novel_counter,explicit_rows,81,25,7,15833,40500,1958,Menlo,16,1,release,8,24,3,false,0,0,false,Metal,Apple M5 Pro,0
latin_accents,sparse_novel_counter,explicit_rows,81,25,8,16375,41167,1916,Menlo,16,1,release,8,24,3,false,0,0,false,Metal,Apple M5 Pro,0
latin_accents,sparse_novel_counter,explicit_rows,81,25,9,15834,40291,1917,Menlo,16,1,release,8,24,3,false,0,0,false,Metal,Apple M5 Pro,0
latin_accents,sparse_novel_counter,explicit_rows,81,25,10,15917,42166,1958,Menlo,16,1,release,8,24,3,false,0,0,false,Metal,Apple M5 Pro,0
latin_accents,sparse_novel_counter,explicit_rows,81,25,11,15792,40417,1917,Menlo,16,1,release,8,24,3,false,0,0,false,Metal,Apple M5 Pro,0
latin_accents,sparse_novel_counter,explicit_rows,81,25,12,15666,41875,1958,Menlo,16,1,release,8,24,3,false,0,0,false,Metal,Apple M5 Pro,0
latin_accents,sparse_novel_counter,explicit_rows,81,25,13,15709,39875,1958,Menlo,16,1,release,8,24,3,false,0,0,false,Metal,Apple M5 Pro,0
latin_accents,sparse_novel_counter,explicit_rows,81,25,14,15750,41083,1916,Menlo,16,1,release,8,24,3,false,0,0,false,Metal,Apple M5 Pro,0
latin_accents,sparse_novel_counter,explicit_rows,81,25,15,15750,41958,1917,Menlo,16,1,release,8,24,3,false,0,0,false,Metal,Apple M5 Pro,0
latin_accents,sparse_novel_counter,explicit_rows,81,25,16,15792,41166,1917,Menlo,16,1,release,8,24,3,false,0,0,false,Metal,Apple M5 Pro,0
latin_accents,sparse_novel_counter,explicit_rows,81,25,17,15750,40209,1958,Menlo,16,1,release,8,24,3,false,0,0,false,Metal,Apple M5 Pro,0
latin_accents,sparse_novel_counter,explicit_rows,81,25,18,15833,40792,1916,Menlo,16,1,release,8,24,3,false,0,0,false,Metal,Apple M5 Pro,0
latin_accents,sparse_novel_counter,explicit_rows,81,25,19,16250,40708,1833,Menlo,16,1,release,8,24,3,false,0,0,false,Metal,Apple M5 Pro,0
latin_accents,sparse_novel_counter,explicit_rows,81,25,20,15833,42709,1959,Menlo,16,1,release,8,24,3,false,0,0,false,Metal,Apple M5 Pro,0
latin_accents,sparse_novel_counter,explicit_rows,81,25,21,15708,41750,1958,Menlo,16,1,release,8,24,3,false,0,0,false,Metal,Apple M5 Pro,0
latin_accents,sparse_novel_counter,explicit_rows,81,25,22,15875,42708,1958,Menlo,16,1,release,8,24,3,false,0,0,false,Metal,Apple M5 Pro,0
latin_accents,sparse_novel_counter,explicit_rows,81,25,23,16125,41458,1958,Menlo,16,1,release,8,24,3,false,0,0,false,Metal,Apple M5 Pro,0
latin_accents,sparse_novel_counter,softwrap,81,25,0,27958,1261625,44625,Menlo,16,1,release,8,24,3,false,4677,0,false,Metal,Apple M5 Pro,0
latin_accents,sparse_novel_counter,softwrap,81,25,1,27917,1269125,44584,Menlo,16,1,release,8,24,3,false,4677,0,false,Metal,Apple M5 Pro,0
latin_accents,sparse_novel_counter,softwrap,81,25,2,29375,1202208,44417,Menlo,16,1,release,8,24,3,false,4677,0,false,Metal,Apple M5 Pro,0
latin_accents,sparse_novel_counter,softwrap,81,25,3,29042,1210958,44417,Menlo,16,1,release,8,24,3,false,4677,0,false,Metal,Apple M5 Pro,0
latin_accents,sparse_novel_counter,softwrap,81,25,4,28500,1233750,50333,Menlo,16,1,release,8,24,3,false,4677,0,false,Metal,Apple M5 Pro,0
latin_accents,sparse_novel_counter,softwrap,81,25,5,28792,1224250,44667,Menlo,16,1,release,8,24,3,false,4677,0,false,Metal,Apple M5 Pro,0
latin_accents,sparse_novel_counter,softwrap,81,25,6,31209,1222292,44250,Menlo,16,1,release,8,24,3,false,4677,0,false,Metal,Apple M5 Pro,0
latin_accents,sparse_novel_counter,softwrap,81,25,7,28875,1211625,44292,Menlo,16,1,release,8,24,3,false,4677,0,false,Metal,Apple M5 Pro,0
latin_accents,sparse_novel_counter,softwrap,81,25,8,28541,1261209,44375,Menlo,16,1,release,8,24,3,false,4677,0,false,Metal,Apple M5 Pro,0
latin_accents,sparse_novel_counter,softwrap,81,25,9,29625,1243667,44291,Menlo,16,1,release,8,24,3,false,4677,0,false,Metal,Apple M5 Pro,0
latin_accents,sparse_novel_counter,softwrap,81,25,10,28917,1227167,44250,Menlo,16,1,release,8,24,3,false,4677,0,false,Metal,Apple M5 Pro,0
latin_accents,sparse_novel_counter,softwrap,81,25,11,28917,1226541,47083,Menlo,16,1,release,8,24,3,false,4677,0,false,Metal,Apple M5 Pro,0
latin_accents,sparse_novel_counter,softwrap,81,25,12,28584,1218333,44208,Menlo,16,1,release,8,24,3,false,4677,0,false,Metal,Apple M5 Pro,0
latin_accents,sparse_novel_counter,softwrap,81,25,13,28542,1233958,44167,Menlo,16,1,release,8,24,3,false,4677,0,false,Metal,Apple M5 Pro,0
latin_accents,sparse_novel_counter,softwrap,81,25,14,28417,1214834,44250,Menlo,16,1,release,8,24,3,false,4677,0,false,Metal,Apple M5 Pro,0
latin_accents,sparse_novel_counter,softwrap,81,25,15,28042,1215834,44333,Menlo,16,1,release,8,24,3,false,4677,0,false,Metal,Apple M5 Pro,0
latin_accents,sparse_novel_counter,softwrap,81,25,16,49166,1238750,44333,Menlo,16,1,release,8,24,3,false,4677,0,false,Metal,Apple M5 Pro,0
latin_accents,sparse_novel_counter,softwrap,81,25,17,29083,1219375,44458,Menlo,16,1,release,8,24,3,false,4677,0,false,Metal,Apple M5 Pro,0
latin_accents,sparse_novel_counter,softwrap,81,25,18,28833,1240334,44084,Menlo,16,1,release,8,24,3,false,4677,0,false,Metal,Apple M5 Pro,0
latin_accents,sparse_novel_counter,softwrap,81,25,19,28584,1215750,44291,Menlo,16,1,release,8,24,3,false,4677,0,false,Metal,Apple M5 Pro,0
latin_accents,sparse_novel_counter,softwrap,81,25,20,28125,1209625,44250,Menlo,16,1,release,8,24,3,false,4677,0,false,Metal,Apple M5 Pro,0
latin_accents,sparse_novel_counter,softwrap,81,25,21,28542,1211125,44417,Menlo,16,1,release,8,24,3,false,4677,0,false,Metal,Apple M5 Pro,0
latin_accents,sparse_novel_counter,softwrap,81,25,22,28334,1201541,44500,Menlo,16,1,release,8,24,3,false,4677,0,false,Metal,Apple M5 Pro,0
latin_accents,sparse_novel_counter,softwrap,81,25,23,28292,1249208,44375,Menlo,16,1,release,8,24,3,false,4677,0,false,Metal,Apple M5 Pro,0
latin_accents,scroll_cycle,explicit_rows,81,25,0,15666,15792,45208,Menlo,16,1,release,8,24,3,false,0,0,false,Metal,Apple M5 Pro,6
latin_accents,scroll_cycle,explicit_rows,81,25,1,15834,15958,45000,Menlo,16,1,release,8,24,3,false,0,0,false,Metal,Apple M5 Pro,12
latin_accents,scroll_cycle,explicit_rows,81,25,2,15708,15958,45208,Menlo,16,1,release,8,24,3,false,0,0,false,Metal,Apple M5 Pro,18
latin_accents,scroll_cycle,explicit_rows,81,25,3,16000,15833,44375,Menlo,16,1,release,8,24,3,false,0,0,false,Metal,Apple M5 Pro,25
latin_accents,scroll_cycle,explicit_rows,81,25,4,15666,15958,43000,Menlo,16,1,release,8,24,3,false,0,0,false,Metal,Apple M5 Pro,18
latin_accents,scroll_cycle,explicit_rows,81,25,5,15875,15792,45333,Menlo,16,1,release,8,24,3,false,0,0,false,Metal,Apple M5 Pro,12
latin_accents,scroll_cycle,explicit_rows,81,25,6,15584,15791,44625,Menlo,16,1,release,8,24,3,false,0,0,false,Metal,Apple M5 Pro,6
latin_accents,scroll_cycle,explicit_rows,81,25,7,15834,15750,44750,Menlo,16,1,release,8,24,3,false,0,0,false,Metal,Apple M5 Pro,0
latin_accents,scroll_cycle,explicit_rows,81,25,8,15584,16041,45292,Menlo,16,1,release,8,24,3,false,0,0,false,Metal,Apple M5 Pro,6
latin_accents,scroll_cycle,explicit_rows,81,25,9,15625,15917,45292,Menlo,16,1,release,8,24,3,false,0,0,false,Metal,Apple M5 Pro,12
latin_accents,scroll_cycle,explicit_rows,81,25,10,15500,16042,44041,Menlo,16,1,release,8,24,3,false,0,0,false,Metal,Apple M5 Pro,18
latin_accents,scroll_cycle,explicit_rows,81,25,11,15584,15958,42458,Menlo,16,1,release,8,24,3,false,0,0,false,Metal,Apple M5 Pro,25
latin_accents,scroll_cycle,explicit_rows,81,25,12,15625,16125,43416,Menlo,16,1,release,8,24,3,false,0,0,false,Metal,Apple M5 Pro,18
latin_accents,scroll_cycle,explicit_rows,81,25,13,15709,15750,45250,Menlo,16,1,release,8,24,3,false,0,0,false,Metal,Apple M5 Pro,12
latin_accents,scroll_cycle,explicit_rows,81,25,14,15542,15875,43333,Menlo,16,1,release,8,24,3,false,0,0,false,Metal,Apple M5 Pro,6
latin_accents,scroll_cycle,explicit_rows,81,25,15,15542,15959,44834,Menlo,16,1,release,8,24,3,false,0,0,false,Metal,Apple M5 Pro,0
latin_accents,scroll_cycle,explicit_rows,81,25,16,15708,15833,44750,Menlo,16,1,release,8,24,3,false,0,0,false,Metal,Apple M5 Pro,6
latin_accents,scroll_cycle,explicit_rows,81,25,17,15708,15917,44083,Menlo,16,1,release,8,24,3,false,0,0,false,Metal,Apple M5 Pro,12
latin_accents,scroll_cycle,explicit_rows,81,25,18,15583,15916,43584,Menlo,16,1,release,8,24,3,false,0,0,false,Metal,Apple M5 Pro,18
latin_accents,scroll_cycle,explicit_rows,81,25,19,15584,16042,53083,Menlo,16,1,release,8,24,3,false,0,0,false,Metal,Apple M5 Pro,25
latin_accents,scroll_cycle,explicit_rows,81,25,20,15541,15875,50208,Menlo,16,1,release,8,24,3,false,0,0,false,Metal,Apple M5 Pro,18
latin_accents,scroll_cycle,explicit_rows,81,25,21,15584,16042,43833,Menlo,16,1,release,8,24,3,false,0,0,false,Metal,Apple M5 Pro,12
latin_accents,scroll_cycle,explicit_rows,81,25,22,16000,16000,42833,Menlo,16,1,release,8,24,3,false,0,0,false,Metal,Apple M5 Pro,6
latin_accents,scroll_cycle,explicit_rows,81,25,23,15625,15958,42958,Menlo,16,1,release,8,24,3,false,0,0,false,Metal,Apple M5 Pro,0
latin_accents,scroll_cycle,softwrap,81,25,0,28917,1218042,44625,Menlo,16,1,release,8,24,3,false,4127,542,false,Metal,Apple M5 Pro,6
latin_accents,scroll_cycle,softwrap,81,25,1,29292,1224500,54708,Menlo,16,1,release,8,24,3,false,3577,1092,false,Metal,Apple M5 Pro,12
latin_accents,scroll_cycle,softwrap,81,25,2,28667,1313292,55125,Menlo,16,1,release,8,24,3,false,3024,1642,false,Metal,Apple M5 Pro,18
latin_accents,scroll_cycle,softwrap,81,25,3,33334,1449625,47750,Menlo,16,1,release,8,24,3,false,2385,2284,false,Metal,Apple M5 Pro,25
latin_accents,scroll_cycle,softwrap,81,25,4,36375,17875,47625,Menlo,16,1,release,8,24,3,false,3024,1642,false,Metal,Apple M5 Pro,18
latin_accents,scroll_cycle,softwrap,81,25,5,28833,17875,47042,Menlo,16,1,release,8,24,3,false,3577,1092,false,Metal,Apple M5 Pro,12
latin_accents,scroll_cycle,softwrap,81,25,6,50583,18042,47375,Menlo,16,1,release,8,24,3,false,4127,542,false,Metal,Apple M5 Pro,6
latin_accents,scroll_cycle,softwrap,81,25,7,28667,1255875,46459,Menlo,16,1,release,8,24,3,false,4677,0,false,Metal,Apple M5 Pro,0
latin_accents,scroll_cycle,softwrap,81,25,8,32583,1310875,45708,Menlo,16,1,release,8,24,3,false,4127,542,false,Metal,Apple M5 Pro,6
latin_accents,scroll_cycle,softwrap,81,25,9,32750,1269458,45042,Menlo,16,1,release,8,24,3,false,3577,1092,false,Metal,Apple M5 Pro,12
latin_accents,scroll_cycle,softwrap,81,25,10,29792,1229542,45791,Menlo,16,1,release,8,24,3,false,3024,1642,false,Metal,Apple M5 Pro,18
latin_accents,scroll_cycle,softwrap,81,25,11,29000,1230042,45375,Menlo,16,1,release,8,24,3,false,2385,2284,false,Metal,Apple M5 Pro,25
latin_accents,scroll_cycle,softwrap,81,25,12,28417,16750,43083,Menlo,16,1,release,8,24,3,false,3024,1642,false,Metal,Apple M5 Pro,18
latin_accents,scroll_cycle,softwrap,81,25,13,28041,16709,43792,Menlo,16,1,release,8,24,3,false,3577,1092,false,Metal,Apple M5 Pro,12
latin_accents,scroll_cycle,softwrap,81,25,14,34583,16792,44000,Menlo,16,1,release,8,24,3,false,4127,542,false,Metal,Apple M5 Pro,6
latin_accents,scroll_cycle,softwrap,81,25,15,27791,1226583,45084,Menlo,16,1,release,8,24,3,false,4677,0,false,Metal,Apple M5 Pro,0
latin_accents,scroll_cycle,softwrap,81,25,16,29167,1221292,72875,Menlo,16,1,release,8,24,3,false,4127,542,false,Metal,Apple M5 Pro,6
latin_accents,scroll_cycle,softwrap,81,25,17,30000,1244458,45709,Menlo,16,1,release,8,24,3,false,3577,1092,false,Metal,Apple M5 Pro,12
latin_accents,scroll_cycle,softwrap,81,25,18,29417,1242542,45583,Menlo,16,1,release,8,24,3,false,3024,1642,false,Metal,Apple M5 Pro,18
latin_accents,scroll_cycle,softwrap,81,25,19,39041,1242042,45625,Menlo,16,1,release,8,24,3,false,2385,2284,false,Metal,Apple M5 Pro,25
latin_accents,scroll_cycle,softwrap,81,25,20,28958,17291,46333,Menlo,16,1,release,8,24,3,false,3024,1642,false,Metal,Apple M5 Pro,18
latin_accents,scroll_cycle,softwrap,81,25,21,28333,16834,43750,Menlo,16,1,release,8,24,3,false,3577,1092,false,Metal,Apple M5 Pro,12
latin_accents,scroll_cycle,softwrap,81,25,22,27791,16625,43833,Menlo,16,1,release,8,24,3,false,4127,542,false,Metal,Apple M5 Pro,6
latin_accents,scroll_cycle,softwrap,81,25,23,27708,1223500,45209,Menlo,16,1,release,8,24,3,false,4677,0,false,Metal,Apple M5 Pro,0
latin_accents,dense_novel_text,explicit_rows,81,25,0,15917,632125,45125,Menlo,16,1,release,8,24,3,false,0,0,false,Metal,Apple M5 Pro,0
latin_accents,dense_novel_text,explicit_rows,81,25,1,15833,633917,45375,Menlo,16,1,release,8,24,3,false,0,0,false,Metal,Apple M5 Pro,0
latin_accents,dense_novel_text,explicit_rows,81,25,2,15750,634917,44958,Menlo,16,1,release,8,24,3,false,0,0,false,Metal,Apple M5 Pro,0
latin_accents,dense_novel_text,explicit_rows,81,25,3,15750,638458,44375,Menlo,16,1,release,8,24,3,false,0,0,false,Metal,Apple M5 Pro,0
latin_accents,dense_novel_text,explicit_rows,81,25,4,15791,633917,45250,Menlo,16,1,release,8,24,3,false,0,0,false,Metal,Apple M5 Pro,0
latin_accents,dense_novel_text,explicit_rows,81,25,5,15709,633959,45166,Menlo,16,1,release,8,24,3,false,0,0,false,Metal,Apple M5 Pro,0
latin_accents,dense_novel_text,explicit_rows,81,25,6,15834,641167,45375,Menlo,16,1,release,8,24,3,false,0,0,false,Metal,Apple M5 Pro,0
latin_accents,dense_novel_text,explicit_rows,81,25,7,15834,667958,45375,Menlo,16,1,release,8,24,3,false,0,0,false,Metal,Apple M5 Pro,0
latin_accents,dense_novel_text,explicit_rows,81,25,8,16167,634875,45292,Menlo,16,1,release,8,24,3,false,0,0,false,Metal,Apple M5 Pro,0
latin_accents,dense_novel_text,explicit_rows,81,25,9,15875,632708,45000,Menlo,16,1,release,8,24,3,false,0,0,false,Metal,Apple M5 Pro,0
latin_accents,dense_novel_text,explicit_rows,81,25,10,15708,654792,45041,Menlo,16,1,release,8,24,3,false,0,0,false,Metal,Apple M5 Pro,0
latin_accents,dense_novel_text,explicit_rows,81,25,11,21875,652750,45250,Menlo,16,1,release,8,24,3,false,0,0,false,Metal,Apple M5 Pro,0
latin_accents,dense_novel_text,explicit_rows,81,25,12,15750,639333,45208,Menlo,16,1,release,8,24,3,false,0,0,false,Metal,Apple M5 Pro,0
latin_accents,dense_novel_text,explicit_rows,81,25,13,15750,637791,45042,Menlo,16,1,release,8,24,3,false,0,0,false,Metal,Apple M5 Pro,0
latin_accents,dense_novel_text,explicit_rows,81,25,14,15666,648542,45041,Menlo,16,1,release,8,24,3,false,0,0,false,Metal,Apple M5 Pro,0
latin_accents,dense_novel_text,explicit_rows,81,25,15,15708,636000,44959,Menlo,16,1,release,8,24,3,false,0,0,false,Metal,Apple M5 Pro,0
latin_accents,dense_novel_text,explicit_rows,81,25,16,15625,637042,46583,Menlo,16,1,release,8,24,3,false,0,0,false,Metal,Apple M5 Pro,0
latin_accents,dense_novel_text,explicit_rows,81,25,17,15875,636334,44875,Menlo,16,1,release,8,24,3,false,0,0,false,Metal,Apple M5 Pro,0
latin_accents,dense_novel_text,explicit_rows,81,25,18,15750,636958,45083,Menlo,16,1,release,8,24,3,false,0,0,false,Metal,Apple M5 Pro,0
latin_accents,dense_novel_text,explicit_rows,81,25,19,15917,638458,44958,Menlo,16,1,release,8,24,3,false,0,0,false,Metal,Apple M5 Pro,0
latin_accents,dense_novel_text,explicit_rows,81,25,20,29750,648792,45208,Menlo,16,1,release,8,24,3,false,0,0,false,Metal,Apple M5 Pro,0
latin_accents,dense_novel_text,explicit_rows,81,25,21,16084,703875,45041,Menlo,16,1,release,8,24,3,false,0,0,false,Metal,Apple M5 Pro,0
latin_accents,dense_novel_text,explicit_rows,81,25,22,16000,643500,45083,Menlo,16,1,release,8,24,3,false,0,0,false,Metal,Apple M5 Pro,0
latin_accents,dense_novel_text,explicit_rows,81,25,23,15834,649667,45083,Menlo,16,1,release,8,24,3,false,0,0,false,Metal,Apple M5 Pro,0
latin_accents,dense_novel_text,softwrap,81,25,0,27666,1210375,44333,Menlo,16,1,release,8,24,3,false,4677,0,false,Metal,Apple M5 Pro,0
latin_accents,dense_novel_text,softwrap,81,25,1,27708,1216834,44083,Menlo,16,1,release,8,24,3,false,4677,0,false,Metal,Apple M5 Pro,0
latin_accents,dense_novel_text,softwrap,81,25,2,28083,1216958,47209,Menlo,16,1,release,8,24,3,false,4677,0,false,Metal,Apple M5 Pro,0
latin_accents,dense_novel_text,softwrap,81,25,3,27708,1248042,44167,Menlo,16,1,release,8,24,3,false,4677,0,false,Metal,Apple M5 Pro,0
latin_accents,dense_novel_text,softwrap,81,25,4,28750,1235208,44083,Menlo,16,1,release,8,24,3,false,4677,0,false,Metal,Apple M5 Pro,0
latin_accents,dense_novel_text,softwrap,81,25,5,28209,1223709,43875,Menlo,16,1,release,8,24,3,false,4677,0,false,Metal,Apple M5 Pro,0
latin_accents,dense_novel_text,softwrap,81,25,6,27916,1221792,42417,Menlo,16,1,release,8,24,3,false,4677,0,false,Metal,Apple M5 Pro,0
latin_accents,dense_novel_text,softwrap,81,25,7,27875,1214625,44292,Menlo,16,1,release,8,24,3,false,4677,0,false,Metal,Apple M5 Pro,0
latin_accents,dense_novel_text,softwrap,81,25,8,27709,1281541,44250,Menlo,16,1,release,8,24,3,false,4677,0,false,Metal,Apple M5 Pro,0
latin_accents,dense_novel_text,softwrap,81,25,9,27584,1224584,43583,Menlo,16,1,release,8,24,3,false,4677,0,false,Metal,Apple M5 Pro,0
latin_accents,dense_novel_text,softwrap,81,25,10,28000,1216083,44375,Menlo,16,1,release,8,24,3,false,4677,0,false,Metal,Apple M5 Pro,0
latin_accents,dense_novel_text,softwrap,81,25,11,27792,1224875,44209,Menlo,16,1,release,8,24,3,false,4677,0,false,Metal,Apple M5 Pro,0
latin_accents,dense_novel_text,softwrap,81,25,12,27709,1219625,44291,Menlo,16,1,release,8,24,3,false,4677,0,false,Metal,Apple M5 Pro,0
latin_accents,dense_novel_text,softwrap,81,25,13,27666,1262000,44375,Menlo,16,1,release,8,24,3,false,4677,0,false,Metal,Apple M5 Pro,0
latin_accents,dense_novel_text,softwrap,81,25,14,27958,1217250,44250,Menlo,16,1,release,8,24,3,false,4677,0,false,Metal,Apple M5 Pro,0
latin_accents,dense_novel_text,softwrap,81,25,15,27750,1245833,44250,Menlo,16,1,release,8,24,3,false,4677,0,false,Metal,Apple M5 Pro,0
latin_accents,dense_novel_text,softwrap,81,25,16,27750,1215458,44417,Menlo,16,1,release,8,24,3,false,4677,0,false,Metal,Apple M5 Pro,0
latin_accents,dense_novel_text,softwrap,81,25,17,27750,1217000,44292,Menlo,16,1,release,8,24,3,false,4677,0,false,Metal,Apple M5 Pro,0
latin_accents,dense_novel_text,softwrap,81,25,18,27542,1244250,44334,Menlo,16,1,release,8,24,3,false,4677,0,false,Metal,Apple M5 Pro,0
latin_accents,dense_novel_text,softwrap,81,25,19,28292,1217792,44208,Menlo,16,1,release,8,24,3,false,4677,0,false,Metal,Apple M5 Pro,0
latin_accents,dense_novel_text,softwrap,81,25,20,27875,1211875,44541,Menlo,16,1,release,8,24,3,false,4677,0,false,Metal,Apple M5 Pro,0
latin_accents,dense_novel_text,softwrap,81,25,21,27708,1211792,44375,Menlo,16,1,release,8,24,3,false,4677,0,false,Metal,Apple M5 Pro,0
latin_accents,dense_novel_text,softwrap,81,25,22,27667,1221333,44375,Menlo,16,1,release,8,24,3,false,4677,0,false,Metal,Apple M5 Pro,0
latin_accents,dense_novel_text,softwrap,81,25,23,27792,1240875,44291,Menlo,16,1,release,8,24,3,false,4677,0,false,Metal,Apple M5 Pro,0
cyrillic,sparse_novel_counter,explicit_rows,81,25,0,15375,40500,1875,Menlo,16,1,release,8,24,3,false,0,0,false,Metal,Apple M5 Pro,0
cyrillic,sparse_novel_counter,explicit_rows,81,25,1,15375,39250,1791,Menlo,16,1,release,8,24,3,false,0,0,false,Metal,Apple M5 Pro,0
cyrillic,sparse_novel_counter,explicit_rows,81,25,2,15375,39792,1875,Menlo,16,1,release,8,24,3,false,0,0,false,Metal,Apple M5 Pro,0
cyrillic,sparse_novel_counter,explicit_rows,81,25,3,15209,40542,1792,Menlo,16,1,release,8,24,3,false,0,0,false,Metal,Apple M5 Pro,0
cyrillic,sparse_novel_counter,explicit_rows,81,25,4,15542,39541,1875,Menlo,16,1,release,8,24,3,false,0,0,false,Metal,Apple M5 Pro,0
cyrillic,sparse_novel_counter,explicit_rows,81,25,5,15375,40375,1833,Menlo,16,1,release,8,24,3,false,0,0,false,Metal,Apple M5 Pro,0
cyrillic,sparse_novel_counter,explicit_rows,81,25,6,15375,39708,1833,Menlo,16,1,release,8,24,3,false,0,0,false,Metal,Apple M5 Pro,0
cyrillic,sparse_novel_counter,explicit_rows,81,25,7,15334,40041,1834,Menlo,16,1,release,8,24,3,false,0,0,false,Metal,Apple M5 Pro,0
cyrillic,sparse_novel_counter,explicit_rows,81,25,8,15334,39625,1833,Menlo,16,1,release,8,24,3,false,0,0,false,Metal,Apple M5 Pro,0
cyrillic,sparse_novel_counter,explicit_rows,81,25,9,15292,39709,1833,Menlo,16,1,release,8,24,3,false,0,0,false,Metal,Apple M5 Pro,0
cyrillic,sparse_novel_counter,explicit_rows,81,25,10,15542,39583,1834,Menlo,16,1,release,8,24,3,false,0,0,false,Metal,Apple M5 Pro,0
cyrillic,sparse_novel_counter,explicit_rows,81,25,11,15792,39208,1833,Menlo,16,1,release,8,24,3,false,0,0,false,Metal,Apple M5 Pro,0
cyrillic,sparse_novel_counter,explicit_rows,81,25,12,15166,39834,1792,Menlo,16,1,release,8,24,3,false,0,0,false,Metal,Apple M5 Pro,0
cyrillic,sparse_novel_counter,explicit_rows,81,25,13,15375,39459,1875,Menlo,16,1,release,8,24,3,false,0,0,false,Metal,Apple M5 Pro,0
cyrillic,sparse_novel_counter,explicit_rows,81,25,14,15375,39125,1875,Menlo,16,1,release,8,24,3,false,0,0,false,Metal,Apple M5 Pro,0
cyrillic,sparse_novel_counter,explicit_rows,81,25,15,15292,39458,1875,Menlo,16,1,release,8,24,3,false,0,0,false,Metal,Apple M5 Pro,0
cyrillic,sparse_novel_counter,explicit_rows,81,25,16,15292,39417,1875,Menlo,16,1,release,8,24,3,false,0,0,false,Metal,Apple M5 Pro,0
cyrillic,sparse_novel_counter,explicit_rows,81,25,17,15417,39500,1834,Menlo,16,1,release,8,24,3,false,0,0,false,Metal,Apple M5 Pro,0
cyrillic,sparse_novel_counter,explicit_rows,81,25,18,15333,39875,1875,Menlo,16,1,release,8,24,3,false,0,0,false,Metal,Apple M5 Pro,0
cyrillic,sparse_novel_counter,explicit_rows,81,25,19,15291,40292,1833,Menlo,16,1,release,8,24,3,false,0,0,false,Metal,Apple M5 Pro,0
cyrillic,sparse_novel_counter,explicit_rows,81,25,20,15166,39875,1834,Menlo,16,1,release,8,24,3,false,0,0,false,Metal,Apple M5 Pro,0
cyrillic,sparse_novel_counter,explicit_rows,81,25,21,15375,39125,1833,Menlo,16,1,release,8,24,3,false,0,0,false,Metal,Apple M5 Pro,0
cyrillic,sparse_novel_counter,explicit_rows,81,25,22,15291,40083,1875,Menlo,16,1,release,8,24,3,false,0,0,false,Metal,Apple M5 Pro,0
cyrillic,sparse_novel_counter,explicit_rows,81,25,23,15291,38792,1833,Menlo,16,1,release,8,24,3,false,0,0,false,Metal,Apple M5 Pro,0
cyrillic,sparse_novel_counter,softwrap,81,25,0,28666,1153875,42709,Menlo,16,1,release,8,24,3,false,6756,0,false,Metal,Apple M5 Pro,0
cyrillic,sparse_novel_counter,softwrap,81,25,1,28375,1146584,42416,Menlo,16,1,release,8,24,3,false,6756,0,false,Metal,Apple M5 Pro,0
cyrillic,sparse_novel_counter,softwrap,81,25,2,28250,1142125,43167,Menlo,16,1,release,8,24,3,false,6756,0,false,Metal,Apple M5 Pro,0
cyrillic,sparse_novel_counter,softwrap,81,25,3,28250,1148791,43167,Menlo,16,1,release,8,24,3,false,6756,0,false,Metal,Apple M5 Pro,0
cyrillic,sparse_novel_counter,softwrap,81,25,4,27834,1150625,43250,Menlo,16,1,release,8,24,3,false,6756,0,false,Metal,Apple M5 Pro,0
cyrillic,sparse_novel_counter,softwrap,81,25,5,27792,1169959,43292,Menlo,16,1,release,8,24,3,false,6756,0,false,Metal,Apple M5 Pro,0
cyrillic,sparse_novel_counter,softwrap,81,25,6,30083,1157500,43125,Menlo,16,1,release,8,24,3,false,6756,0,false,Metal,Apple M5 Pro,0
cyrillic,sparse_novel_counter,softwrap,81,25,7,28792,1173750,43292,Menlo,16,1,release,8,24,3,false,6756,0,false,Metal,Apple M5 Pro,0
cyrillic,sparse_novel_counter,softwrap,81,25,8,28208,1144292,43333,Menlo,16,1,release,8,24,3,false,6756,0,false,Metal,Apple M5 Pro,0
cyrillic,sparse_novel_counter,softwrap,81,25,9,27625,1152750,43542,Menlo,16,1,release,8,24,3,false,6756,0,false,Metal,Apple M5 Pro,0
cyrillic,sparse_novel_counter,softwrap,81,25,10,27792,1149791,43125,Menlo,16,1,release,8,24,3,false,6756,0,false,Metal,Apple M5 Pro,0
cyrillic,sparse_novel_counter,softwrap,81,25,11,27666,1165417,43583,Menlo,16,1,release,8,24,3,false,6756,0,false,Metal,Apple M5 Pro,0
cyrillic,sparse_novel_counter,softwrap,81,25,12,27667,1143250,43292,Menlo,16,1,release,8,24,3,false,6756,0,false,Metal,Apple M5 Pro,0
cyrillic,sparse_novel_counter,softwrap,81,25,13,27458,1186667,43250,Menlo,16,1,release,8,24,3,false,6756,0,false,Metal,Apple M5 Pro,0
cyrillic,sparse_novel_counter,softwrap,81,25,14,29833,1158875,43083,Menlo,16,1,release,8,24,3,false,6756,0,false,Metal,Apple M5 Pro,0
cyrillic,sparse_novel_counter,softwrap,81,25,15,28375,1166459,43208,Menlo,16,1,release,8,24,3,false,6756,0,false,Metal,Apple M5 Pro,0
cyrillic,sparse_novel_counter,softwrap,81,25,16,28083,1148250,43292,Menlo,16,1,release,8,24,3,false,6756,0,false,Metal,Apple M5 Pro,0
cyrillic,sparse_novel_counter,softwrap,81,25,17,27667,1151917,43166,Menlo,16,1,release,8,24,3,false,6756,0,false,Metal,Apple M5 Pro,0
cyrillic,sparse_novel_counter,softwrap,81,25,18,27792,1148666,42750,Menlo,16,1,release,8,24,3,false,6756,0,false,Metal,Apple M5 Pro,0
cyrillic,sparse_novel_counter,softwrap,81,25,19,28042,1188625,43209,Menlo,16,1,release,8,24,3,false,6756,0,false,Metal,Apple M5 Pro,0
cyrillic,sparse_novel_counter,softwrap,81,25,20,28167,1174167,43209,Menlo,16,1,release,8,24,3,false,6756,0,false,Metal,Apple M5 Pro,0
cyrillic,sparse_novel_counter,softwrap,81,25,21,27833,1173209,43334,Menlo,16,1,release,8,24,3,false,6756,0,false,Metal,Apple M5 Pro,0
cyrillic,sparse_novel_counter,softwrap,81,25,22,27791,1161209,43375,Menlo,16,1,release,8,24,3,false,6756,0,false,Metal,Apple M5 Pro,0
cyrillic,sparse_novel_counter,softwrap,81,25,23,27750,1138875,43125,Menlo,16,1,release,8,24,3,false,6756,0,false,Metal,Apple M5 Pro,0
cyrillic,scroll_cycle,explicit_rows,81,25,0,15375,16250,40416,Menlo,16,1,release,8,24,3,false,0,0,false,Metal,Apple M5 Pro,6
cyrillic,scroll_cycle,explicit_rows,81,25,1,15417,15084,39916,Menlo,16,1,release,8,24,3,false,0,0,false,Metal,Apple M5 Pro,12
cyrillic,scroll_cycle,explicit_rows,81,25,2,15375,16292,40083,Menlo,16,1,release,8,24,3,false,0,0,false,Metal,Apple M5 Pro,18
cyrillic,scroll_cycle,explicit_rows,81,25,3,15458,15167,40000,Menlo,16,1,release,8,24,3,false,0,0,false,Metal,Apple M5 Pro,25
cyrillic,scroll_cycle,explicit_rows,81,25,4,15375,15083,39792,Menlo,16,1,release,8,24,3,false,0,0,false,Metal,Apple M5 Pro,18
cyrillic,scroll_cycle,explicit_rows,81,25,5,15333,15042,39834,Menlo,16,1,release,8,24,3,false,0,0,false,Metal,Apple M5 Pro,12
cyrillic,scroll_cycle,explicit_rows,81,25,6,15250,16125,39959,Menlo,16,1,release,8,24,3,false,0,0,false,Metal,Apple M5 Pro,6
cyrillic,scroll_cycle,explicit_rows,81,25,7,15416,15334,39958,Menlo,16,1,release,8,24,3,false,0,0,false,Metal,Apple M5 Pro,0
cyrillic,scroll_cycle,explicit_rows,81,25,8,15334,16166,39875,Menlo,16,1,release,8,24,3,false,0,0,false,Metal,Apple M5 Pro,6
cyrillic,scroll_cycle,explicit_rows,81,25,9,15417,15375,39833,Menlo,16,1,release,8,24,3,false,0,0,false,Metal,Apple M5 Pro,12
cyrillic,scroll_cycle,explicit_rows,81,25,10,15250,16291,39834,Menlo,16,1,release,8,24,3,false,0,0,false,Metal,Apple M5 Pro,18
cyrillic,scroll_cycle,explicit_rows,81,25,11,15250,15084,40000,Menlo,16,1,release,8,24,3,false,0,0,false,Metal,Apple M5 Pro,25
cyrillic,scroll_cycle,explicit_rows,81,25,12,15167,16125,40208,Menlo,16,1,release,8,24,3,false,0,0,false,Metal,Apple M5 Pro,18
cyrillic,scroll_cycle,explicit_rows,81,25,13,15333,15250,39833,Menlo,16,1,release,8,24,3,false,0,0,false,Metal,Apple M5 Pro,12
cyrillic,scroll_cycle,explicit_rows,81,25,14,15250,16167,40125,Menlo,16,1,release,8,24,3,false,0,0,false,Metal,Apple M5 Pro,6
cyrillic,scroll_cycle,explicit_rows,81,25,15,15333,16333,40209,Menlo,16,1,release,8,24,3,false,0,0,false,Metal,Apple M5 Pro,0
cyrillic,scroll_cycle,explicit_rows,81,25,16,15250,16292,40291,Menlo,16,1,release,8,24,3,false,0,0,false,Metal,Apple M5 Pro,6
cyrillic,scroll_cycle,explicit_rows,81,25,17,15375,16125,39708,Menlo,16,1,release,8,24,3,false,0,0,false,Metal,Apple M5 Pro,12
cyrillic,scroll_cycle,explicit_rows,81,25,18,15250,16083,40166,Menlo,16,1,release,8,24,3,false,0,0,false,Metal,Apple M5 Pro,18
cyrillic,scroll_cycle,explicit_rows,81,25,19,15208,15125,39750,Menlo,16,1,release,8,24,3,false,0,0,false,Metal,Apple M5 Pro,25
cyrillic,scroll_cycle,explicit_rows,81,25,20,15291,16083,40083,Menlo,16,1,release,8,24,3,false,0,0,false,Metal,Apple M5 Pro,18
cyrillic,scroll_cycle,explicit_rows,81,25,21,15417,16375,40042,Menlo,16,1,release,8,24,3,false,0,0,false,Metal,Apple M5 Pro,12
cyrillic,scroll_cycle,explicit_rows,81,25,22,15333,16083,40208,Menlo,16,1,release,8,24,3,false,0,0,false,Metal,Apple M5 Pro,6
cyrillic,scroll_cycle,explicit_rows,81,25,23,15291,16167,39833,Menlo,16,1,release,8,24,3,false,0,0,false,Metal,Apple M5 Pro,0
cyrillic,scroll_cycle,softwrap,81,25,0,28500,1163875,44292,Menlo,16,1,release,8,24,3,false,5960,766,false,Metal,Apple M5 Pro,6
cyrillic,scroll_cycle,softwrap,81,25,1,28417,1146792,44375,Menlo,16,1,release,8,24,3,false,5167,1563,false,Metal,Apple M5 Pro,12
cyrillic,scroll_cycle,softwrap,81,25,2,28083,1205500,44083,Menlo,16,1,release,8,24,3,false,4373,2356,false,Metal,Apple M5 Pro,18
cyrillic,scroll_cycle,softwrap,81,25,3,30500,1159125,44333,Menlo,16,1,release,8,24,3,false,3442,3285,false,Metal,Apple M5 Pro,25
cyrillic,scroll_cycle,softwrap,81,25,4,29333,17750,44125,Menlo,16,1,release,8,24,3,false,4373,2356,false,Metal,Apple M5 Pro,18
cyrillic,scroll_cycle,softwrap,81,25,5,28209,17583,43875,Menlo,16,1,release,8,24,3,false,5167,1563,false,Metal,Apple M5 Pro,12
cyrillic,scroll_cycle,softwrap,81,25,6,28042,16833,42958,Menlo,16,1,release,8,24,3,false,5960,766,false,Metal,Apple M5 Pro,6
cyrillic,scroll_cycle,softwrap,81,25,7,27792,1156208,43375,Menlo,16,1,release,8,24,3,false,6756,0,false,Metal,Apple M5 Pro,0
cyrillic,scroll_cycle,softwrap,81,25,8,28042,1168750,43541,Menlo,16,1,release,8,24,3,false,5960,766,false,Metal,Apple M5 Pro,6
cyrillic,scroll_cycle,softwrap,81,25,9,28084,1155958,44042,Menlo,16,1,release,8,24,3,false,5167,1563,false,Metal,Apple M5 Pro,12
cyrillic,scroll_cycle,softwrap,81,25,10,27750,1192625,44458,Menlo,16,1,release,8,24,3,false,4373,2356,false,Metal,Apple M5 Pro,18
cyrillic,scroll_cycle,softwrap,81,25,11,28750,1175458,44417,Menlo,16,1,release,8,24,3,false,3442,3285,false,Metal,Apple M5 Pro,25
cyrillic,scroll_cycle,softwrap,81,25,12,27791,16625,43875,Menlo,16,1,release,8,24,3,false,4373,2356,false,Metal,Apple M5 Pro,18
cyrillic,scroll_cycle,softwrap,81,25,13,27584,29416,46917,Menlo,16,1,release,8,24,3,false,5167,1563,false,Metal,Apple M5 Pro,12
cyrillic,scroll_cycle,softwrap,81,25,14,27417,17583,42875,Menlo,16,1,release,8,24,3,false,5960,766,false,Metal,Apple M5 Pro,6
cyrillic,scroll_cycle,softwrap,81,25,15,27458,1175583,44250,Menlo,16,1,release,8,24,3,false,6756,0,false,Metal,Apple M5 Pro,0
cyrillic,scroll_cycle,softwrap,81,25,16,27625,1174541,44167,Menlo,16,1,release,8,24,3,false,5960,766,false,Metal,Apple M5 Pro,6
cyrillic,scroll_cycle,softwrap,81,25,17,27417,1174000,44209,Menlo,16,1,release,8,24,3,false,5167,1563,false,Metal,Apple M5 Pro,12
cyrillic,scroll_cycle,softwrap,81,25,18,27583,1157791,44542,Menlo,16,1,release,8,24,3,false,4373,2356,false,Metal,Apple M5 Pro,18
cyrillic,scroll_cycle,softwrap,81,25,19,28166,1158875,44042,Menlo,16,1,release,8,24,3,false,3442,3285,false,Metal,Apple M5 Pro,25
cyrillic,scroll_cycle,softwrap,81,25,20,27541,16792,43250,Menlo,16,1,release,8,24,3,false,4373,2356,false,Metal,Apple M5 Pro,18
cyrillic,scroll_cycle,softwrap,81,25,21,27292,16666,43458,Menlo,16,1,release,8,24,3,false,5167,1563,false,Metal,Apple M5 Pro,12
cyrillic,scroll_cycle,softwrap,81,25,22,26917,17666,43625,Menlo,16,1,release,8,24,3,false,5960,766,false,Metal,Apple M5 Pro,6
cyrillic,scroll_cycle,softwrap,81,25,23,27292,1149917,43875,Menlo,16,1,release,8,24,3,false,6756,0,false,Metal,Apple M5 Pro,0
cyrillic,dense_novel_text,explicit_rows,81,25,0,15666,612458,45834,Menlo,16,1,release,8,24,3,false,0,0,false,Metal,Apple M5 Pro,0
cyrillic,dense_novel_text,explicit_rows,81,25,1,15375,635458,46667,Menlo,16,1,release,8,24,3,false,0,0,false,Metal,Apple M5 Pro,0
cyrillic,dense_novel_text,explicit_rows,81,25,2,15291,610792,46042,Menlo,16,1,release,8,24,3,false,0,0,false,Metal,Apple M5 Pro,0
cyrillic,dense_novel_text,explicit_rows,81,25,3,15792,610125,46709,Menlo,16,1,release,8,24,3,false,0,0,false,Metal,Apple M5 Pro,0
cyrillic,dense_novel_text,explicit_rows,81,25,4,15459,606625,46500,Menlo,16,1,release,8,24,3,false,0,0,false,Metal,Apple M5 Pro,0
cyrillic,dense_novel_text,explicit_rows,81,25,5,15375,612250,46500,Menlo,16,1,release,8,24,3,false,0,0,false,Metal,Apple M5 Pro,0
cyrillic,dense_novel_text,explicit_rows,81,25,6,15708,643000,47083,Menlo,16,1,release,8,24,3,false,0,0,false,Metal,Apple M5 Pro,0
cyrillic,dense_novel_text,explicit_rows,81,25,7,15667,617584,46625,Menlo,16,1,release,8,24,3,false,0,0,false,Metal,Apple M5 Pro,0
cyrillic,dense_novel_text,explicit_rows,81,25,8,15542,614333,46750,Menlo,16,1,release,8,24,3,false,0,0,false,Metal,Apple M5 Pro,0
cyrillic,dense_novel_text,explicit_rows,81,25,9,15375,614625,46541,Menlo,16,1,release,8,24,3,false,0,0,false,Metal,Apple M5 Pro,0
cyrillic,dense_novel_text,explicit_rows,81,25,10,15459,617541,46292,Menlo,16,1,release,8,24,3,false,0,0,false,Metal,Apple M5 Pro,0
cyrillic,dense_novel_text,explicit_rows,81,25,11,15417,613958,46333,Menlo,16,1,release,8,24,3,false,0,0,false,Metal,Apple M5 Pro,0
cyrillic,dense_novel_text,explicit_rows,81,25,12,15375,615667,46458,Menlo,16,1,release,8,24,3,false,0,0,false,Metal,Apple M5 Pro,0
cyrillic,dense_novel_text,explicit_rows,81,25,13,15375,616583,46291,Menlo,16,1,release,8,24,3,false,0,0,false,Metal,Apple M5 Pro,0
cyrillic,dense_novel_text,explicit_rows,81,25,14,15459,618166,46500,Menlo,16,1,release,8,24,3,false,0,0,false,Metal,Apple M5 Pro,0
cyrillic,dense_novel_text,explicit_rows,81,25,15,15291,689792,46667,Menlo,16,1,release,8,24,3,false,0,0,false,Metal,Apple M5 Pro,0
cyrillic,dense_novel_text,explicit_rows,81,25,16,15292,620000,46500,Menlo,16,1,release,8,24,3,false,0,0,false,Metal,Apple M5 Pro,0
cyrillic,dense_novel_text,explicit_rows,81,25,17,15375,622833,46292,Menlo,16,1,release,8,24,3,false,0,0,false,Metal,Apple M5 Pro,0
cyrillic,dense_novel_text,explicit_rows,81,25,18,15792,610417,46291,Menlo,16,1,release,8,24,3,false,0,0,false,Metal,Apple M5 Pro,0
cyrillic,dense_novel_text,explicit_rows,81,25,19,15958,639542,46791,Menlo,16,1,release,8,24,3,false,0,0,false,Metal,Apple M5 Pro,0
cyrillic,dense_novel_text,explicit_rows,81,25,20,15708,609625,46500,Menlo,16,1,release,8,24,3,false,0,0,false,Metal,Apple M5 Pro,0
cyrillic,dense_novel_text,explicit_rows,81,25,21,15500,609750,46625,Menlo,16,1,release,8,24,3,false,0,0,false,Metal,Apple M5 Pro,0
cyrillic,dense_novel_text,explicit_rows,81,25,22,15542,626292,46625,Menlo,16,1,release,8,24,3,false,0,0,false,Metal,Apple M5 Pro,0
cyrillic,dense_novel_text,explicit_rows,81,25,23,15291,608292,46542,Menlo,16,1,release,8,24,3,false,0,0,false,Metal,Apple M5 Pro,0
cyrillic,dense_novel_text,softwrap,81,25,0,27375,1159375,43417,Menlo,16,1,release,8,24,3,false,6756,0,false,Metal,Apple M5 Pro,0
cyrillic,dense_novel_text,softwrap,81,25,1,27250,1163709,43291,Menlo,16,1,release,8,24,3,false,6756,0,false,Metal,Apple M5 Pro,0
cyrillic,dense_novel_text,softwrap,81,25,2,27250,1158459,43416,Menlo,16,1,release,8,24,3,false,6756,0,false,Metal,Apple M5 Pro,0
cyrillic,dense_novel_text,softwrap,81,25,3,27541,1166834,43500,Menlo,16,1,release,8,24,3,false,6756,0,false,Metal,Apple M5 Pro,0
cyrillic,dense_novel_text,softwrap,81,25,4,27375,1179375,43084,Menlo,16,1,release,8,24,3,false,6756,0,false,Metal,Apple M5 Pro,0
cyrillic,dense_novel_text,softwrap,81,25,5,27833,1164042,43333,Menlo,16,1,release,8,24,3,false,6756,0,false,Metal,Apple M5 Pro,0
cyrillic,dense_novel_text,softwrap,81,25,6,27292,1188958,43042,Menlo,16,1,release,8,24,3,false,6756,0,false,Metal,Apple M5 Pro,0
cyrillic,dense_novel_text,softwrap,81,25,7,27542,1148166,43083,Menlo,16,1,release,8,24,3,false,6756,0,false,Metal,Apple M5 Pro,0
cyrillic,dense_novel_text,softwrap,81,25,8,27500,1182167,43000,Menlo,16,1,release,8,24,3,false,6756,0,false,Metal,Apple M5 Pro,0
cyrillic,dense_novel_text,softwrap,81,25,9,27291,1156875,43000,Menlo,16,1,release,8,24,3,false,6756,0,false,Metal,Apple M5 Pro,0
cyrillic,dense_novel_text,softwrap,81,25,10,27250,1145958,43125,Menlo,16,1,release,8,24,3,false,6756,0,false,Metal,Apple M5 Pro,0
cyrillic,dense_novel_text,softwrap,81,25,11,27250,1158666,43250,Menlo,16,1,release,8,24,3,false,6756,0,false,Metal,Apple M5 Pro,0
cyrillic,dense_novel_text,softwrap,81,25,12,41750,1166750,43042,Menlo,16,1,release,8,24,3,false,6756,0,false,Metal,Apple M5 Pro,0
cyrillic,dense_novel_text,softwrap,81,25,13,27667,1158875,43167,Menlo,16,1,release,8,24,3,false,6756,0,false,Metal,Apple M5 Pro,0
cyrillic,dense_novel_text,softwrap,81,25,14,27708,1167125,43208,Menlo,16,1,release,8,24,3,false,6756,0,false,Metal,Apple M5 Pro,0
cyrillic,dense_novel_text,softwrap,81,25,15,27542,1165375,43125,Menlo,16,1,release,8,24,3,false,6756,0,false,Metal,Apple M5 Pro,0
cyrillic,dense_novel_text,softwrap,81,25,16,27583,1165709,43250,Menlo,16,1,release,8,24,3,false,6756,0,false,Metal,Apple M5 Pro,0
cyrillic,dense_novel_text,softwrap,81,25,17,27458,1155833,43334,Menlo,16,1,release,8,24,3,false,6756,0,false,Metal,Apple M5 Pro,0
cyrillic,dense_novel_text,softwrap,81,25,18,27500,1145750,43250,Menlo,16,1,release,8,24,3,false,6756,0,false,Metal,Apple M5 Pro,0
cyrillic,dense_novel_text,softwrap,81,25,19,27500,1188291,42958,Menlo,16,1,release,8,24,3,false,6756,0,false,Metal,Apple M5 Pro,0
cyrillic,dense_novel_text,softwrap,81,25,20,27709,1152000,43250,Menlo,16,1,release,8,24,3,false,6756,0,false,Metal,Apple M5 Pro,0
cyrillic,dense_novel_text,softwrap,81,25,21,27917,1171208,43250,Menlo,16,1,release,8,24,3,false,6756,0,false,Metal,Apple M5 Pro,0
cyrillic,dense_novel_text,softwrap,81,25,22,27500,1149667,43000,Menlo,16,1,release,8,24,3,false,6756,0,false,Metal,Apple M5 Pro,0
cyrillic,dense_novel_text,softwrap,81,25,23,27250,1145083,42917,Menlo,16,1,release,8,24,3,false,6756,0,false,Metal,Apple M5 Pro,0
cjk,sparse_novel_counter,explicit_rows,81,25,0,15459,124833,1250,Menlo,16,1,release,8,24,3,false,0,0,false,Metal,Apple M5 Pro,0
cjk,sparse_novel_counter,explicit_rows,81,25,1,15375,125917,1209,Menlo,16,1,release,8,24,3,false,0,0,false,Metal,Apple M5 Pro,0
cjk,sparse_novel_counter,explicit_rows,81,25,2,15584,126084,1209,Menlo,16,1,release,8,24,3,false,0,0,false,Metal,Apple M5 Pro,0
cjk,sparse_novel_counter,explicit_rows,81,25,3,15375,125208,1208,Menlo,16,1,release,8,24,3,false,0,0,false,Metal,Apple M5 Pro,0
cjk,sparse_novel_counter,explicit_rows,81,25,4,15459,125916,1209,Menlo,16,1,release,8,24,3,false,0,0,false,Metal,Apple M5 Pro,0
cjk,sparse_novel_counter,explicit_rows,81,25,5,15375,125292,1250,Menlo,16,1,release,8,24,3,false,0,0,false,Metal,Apple M5 Pro,0
cjk,sparse_novel_counter,explicit_rows,81,25,6,15458,126167,1208,Menlo,16,1,release,8,24,3,false,0,0,false,Metal,Apple M5 Pro,0
cjk,sparse_novel_counter,explicit_rows,81,25,7,15333,125458,1208,Menlo,16,1,release,8,24,3,false,0,0,false,Metal,Apple M5 Pro,0
cjk,sparse_novel_counter,explicit_rows,81,25,8,15500,126166,1250,Menlo,16,1,release,8,24,3,false,0,0,false,Metal,Apple M5 Pro,0
cjk,sparse_novel_counter,explicit_rows,81,25,9,15375,125292,1250,Menlo,16,1,release,8,24,3,false,0,0,false,Metal,Apple M5 Pro,0
cjk,sparse_novel_counter,explicit_rows,81,25,10,15458,125417,1250,Menlo,16,1,release,8,24,3,false,0,0,false,Metal,Apple M5 Pro,0
cjk,sparse_novel_counter,explicit_rows,81,25,11,15375,125625,1250,Menlo,16,1,release,8,24,3,false,0,0,false,Metal,Apple M5 Pro,0
cjk,sparse_novel_counter,explicit_rows,81,25,12,15625,125625,1208,Menlo,16,1,release,8,24,3,false,0,0,false,Metal,Apple M5 Pro,0
cjk,sparse_novel_counter,explicit_rows,81,25,13,15500,125542,1208,Menlo,16,1,release,8,24,3,false,0,0,false,Metal,Apple M5 Pro,0
cjk,sparse_novel_counter,explicit_rows,81,25,14,15542,126125,1250,Menlo,16,1,release,8,24,3,false,0,0,false,Metal,Apple M5 Pro,0
cjk,sparse_novel_counter,explicit_rows,81,25,15,15542,137583,1208,Menlo,16,1,release,8,24,3,false,0,0,false,Metal,Apple M5 Pro,0
cjk,sparse_novel_counter,explicit_rows,81,25,16,15500,126333,1209,Menlo,16,1,release,8,24,3,false,0,0,false,Metal,Apple M5 Pro,0
cjk,sparse_novel_counter,explicit_rows,81,25,17,21750,132625,1208,Menlo,16,1,release,8,24,3,false,0,0,false,Metal,Apple M5 Pro,0
cjk,sparse_novel_counter,explicit_rows,81,25,18,15708,125292,1208,Menlo,16,1,release,8,24,3,false,0,0,false,Metal,Apple M5 Pro,0
cjk,sparse_novel_counter,explicit_rows,81,25,19,15583,125792,1208,Menlo,16,1,release,8,24,3,false,0,0,false,Metal,Apple M5 Pro,0
cjk,sparse_novel_counter,explicit_rows,81,25,20,15417,124958,1208,Menlo,16,1,release,8,24,3,false,0,0,false,Metal,Apple M5 Pro,0
cjk,sparse_novel_counter,explicit_rows,81,25,21,15416,125792,1208,Menlo,16,1,release,8,24,3,false,0,0,false,Metal,Apple M5 Pro,0
cjk,sparse_novel_counter,explicit_rows,81,25,22,15458,125166,1250,Menlo,16,1,release,8,24,3,false,0,0,false,Metal,Apple M5 Pro,0
cjk,sparse_novel_counter,explicit_rows,81,25,23,15333,125583,1208,Menlo,16,1,release,8,24,3,false,0,0,false,Metal,Apple M5 Pro,0
cjk,sparse_novel_counter,softwrap,81,25,0,25625,7400625,26417,Menlo,16,1,release,8,24,3,false,5641,0,false,Metal,Apple M5 Pro,0
cjk,sparse_novel_counter,softwrap,81,25,1,24542,7382458,26500,Menlo,16,1,release,8,24,3,false,5641,0,false,Metal,Apple M5 Pro,0
cjk,sparse_novel_counter,softwrap,81,25,2,24666,7365167,26458,Menlo,16,1,release,8,24,3,false,5641,0,false,Metal,Apple M5 Pro,0
cjk,sparse_novel_counter,softwrap,81,25,3,24916,7376375,26584,Menlo,16,1,release,8,24,3,false,5641,0,false,Metal,Apple M5 Pro,0
cjk,sparse_novel_counter,softwrap,81,25,4,34375,7410542,26958,Menlo,16,1,release,8,24,3,false,5641,0,false,Metal,Apple M5 Pro,0
cjk,sparse_novel_counter,softwrap,81,25,5,26000,7380333,26417,Menlo,16,1,release,8,24,3,false,5641,0,false,Metal,Apple M5 Pro,0
cjk,sparse_novel_counter,softwrap,81,25,6,23958,7391333,25750,Menlo,16,1,release,8,24,3,false,5641,0,false,Metal,Apple M5 Pro,0
cjk,sparse_novel_counter,softwrap,81,25,7,23875,7380792,27041,Menlo,16,1,release,8,24,3,false,5641,0,false,Metal,Apple M5 Pro,0
cjk,sparse_novel_counter,softwrap,81,25,8,24750,7467750,26625,Menlo,16,1,release,8,24,3,false,5641,0,false,Metal,Apple M5 Pro,0
cjk,sparse_novel_counter,softwrap,81,25,9,31417,7379875,26416,Menlo,16,1,release,8,24,3,false,5641,0,false,Metal,Apple M5 Pro,0
cjk,sparse_novel_counter,softwrap,81,25,10,24042,7358292,26458,Menlo,16,1,release,8,24,3,false,5641,0,false,Metal,Apple M5 Pro,0
cjk,sparse_novel_counter,softwrap,81,25,11,24125,7512333,26500,Menlo,16,1,release,8,24,3,false,5641,0,false,Metal,Apple M5 Pro,0
cjk,sparse_novel_counter,softwrap,81,25,12,24625,7433542,26416,Menlo,16,1,release,8,24,3,false,5641,0,false,Metal,Apple M5 Pro,0
cjk,sparse_novel_counter,softwrap,81,25,13,24583,7410500,26542,Menlo,16,1,release,8,24,3,false,5641,0,false,Metal,Apple M5 Pro,0
cjk,sparse_novel_counter,softwrap,81,25,14,24125,7420167,26541,Menlo,16,1,release,8,24,3,false,5641,0,false,Metal,Apple M5 Pro,0
cjk,sparse_novel_counter,softwrap,81,25,15,23917,7409666,26584,Menlo,16,1,release,8,24,3,false,5641,0,false,Metal,Apple M5 Pro,0
cjk,sparse_novel_counter,softwrap,81,25,16,24417,7370750,26500,Menlo,16,1,release,8,24,3,false,5641,0,false,Metal,Apple M5 Pro,0
cjk,sparse_novel_counter,softwrap,81,25,17,24208,7428500,26417,Menlo,16,1,release,8,24,3,false,5641,0,false,Metal,Apple M5 Pro,0
cjk,sparse_novel_counter,softwrap,81,25,18,23834,7363000,26459,Menlo,16,1,release,8,24,3,false,5641,0,false,Metal,Apple M5 Pro,0
cjk,sparse_novel_counter,softwrap,81,25,19,23666,7447458,26500,Menlo,16,1,release,8,24,3,false,5641,0,false,Metal,Apple M5 Pro,0
cjk,sparse_novel_counter,softwrap,81,25,20,24083,7396000,26833,Menlo,16,1,release,8,24,3,false,5641,0,false,Metal,Apple M5 Pro,0
cjk,sparse_novel_counter,softwrap,81,25,21,25125,7325167,26417,Menlo,16,1,release,8,24,3,false,5641,0,false,Metal,Apple M5 Pro,0
cjk,sparse_novel_counter,softwrap,81,25,22,24125,7328208,26833,Menlo,16,1,release,8,24,3,false,5641,0,false,Metal,Apple M5 Pro,0
cjk,sparse_novel_counter,softwrap,81,25,23,23917,7374750,26166,Menlo,16,1,release,8,24,3,false,5641,0,false,Metal,Apple M5 Pro,0
cjk,scroll_cycle,explicit_rows,81,25,0,15375,15209,26500,Menlo,16,1,release,8,24,3,false,0,0,false,Metal,Apple M5 Pro,6
cjk,scroll_cycle,explicit_rows,81,25,1,15791,15334,26334,Menlo,16,1,release,8,24,3,false,0,0,false,Metal,Apple M5 Pro,12
cjk,scroll_cycle,explicit_rows,81,25,2,15459,15333,25667,Menlo,16,1,release,8,24,3,false,0,0,false,Metal,Apple M5 Pro,18
cjk,scroll_cycle,explicit_rows,81,25,3,15375,15208,25542,Menlo,16,1,release,8,24,3,false,0,0,false,Metal,Apple M5 Pro,25
cjk,scroll_cycle,explicit_rows,81,25,4,15333,15041,25625,Menlo,16,1,release,8,24,3,false,0,0,false,Metal,Apple M5 Pro,18
cjk,scroll_cycle,explicit_rows,81,25,5,15416,15042,25666,Menlo,16,1,release,8,24,3,false,0,0,false,Metal,Apple M5 Pro,12
cjk,scroll_cycle,explicit_rows,81,25,6,15291,15084,25958,Menlo,16,1,release,8,24,3,false,0,0,false,Metal,Apple M5 Pro,6
cjk,scroll_cycle,explicit_rows,81,25,7,15500,15083,25750,Menlo,16,1,release,8,24,3,false,0,0,false,Metal,Apple M5 Pro,0
cjk,scroll_cycle,explicit_rows,81,25,8,15458,15000,25875,Menlo,16,1,release,8,24,3,false,0,0,false,Metal,Apple M5 Pro,6
cjk,scroll_cycle,explicit_rows,81,25,9,15208,15083,25667,Menlo,16,1,release,8,24,3,false,0,0,false,Metal,Apple M5 Pro,12
cjk,scroll_cycle,explicit_rows,81,25,10,15292,15083,26042,Menlo,16,1,release,8,24,3,false,0,0,false,Metal,Apple M5 Pro,18
cjk,scroll_cycle,explicit_rows,81,25,11,15333,15708,25625,Menlo,16,1,release,8,24,3,false,0,0,false,Metal,Apple M5 Pro,25
cjk,scroll_cycle,explicit_rows,81,25,12,15416,15667,25666,Menlo,16,1,release,8,24,3,false,0,0,false,Metal,Apple M5 Pro,18
cjk,scroll_cycle,explicit_rows,81,25,13,15417,15500,25709,Menlo,16,1,release,8,24,3,false,0,0,false,Metal,Apple M5 Pro,12
cjk,scroll_cycle,explicit_rows,81,25,14,15292,15625,25917,Menlo,16,1,release,8,24,3,false,0,0,false,Metal,Apple M5 Pro,6
cjk,scroll_cycle,explicit_rows,81,25,15,15375,15708,26000,Menlo,16,1,release,8,24,3,false,0,0,false,Metal,Apple M5 Pro,0
cjk,scroll_cycle,explicit_rows,81,25,16,15334,15583,25625,Menlo,16,1,release,8,24,3,false,0,0,false,Metal,Apple M5 Pro,6
cjk,scroll_cycle,explicit_rows,81,25,17,15292,15625,25959,Menlo,16,1,release,8,24,3,false,0,0,false,Metal,Apple M5 Pro,12
cjk,scroll_cycle,explicit_rows,81,25,18,15375,15500,26084,Menlo,16,1,release,8,24,3,false,0,0,false,Metal,Apple M5 Pro,18
cjk,scroll_cycle,explicit_rows,81,25,19,15166,15458,26083,Menlo,16,1,release,8,24,3,false,0,0,false,Metal,Apple M5 Pro,25
cjk,scroll_cycle,explicit_rows,81,25,20,15542,15459,25792,Menlo,16,1,release,8,24,3,false,0,0,false,Metal,Apple M5 Pro,18
cjk,scroll_cycle,explicit_rows,81,25,21,15458,15458,25458,Menlo,16,1,release,8,24,3,false,0,0,false,Metal,Apple M5 Pro,12
cjk,scroll_cycle,explicit_rows,81,25,22,15375,15458,25625,Menlo,16,1,release,8,24,3,false,0,0,false,Metal,Apple M5 Pro,6
cjk,scroll_cycle,explicit_rows,81,25,23,15250,15625,25750,Menlo,16,1,release,8,24,3,false,0,0,false,Metal,Apple M5 Pro,0
cjk,scroll_cycle,softwrap,81,25,0,25500,16666,26208,Menlo,16,1,release,8,24,3,false,4977,638,false,Metal,Apple M5 Pro,6
cjk,scroll_cycle,softwrap,81,25,1,24916,16375,25875,Menlo,16,1,release,8,24,3,false,4314,1301,false,Metal,Apple M5 Pro,12
cjk,scroll_cycle,softwrap,81,25,2,24667,16291,25584,Menlo,16,1,release,8,24,3,false,3650,1965,false,Metal,Apple M5 Pro,18
cjk,scroll_cycle,softwrap,81,25,3,24459,16209,25834,Menlo,16,1,release,8,24,3,false,2877,2743,false,Metal,Apple M5 Pro,25
cjk,scroll_cycle,softwrap,81,25,4,24250,16250,26375,Menlo,16,1,release,8,24,3,false,3650,1965,false,Metal,Apple M5 Pro,18
cjk,scroll_cycle,softwrap,81,25,5,23792,16250,25625,Menlo,16,1,release,8,24,3,false,4314,1301,false,Metal,Apple M5 Pro,12
cjk,scroll_cycle,softwrap,81,25,6,23875,16375,25458,Menlo,16,1,release,8,24,3,false,4977,638,false,Metal,Apple M5 Pro,6
cjk,scroll_cycle,softwrap,81,25,7,23500,16292,24542,Menlo,16,1,release,8,24,3,false,5641,0,false,Metal,Apple M5 Pro,0
cjk,scroll_cycle,softwrap,81,25,8,23666,16167,25458,Menlo,16,1,release,8,24,3,false,4977,638,false,Metal,Apple M5 Pro,6
cjk,scroll_cycle,softwrap,81,25,9,23708,16167,25875,Menlo,16,1,release,8,24,3,false,4314,1301,false,Metal,Apple M5 Pro,12
cjk,scroll_cycle,softwrap,81,25,10,23708,16334,26083,Menlo,16,1,release,8,24,3,false,3650,1965,false,Metal,Apple M5 Pro,18
cjk,scroll_cycle,softwrap,81,25,11,23958,16167,26125,Menlo,16,1,release,8,24,3,false,2877,2743,false,Metal,Apple M5 Pro,25
cjk,scroll_cycle,softwrap,81,25,12,23583,16416,26750,Menlo,16,1,release,8,24,3,false,3650,1965,false,Metal,Apple M5 Pro,18
cjk,scroll_cycle,softwrap,81,25,13,23583,16417,26917,Menlo,16,1,release,8,24,3,false,4314,1301,false,Metal,Apple M5 Pro,12
cjk,scroll_cycle,softwrap,81,25,14,23625,16500,25959,Menlo,16,1,release,8,24,3,false,4977,638,false,Metal,Apple M5 Pro,6
cjk,scroll_cycle,softwrap,81,25,15,23375,16416,24708,Menlo,16,1,release,8,24,3,false,5641,0,false,Metal,Apple M5 Pro,0
cjk,scroll_cycle,softwrap,81,25,16,23500,16416,25625,Menlo,16,1,release,8,24,3,false,4977,638,false,Metal,Apple M5 Pro,6
cjk,scroll_cycle,softwrap,81,25,17,23500,16125,25542,Menlo,16,1,release,8,24,3,false,4314,1301,false,Metal,Apple M5 Pro,12
cjk,scroll_cycle,softwrap,81,25,18,23500,16209,25916,Menlo,16,1,release,8,24,3,false,3650,1965,false,Metal,Apple M5 Pro,18
cjk,scroll_cycle,softwrap,81,25,19,23708,16292,25875,Menlo,16,1,release,8,24,3,false,2877,2743,false,Metal,Apple M5 Pro,25
cjk,scroll_cycle,softwrap,81,25,20,23583,16208,25833,Menlo,16,1,release,8,24,3,false,3650,1965,false,Metal,Apple M5 Pro,18
cjk,scroll_cycle,softwrap,81,25,21,23542,16375,25625,Menlo,16,1,release,8,24,3,false,4314,1301,false,Metal,Apple M5 Pro,12
cjk,scroll_cycle,softwrap,81,25,22,23708,16333,25250,Menlo,16,1,release,8,24,3,false,4977,638,false,Metal,Apple M5 Pro,6
cjk,scroll_cycle,softwrap,81,25,23,23375,16417,24542,Menlo,16,1,release,8,24,3,false,5641,0,false,Metal,Apple M5 Pro,0
cjk,dense_novel_text,explicit_rows,81,25,0,15792,2735250,27625,Menlo,16,1,release,8,24,3,false,0,0,false,Metal,Apple M5 Pro,0
cjk,dense_novel_text,explicit_rows,81,25,1,15500,2736708,27583,Menlo,16,1,release,8,24,3,false,0,0,false,Metal,Apple M5 Pro,0
cjk,dense_novel_text,explicit_rows,81,25,2,15500,2729500,27709,Menlo,16,1,release,8,24,3,false,0,0,false,Metal,Apple M5 Pro,0
cjk,dense_novel_text,explicit_rows,81,25,3,15375,2816333,27667,Menlo,16,1,release,8,24,3,false,0,0,false,Metal,Apple M5 Pro,0
cjk,dense_novel_text,explicit_rows,81,25,4,15625,2777875,27625,Menlo,16,1,release,8,24,3,false,0,0,false,Metal,Apple M5 Pro,0
cjk,dense_novel_text,explicit_rows,81,25,5,15500,2752833,27458,Menlo,16,1,release,8,24,3,false,0,0,false,Metal,Apple M5 Pro,0
cjk,dense_novel_text,explicit_rows,81,25,6,15458,2819250,27583,Menlo,16,1,release,8,24,3,false,0,0,false,Metal,Apple M5 Pro,0
cjk,dense_novel_text,explicit_rows,81,25,7,15583,2776083,27542,Menlo,16,1,release,8,24,3,false,0,0,false,Metal,Apple M5 Pro,0
cjk,dense_novel_text,explicit_rows,81,25,8,15500,2838875,27500,Menlo,16,1,release,8,24,3,false,0,0,false,Metal,Apple M5 Pro,0
cjk,dense_novel_text,explicit_rows,81,25,9,15667,2737125,27583,Menlo,16,1,release,8,24,3,false,0,0,false,Metal,Apple M5 Pro,0
cjk,dense_novel_text,explicit_rows,81,25,10,15500,2784916,27792,Menlo,16,1,release,8,24,3,false,0,0,false,Metal,Apple M5 Pro,0
cjk,dense_novel_text,explicit_rows,81,25,11,16167,2741208,27708,Menlo,16,1,release,8,24,3,false,0,0,false,Metal,Apple M5 Pro,0
cjk,dense_novel_text,explicit_rows,81,25,12,15541,2740625,27750,Menlo,16,1,release,8,24,3,false,0,0,false,Metal,Apple M5 Pro,0
cjk,dense_novel_text,explicit_rows,81,25,13,15583,2770333,26792,Menlo,16,1,release,8,24,3,false,0,0,false,Metal,Apple M5 Pro,0
cjk,dense_novel_text,explicit_rows,81,25,14,15833,2777000,27041,Menlo,16,1,release,8,24,3,false,0,0,false,Metal,Apple M5 Pro,0
cjk,dense_novel_text,explicit_rows,81,25,15,15500,2788125,27459,Menlo,16,1,release,8,24,3,false,0,0,false,Metal,Apple M5 Pro,0
cjk,dense_novel_text,explicit_rows,81,25,16,15709,2765291,27417,Menlo,16,1,release,8,24,3,false,0,0,false,Metal,Apple M5 Pro,0
cjk,dense_novel_text,explicit_rows,81,25,17,15541,2769042,27709,Menlo,16,1,release,8,24,3,false,0,0,false,Metal,Apple M5 Pro,0
cjk,dense_novel_text,explicit_rows,81,25,18,15750,2732833,27625,Menlo,16,1,release,8,24,3,false,0,0,false,Metal,Apple M5 Pro,0
cjk,dense_novel_text,explicit_rows,81,25,19,15500,2732834,27667,Menlo,16,1,release,8,24,3,false,0,0,false,Metal,Apple M5 Pro,0
cjk,dense_novel_text,explicit_rows,81,25,20,15834,2793458,27625,Menlo,16,1,release,8,24,3,false,0,0,false,Metal,Apple M5 Pro,0
cjk,dense_novel_text,explicit_rows,81,25,21,15541,2742084,27583,Menlo,16,1,release,8,24,3,false,0,0,false,Metal,Apple M5 Pro,0
cjk,dense_novel_text,explicit_rows,81,25,22,15375,2729666,27209,Menlo,16,1,release,8,24,3,false,0,0,false,Metal,Apple M5 Pro,0
cjk,dense_novel_text,explicit_rows,81,25,23,15333,2718375,27666,Menlo,16,1,release,8,24,3,false,0,0,false,Metal,Apple M5 Pro,0
cjk,dense_novel_text,softwrap,81,25,0,24000,7433084,29291,Menlo,16,1,release,8,24,3,false,5641,0,false,Metal,Apple M5 Pro,0
cjk,dense_novel_text,softwrap,81,25,1,23750,7408041,26500,Menlo,16,1,release,8,24,3,false,5641,0,false,Metal,Apple M5 Pro,0
cjk,dense_novel_text,softwrap,81,25,2,24250,7394792,26541,Menlo,16,1,release,8,24,3,false,5641,0,false,Metal,Apple M5 Pro,0
cjk,dense_novel_text,softwrap,81,25,3,23792,7403375,26458,Menlo,16,1,release,8,24,3,false,5641,0,false,Metal,Apple M5 Pro,0
cjk,dense_novel_text,softwrap,81,25,4,23708,7371250,24916,Menlo,16,1,release,8,24,3,false,5641,0,false,Metal,Apple M5 Pro,0
cjk,dense_novel_text,softwrap,81,25,5,23583,7307875,26583,Menlo,16,1,release,8,24,3,false,5641,0,false,Metal,Apple M5 Pro,0
cjk,dense_novel_text,softwrap,81,25,6,23750,7365083,26541,Menlo,16,1,release,8,24,3,false,5641,0,false,Metal,Apple M5 Pro,0
cjk,dense_novel_text,softwrap,81,25,7,23917,7409458,25958,Menlo,16,1,release,8,24,3,false,5641,0,false,Metal,Apple M5 Pro,0
cjk,dense_novel_text,softwrap,81,25,8,23750,7325459,26500,Menlo,16,1,release,8,24,3,false,5641,0,false,Metal,Apple M5 Pro,0
cjk,dense_novel_text,softwrap,81,25,9,23583,7429917,26708,Menlo,16,1,release,8,24,3,false,5641,0,false,Metal,Apple M5 Pro,0
cjk,dense_novel_text,softwrap,81,25,10,23833,7392458,26417,Menlo,16,1,release,8,24,3,false,5641,0,false,Metal,Apple M5 Pro,0
cjk,dense_novel_text,softwrap,81,25,11,23792,7437166,26542,Menlo,16,1,release,8,24,3,false,5641,0,false,Metal,Apple M5 Pro,0
cjk,dense_novel_text,softwrap,81,25,12,24000,7350458,26458,Menlo,16,1,release,8,24,3,false,5641,0,false,Metal,Apple M5 Pro,0
cjk,dense_novel_text,softwrap,81,25,13,23667,7403125,26458,Menlo,16,1,release,8,24,3,false,5641,0,false,Metal,Apple M5 Pro,0
cjk,dense_novel_text,softwrap,81,25,14,23958,7403000,26500,Menlo,16,1,release,8,24,3,false,5641,0,false,Metal,Apple M5 Pro,0
cjk,dense_novel_text,softwrap,81,25,15,23709,7417417,29333,Menlo,16,1,release,8,24,3,false,5641,0,false,Metal,Apple M5 Pro,0
cjk,dense_novel_text,softwrap,81,25,16,23792,7393625,26417,Menlo,16,1,release,8,24,3,false,5641,0,false,Metal,Apple M5 Pro,0
cjk,dense_novel_text,softwrap,81,25,17,23708,7379250,26667,Menlo,16,1,release,8,24,3,false,5641,0,false,Metal,Apple M5 Pro,0
cjk,dense_novel_text,softwrap,81,25,18,24083,7429292,26584,Menlo,16,1,release,8,24,3,false,5641,0,false,Metal,Apple M5 Pro,0
cjk,dense_novel_text,softwrap,81,25,19,23750,7374292,26958,Menlo,16,1,release,8,24,3,false,5641,0,false,Metal,Apple M5 Pro,0
cjk,dense_novel_text,softwrap,81,25,20,24292,7300708,26375,Menlo,16,1,release,8,24,3,false,5641,0,false,Metal,Apple M5 Pro,0
cjk,dense_novel_text,softwrap,81,25,21,23417,7392792,26667,Menlo,16,1,release,8,24,3,false,5641,0,false,Metal,Apple M5 Pro,0
cjk,dense_novel_text,softwrap,81,25,22,23709,7404292,26458,Menlo,16,1,release,8,24,3,false,5641,0,false,Metal,Apple M5 Pro,0
cjk,dense_novel_text,softwrap,81,25,23,23667,7372666,26334,Menlo,16,1,release,8,24,3,false,5641,0,false,Metal,Apple M5 Pro,0
arabic,sparse_novel_counter,explicit_rows,81,25,0,15375,79042,1875,Menlo,16,1,release,8,24,3,false,0,0,false,Metal,Apple M5 Pro,0
arabic,sparse_novel_counter,explicit_rows,81,25,1,15500,79458,1875,Menlo,16,1,release,8,24,3,false,0,0,false,Metal,Apple M5 Pro,0
arabic,sparse_novel_counter,explicit_rows,81,25,2,15458,79292,1875,Menlo,16,1,release,8,24,3,false,0,0,false,Metal,Apple M5 Pro,0
arabic,sparse_novel_counter,explicit_rows,81,25,3,15333,79500,1875,Menlo,16,1,release,8,24,3,false,0,0,false,Metal,Apple M5 Pro,0
arabic,sparse_novel_counter,explicit_rows,81,25,4,15458,79291,1833,Menlo,16,1,release,8,24,3,false,0,0,false,Metal,Apple M5 Pro,0
arabic,sparse_novel_counter,explicit_rows,81,25,5,15208,78208,1875,Menlo,16,1,release,8,24,3,false,0,0,false,Metal,Apple M5 Pro,0
arabic,sparse_novel_counter,explicit_rows,81,25,6,15167,79709,1833,Menlo,16,1,release,8,24,3,false,0,0,false,Metal,Apple M5 Pro,0
arabic,sparse_novel_counter,explicit_rows,81,25,7,15292,79792,1833,Menlo,16,1,release,8,24,3,false,0,0,false,Metal,Apple M5 Pro,0
arabic,sparse_novel_counter,explicit_rows,81,25,8,15375,79208,1875,Menlo,16,1,release,8,24,3,false,0,0,false,Metal,Apple M5 Pro,0
arabic,sparse_novel_counter,explicit_rows,81,25,9,15250,78459,1875,Menlo,16,1,release,8,24,3,false,0,0,false,Metal,Apple M5 Pro,0
arabic,sparse_novel_counter,explicit_rows,81,25,10,15417,79666,1875,Menlo,16,1,release,8,24,3,false,0,0,false,Metal,Apple M5 Pro,0
arabic,sparse_novel_counter,explicit_rows,81,25,11,15375,79958,1875,Menlo,16,1,release,8,24,3,false,0,0,false,Metal,Apple M5 Pro,0
arabic,sparse_novel_counter,explicit_rows,81,25,12,15375,79209,1875,Menlo,16,1,release,8,24,3,false,0,0,false,Metal,Apple M5 Pro,0
arabic,sparse_novel_counter,explicit_rows,81,25,13,15333,78750,1875,Menlo,16,1,release,8,24,3,false,0,0,false,Metal,Apple M5 Pro,0
arabic,sparse_novel_counter,explicit_rows,81,25,14,15291,78834,1875,Menlo,16,1,release,8,24,3,false,0,0,false,Metal,Apple M5 Pro,0
arabic,sparse_novel_counter,explicit_rows,81,25,15,15333,79542,1875,Menlo,16,1,release,8,24,3,false,0,0,false,Metal,Apple M5 Pro,0
arabic,sparse_novel_counter,explicit_rows,81,25,16,15291,79417,1875,Menlo,16,1,release,8,24,3,false,0,0,false,Metal,Apple M5 Pro,0
arabic,sparse_novel_counter,explicit_rows,81,25,17,15209,79334,1875,Menlo,16,1,release,8,24,3,false,0,0,false,Metal,Apple M5 Pro,0
arabic,sparse_novel_counter,explicit_rows,81,25,18,15458,78792,1834,Menlo,16,1,release,8,24,3,false,0,0,false,Metal,Apple M5 Pro,0
arabic,sparse_novel_counter,explicit_rows,81,25,19,15292,81959,1834,Menlo,16,1,release,8,24,3,false,0,0,false,Metal,Apple M5 Pro,0
arabic,sparse_novel_counter,explicit_rows,81,25,20,15292,78875,1875,Menlo,16,1,release,8,24,3,false,0,0,false,Metal,Apple M5 Pro,0
arabic,sparse_novel_counter,explicit_rows,81,25,21,15375,80083,1875,Menlo,16,1,release,8,24,3,false,0,0,false,Metal,Apple M5 Pro,0
arabic,sparse_novel_counter,explicit_rows,81,25,22,15209,79459,1875,Menlo,16,1,release,8,24,3,false,0,0,false,Metal,Apple M5 Pro,0
arabic,sparse_novel_counter,explicit_rows,81,25,23,15291,79000,1833,Menlo,16,1,release,8,24,3,false,0,0,false,Metal,Apple M5 Pro,0
arabic,sparse_novel_counter,softwrap,81,25,0,29792,4839417,45083,Menlo,16,1,release,8,24,3,false,7475,0,false,Metal,Apple M5 Pro,0
arabic,sparse_novel_counter,softwrap,81,25,1,31125,4793125,45250,Menlo,16,1,release,8,24,3,false,7475,0,false,Metal,Apple M5 Pro,0
arabic,sparse_novel_counter,softwrap,81,25,2,29708,4848292,45333,Menlo,16,1,release,8,24,3,false,7475,0,false,Metal,Apple M5 Pro,0
arabic,sparse_novel_counter,softwrap,81,25,3,31125,4774459,45167,Menlo,16,1,release,8,24,3,false,7475,0,false,Metal,Apple M5 Pro,0
arabic,sparse_novel_counter,softwrap,81,25,4,29500,4786667,45375,Menlo,16,1,release,8,24,3,false,7475,0,false,Metal,Apple M5 Pro,0
arabic,sparse_novel_counter,softwrap,81,25,5,29875,4772583,49542,Menlo,16,1,release,8,24,3,false,7475,0,false,Metal,Apple M5 Pro,0
arabic,sparse_novel_counter,softwrap,81,25,6,28959,4772666,45084,Menlo,16,1,release,8,24,3,false,7475,0,false,Metal,Apple M5 Pro,0
arabic,sparse_novel_counter,softwrap,81,25,7,29208,4745458,44875,Menlo,16,1,release,8,24,3,false,7475,0,false,Metal,Apple M5 Pro,0
arabic,sparse_novel_counter,softwrap,81,25,8,28709,4788959,45000,Menlo,16,1,release,8,24,3,false,7475,0,false,Metal,Apple M5 Pro,0
arabic,sparse_novel_counter,softwrap,81,25,9,29375,4769083,45000,Menlo,16,1,release,8,24,3,false,7475,0,false,Metal,Apple M5 Pro,0
arabic,sparse_novel_counter,softwrap,81,25,10,28708,4786625,45000,Menlo,16,1,release,8,24,3,false,7475,0,false,Metal,Apple M5 Pro,0
arabic,sparse_novel_counter,softwrap,81,25,11,29083,4790709,44917,Menlo,16,1,release,8,24,3,false,7475,0,false,Metal,Apple M5 Pro,0
arabic,sparse_novel_counter,softwrap,81,25,12,29333,4791666,47709,Menlo,16,1,release,8,24,3,false,7475,0,false,Metal,Apple M5 Pro,0
arabic,sparse_novel_counter,softwrap,81,25,13,29125,4716750,44917,Menlo,16,1,release,8,24,3,false,7475,0,false,Metal,Apple M5 Pro,0
arabic,sparse_novel_counter,softwrap,81,25,14,28833,4746750,44834,Menlo,16,1,release,8,24,3,false,7475,0,false,Metal,Apple M5 Pro,0
arabic,sparse_novel_counter,softwrap,81,25,15,29208,4739667,44833,Menlo,16,1,release,8,24,3,false,7475,0,false,Metal,Apple M5 Pro,0
arabic,sparse_novel_counter,softwrap,81,25,16,28625,4806625,45583,Menlo,16,1,release,8,24,3,false,7475,0,false,Metal,Apple M5 Pro,0
arabic,sparse_novel_counter,softwrap,81,25,17,28833,4731167,47833,Menlo,16,1,release,8,24,3,false,7475,0,false,Metal,Apple M5 Pro,0
arabic,sparse_novel_counter,softwrap,81,25,18,28625,4786167,45000,Menlo,16,1,release,8,24,3,false,7475,0,false,Metal,Apple M5 Pro,0
arabic,sparse_novel_counter,softwrap,81,25,19,28750,4750334,44792,Menlo,16,1,release,8,24,3,false,7475,0,false,Metal,Apple M5 Pro,0
arabic,sparse_novel_counter,softwrap,81,25,20,28666,4737250,44583,Menlo,16,1,release,8,24,3,false,7475,0,false,Metal,Apple M5 Pro,0
arabic,sparse_novel_counter,softwrap,81,25,21,29167,4771917,45167,Menlo,16,1,release,8,24,3,false,7475,0,false,Metal,Apple M5 Pro,0
arabic,sparse_novel_counter,softwrap,81,25,22,28750,4742417,42958,Menlo,16,1,release,8,24,3,false,7475,0,false,Metal,Apple M5 Pro,0
arabic,sparse_novel_counter,softwrap,81,25,23,29000,4807750,45000,Menlo,16,1,release,8,24,3,false,7475,0,false,Metal,Apple M5 Pro,0
arabic,scroll_cycle,explicit_rows,81,25,0,15416,15000,39916,Menlo,16,1,release,8,24,3,false,0,0,false,Metal,Apple M5 Pro,6
arabic,scroll_cycle,explicit_rows,81,25,1,15416,15084,39833,Menlo,16,1,release,8,24,3,false,0,0,false,Metal,Apple M5 Pro,12
arabic,scroll_cycle,explicit_rows,81,25,2,15208,15208,39959,Menlo,16,1,release,8,24,3,false,0,0,false,Metal,Apple M5 Pro,18
arabic,scroll_cycle,explicit_rows,81,25,3,16000,15542,39666,Menlo,16,1,release,8,24,3,false,0,0,false,Metal,Apple M5 Pro,25
arabic,scroll_cycle,explicit_rows,81,25,4,15625,15041,40292,Menlo,16,1,release,8,24,3,false,0,0,false,Metal,Apple M5 Pro,18
arabic,scroll_cycle,explicit_rows,81,25,5,15292,15416,39959,Menlo,16,1,release,8,24,3,false,0,0,false,Metal,Apple M5 Pro,12
arabic,scroll_cycle,explicit_rows,81,25,6,15333,15167,39625,Menlo,16,1,release,8,24,3,false,0,0,false,Metal,Apple M5 Pro,6
arabic,scroll_cycle,explicit_rows,81,25,7,15375,15292,39750,Menlo,16,1,release,8,24,3,false,0,0,false,Metal,Apple M5 Pro,0
arabic,scroll_cycle,explicit_rows,81,25,8,15334,16209,40166,Menlo,16,1,release,8,24,3,false,0,0,false,Metal,Apple M5 Pro,6
arabic,scroll_cycle,explicit_rows,81,25,9,15416,15208,40167,Menlo,16,1,release,8,24,3,false,0,0,false,Metal,Apple M5 Pro,12
arabic,scroll_cycle,explicit_rows,81,25,10,15334,15125,41334,Menlo,16,1,release,8,24,3,false,0,0,false,Metal,Apple M5 Pro,18
arabic,scroll_cycle,explicit_rows,81,25,11,15208,15208,40375,Menlo,16,1,release,8,24,3,false,0,0,false,Metal,Apple M5 Pro,25
arabic,scroll_cycle,explicit_rows,81,25,12,15250,15292,40125,Menlo,16,1,release,8,24,3,false,0,0,false,Metal,Apple M5 Pro,18
arabic,scroll_cycle,explicit_rows,81,25,13,15208,15000,40833,Menlo,16,1,release,8,24,3,false,0,0,false,Metal,Apple M5 Pro,12
arabic,scroll_cycle,explicit_rows,81,25,14,15250,15125,39958,Menlo,16,1,release,8,24,3,false,0,0,false,Metal,Apple M5 Pro,6
arabic,scroll_cycle,explicit_rows,81,25,15,15208,15208,40917,Menlo,16,1,release,8,24,3,false,0,0,false,Metal,Apple M5 Pro,0
arabic,scroll_cycle,explicit_rows,81,25,16,15250,15042,39834,Menlo,16,1,release,8,24,3,false,0,0,false,Metal,Apple M5 Pro,6
arabic,scroll_cycle,explicit_rows,81,25,17,15209,15584,39750,Menlo,16,1,release,8,24,3,false,0,0,false,Metal,Apple M5 Pro,12
arabic,scroll_cycle,explicit_rows,81,25,18,15167,15166,40083,Menlo,16,1,release,8,24,3,false,0,0,false,Metal,Apple M5 Pro,18
arabic,scroll_cycle,explicit_rows,81,25,19,15291,15209,40083,Menlo,16,1,release,8,24,3,false,0,0,false,Metal,Apple M5 Pro,25
arabic,scroll_cycle,explicit_rows,81,25,20,15209,15208,40000,Menlo,16,1,release,8,24,3,false,0,0,false,Metal,Apple M5 Pro,18
arabic,scroll_cycle,explicit_rows,81,25,21,15166,15084,40416,Menlo,16,1,release,8,24,3,false,0,0,false,Metal,Apple M5 Pro,12
arabic,scroll_cycle,explicit_rows,81,25,22,15208,15000,40042,Menlo,16,1,release,8,24,3,false,0,0,false,Metal,Apple M5 Pro,6
arabic,scroll_cycle,explicit_rows,81,25,23,15375,15417,39875,Menlo,16,1,release,8,24,3,false,0,0,false,Metal,Apple M5 Pro,0
arabic,scroll_cycle,softwrap,81,25,0,30334,4770458,54667,Menlo,16,1,release,8,24,3,false,6631,811,false,Metal,Apple M5 Pro,6
arabic,scroll_cycle,softwrap,81,25,1,31250,4815542,48000,Menlo,16,1,release,8,24,3,false,5783,1660,false,Metal,Apple M5 Pro,12
arabic,scroll_cycle,softwrap,81,25,2,31375,4842541,45125,Menlo,16,1,release,8,24,3,false,4934,2496,false,Metal,Apple M5 Pro,18
arabic,scroll_cycle,softwrap,81,25,3,31833,4931834,45041,Menlo,16,1,release,8,24,3,false,3948,3487,false,Metal,Apple M5 Pro,25
arabic,scroll_cycle,softwrap,81,25,4,30875,16916,44958,Menlo,16,1,release,8,24,3,false,4934,2496,false,Metal,Apple M5 Pro,18
arabic,scroll_cycle,softwrap,81,25,5,29375,17792,42125,Menlo,16,1,release,8,24,3,false,5783,1660,false,Metal,Apple M5 Pro,12
arabic,scroll_cycle,softwrap,81,25,6,28917,17958,42083,Menlo,16,1,release,8,24,3,false,6631,811,false,Metal,Apple M5 Pro,6
arabic,scroll_cycle,softwrap,81,25,7,28583,4749583,44208,Menlo,16,1,release,8,24,3,false,7475,0,false,Metal,Apple M5 Pro,0
arabic,scroll_cycle,softwrap,81,25,8,32625,4772167,44833,Menlo,16,1,release,8,24,3,false,6631,811,false,Metal,Apple M5 Pro,6
arabic,scroll_cycle,softwrap,81,25,9,30167,4828000,45000,Menlo,16,1,release,8,24,3,false,5783,1660,false,Metal,Apple M5 Pro,12
arabic,scroll_cycle,softwrap,81,25,10,29917,4789583,45125,Menlo,16,1,release,8,24,3,false,4934,2496,false,Metal,Apple M5 Pro,18
arabic,scroll_cycle,softwrap,81,25,11,29666,4848042,45000,Menlo,16,1,release,8,24,3,false,3948,3487,false,Metal,Apple M5 Pro,25
arabic,scroll_cycle,softwrap,81,25,12,29459,18375,44250,Menlo,16,1,release,8,24,3,false,4934,2496,false,Metal,Apple M5 Pro,18
arabic,scroll_cycle,softwrap,81,25,13,28834,18000,45250,Menlo,16,1,release,8,24,3,false,5783,1660,false,Metal,Apple M5 Pro,12
arabic,scroll_cycle,softwrap,81,25,14,28709,18041,43209,Menlo,16,1,release,8,24,3,false,6631,811,false,Metal,Apple M5 Pro,6
arabic,scroll_cycle,softwrap,81,25,15,28458,4784125,44792,Menlo,16,1,release,8,24,3,false,7475,0,false,Metal,Apple M5 Pro,0
arabic,scroll_cycle,softwrap,81,25,16,29250,4743667,44500,Menlo,16,1,release,8,24,3,false,6631,811,false,Metal,Apple M5 Pro,6
arabic,scroll_cycle,softwrap,81,25,17,29292,4788125,45167,Menlo,16,1,release,8,24,3,false,5783,1660,false,Metal,Apple M5 Pro,12
arabic,scroll_cycle,softwrap,81,25,18,30125,4800833,50417,Menlo,16,1,release,8,24,3,false,4934,2496,false,Metal,Apple M5 Pro,18
arabic,scroll_cycle,softwrap,81,25,19,29916,4830750,47917,Menlo,16,1,release,8,24,3,false,3948,3487,false,Metal,Apple M5 Pro,25
arabic,scroll_cycle,softwrap,81,25,20,29875,17041,44000,Menlo,16,1,release,8,24,3,false,4934,2496,false,Metal,Apple M5 Pro,18
arabic,scroll_cycle,softwrap,81,25,21,28958,16667,42416,Menlo,16,1,release,8,24,3,false,5783,1660,false,Metal,Apple M5 Pro,12
arabic,scroll_cycle,softwrap,81,25,22,28291,16875,42208,Menlo,16,1,release,8,24,3,false,6631,811,false,Metal,Apple M5 Pro,6
arabic,scroll_cycle,softwrap,81,25,23,28208,4750250,44292,Menlo,16,1,release,8,24,3,false,7475,0,false,Metal,Apple M5 Pro,0
arabic,dense_novel_text,explicit_rows,81,25,0,15458,1596750,43167,Menlo,16,1,release,8,24,3,false,0,0,false,Metal,Apple M5 Pro,0
arabic,dense_novel_text,explicit_rows,81,25,1,15917,1599833,43166,Menlo,16,1,release,8,24,3,false,0,0,false,Metal,Apple M5 Pro,0
arabic,dense_novel_text,explicit_rows,81,25,2,15458,1613375,43208,Menlo,16,1,release,8,24,3,false,0,0,false,Metal,Apple M5 Pro,0
arabic,dense_novel_text,explicit_rows,81,25,3,15333,1611709,43416,Menlo,16,1,release,8,24,3,false,0,0,false,Metal,Apple M5 Pro,0
arabic,dense_novel_text,explicit_rows,81,25,4,15334,1634291,43500,Menlo,16,1,release,8,24,3,false,0,0,false,Metal,Apple M5 Pro,0
arabic,dense_novel_text,explicit_rows,81,25,5,15583,1592500,43333,Menlo,16,1,release,8,24,3,false,0,0,false,Metal,Apple M5 Pro,0
arabic,dense_novel_text,explicit_rows,81,25,6,15416,1595834,43416,Menlo,16,1,release,8,24,3,false,0,0,false,Metal,Apple M5 Pro,0
arabic,dense_novel_text,explicit_rows,81,25,7,15459,1596041,43292,Menlo,16,1,release,8,24,3,false,0,0,false,Metal,Apple M5 Pro,0
arabic,dense_novel_text,explicit_rows,81,25,8,15292,1646041,43500,Menlo,16,1,release,8,24,3,false,0,0,false,Metal,Apple M5 Pro,0
arabic,dense_novel_text,explicit_rows,81,25,9,15334,1609792,43333,Menlo,16,1,release,8,24,3,false,0,0,false,Metal,Apple M5 Pro,0
arabic,dense_novel_text,explicit_rows,81,25,10,15458,1635375,43416,Menlo,16,1,release,8,24,3,false,0,0,false,Metal,Apple M5 Pro,0
arabic,dense_novel_text,explicit_rows,81,25,11,15750,1595208,43458,Menlo,16,1,release,8,24,3,false,0,0,false,Metal,Apple M5 Pro,0
arabic,dense_novel_text,explicit_rows,81,25,12,15542,1593166,43417,Menlo,16,1,release,8,24,3,false,0,0,false,Metal,Apple M5 Pro,0
arabic,dense_novel_text,explicit_rows,81,25,13,15250,1593417,43500,Menlo,16,1,release,8,24,3,false,0,0,false,Metal,Apple M5 Pro,0
arabic,dense_novel_text,explicit_rows,81,25,14,15458,1590125,43459,Menlo,16,1,release,8,24,3,false,0,0,false,Metal,Apple M5 Pro,0
arabic,dense_novel_text,explicit_rows,81,25,15,15375,1647375,43500,Menlo,16,1,release,8,24,3,false,0,0,false,Metal,Apple M5 Pro,0
arabic,dense_novel_text,explicit_rows,81,25,16,15375,1630250,43542,Menlo,16,1,release,8,24,3,false,0,0,false,Metal,Apple M5 Pro,0
arabic,dense_novel_text,explicit_rows,81,25,17,15542,1626125,43375,Menlo,16,1,release,8,24,3,false,0,0,false,Metal,Apple M5 Pro,0
arabic,dense_novel_text,explicit_rows,81,25,18,15375,1610792,43292,Menlo,16,1,release,8,24,3,false,0,0,false,Metal,Apple M5 Pro,0
arabic,dense_novel_text,explicit_rows,81,25,19,15833,1595417,43291,Menlo,16,1,release,8,24,3,false,0,0,false,Metal,Apple M5 Pro,0
arabic,dense_novel_text,explicit_rows,81,25,20,15292,1594791,42875,Menlo,16,1,release,8,24,3,false,0,0,false,Metal,Apple M5 Pro,0
arabic,dense_novel_text,explicit_rows,81,25,21,15834,1621375,43500,Menlo,16,1,release,8,24,3,false,0,0,false,Metal,Apple M5 Pro,0
arabic,dense_novel_text,explicit_rows,81,25,22,15542,1641917,43334,Menlo,16,1,release,8,24,3,false,0,0,false,Metal,Apple M5 Pro,0
arabic,dense_novel_text,explicit_rows,81,25,23,15709,1599750,43334,Menlo,16,1,release,8,24,3,false,0,0,false,Metal,Apple M5 Pro,0
arabic,dense_novel_text,softwrap,81,25,0,29667,4772333,42875,Menlo,16,1,release,8,24,3,false,7475,0,false,Metal,Apple M5 Pro,0
arabic,dense_novel_text,softwrap,81,25,1,28667,4788583,44958,Menlo,16,1,release,8,24,3,false,7475,0,false,Metal,Apple M5 Pro,0
arabic,dense_novel_text,softwrap,81,25,2,29375,4727625,44667,Menlo,16,1,release,8,24,3,false,7475,0,false,Metal,Apple M5 Pro,0
arabic,dense_novel_text,softwrap,81,25,3,28542,4758125,45083,Menlo,16,1,release,8,24,3,false,7475,0,false,Metal,Apple M5 Pro,0
arabic,dense_novel_text,softwrap,81,25,4,29041,4818250,47875,Menlo,16,1,release,8,24,3,false,7475,0,false,Metal,Apple M5 Pro,0
arabic,dense_novel_text,softwrap,81,25,5,28375,4749750,44917,Menlo,16,1,release,8,24,3,false,7475,0,false,Metal,Apple M5 Pro,0
arabic,dense_novel_text,softwrap,81,25,6,28792,4717541,45209,Menlo,16,1,release,8,24,3,false,7475,0,false,Metal,Apple M5 Pro,0
arabic,dense_novel_text,softwrap,81,25,7,28208,4761250,45167,Menlo,16,1,release,8,24,3,false,7475,0,false,Metal,Apple M5 Pro,0
arabic,dense_novel_text,softwrap,81,25,8,28417,4732208,44917,Menlo,16,1,release,8,24,3,false,7475,0,false,Metal,Apple M5 Pro,0
arabic,dense_novel_text,softwrap,81,25,9,28125,4783083,45084,Menlo,16,1,release,8,24,3,false,7475,0,false,Metal,Apple M5 Pro,0
arabic,dense_novel_text,softwrap,81,25,10,28625,4736542,45000,Menlo,16,1,release,8,24,3,false,7475,0,false,Metal,Apple M5 Pro,0
arabic,dense_novel_text,softwrap,81,25,11,28000,4801917,44542,Menlo,16,1,release,8,24,3,false,7475,0,false,Metal,Apple M5 Pro,0
arabic,dense_novel_text,softwrap,81,25,12,28584,4726750,44750,Menlo,16,1,release,8,24,3,false,7475,0,false,Metal,Apple M5 Pro,0
arabic,dense_novel_text,softwrap,81,25,13,28417,4751166,44542,Menlo,16,1,release,8,24,3,false,7475,0,false,Metal,Apple M5 Pro,0
arabic,dense_novel_text,softwrap,81,25,14,28541,4784750,44542,Menlo,16,1,release,8,24,3,false,7475,0,false,Metal,Apple M5 Pro,0
arabic,dense_novel_text,softwrap,81,25,15,28250,4763709,45208,Menlo,16,1,release,8,24,3,false,7475,0,false,Metal,Apple M5 Pro,0
arabic,dense_novel_text,softwrap,81,25,16,28583,4797542,45083,Menlo,16,1,release,8,24,3,false,7475,0,false,Metal,Apple M5 Pro,0
arabic,dense_novel_text,softwrap,81,25,17,28125,4724875,45125,Menlo,16,1,release,8,24,3,false,7475,0,false,Metal,Apple M5 Pro,0
arabic,dense_novel_text,softwrap,81,25,18,28291,4731917,54000,Menlo,16,1,release,8,24,3,false,7475,0,false,Metal,Apple M5 Pro,0
arabic,dense_novel_text,softwrap,81,25,19,28250,4755833,44875,Menlo,16,1,release,8,24,3,false,7475,0,false,Metal,Apple M5 Pro,0
arabic,dense_novel_text,softwrap,81,25,20,28417,4700000,44708,Menlo,16,1,release,8,24,3,false,7475,0,false,Metal,Apple M5 Pro,0
arabic,dense_novel_text,softwrap,81,25,21,28625,4780291,45167,Menlo,16,1,release,8,24,3,false,7475,0,false,Metal,Apple M5 Pro,0
arabic,dense_novel_text,softwrap,81,25,22,29084,4720291,44917,Menlo,16,1,release,8,24,3,false,7475,0,false,Metal,Apple M5 Pro,0
arabic,dense_novel_text,softwrap,81,25,23,28375,4742792,45041,Menlo,16,1,release,8,24,3,false,7475,0,false,Metal,Apple M5 Pro,0
rtl_context_ltr_viewport,sparse_novel_counter,explicit_rows,81,25,0,15375,39334,1875,Menlo,16,1,release,8,24,3,false,0,0,false,Metal,Apple M5 Pro,0
rtl_context_ltr_viewport,sparse_novel_counter,explicit_rows,81,25,1,15292,40083,1916,Menlo,16,1,release,8,24,3,false,0,0,false,Metal,Apple M5 Pro,0
rtl_context_ltr_viewport,sparse_novel_counter,explicit_rows,81,25,2,15292,38959,1917,Menlo,16,1,release,8,24,3,false,0,0,false,Metal,Apple M5 Pro,0
rtl_context_ltr_viewport,sparse_novel_counter,explicit_rows,81,25,3,15458,39375,1958,Menlo,16,1,release,8,24,3,false,0,0,false,Metal,Apple M5 Pro,0
rtl_context_ltr_viewport,sparse_novel_counter,explicit_rows,81,25,4,15334,40917,1916,Menlo,16,1,release,8,24,3,false,0,0,false,Metal,Apple M5 Pro,0
rtl_context_ltr_viewport,sparse_novel_counter,explicit_rows,81,25,5,15334,39500,1917,Menlo,16,1,release,8,24,3,false,0,0,false,Metal,Apple M5 Pro,0
rtl_context_ltr_viewport,sparse_novel_counter,explicit_rows,81,25,6,15209,40125,1917,Menlo,16,1,release,8,24,3,false,0,0,false,Metal,Apple M5 Pro,0
rtl_context_ltr_viewport,sparse_novel_counter,explicit_rows,81,25,7,15291,39834,1916,Menlo,16,1,release,8,24,3,false,0,0,false,Metal,Apple M5 Pro,0
rtl_context_ltr_viewport,sparse_novel_counter,explicit_rows,81,25,8,15375,40208,1875,Menlo,16,1,release,8,24,3,false,0,0,false,Metal,Apple M5 Pro,0
rtl_context_ltr_viewport,sparse_novel_counter,explicit_rows,81,25,9,15709,39917,1875,Menlo,16,1,release,8,24,3,false,0,0,false,Metal,Apple M5 Pro,0
rtl_context_ltr_viewport,sparse_novel_counter,explicit_rows,81,25,10,15416,40167,1917,Menlo,16,1,release,8,24,3,false,0,0,false,Metal,Apple M5 Pro,0
rtl_context_ltr_viewport,sparse_novel_counter,explicit_rows,81,25,11,15292,39375,1917,Menlo,16,1,release,8,24,3,false,0,0,false,Metal,Apple M5 Pro,0
rtl_context_ltr_viewport,sparse_novel_counter,explicit_rows,81,25,12,15333,40250,1917,Menlo,16,1,release,8,24,3,false,0,0,false,Metal,Apple M5 Pro,0
rtl_context_ltr_viewport,sparse_novel_counter,explicit_rows,81,25,13,15291,40042,1917,Menlo,16,1,release,8,24,3,false,0,0,false,Metal,Apple M5 Pro,0
rtl_context_ltr_viewport,sparse_novel_counter,explicit_rows,81,25,14,15541,40583,1917,Menlo,16,1,release,8,24,3,false,0,0,false,Metal,Apple M5 Pro,0
rtl_context_ltr_viewport,sparse_novel_counter,explicit_rows,81,25,15,15334,39959,1916,Menlo,16,1,release,8,24,3,false,0,0,false,Metal,Apple M5 Pro,0
rtl_context_ltr_viewport,sparse_novel_counter,explicit_rows,81,25,16,15416,39583,1917,Menlo,16,1,release,8,24,3,false,0,0,false,Metal,Apple M5 Pro,0
rtl_context_ltr_viewport,sparse_novel_counter,explicit_rows,81,25,17,15208,40000,1875,Menlo,16,1,release,8,24,3,false,0,0,false,Metal,Apple M5 Pro,0
rtl_context_ltr_viewport,sparse_novel_counter,explicit_rows,81,25,18,15333,39500,1917,Menlo,16,1,release,8,24,3,false,0,0,false,Metal,Apple M5 Pro,0
rtl_context_ltr_viewport,sparse_novel_counter,explicit_rows,81,25,19,15209,39833,1875,Menlo,16,1,release,8,24,3,false,0,0,false,Metal,Apple M5 Pro,0
rtl_context_ltr_viewport,sparse_novel_counter,explicit_rows,81,25,20,15333,41125,1917,Menlo,16,1,release,8,24,3,false,0,0,false,Metal,Apple M5 Pro,0
rtl_context_ltr_viewport,sparse_novel_counter,explicit_rows,81,25,21,15333,39458,1875,Menlo,16,1,release,8,24,3,false,0,0,false,Metal,Apple M5 Pro,0
rtl_context_ltr_viewport,sparse_novel_counter,explicit_rows,81,25,22,15375,49667,1916,Menlo,16,1,release,8,24,3,false,0,0,false,Metal,Apple M5 Pro,0
rtl_context_ltr_viewport,sparse_novel_counter,explicit_rows,81,25,23,15167,39750,1916,Menlo,16,1,release,8,24,3,false,0,0,false,Metal,Apple M5 Pro,0
rtl_context_ltr_viewport,sparse_novel_counter,softwrap,81,25,0,26791,1387417,44792,Menlo,16,1,release,8,24,3,false,4221,0,false,Metal,Apple M5 Pro,0
rtl_context_ltr_viewport,sparse_novel_counter,softwrap,81,25,1,27167,1355125,44792,Menlo,16,1,release,8,24,3,false,4221,0,false,Metal,Apple M5 Pro,0
rtl_context_ltr_viewport,sparse_novel_counter,softwrap,81,25,2,26958,1349000,44834,Menlo,16,1,release,8,24,3,false,4221,0,false,Metal,Apple M5 Pro,0
rtl_context_ltr_viewport,sparse_novel_counter,softwrap,81,25,3,26792,1349792,44584,Menlo,16,1,release,8,24,3,false,4221,0,false,Metal,Apple M5 Pro,0
rtl_context_ltr_viewport,sparse_novel_counter,softwrap,81,25,4,27167,1341500,44833,Menlo,16,1,release,8,24,3,false,4221,0,false,Metal,Apple M5 Pro,0
rtl_context_ltr_viewport,sparse_novel_counter,softwrap,81,25,5,26375,1329375,44500,Menlo,16,1,release,8,24,3,false,4221,0,false,Metal,Apple M5 Pro,0
rtl_context_ltr_viewport,sparse_novel_counter,softwrap,81,25,6,26541,1341667,44750,Menlo,16,1,release,8,24,3,false,4221,0,false,Metal,Apple M5 Pro,0
rtl_context_ltr_viewport,sparse_novel_counter,softwrap,81,25,7,26541,1377042,44833,Menlo,16,1,release,8,24,3,false,4221,0,false,Metal,Apple M5 Pro,0
rtl_context_ltr_viewport,sparse_novel_counter,softwrap,81,25,8,27417,1351916,44750,Menlo,16,1,release,8,24,3,false,4221,0,false,Metal,Apple M5 Pro,0
rtl_context_ltr_viewport,sparse_novel_counter,softwrap,81,25,9,26625,1341208,44875,Menlo,16,1,release,8,24,3,false,4221,0,false,Metal,Apple M5 Pro,0
rtl_context_ltr_viewport,sparse_novel_counter,softwrap,81,25,10,26875,1340708,44708,Menlo,16,1,release,8,24,3,false,4221,0,false,Metal,Apple M5 Pro,0
rtl_context_ltr_viewport,sparse_novel_counter,softwrap,81,25,11,26500,1338250,44625,Menlo,16,1,release,8,24,3,false,4221,0,false,Metal,Apple M5 Pro,0
rtl_context_ltr_viewport,sparse_novel_counter,softwrap,81,25,12,26583,1355583,44458,Menlo,16,1,release,8,24,3,false,4221,0,false,Metal,Apple M5 Pro,0
rtl_context_ltr_viewport,sparse_novel_counter,softwrap,81,25,13,26959,1339708,44458,Menlo,16,1,release,8,24,3,false,4221,0,false,Metal,Apple M5 Pro,0
rtl_context_ltr_viewport,sparse_novel_counter,softwrap,81,25,14,50625,1368792,42666,Menlo,16,1,release,8,24,3,false,4221,0,false,Metal,Apple M5 Pro,0
rtl_context_ltr_viewport,sparse_novel_counter,softwrap,81,25,15,27375,1359458,44792,Menlo,16,1,release,8,24,3,false,4221,0,false,Metal,Apple M5 Pro,0
rtl_context_ltr_viewport,sparse_novel_counter,softwrap,81,25,16,26375,1355459,44584,Menlo,16,1,release,8,24,3,false,4221,0,false,Metal,Apple M5 Pro,0
rtl_context_ltr_viewport,sparse_novel_counter,softwrap,81,25,17,26959,1340041,44792,Menlo,16,1,release,8,24,3,false,4221,0,false,Metal,Apple M5 Pro,0
rtl_context_ltr_viewport,sparse_novel_counter,softwrap,81,25,18,26583,1331500,42791,Menlo,16,1,release,8,24,3,false,4221,0,false,Metal,Apple M5 Pro,0
rtl_context_ltr_viewport,sparse_novel_counter,softwrap,81,25,19,26292,1344583,45125,Menlo,16,1,release,8,24,3,false,4221,0,false,Metal,Apple M5 Pro,0
rtl_context_ltr_viewport,sparse_novel_counter,softwrap,81,25,20,26708,1371042,44666,Menlo,16,1,release,8,24,3,false,4221,0,false,Metal,Apple M5 Pro,0
rtl_context_ltr_viewport,sparse_novel_counter,softwrap,81,25,21,26875,1346792,44500,Menlo,16,1,release,8,24,3,false,4221,0,false,Metal,Apple M5 Pro,0
rtl_context_ltr_viewport,sparse_novel_counter,softwrap,81,25,22,26208,1354083,55667,Menlo,16,1,release,8,24,3,false,4221,0,false,Metal,Apple M5 Pro,0
rtl_context_ltr_viewport,sparse_novel_counter,softwrap,81,25,23,26583,1365458,44583,Menlo,16,1,release,8,24,3,false,4221,0,false,Metal,Apple M5 Pro,0
rtl_context_ltr_viewport,scroll_cycle,explicit_rows,81,25,0,15292,17000,43416,Menlo,16,1,release,8,24,3,false,0,0,false,Metal,Apple M5 Pro,6
rtl_context_ltr_viewport,scroll_cycle,explicit_rows,81,25,1,15334,16084,43500,Menlo,16,1,release,8,24,3,false,0,0,false,Metal,Apple M5 Pro,12
rtl_context_ltr_viewport,scroll_cycle,explicit_rows,81,25,2,15375,15625,42042,Menlo,16,1,release,8,24,3,false,0,0,false,Metal,Apple M5 Pro,18
rtl_context_ltr_viewport,scroll_cycle,explicit_rows,81,25,3,15333,15792,41875,Menlo,16,1,release,8,24,3,false,0,0,false,Metal,Apple M5 Pro,25
rtl_context_ltr_viewport,scroll_cycle,explicit_rows,81,25,4,15250,15584,42125,Menlo,16,1,release,8,24,3,false,0,0,false,Metal,Apple M5 Pro,18
rtl_context_ltr_viewport,scroll_cycle,explicit_rows,81,25,5,15292,16500,43459,Menlo,16,1,release,8,24,3,false,0,0,false,Metal,Apple M5 Pro,12
rtl_context_ltr_viewport,scroll_cycle,explicit_rows,81,25,6,15125,15500,43208,Menlo,16,1,release,8,24,3,false,0,0,false,Metal,Apple M5 Pro,6
rtl_context_ltr_viewport,scroll_cycle,explicit_rows,81,25,7,15333,15500,43167,Menlo,16,1,release,8,24,3,false,0,0,false,Metal,Apple M5 Pro,0
rtl_context_ltr_viewport,scroll_cycle,explicit_rows,81,25,8,15292,16250,41708,Menlo,16,1,release,8,24,3,false,0,0,false,Metal,Apple M5 Pro,6
rtl_context_ltr_viewport,scroll_cycle,explicit_rows,81,25,9,15417,16541,42375,Menlo,16,1,release,8,24,3,false,0,0,false,Metal,Apple M5 Pro,12
rtl_context_ltr_viewport,scroll_cycle,explicit_rows,81,25,10,15291,15542,45291,Menlo,16,1,release,8,24,3,false,0,0,false,Metal,Apple M5 Pro,18
rtl_context_ltr_viewport,scroll_cycle,explicit_rows,81,25,11,15333,15792,42125,Menlo,16,1,release,8,24,3,false,0,0,false,Metal,Apple M5 Pro,25
rtl_context_ltr_viewport,scroll_cycle,explicit_rows,81,25,12,15250,15375,48041,Menlo,16,1,release,8,24,3,false,0,0,false,Metal,Apple M5 Pro,18
rtl_context_ltr_viewport,scroll_cycle,explicit_rows,81,25,13,15375,16542,42958,Menlo,16,1,release,8,24,3,false,0,0,false,Metal,Apple M5 Pro,12
rtl_context_ltr_viewport,scroll_cycle,explicit_rows,81,25,14,15291,15750,41875,Menlo,16,1,release,8,24,3,false,0,0,false,Metal,Apple M5 Pro,6
rtl_context_ltr_viewport,scroll_cycle,explicit_rows,81,25,15,15375,16500,42083,Menlo,16,1,release,8,24,3,false,0,0,false,Metal,Apple M5 Pro,0
rtl_context_ltr_viewport,scroll_cycle,explicit_rows,81,25,16,15292,15417,42042,Menlo,16,1,release,8,24,3,false,0,0,false,Metal,Apple M5 Pro,6
rtl_context_ltr_viewport,scroll_cycle,explicit_rows,81,25,17,15292,16750,41583,Menlo,16,1,release,8,24,3,false,0,0,false,Metal,Apple M5 Pro,12
rtl_context_ltr_viewport,scroll_cycle,explicit_rows,81,25,18,15291,15750,42542,Menlo,16,1,release,8,24,3,false,0,0,false,Metal,Apple M5 Pro,18
rtl_context_ltr_viewport,scroll_cycle,explicit_rows,81,25,19,15292,16500,57584,Menlo,16,1,release,8,24,3,false,0,0,false,Metal,Apple M5 Pro,25
rtl_context_ltr_viewport,scroll_cycle,explicit_rows,81,25,20,15708,15958,43209,Menlo,16,1,release,8,24,3,false,0,0,false,Metal,Apple M5 Pro,18
rtl_context_ltr_viewport,scroll_cycle,explicit_rows,81,25,21,15250,15750,41584,Menlo,16,1,release,8,24,3,false,0,0,false,Metal,Apple M5 Pro,12
rtl_context_ltr_viewport,scroll_cycle,explicit_rows,81,25,22,15375,16625,41458,Menlo,16,1,release,8,24,3,false,0,0,false,Metal,Apple M5 Pro,6
rtl_context_ltr_viewport,scroll_cycle,explicit_rows,81,25,23,15459,16541,42250,Menlo,16,1,release,8,24,3,false,0,0,false,Metal,Apple M5 Pro,0
rtl_context_ltr_viewport,scroll_cycle,softwrap,81,25,0,26541,1341417,63291,Menlo,16,1,release,8,24,3,false,3727,494,false,Metal,Apple M5 Pro,6
rtl_context_ltr_viewport,scroll_cycle,softwrap,81,25,1,27292,1358583,50250,Menlo,16,1,release,8,24,3,false,3233,987,false,Metal,Apple M5 Pro,12
rtl_context_ltr_viewport,scroll_cycle,softwrap,81,25,2,26875,1359750,44834,Menlo,16,1,release,8,24,3,false,2740,1481,false,Metal,Apple M5 Pro,18
rtl_context_ltr_viewport,scroll_cycle,softwrap,81,25,3,27167,1348708,44291,Menlo,16,1,release,8,24,3,false,2164,2057,false,Metal,Apple M5 Pro,25
rtl_context_ltr_viewport,scroll_cycle,softwrap,81,25,4,26542,16125,41833,Menlo,16,1,release,8,24,3,false,2740,1481,false,Metal,Apple M5 Pro,18
rtl_context_ltr_viewport,scroll_cycle,softwrap,81,25,5,26334,16209,42125,Menlo,16,1,release,8,24,3,false,3233,987,false,Metal,Apple M5 Pro,12
rtl_context_ltr_viewport,scroll_cycle,softwrap,81,25,6,25875,16333,42750,Menlo,16,1,release,8,24,3,false,3727,494,false,Metal,Apple M5 Pro,6
rtl_context_ltr_viewport,scroll_cycle,softwrap,81,25,7,26125,1343625,45000,Menlo,16,1,release,8,24,3,false,4221,0,false,Metal,Apple M5 Pro,0
rtl_context_ltr_viewport,scroll_cycle,softwrap,81,25,8,26667,1340208,44833,Menlo,16,1,release,8,24,3,false,3727,494,false,Metal,Apple M5 Pro,6
rtl_context_ltr_viewport,scroll_cycle,softwrap,81,25,9,26333,1348750,44792,Menlo,16,1,release,8,24,3,false,3233,987,false,Metal,Apple M5 Pro,12
rtl_context_ltr_viewport,scroll_cycle,softwrap,81,25,10,26792,1356250,43583,Menlo,16,1,release,8,24,3,false,2740,1481,false,Metal,Apple M5 Pro,18
rtl_context_ltr_viewport,scroll_cycle,softwrap,81,25,11,26750,1329375,44125,Menlo,16,1,release,8,24,3,false,2164,2057,false,Metal,Apple M5 Pro,25
rtl_context_ltr_viewport,scroll_cycle,softwrap,81,25,12,26542,16125,43750,Menlo,16,1,release,8,24,3,false,2740,1481,false,Metal,Apple M5 Pro,18
rtl_context_ltr_viewport,scroll_cycle,softwrap,81,25,13,26500,16166,43542,Menlo,16,1,release,8,24,3,false,3233,987,false,Metal,Apple M5 Pro,12
rtl_context_ltr_viewport,scroll_cycle,softwrap,81,25,14,26208,16417,42500,Menlo,16,1,release,8,24,3,false,3727,494,false,Metal,Apple M5 Pro,6
rtl_context_ltr_viewport,scroll_cycle,softwrap,81,25,15,25958,1332375,44625,Menlo,16,1,release,8,24,3,false,4221,0,false,Metal,Apple M5 Pro,0
rtl_context_ltr_viewport,scroll_cycle,softwrap,81,25,16,27083,1335542,48333,Menlo,16,1,release,8,24,3,false,3727,494,false,Metal,Apple M5 Pro,6
rtl_context_ltr_viewport,scroll_cycle,softwrap,81,25,17,26667,1320000,44916,Menlo,16,1,release,8,24,3,false,3233,987,false,Metal,Apple M5 Pro,12
rtl_context_ltr_viewport,scroll_cycle,softwrap,81,25,18,26375,1349042,51041,Menlo,16,1,release,8,24,3,false,2740,1481,false,Metal,Apple M5 Pro,18
rtl_context_ltr_viewport,scroll_cycle,softwrap,81,25,19,26375,1339208,45375,Menlo,16,1,release,8,24,3,false,2164,2057,false,Metal,Apple M5 Pro,25
rtl_context_ltr_viewport,scroll_cycle,softwrap,81,25,20,26708,16833,43167,Menlo,16,1,release,8,24,3,false,2740,1481,false,Metal,Apple M5 Pro,18
rtl_context_ltr_viewport,scroll_cycle,softwrap,81,25,21,26458,16042,48583,Menlo,16,1,release,8,24,3,false,3233,987,false,Metal,Apple M5 Pro,12
rtl_context_ltr_viewport,scroll_cycle,softwrap,81,25,22,25875,22125,64458,Menlo,16,1,release,8,24,3,false,3727,494,false,Metal,Apple M5 Pro,6
rtl_context_ltr_viewport,scroll_cycle,softwrap,81,25,23,27000,1363125,45750,Menlo,16,1,release,8,24,3,false,4221,0,false,Metal,Apple M5 Pro,0
rtl_context_ltr_viewport,dense_novel_text,explicit_rows,81,25,0,15417,629417,44541,Menlo,16,1,release,8,24,3,false,0,0,false,Metal,Apple M5 Pro,0
rtl_context_ltr_viewport,dense_novel_text,explicit_rows,81,25,1,15500,666209,47209,Menlo,16,1,release,8,24,3,false,0,0,false,Metal,Apple M5 Pro,0
rtl_context_ltr_viewport,dense_novel_text,explicit_rows,81,25,2,15667,639083,44250,Menlo,16,1,release,8,24,3,false,0,0,false,Metal,Apple M5 Pro,0
rtl_context_ltr_viewport,dense_novel_text,explicit_rows,81,25,3,15541,612792,44291,Menlo,16,1,release,8,24,3,false,0,0,false,Metal,Apple M5 Pro,0
rtl_context_ltr_viewport,dense_novel_text,explicit_rows,81,25,4,16166,616167,44208,Menlo,16,1,release,8,24,3,false,0,0,false,Metal,Apple M5 Pro,0
rtl_context_ltr_viewport,dense_novel_text,explicit_rows,81,25,5,15416,616542,44166,Menlo,16,1,release,8,24,3,false,0,0,false,Metal,Apple M5 Pro,0
rtl_context_ltr_viewport,dense_novel_text,explicit_rows,81,25,6,15416,617959,44208,Menlo,16,1,release,8,24,3,false,0,0,false,Metal,Apple M5 Pro,0
rtl_context_ltr_viewport,dense_novel_text,explicit_rows,81,25,7,15416,634917,44083,Menlo,16,1,release,8,24,3,false,0,0,false,Metal,Apple M5 Pro,0
rtl_context_ltr_viewport,dense_novel_text,explicit_rows,81,25,8,15375,633625,44416,Menlo,16,1,release,8,24,3,false,0,0,false,Metal,Apple M5 Pro,0
rtl_context_ltr_viewport,dense_novel_text,explicit_rows,81,25,9,15458,614209,44167,Menlo,16,1,release,8,24,3,false,0,0,false,Metal,Apple M5 Pro,0
rtl_context_ltr_viewport,dense_novel_text,explicit_rows,81,25,10,15375,639667,42708,Menlo,16,1,release,8,24,3,false,0,0,false,Metal,Apple M5 Pro,0
rtl_context_ltr_viewport,dense_novel_text,explicit_rows,81,25,11,15333,618000,44291,Menlo,16,1,release,8,24,3,false,0,0,false,Metal,Apple M5 Pro,0
rtl_context_ltr_viewport,dense_novel_text,explicit_rows,81,25,12,15750,618041,44125,Menlo,16,1,release,8,24,3,false,0,0,false,Metal,Apple M5 Pro,0
rtl_context_ltr_viewport,dense_novel_text,explicit_rows,81,25,13,15333,618209,44166,Menlo,16,1,release,8,24,3,false,0,0,false,Metal,Apple M5 Pro,0
rtl_context_ltr_viewport,dense_novel_text,explicit_rows,81,25,14,15417,644375,44584,Menlo,16,1,release,8,24,3,false,0,0,false,Metal,Apple M5 Pro,0
rtl_context_ltr_viewport,dense_novel_text,explicit_rows,81,25,15,15666,620458,51333,Menlo,16,1,release,8,24,3,false,0,0,false,Metal,Apple M5 Pro,0
rtl_context_ltr_viewport,dense_novel_text,explicit_rows,81,25,16,19292,621292,44583,Menlo,16,1,release,8,24,3,false,0,0,false,Metal,Apple M5 Pro,0
rtl_context_ltr_viewport,dense_novel_text,explicit_rows,81,25,17,15458,622083,44459,Menlo,16,1,release,8,24,3,false,0,0,false,Metal,Apple M5 Pro,0
rtl_context_ltr_viewport,dense_novel_text,explicit_rows,81,25,18,15541,618375,44291,Menlo,16,1,release,8,24,3,false,0,0,false,Metal,Apple M5 Pro,0
rtl_context_ltr_viewport,dense_novel_text,explicit_rows,81,25,19,15500,613041,44167,Menlo,16,1,release,8,24,3,false,0,0,false,Metal,Apple M5 Pro,0
rtl_context_ltr_viewport,dense_novel_text,explicit_rows,81,25,20,15291,678542,44458,Menlo,16,1,release,8,24,3,false,0,0,false,Metal,Apple M5 Pro,0
rtl_context_ltr_viewport,dense_novel_text,explicit_rows,81,25,21,15459,619416,44292,Menlo,16,1,release,8,24,3,false,0,0,false,Metal,Apple M5 Pro,0
rtl_context_ltr_viewport,dense_novel_text,explicit_rows,81,25,22,15292,620667,44291,Menlo,16,1,release,8,24,3,false,0,0,false,Metal,Apple M5 Pro,0
rtl_context_ltr_viewport,dense_novel_text,explicit_rows,81,25,23,15416,616417,44417,Menlo,16,1,release,8,24,3,false,0,0,false,Metal,Apple M5 Pro,0
rtl_context_ltr_viewport,dense_novel_text,softwrap,81,25,0,26292,1373667,44666,Menlo,16,1,release,8,24,3,false,4221,0,false,Metal,Apple M5 Pro,0
rtl_context_ltr_viewport,dense_novel_text,softwrap,81,25,1,26458,1358875,44750,Menlo,16,1,release,8,24,3,false,4221,0,false,Metal,Apple M5 Pro,0
rtl_context_ltr_viewport,dense_novel_text,softwrap,81,25,2,26125,1339250,43459,Menlo,16,1,release,8,24,3,false,4221,0,false,Metal,Apple M5 Pro,0
rtl_context_ltr_viewport,dense_novel_text,softwrap,81,25,3,26292,1342666,44500,Menlo,16,1,release,8,24,3,false,4221,0,false,Metal,Apple M5 Pro,0
rtl_context_ltr_viewport,dense_novel_text,softwrap,81,25,4,26916,1378167,44583,Menlo,16,1,release,8,24,3,false,4221,0,false,Metal,Apple M5 Pro,0
rtl_context_ltr_viewport,dense_novel_text,softwrap,81,25,5,26167,1371916,44542,Menlo,16,1,release,8,24,3,false,4221,0,false,Metal,Apple M5 Pro,0
rtl_context_ltr_viewport,dense_novel_text,softwrap,81,25,6,26209,1333541,44750,Menlo,16,1,release,8,24,3,false,4221,0,false,Metal,Apple M5 Pro,0
rtl_context_ltr_viewport,dense_novel_text,softwrap,81,25,7,26833,1369166,44583,Menlo,16,1,release,8,24,3,false,4221,0,false,Metal,Apple M5 Pro,0
rtl_context_ltr_viewport,dense_novel_text,softwrap,81,25,8,26541,1334917,44625,Menlo,16,1,release,8,24,3,false,4221,0,false,Metal,Apple M5 Pro,0
rtl_context_ltr_viewport,dense_novel_text,softwrap,81,25,9,25959,1346709,45041,Menlo,16,1,release,8,24,3,false,4221,0,false,Metal,Apple M5 Pro,0
rtl_context_ltr_viewport,dense_novel_text,softwrap,81,25,10,26250,1340958,44709,Menlo,16,1,release,8,24,3,false,4221,0,false,Metal,Apple M5 Pro,0
rtl_context_ltr_viewport,dense_novel_text,softwrap,81,25,11,26291,1361250,44583,Menlo,16,1,release,8,24,3,false,4221,0,false,Metal,Apple M5 Pro,0
rtl_context_ltr_viewport,dense_novel_text,softwrap,81,25,12,26000,1344166,44709,Menlo,16,1,release,8,24,3,false,4221,0,false,Metal,Apple M5 Pro,0
rtl_context_ltr_viewport,dense_novel_text,softwrap,81,25,13,26375,1347000,44667,Menlo,16,1,release,8,24,3,false,4221,0,false,Metal,Apple M5 Pro,0
rtl_context_ltr_viewport,dense_novel_text,softwrap,81,25,14,26167,1359958,44500,Menlo,16,1,release,8,24,3,false,4221,0,false,Metal,Apple M5 Pro,0
rtl_context_ltr_viewport,dense_novel_text,softwrap,81,25,15,26500,1351417,44750,Menlo,16,1,release,8,24,3,false,4221,0,false,Metal,Apple M5 Pro,0
rtl_context_ltr_viewport,dense_novel_text,softwrap,81,25,16,26208,1352584,44500,Menlo,16,1,release,8,24,3,false,4221,0,false,Metal,Apple M5 Pro,0
rtl_context_ltr_viewport,dense_novel_text,softwrap,81,25,17,26167,1340125,44541,Menlo,16,1,release,8,24,3,false,4221,0,false,Metal,Apple M5 Pro,0
rtl_context_ltr_viewport,dense_novel_text,softwrap,81,25,18,26166,1345083,44625,Menlo,16,1,release,8,24,3,false,4221,0,false,Metal,Apple M5 Pro,0
rtl_context_ltr_viewport,dense_novel_text,softwrap,81,25,19,26166,1335083,44500,Menlo,16,1,release,8,24,3,false,4221,0,false,Metal,Apple M5 Pro,0
rtl_context_ltr_viewport,dense_novel_text,softwrap,81,25,20,26125,1357666,44708,Menlo,16,1,release,8,24,3,false,4221,0,false,Metal,Apple M5 Pro,0
rtl_context_ltr_viewport,dense_novel_text,softwrap,81,25,21,26875,1324333,44625,Menlo,16,1,release,8,24,3,false,4221,0,false,Metal,Apple M5 Pro,0
rtl_context_ltr_viewport,dense_novel_text,softwrap,81,25,22,25916,1327292,44625,Menlo,16,1,release,8,24,3,false,4221,0,false,Metal,Apple M5 Pro,0
rtl_context_ltr_viewport,dense_novel_text,softwrap,81,25,23,26042,1333041,44625,Menlo,16,1,release,8,24,3,false,4221,0,false,Metal,Apple M5 Pro,0
latin_accents,sparse_novel_counter,explicit_rows,121,42,0,39333,74625,2917,Menlo,16,1,release,8,24,3,false,0,0,false,Metal,Apple M5 Pro,0
latin_accents,sparse_novel_counter,explicit_rows,121,42,1,39375,109416,2875,Menlo,16,1,release,8,24,3,false,0,0,false,Metal,Apple M5 Pro,0
latin_accents,sparse_novel_counter,explicit_rows,121,42,2,39292,74916,2917,Menlo,16,1,release,8,24,3,false,0,0,false,Metal,Apple M5 Pro,0
latin_accents,sparse_novel_counter,explicit_rows,121,42,3,59084,95125,3042,Menlo,16,1,release,8,24,3,false,0,0,false,Metal,Apple M5 Pro,0
latin_accents,sparse_novel_counter,explicit_rows,121,42,4,40291,89792,2917,Menlo,16,1,release,8,24,3,false,0,0,false,Metal,Apple M5 Pro,0
latin_accents,sparse_novel_counter,explicit_rows,121,42,5,43958,85750,2916,Menlo,16,1,release,8,24,3,false,0,0,false,Metal,Apple M5 Pro,0
latin_accents,sparse_novel_counter,explicit_rows,121,42,6,45625,81125,2875,Menlo,16,1,release,8,24,3,false,0,0,false,Metal,Apple M5 Pro,0
latin_accents,sparse_novel_counter,explicit_rows,121,42,7,39458,120166,2917,Menlo,16,1,release,8,24,3,false,0,0,false,Metal,Apple M5 Pro,0
latin_accents,sparse_novel_counter,explicit_rows,121,42,8,39875,75792,2917,Menlo,16,1,release,8,24,3,false,0,0,false,Metal,Apple M5 Pro,0
latin_accents,sparse_novel_counter,explicit_rows,121,42,9,39458,75583,3000,Menlo,16,1,release,8,24,3,false,0,0,false,Metal,Apple M5 Pro,0
latin_accents,sparse_novel_counter,explicit_rows,121,42,10,39292,75625,2917,Menlo,16,1,release,8,24,3,false,0,0,false,Metal,Apple M5 Pro,0
latin_accents,sparse_novel_counter,explicit_rows,121,42,11,39625,76833,2959,Menlo,16,1,release,8,24,3,false,0,0,false,Metal,Apple M5 Pro,0
latin_accents,sparse_novel_counter,explicit_rows,121,42,12,39417,75541,2917,Menlo,16,1,release,8,24,3,false,0,0,false,Metal,Apple M5 Pro,0
latin_accents,sparse_novel_counter,explicit_rows,121,42,13,39583,75375,2875,Menlo,16,1,release,8,24,3,false,0,0,false,Metal,Apple M5 Pro,0
latin_accents,sparse_novel_counter,explicit_rows,121,42,14,39334,87500,2917,Menlo,16,1,release,8,24,3,false,0,0,false,Metal,Apple M5 Pro,0
latin_accents,sparse_novel_counter,explicit_rows,121,42,15,39541,84334,2958,Menlo,16,1,release,8,24,3,false,0,0,false,Metal,Apple M5 Pro,0
latin_accents,sparse_novel_counter,explicit_rows,121,42,16,39250,87958,2917,Menlo,16,1,release,8,24,3,false,0,0,false,Metal,Apple M5 Pro,0
latin_accents,sparse_novel_counter,explicit_rows,121,42,17,39291,76292,2916,Menlo,16,1,release,8,24,3,false,0,0,false,Metal,Apple M5 Pro,0
latin_accents,sparse_novel_counter,explicit_rows,121,42,18,39125,75209,2916,Menlo,16,1,release,8,24,3,false,0,0,false,Metal,Apple M5 Pro,0
latin_accents,sparse_novel_counter,explicit_rows,121,42,19,39417,79250,2917,Menlo,16,1,release,8,24,3,false,0,0,false,Metal,Apple M5 Pro,0
latin_accents,sparse_novel_counter,explicit_rows,121,42,20,39625,75875,2959,Menlo,16,1,release,8,24,3,false,0,0,false,Metal,Apple M5 Pro,0
latin_accents,sparse_novel_counter,explicit_rows,121,42,21,39792,75875,2917,Menlo,16,1,release,8,24,3,false,0,0,false,Metal,Apple M5 Pro,0
latin_accents,sparse_novel_counter,explicit_rows,121,42,22,39667,76167,2875,Menlo,16,1,release,8,24,3,false,0,0,false,Metal,Apple M5 Pro,0
latin_accents,sparse_novel_counter,explicit_rows,121,42,23,39500,76292,2916,Menlo,16,1,release,8,24,3,false,0,0,false,Metal,Apple M5 Pro,0
latin_accents,sparse_novel_counter,softwrap,121,42,0,70583,3086209,111750,Menlo,16,1,release,8,24,3,false,11643,0,false,Metal,Apple M5 Pro,0
latin_accents,sparse_novel_counter,softwrap,121,42,1,70584,3061958,115083,Menlo,16,1,release,8,24,3,false,11643,0,false,Metal,Apple M5 Pro,0
latin_accents,sparse_novel_counter,softwrap,121,42,2,68625,3122167,113916,Menlo,16,1,release,8,24,3,false,11643,0,false,Metal,Apple M5 Pro,0
latin_accents,sparse_novel_counter,softwrap,121,42,3,70458,3061667,114000,Menlo,16,1,release,8,24,3,false,11643,0,false,Metal,Apple M5 Pro,0
latin_accents,sparse_novel_counter,softwrap,121,42,4,73959,3044709,113167,Menlo,16,1,release,8,24,3,false,11643,0,false,Metal,Apple M5 Pro,0
latin_accents,sparse_novel_counter,softwrap,121,42,5,69291,3120500,112541,Menlo,16,1,release,8,24,3,false,11643,0,false,Metal,Apple M5 Pro,0
latin_accents,sparse_novel_counter,softwrap,121,42,6,70708,3053625,114917,Menlo,16,1,release,8,24,3,false,11643,0,false,Metal,Apple M5 Pro,0
latin_accents,sparse_novel_counter,softwrap,121,42,7,71625,3107084,113291,Menlo,16,1,release,8,24,3,false,11643,0,false,Metal,Apple M5 Pro,0
latin_accents,sparse_novel_counter,softwrap,121,42,8,69416,3066500,113917,Menlo,16,1,release,8,24,3,false,11643,0,false,Metal,Apple M5 Pro,0
latin_accents,sparse_novel_counter,softwrap,121,42,9,70042,3022542,113250,Menlo,16,1,release,8,24,3,false,11643,0,false,Metal,Apple M5 Pro,0
latin_accents,sparse_novel_counter,softwrap,121,42,10,68375,3093917,113208,Menlo,16,1,release,8,24,3,false,11643,0,false,Metal,Apple M5 Pro,0
latin_accents,sparse_novel_counter,softwrap,121,42,11,67958,3088417,111625,Menlo,16,1,release,8,24,3,false,11643,0,false,Metal,Apple M5 Pro,0
latin_accents,sparse_novel_counter,softwrap,121,42,12,70666,3126625,115542,Menlo,16,1,release,8,24,3,false,11643,0,false,Metal,Apple M5 Pro,0
latin_accents,sparse_novel_counter,softwrap,121,42,13,77167,3046500,110709,Menlo,16,1,release,8,24,3,false,11643,0,false,Metal,Apple M5 Pro,0
latin_accents,sparse_novel_counter,softwrap,121,42,14,70167,3056667,111333,Menlo,16,1,release,8,24,3,false,11643,0,false,Metal,Apple M5 Pro,0
latin_accents,sparse_novel_counter,softwrap,121,42,15,68833,3052375,112792,Menlo,16,1,release,8,24,3,false,11643,0,false,Metal,Apple M5 Pro,0
latin_accents,sparse_novel_counter,softwrap,121,42,16,68500,3066041,111875,Menlo,16,1,release,8,24,3,false,11643,0,false,Metal,Apple M5 Pro,0
latin_accents,sparse_novel_counter,softwrap,121,42,17,69500,3121250,113584,Menlo,16,1,release,8,24,3,false,11643,0,false,Metal,Apple M5 Pro,0
latin_accents,sparse_novel_counter,softwrap,121,42,18,68417,3067166,114709,Menlo,16,1,release,8,24,3,false,11643,0,false,Metal,Apple M5 Pro,0
latin_accents,sparse_novel_counter,softwrap,121,42,19,70125,3059292,114083,Menlo,16,1,release,8,24,3,false,11643,0,false,Metal,Apple M5 Pro,0
latin_accents,sparse_novel_counter,softwrap,121,42,20,69875,3080958,114000,Menlo,16,1,release,8,24,3,false,11643,0,false,Metal,Apple M5 Pro,0
latin_accents,sparse_novel_counter,softwrap,121,42,21,70292,3056625,108958,Menlo,16,1,release,8,24,3,false,11643,0,false,Metal,Apple M5 Pro,0
latin_accents,sparse_novel_counter,softwrap,121,42,22,69916,3060917,129542,Menlo,16,1,release,8,24,3,false,11643,0,false,Metal,Apple M5 Pro,0
latin_accents,sparse_novel_counter,softwrap,121,42,23,69958,3101208,114125,Menlo,16,1,release,8,24,3,false,11643,0,false,Metal,Apple M5 Pro,0
latin_accents,scroll_cycle,explicit_rows,121,42,0,40000,1580166,114042,Menlo,16,1,release,8,24,3,false,0,0,false,Metal,Apple M5 Pro,10
latin_accents,scroll_cycle,explicit_rows,121,42,1,40791,458792,112791,Menlo,16,1,release,8,24,3,false,0,0,false,Metal,Apple M5 Pro,21
latin_accents,scroll_cycle,explicit_rows,121,42,2,40250,409292,110625,Menlo,16,1,release,8,24,3,false,0,0,false,Metal,Apple M5 Pro,31
latin_accents,scroll_cycle,explicit_rows,121,42,3,40375,442500,113584,Menlo,16,1,release,8,24,3,false,0,0,false,Metal,Apple M5 Pro,42
latin_accents,scroll_cycle,explicit_rows,121,42,4,39959,39416,109458,Menlo,16,1,release,8,24,3,false,0,0,false,Metal,Apple M5 Pro,31
latin_accents,scroll_cycle,explicit_rows,121,42,5,39708,39958,107542,Menlo,16,1,release,8,24,3,false,0,0,false,Metal,Apple M5 Pro,21
latin_accents,scroll_cycle,explicit_rows,121,42,6,39917,39000,108208,Menlo,16,1,release,8,24,3,false,0,0,false,Metal,Apple M5 Pro,10
latin_accents,scroll_cycle,explicit_rows,121,42,7,39625,404208,111625,Menlo,16,1,release,8,24,3,false,0,0,false,Metal,Apple M5 Pro,0
latin_accents,scroll_cycle,explicit_rows,121,42,8,39959,1583209,113708,Menlo,16,1,release,8,24,3,false,0,0,false,Metal,Apple M5 Pro,10
latin_accents,scroll_cycle,explicit_rows,121,42,9,40750,440292,114125,Menlo,16,1,release,8,24,3,false,0,0,false,Metal,Apple M5 Pro,21
latin_accents,scroll_cycle,explicit_rows,121,42,10,40625,405084,112209,Menlo,16,1,release,8,24,3,false,0,0,false,Metal,Apple M5 Pro,31
latin_accents,scroll_cycle,explicit_rows,121,42,11,40125,439541,109750,Menlo,16,1,release,8,24,3,false,0,0,false,Metal,Apple M5 Pro,42
latin_accents,scroll_cycle,explicit_rows,121,42,12,40166,39209,111334,Menlo,16,1,release,8,24,3,false,0,0,false,Metal,Apple M5 Pro,31
latin_accents,scroll_cycle,explicit_rows,121,42,13,39500,39291,108833,Menlo,16,1,release,8,24,3,false,0,0,false,Metal,Apple M5 Pro,21
latin_accents,scroll_cycle,explicit_rows,121,42,14,39250,39000,108500,Menlo,16,1,release,8,24,3,false,0,0,false,Metal,Apple M5 Pro,10
latin_accents,scroll_cycle,explicit_rows,121,42,15,39666,405125,112125,Menlo,16,1,release,8,24,3,false,0,0,false,Metal,Apple M5 Pro,0
latin_accents,scroll_cycle,explicit_rows,121,42,16,39625,1592875,113875,Menlo,16,1,release,8,24,3,false,0,0,false,Metal,Apple M5 Pro,10
latin_accents,scroll_cycle,explicit_rows,121,42,17,50000,442333,132000,Menlo,16,1,release,8,24,3,false,0,0,false,Metal,Apple M5 Pro,21
latin_accents,scroll_cycle,explicit_rows,121,42,18,39666,409709,124666,Menlo,16,1,release,8,24,3,false,0,0,false,Metal,Apple M5 Pro,31
latin_accents,scroll_cycle,explicit_rows,121,42,19,39458,450083,108334,Menlo,16,1,release,8,24,3,false,0,0,false,Metal,Apple M5 Pro,42
latin_accents,scroll_cycle,explicit_rows,121,42,20,39459,39250,108834,Menlo,16,1,release,8,24,3,false,0,0,false,Metal,Apple M5 Pro,31
latin_accents,scroll_cycle,explicit_rows,121,42,21,39708,39125,108917,Menlo,16,1,release,8,24,3,false,0,0,false,Metal,Apple M5 Pro,21
latin_accents,scroll_cycle,explicit_rows,121,42,22,39625,39083,110959,Menlo,16,1,release,8,24,3,false,0,0,false,Metal,Apple M5 Pro,10
latin_accents,scroll_cycle,explicit_rows,121,42,23,39458,400375,113625,Menlo,16,1,release,8,24,3,false,0,0,false,Metal,Apple M5 Pro,0
latin_accents,scroll_cycle,softwrap,121,42,0,69750,3035666,116084,Menlo,16,1,release,8,24,3,false,10272,1357,false,Metal,Apple M5 Pro,10
latin_accents,scroll_cycle,softwrap,121,42,1,68750,3042209,110542,Menlo,16,1,release,8,24,3,false,8766,2863,false,Metal,Apple M5 Pro,21
latin_accents,scroll_cycle,softwrap,121,42,2,70125,3056375,114209,Menlo,16,1,release,8,24,3,false,7395,4234,false,Metal,Apple M5 Pro,31
latin_accents,scroll_cycle,softwrap,121,42,3,102250,3100625,116416,Menlo,16,1,release,8,24,3,false,5889,5740,false,Metal,Apple M5 Pro,42
latin_accents,scroll_cycle,softwrap,121,42,4,70708,3061292,116375,Menlo,16,1,release,8,24,3,false,7395,4234,false,Metal,Apple M5 Pro,31
latin_accents,scroll_cycle,softwrap,121,42,5,71000,3090167,111583,Menlo,16,1,release,8,24,3,false,8766,2863,false,Metal,Apple M5 Pro,21
latin_accents,scroll_cycle,softwrap,121,42,6,76167,3094333,114125,Menlo,16,1,release,8,24,3,false,10272,1357,false,Metal,Apple M5 Pro,10
latin_accents,scroll_cycle,softwrap,121,42,7,70250,3044459,114750,Menlo,16,1,release,8,24,3,false,11643,0,false,Metal,Apple M5 Pro,0
latin_accents,scroll_cycle,softwrap,121,42,8,70875,3041625,116334,Menlo,16,1,release,8,24,3,false,10272,1357,false,Metal,Apple M5 Pro,10
latin_accents,scroll_cycle,softwrap,121,42,9,70000,3051500,113083,Menlo,16,1,release,8,24,3,false,8766,2863,false,Metal,Apple M5 Pro,21
latin_accents,scroll_cycle,softwrap,121,42,10,69791,3045209,111958,Menlo,16,1,release,8,24,3,false,7395,4234,false,Metal,Apple M5 Pro,31
latin_accents,scroll_cycle,softwrap,121,42,11,68667,3040041,114459,Menlo,16,1,release,8,24,3,false,5889,5740,false,Metal,Apple M5 Pro,42
latin_accents,scroll_cycle,softwrap,121,42,12,70583,3120458,117083,Menlo,16,1,release,8,24,3,false,7395,4234,false,Metal,Apple M5 Pro,31
latin_accents,scroll_cycle,softwrap,121,42,13,69875,3076292,115666,Menlo,16,1,release,8,24,3,false,8766,2863,false,Metal,Apple M5 Pro,21
latin_accents,scroll_cycle,softwrap,121,42,14,69000,3091875,117125,Menlo,16,1,release,8,24,3,false,10272,1357,false,Metal,Apple M5 Pro,10
latin_accents,scroll_cycle,softwrap,121,42,15,79084,3123083,118791,Menlo,16,1,release,8,24,3,false,11643,0,false,Metal,Apple M5 Pro,0
latin_accents,scroll_cycle,softwrap,121,42,16,70208,3076250,115083,Menlo,16,1,release,8,24,3,false,10272,1357,false,Metal,Apple M5 Pro,10
latin_accents,scroll_cycle,softwrap,121,42,17,68167,3108250,114708,Menlo,16,1,release,8,24,3,false,8766,2863,false,Metal,Apple M5 Pro,21
latin_accents,scroll_cycle,softwrap,121,42,18,69500,3144625,116708,Menlo,16,1,release,8,24,3,false,7395,4234,false,Metal,Apple M5 Pro,31
latin_accents,scroll_cycle,softwrap,121,42,19,69208,3072917,116250,Menlo,16,1,release,8,24,3,false,5889,5740,false,Metal,Apple M5 Pro,42
latin_accents,scroll_cycle,softwrap,121,42,20,69542,3083250,116291,Menlo,16,1,release,8,24,3,false,7395,4234,false,Metal,Apple M5 Pro,31
latin_accents,scroll_cycle,softwrap,121,42,21,69375,3076333,115750,Menlo,16,1,release,8,24,3,false,8766,2863,false,Metal,Apple M5 Pro,21
latin_accents,scroll_cycle,softwrap,121,42,22,70125,3074167,119083,Menlo,16,1,release,8,24,3,false,10272,1357,false,Metal,Apple M5 Pro,10
latin_accents,scroll_cycle,softwrap,121,42,23,69500,3061250,113583,Menlo,16,1,release,8,24,3,false,11643,0,false,Metal,Apple M5 Pro,0
latin_accents,dense_novel_text,explicit_rows,121,42,0,39500,1582834,110875,Menlo,16,1,release,8,24,3,false,0,0,false,Metal,Apple M5 Pro,0
latin_accents,dense_novel_text,explicit_rows,121,42,1,39667,1621542,114459,Menlo,16,1,release,8,24,3,false,0,0,false,Metal,Apple M5 Pro,0
latin_accents,dense_novel_text,explicit_rows,121,42,2,39542,1591417,113708,Menlo,16,1,release,8,24,3,false,0,0,false,Metal,Apple M5 Pro,0
latin_accents,dense_novel_text,explicit_rows,121,42,3,39375,1573583,114250,Menlo,16,1,release,8,24,3,false,0,0,false,Metal,Apple M5 Pro,0
latin_accents,dense_novel_text,explicit_rows,121,42,4,39667,1571375,114375,Menlo,16,1,release,8,24,3,false,0,0,false,Metal,Apple M5 Pro,0
latin_accents,dense_novel_text,explicit_rows,121,42,5,39542,1605875,112958,Menlo,16,1,release,8,24,3,false,0,0,false,Metal,Apple M5 Pro,0
latin_accents,dense_novel_text,explicit_rows,121,42,6,39625,1582583,114208,Menlo,16,1,release,8,24,3,false,0,0,false,Metal,Apple M5 Pro,0
latin_accents,dense_novel_text,explicit_rows,121,42,7,66250,1575667,113750,Menlo,16,1,release,8,24,3,false,0,0,false,Metal,Apple M5 Pro,0
latin_accents,dense_novel_text,explicit_rows,121,42,8,39375,1561959,113959,Menlo,16,1,release,8,24,3,false,0,0,false,Metal,Apple M5 Pro,0
latin_accents,dense_novel_text,explicit_rows,121,42,9,39375,1606875,113584,Menlo,16,1,release,8,24,3,false,0,0,false,Metal,Apple M5 Pro,0
latin_accents,dense_novel_text,explicit_rows,121,42,10,39333,1582583,113667,Menlo,16,1,release,8,24,3,false,0,0,false,Metal,Apple M5 Pro,0
latin_accents,dense_novel_text,explicit_rows,121,42,11,39500,1565292,111458,Menlo,16,1,release,8,24,3,false,0,0,false,Metal,Apple M5 Pro,0
latin_accents,dense_novel_text,explicit_rows,121,42,12,39833,1615375,112958,Menlo,16,1,release,8,24,3,false,0,0,false,Metal,Apple M5 Pro,0
latin_accents,dense_novel_text,explicit_rows,121,42,13,39667,1568541,114084,Menlo,16,1,release,8,24,3,false,0,0,false,Metal,Apple M5 Pro,0
latin_accents,dense_novel_text,explicit_rows,121,42,14,47708,1566750,114333,Menlo,16,1,release,8,24,3,false,0,0,false,Metal,Apple M5 Pro,0
latin_accents,dense_novel_text,explicit_rows,121,42,15,45667,1570417,126000,Menlo,16,1,release,8,24,3,false,0,0,false,Metal,Apple M5 Pro,0
latin_accents,dense_novel_text,explicit_rows,121,42,16,39791,1568375,114166,Menlo,16,1,release,8,24,3,false,0,0,false,Metal,Apple M5 Pro,0
latin_accents,dense_novel_text,explicit_rows,121,42,17,39458,1601000,114041,Menlo,16,1,release,8,24,3,false,0,0,false,Metal,Apple M5 Pro,0
latin_accents,dense_novel_text,explicit_rows,121,42,18,39583,1587667,110208,Menlo,16,1,release,8,24,3,false,0,0,false,Metal,Apple M5 Pro,0
latin_accents,dense_novel_text,explicit_rows,121,42,19,39416,1587417,114333,Menlo,16,1,release,8,24,3,false,0,0,false,Metal,Apple M5 Pro,0
latin_accents,dense_novel_text,explicit_rows,121,42,20,39250,1564875,113792,Menlo,16,1,release,8,24,3,false,0,0,false,Metal,Apple M5 Pro,0
latin_accents,dense_novel_text,explicit_rows,121,42,21,39542,1580166,122000,Menlo,16,1,release,8,24,3,false,0,0,false,Metal,Apple M5 Pro,0
latin_accents,dense_novel_text,explicit_rows,121,42,22,39500,1603500,120417,Menlo,16,1,release,8,24,3,false,0,0,false,Metal,Apple M5 Pro,0
latin_accents,dense_novel_text,explicit_rows,121,42,23,39667,1572458,113333,Menlo,16,1,release,8,24,3,false,0,0,false,Metal,Apple M5 Pro,0
latin_accents,dense_novel_text,softwrap,121,42,0,68292,3051375,124083,Menlo,16,1,release,8,24,3,false,11643,0,false,Metal,Apple M5 Pro,0
latin_accents,dense_novel_text,softwrap,121,42,1,68541,3088750,114250,Menlo,16,1,release,8,24,3,false,11643,0,false,Metal,Apple M5 Pro,0
latin_accents,dense_novel_text,softwrap,121,42,2,68375,3031791,114833,Menlo,16,1,release,8,24,3,false,11643,0,false,Metal,Apple M5 Pro,0
latin_accents,dense_novel_text,softwrap,121,42,3,67917,3054792,114625,Menlo,16,1,release,8,24,3,false,11643,0,false,Metal,Apple M5 Pro,0
latin_accents,dense_novel_text,softwrap,121,42,4,67833,3038542,114375,Menlo,16,1,release,8,24,3,false,11643,0,false,Metal,Apple M5 Pro,0
latin_accents,dense_novel_text,softwrap,121,42,5,67791,3111292,114291,Menlo,16,1,release,8,24,3,false,11643,0,false,Metal,Apple M5 Pro,0
latin_accents,dense_novel_text,softwrap,121,42,6,69083,3060042,114000,Menlo,16,1,release,8,24,3,false,11643,0,false,Metal,Apple M5 Pro,0
latin_accents,dense_novel_text,softwrap,121,42,7,67916,3059500,119958,Menlo,16,1,release,8,24,3,false,11643,0,false,Metal,Apple M5 Pro,0
latin_accents,dense_novel_text,softwrap,121,42,8,68000,3089792,114417,Menlo,16,1,release,8,24,3,false,11643,0,false,Metal,Apple M5 Pro,0
latin_accents,dense_novel_text,softwrap,121,42,9,68625,3039708,112708,Menlo,16,1,release,8,24,3,false,11643,0,false,Metal,Apple M5 Pro,0
latin_accents,dense_novel_text,softwrap,121,42,10,68125,3108541,114625,Menlo,16,1,release,8,24,3,false,11643,0,false,Metal,Apple M5 Pro,0
latin_accents,dense_novel_text,softwrap,121,42,11,67667,3118541,114917,Menlo,16,1,release,8,24,3,false,11643,0,false,Metal,Apple M5 Pro,0
latin_accents,dense_novel_text,softwrap,121,42,12,68375,3074250,112292,Menlo,16,1,release,8,24,3,false,11643,0,false,Metal,Apple M5 Pro,0
latin_accents,dense_novel_text,softwrap,121,42,13,73375,3068333,111750,Menlo,16,1,release,8,24,3,false,11643,0,false,Metal,Apple M5 Pro,0
latin_accents,dense_novel_text,softwrap,121,42,14,68083,3058375,117125,Menlo,16,1,release,8,24,3,false,11643,0,false,Metal,Apple M5 Pro,0
latin_accents,dense_novel_text,softwrap,121,42,15,78416,3058083,110417,Menlo,16,1,release,8,24,3,false,11643,0,false,Metal,Apple M5 Pro,0
latin_accents,dense_novel_text,softwrap,121,42,16,68083,3084792,115917,Menlo,16,1,release,8,24,3,false,11643,0,false,Metal,Apple M5 Pro,0
latin_accents,dense_novel_text,softwrap,121,42,17,68167,3096750,112875,Menlo,16,1,release,8,24,3,false,11643,0,false,Metal,Apple M5 Pro,0
latin_accents,dense_novel_text,softwrap,121,42,18,68584,3030083,113083,Menlo,16,1,release,8,24,3,false,11643,0,false,Metal,Apple M5 Pro,0
latin_accents,dense_novel_text,softwrap,121,42,19,68000,3037333,113375,Menlo,16,1,release,8,24,3,false,11643,0,false,Metal,Apple M5 Pro,0
latin_accents,dense_novel_text,softwrap,121,42,20,68584,3061333,113833,Menlo,16,1,release,8,24,3,false,11643,0,false,Metal,Apple M5 Pro,0
latin_accents,dense_novel_text,softwrap,121,42,21,68667,3108750,111875,Menlo,16,1,release,8,24,3,false,11643,0,false,Metal,Apple M5 Pro,0
latin_accents,dense_novel_text,softwrap,121,42,22,68208,3055834,112875,Menlo,16,1,release,8,24,3,false,11643,0,false,Metal,Apple M5 Pro,0
latin_accents,dense_novel_text,softwrap,121,42,23,73833,3073875,113250,Menlo,16,1,release,8,24,3,false,11643,0,false,Metal,Apple M5 Pro,0
cyrillic,sparse_novel_counter,explicit_rows,121,42,0,37958,78292,2750,Menlo,16,1,release,8,24,3,false,0,0,false,Metal,Apple M5 Pro,0
cyrillic,sparse_novel_counter,explicit_rows,121,42,1,38166,73583,2792,Menlo,16,1,release,8,24,3,false,0,0,false,Metal,Apple M5 Pro,0
cyrillic,sparse_novel_counter,explicit_rows,121,42,2,38041,72417,2750,Menlo,16,1,release,8,24,3,false,0,0,false,Metal,Apple M5 Pro,0
cyrillic,sparse_novel_counter,explicit_rows,121,42,3,37958,74708,2834,Menlo,16,1,release,8,24,3,false,0,0,false,Metal,Apple M5 Pro,0
cyrillic,sparse_novel_counter,explicit_rows,121,42,4,38125,72042,2792,Menlo,16,1,release,8,24,3,false,0,0,false,Metal,Apple M5 Pro,0
cyrillic,sparse_novel_counter,explicit_rows,121,42,5,38084,75000,2834,Menlo,16,1,release,8,24,3,false,0,0,false,Metal,Apple M5 Pro,0
cyrillic,sparse_novel_counter,explicit_rows,121,42,6,38209,75125,2834,Menlo,16,1,release,8,24,3,false,0,0,false,Metal,Apple M5 Pro,0
cyrillic,sparse_novel_counter,explicit_rows,121,42,7,38041,115375,2750,Menlo,16,1,release,8,24,3,false,0,0,false,Metal,Apple M5 Pro,0
cyrillic,sparse_novel_counter,explicit_rows,121,42,8,38291,73750,2792,Menlo,16,1,release,8,24,3,false,0,0,false,Metal,Apple M5 Pro,0
cyrillic,sparse_novel_counter,explicit_rows,121,42,9,38083,73333,2834,Menlo,16,1,release,8,24,3,false,0,0,false,Metal,Apple M5 Pro,0
cyrillic,sparse_novel_counter,explicit_rows,121,42,10,44583,73792,2791,Menlo,16,1,release,8,24,3,false,0,0,false,Metal,Apple M5 Pro,0
cyrillic,sparse_novel_counter,explicit_rows,121,42,11,37791,74959,2833,Menlo,16,1,release,8,24,3,false,0,0,false,Metal,Apple M5 Pro,0
cyrillic,sparse_novel_counter,explicit_rows,121,42,12,38083,73708,2750,Menlo,16,1,release,8,24,3,false,0,0,false,Metal,Apple M5 Pro,0
cyrillic,sparse_novel_counter,explicit_rows,121,42,13,42917,73708,2750,Menlo,16,1,release,8,24,3,false,0,0,false,Metal,Apple M5 Pro,0
cyrillic,sparse_novel_counter,explicit_rows,121,42,14,38167,74125,2791,Menlo,16,1,release,8,24,3,false,0,0,false,Metal,Apple M5 Pro,0
cyrillic,sparse_novel_counter,explicit_rows,121,42,15,38084,75084,2750,Menlo,16,1,release,8,24,3,false,0,0,false,Metal,Apple M5 Pro,0
cyrillic,sparse_novel_counter,explicit_rows,121,42,16,38125,80000,2792,Menlo,16,1,release,8,24,3,false,0,0,false,Metal,Apple M5 Pro,0
cyrillic,sparse_novel_counter,explicit_rows,121,42,17,38292,74041,2792,Menlo,16,1,release,8,24,3,false,0,0,false,Metal,Apple M5 Pro,0
cyrillic,sparse_novel_counter,explicit_rows,121,42,18,38167,73291,2792,Menlo,16,1,release,8,24,3,false,0,0,false,Metal,Apple M5 Pro,0
cyrillic,sparse_novel_counter,explicit_rows,121,42,19,38000,72333,2792,Menlo,16,1,release,8,24,3,false,0,0,false,Metal,Apple M5 Pro,0
cyrillic,sparse_novel_counter,explicit_rows,121,42,20,38125,72250,2750,Menlo,16,1,release,8,24,3,false,0,0,false,Metal,Apple M5 Pro,0
cyrillic,sparse_novel_counter,explicit_rows,121,42,21,38000,73375,2750,Menlo,16,1,release,8,24,3,false,0,0,false,Metal,Apple M5 Pro,0
cyrillic,sparse_novel_counter,explicit_rows,121,42,22,38083,73375,18333,Menlo,16,1,release,8,24,3,false,0,0,false,Metal,Apple M5 Pro,0
cyrillic,sparse_novel_counter,explicit_rows,121,42,23,38417,81083,2875,Menlo,16,1,release,8,24,3,false,0,0,false,Metal,Apple M5 Pro,0
cyrillic,sparse_novel_counter,softwrap,121,42,0,68792,2925958,111875,Menlo,16,1,release,8,24,3,false,16830,0,false,Metal,Apple M5 Pro,0
cyrillic,sparse_novel_counter,softwrap,121,42,1,68583,2914584,110583,Menlo,16,1,release,8,24,3,false,16830,0,false,Metal,Apple M5 Pro,0
cyrillic,sparse_novel_counter,softwrap,121,42,2,68917,2928875,112000,Menlo,16,1,release,8,24,3,false,16830,0,false,Metal,Apple M5 Pro,0
cyrillic,sparse_novel_counter,softwrap,121,42,3,68959,2916875,111333,Menlo,16,1,release,8,24,3,false,16830,0,false,Metal,Apple M5 Pro,0
cyrillic,sparse_novel_counter,softwrap,121,42,4,68125,2954250,111583,Menlo,16,1,release,8,24,3,false,16830,0,false,Metal,Apple M5 Pro,0
cyrillic,sparse_novel_counter,softwrap,121,42,5,69417,2888375,125292,Menlo,16,1,release,8,24,3,false,16830,0,false,Metal,Apple M5 Pro,0
cyrillic,sparse_novel_counter,softwrap,121,42,6,67209,2885541,112458,Menlo,16,1,release,8,24,3,false,16830,0,false,Metal,Apple M5 Pro,0
cyrillic,sparse_novel_counter,softwrap,121,42,7,68291,2914167,108208,Menlo,16,1,release,8,24,3,false,16830,0,false,Metal,Apple M5 Pro,0
cyrillic,sparse_novel_counter,softwrap,121,42,8,68458,2883667,112375,Menlo,16,1,release,8,24,3,false,16830,0,false,Metal,Apple M5 Pro,0
cyrillic,sparse_novel_counter,softwrap,121,42,9,67375,2904583,112042,Menlo,16,1,release,8,24,3,false,16830,0,false,Metal,Apple M5 Pro,0
cyrillic,sparse_novel_counter,softwrap,121,42,10,68458,2918750,115000,Menlo,16,1,release,8,24,3,false,16830,0,false,Metal,Apple M5 Pro,0
cyrillic,sparse_novel_counter,softwrap,121,42,11,67542,2901584,112417,Menlo,16,1,release,8,24,3,false,16830,0,false,Metal,Apple M5 Pro,0
cyrillic,sparse_novel_counter,softwrap,121,42,12,66417,2861625,115416,Menlo,16,1,release,8,24,3,false,16830,0,false,Metal,Apple M5 Pro,0
cyrillic,sparse_novel_counter,softwrap,121,42,13,67291,2838709,107916,Menlo,16,1,release,8,24,3,false,16830,0,false,Metal,Apple M5 Pro,0
cyrillic,sparse_novel_counter,softwrap,121,42,14,90875,2864125,111333,Menlo,16,1,release,8,24,3,false,16830,0,false,Metal,Apple M5 Pro,0
cyrillic,sparse_novel_counter,softwrap,121,42,15,67125,2916917,111042,Menlo,16,1,release,8,24,3,false,16830,0,false,Metal,Apple M5 Pro,0
cyrillic,sparse_novel_counter,softwrap,121,42,16,68000,2899000,110833,Menlo,16,1,release,8,24,3,false,16830,0,false,Metal,Apple M5 Pro,0
cyrillic,sparse_novel_counter,softwrap,121,42,17,67750,2897625,109541,Menlo,16,1,release,8,24,3,false,16830,0,false,Metal,Apple M5 Pro,0
cyrillic,sparse_novel_counter,softwrap,121,42,18,69041,2910750,112750,Menlo,16,1,release,8,24,3,false,16830,0,false,Metal,Apple M5 Pro,0
cyrillic,sparse_novel_counter,softwrap,121,42,19,68458,2915333,111708,Menlo,16,1,release,8,24,3,false,16830,0,false,Metal,Apple M5 Pro,0
cyrillic,sparse_novel_counter,softwrap,121,42,20,67500,2919458,111667,Menlo,16,1,release,8,24,3,false,16830,0,false,Metal,Apple M5 Pro,0
cyrillic,sparse_novel_counter,softwrap,121,42,21,67333,2925167,112417,Menlo,16,1,release,8,24,3,false,16830,0,false,Metal,Apple M5 Pro,0
cyrillic,sparse_novel_counter,softwrap,121,42,22,67292,2868583,111417,Menlo,16,1,release,8,24,3,false,16830,0,false,Metal,Apple M5 Pro,0
cyrillic,sparse_novel_counter,softwrap,121,42,23,67208,2945333,111708,Menlo,16,1,release,8,24,3,false,16830,0,false,Metal,Apple M5 Pro,0
cyrillic,scroll_cycle,explicit_rows,121,42,0,38375,1530833,108792,Menlo,16,1,release,8,24,3,false,0,0,false,Metal,Apple M5 Pro,10
cyrillic,scroll_cycle,explicit_rows,121,42,1,38375,443459,126417,Menlo,16,1,release,8,24,3,false,0,0,false,Metal,Apple M5 Pro,21
cyrillic,scroll_cycle,explicit_rows,121,42,2,38917,398000,103667,Menlo,16,1,release,8,24,3,false,0,0,false,Metal,Apple M5 Pro,31
cyrillic,scroll_cycle,explicit_rows,121,42,3,38417,425750,108625,Menlo,16,1,release,8,24,3,false,0,0,false,Metal,Apple M5 Pro,42
cyrillic,scroll_cycle,explicit_rows,121,42,4,38209,38250,101584,Menlo,16,1,release,8,24,3,false,0,0,false,Metal,Apple M5 Pro,31
cyrillic,scroll_cycle,explicit_rows,121,42,5,38375,38625,103125,Menlo,16,1,release,8,24,3,false,0,0,false,Metal,Apple M5 Pro,21
cyrillic,scroll_cycle,explicit_rows,121,42,6,38208,40833,102417,Menlo,16,1,release,8,24,3,false,0,0,false,Metal,Apple M5 Pro,10
cyrillic,scroll_cycle,explicit_rows,121,42,7,38417,389167,106291,Menlo,16,1,release,8,24,3,false,0,0,false,Metal,Apple M5 Pro,0
cyrillic,scroll_cycle,explicit_rows,121,42,8,38583,1493667,117125,Menlo,16,1,release,8,24,3,false,0,0,false,Metal,Apple M5 Pro,10
cyrillic,scroll_cycle,explicit_rows,121,42,9,48083,432250,106708,Menlo,16,1,release,8,24,3,false,0,0,false,Metal,Apple M5 Pro,21
cyrillic,scroll_cycle,explicit_rows,121,42,10,39500,396958,107250,Menlo,16,1,release,8,24,3,false,0,0,false,Metal,Apple M5 Pro,31
cyrillic,scroll_cycle,explicit_rows,121,42,11,39083,438083,105875,Menlo,16,1,release,8,24,3,false,0,0,false,Metal,Apple M5 Pro,42
cyrillic,scroll_cycle,explicit_rows,121,42,12,41750,39958,104125,Menlo,16,1,release,8,24,3,false,0,0,false,Metal,Apple M5 Pro,31
cyrillic,scroll_cycle,explicit_rows,121,42,13,38291,40833,116709,Menlo,16,1,release,8,24,3,false,0,0,false,Metal,Apple M5 Pro,21
cyrillic,scroll_cycle,explicit_rows,121,42,14,38500,38208,103709,Menlo,16,1,release,8,24,3,false,0,0,false,Metal,Apple M5 Pro,10
cyrillic,scroll_cycle,explicit_rows,121,42,15,38250,387084,107333,Menlo,16,1,release,8,24,3,false,0,0,false,Metal,Apple M5 Pro,0
cyrillic,scroll_cycle,explicit_rows,121,42,16,38583,1506708,104708,Menlo,16,1,release,8,24,3,false,0,0,false,Metal,Apple M5 Pro,10
cyrillic,scroll_cycle,explicit_rows,121,42,17,38708,425709,107625,Menlo,16,1,release,8,24,3,false,0,0,false,Metal,Apple M5 Pro,21
cyrillic,scroll_cycle,explicit_rows,121,42,18,41459,410542,106875,Menlo,16,1,release,8,24,3,false,0,0,false,Metal,Apple M5 Pro,31
cyrillic,scroll_cycle,explicit_rows,121,42,19,38500,432000,111917,Menlo,16,1,release,8,24,3,false,0,0,false,Metal,Apple M5 Pro,42
cyrillic,scroll_cycle,explicit_rows,121,42,20,38292,37500,104084,Menlo,16,1,release,8,24,3,false,0,0,false,Metal,Apple M5 Pro,31
cyrillic,scroll_cycle,explicit_rows,121,42,21,38041,37375,110667,Menlo,16,1,release,8,24,3,false,0,0,false,Metal,Apple M5 Pro,21
cyrillic,scroll_cycle,explicit_rows,121,42,22,38041,39625,102750,Menlo,16,1,release,8,24,3,false,0,0,false,Metal,Apple M5 Pro,10
cyrillic,scroll_cycle,explicit_rows,121,42,23,38084,395500,101250,Menlo,16,1,release,8,24,3,false,0,0,false,Metal,Apple M5 Pro,0
cyrillic,scroll_cycle,softwrap,121,42,0,70042,2940458,115834,Menlo,16,1,release,8,24,3,false,14850,1934,false,Metal,Apple M5 Pro,10
cyrillic,scroll_cycle,softwrap,121,42,1,69916,2903584,111875,Menlo,16,1,release,8,24,3,false,12671,4115,false,Metal,Apple M5 Pro,21
cyrillic,scroll_cycle,softwrap,121,42,2,68833,2938125,123750,Menlo,16,1,release,8,24,3,false,10691,6095,false,Metal,Apple M5 Pro,31
cyrillic,scroll_cycle,softwrap,121,42,3,69625,2916667,112125,Menlo,16,1,release,8,24,3,false,8513,8267,false,Metal,Apple M5 Pro,42
cyrillic,scroll_cycle,softwrap,121,42,4,69167,2906666,107834,Menlo,16,1,release,8,24,3,false,10691,6095,false,Metal,Apple M5 Pro,31
cyrillic,scroll_cycle,softwrap,121,42,5,68208,2869875,111833,Menlo,16,1,release,8,24,3,false,12671,4115,false,Metal,Apple M5 Pro,21
cyrillic,scroll_cycle,softwrap,121,42,6,73958,2902042,107667,Menlo,16,1,release,8,24,3,false,14850,1934,false,Metal,Apple M5 Pro,10
cyrillic,scroll_cycle,softwrap,121,42,7,67500,2900750,108667,Menlo,16,1,release,8,24,3,false,16830,0,false,Metal,Apple M5 Pro,0
cyrillic,scroll_cycle,softwrap,121,42,8,68792,2873750,112250,Menlo,16,1,release,8,24,3,false,14850,1934,false,Metal,Apple M5 Pro,10
cyrillic,scroll_cycle,softwrap,121,42,9,68209,2897334,110500,Menlo,16,1,release,8,24,3,false,12671,4115,false,Metal,Apple M5 Pro,21
cyrillic,scroll_cycle,softwrap,121,42,10,67583,2926125,112291,Menlo,16,1,release,8,24,3,false,10691,6095,false,Metal,Apple M5 Pro,31
cyrillic,scroll_cycle,softwrap,121,42,11,67708,2888917,111583,Menlo,16,1,release,8,24,3,false,8513,8267,false,Metal,Apple M5 Pro,42
cyrillic,scroll_cycle,softwrap,121,42,12,66833,2953542,108209,Menlo,16,1,release,8,24,3,false,10691,6095,false,Metal,Apple M5 Pro,31
cyrillic,scroll_cycle,softwrap,121,42,13,67584,3006375,111709,Menlo,16,1,release,8,24,3,false,12671,4115,false,Metal,Apple M5 Pro,21
cyrillic,scroll_cycle,softwrap,121,42,14,67834,2892625,112833,Menlo,16,1,release,8,24,3,false,14850,1934,false,Metal,Apple M5 Pro,10
cyrillic,scroll_cycle,softwrap,121,42,15,66917,2897208,111500,Menlo,16,1,release,8,24,3,false,16830,0,false,Metal,Apple M5 Pro,0
cyrillic,scroll_cycle,softwrap,121,42,16,67791,2968500,110834,Menlo,16,1,release,8,24,3,false,14850,1934,false,Metal,Apple M5 Pro,10
cyrillic,scroll_cycle,softwrap,121,42,17,67208,2905917,112791,Menlo,16,1,release,8,24,3,false,12671,4115,false,Metal,Apple M5 Pro,21
cyrillic,scroll_cycle,softwrap,121,42,18,66750,2896166,111708,Menlo,16,1,release,8,24,3,false,10691,6095,false,Metal,Apple M5 Pro,31
cyrillic,scroll_cycle,softwrap,121,42,19,68000,2911417,111625,Menlo,16,1,release,8,24,3,false,8513,8267,false,Metal,Apple M5 Pro,42
cyrillic,scroll_cycle,softwrap,121,42,20,67208,2917542,109333,Menlo,16,1,release,8,24,3,false,10691,6095,false,Metal,Apple M5 Pro,31
cyrillic,scroll_cycle,softwrap,121,42,21,66875,2904042,114416,Menlo,16,1,release,8,24,3,false,12671,4115,false,Metal,Apple M5 Pro,21
cyrillic,scroll_cycle,softwrap,121,42,22,67750,2889417,111916,Menlo,16,1,release,8,24,3,false,14850,1934,false,Metal,Apple M5 Pro,10
cyrillic,scroll_cycle,softwrap,121,42,23,67500,2900709,111208,Menlo,16,1,release,8,24,3,false,16830,0,false,Metal,Apple M5 Pro,0
cyrillic,dense_novel_text,explicit_rows,121,42,0,38167,1537375,106542,Menlo,16,1,release,8,24,3,false,0,0,false,Metal,Apple M5 Pro,0
cyrillic,dense_novel_text,explicit_rows,121,42,1,38167,1506208,108458,Menlo,16,1,release,8,24,3,false,0,0,false,Metal,Apple M5 Pro,0
cyrillic,dense_novel_text,explicit_rows,121,42,2,38916,1569250,108250,Menlo,16,1,release,8,24,3,false,0,0,false,Metal,Apple M5 Pro,0
cyrillic,dense_novel_text,explicit_rows,121,42,3,38167,1500375,111458,Menlo,16,1,release,8,24,3,false,0,0,false,Metal,Apple M5 Pro,0
cyrillic,dense_novel_text,explicit_rows,121,42,4,38125,1496041,108292,Menlo,16,1,release,8,24,3,false,0,0,false,Metal,Apple M5 Pro,0
cyrillic,dense_novel_text,explicit_rows,121,42,5,38125,1529833,102042,Menlo,16,1,release,8,24,3,false,0,0,false,Metal,Apple M5 Pro,0
cyrillic,dense_novel_text,explicit_rows,121,42,6,38042,1499709,107584,Menlo,16,1,release,8,24,3,false,0,0,false,Metal,Apple M5 Pro,0
cyrillic,dense_novel_text,explicit_rows,121,42,7,38000,1499250,107584,Menlo,16,1,release,8,24,3,false,0,0,false,Metal,Apple M5 Pro,0
cyrillic,dense_novel_text,explicit_rows,121,42,8,38084,1494250,106417,Menlo,16,1,release,8,24,3,false,0,0,false,Metal,Apple M5 Pro,0
cyrillic,dense_novel_text,explicit_rows,121,42,9,38209,1511833,108375,Menlo,16,1,release,8,24,3,false,0,0,false,Metal,Apple M5 Pro,0
cyrillic,dense_novel_text,explicit_rows,121,42,10,38083,1529667,106166,Menlo,16,1,release,8,24,3,false,0,0,false,Metal,Apple M5 Pro,0
cyrillic,dense_novel_text,explicit_rows,121,42,11,38459,1518541,106458,Menlo,16,1,release,8,24,3,false,0,0,false,Metal,Apple M5 Pro,0
cyrillic,dense_novel_text,explicit_rows,121,42,12,38166,1517125,108042,Menlo,16,1,release,8,24,3,false,0,0,false,Metal,Apple M5 Pro,0
cyrillic,dense_novel_text,explicit_rows,121,42,13,38208,1517416,107792,Menlo,16,1,release,8,24,3,false,0,0,false,Metal,Apple M5 Pro,0
cyrillic,dense_novel_text,explicit_rows,121,42,14,38125,1511375,107250,Menlo,16,1,release,8,24,3,false,0,0,false,Metal,Apple M5 Pro,0
cyrillic,dense_novel_text,explicit_rows,121,42,15,38083,1529375,112125,Menlo,16,1,release,8,24,3,false,0,0,false,Metal,Apple M5 Pro,0
cyrillic,dense_novel_text,explicit_rows,121,42,16,40916,1538584,108000,Menlo,16,1,release,8,24,3,false,0,0,false,Metal,Apple M5 Pro,0
cyrillic,dense_novel_text,explicit_rows,121,42,17,38209,1523291,104209,Menlo,16,1,release,8,24,3,false,0,0,false,Metal,Apple M5 Pro,0
cyrillic,dense_novel_text,explicit_rows,121,42,18,38042,1528292,107709,Menlo,16,1,release,8,24,3,false,0,0,false,Metal,Apple M5 Pro,0
cyrillic,dense_novel_text,explicit_rows,121,42,19,38041,1511792,106667,Menlo,16,1,release,8,24,3,false,0,0,false,Metal,Apple M5 Pro,0
cyrillic,dense_novel_text,explicit_rows,121,42,20,38542,1542875,119708,Menlo,16,1,release,8,24,3,false,0,0,false,Metal,Apple M5 Pro,0
cyrillic,dense_novel_text,explicit_rows,121,42,21,38250,1538792,105958,Menlo,16,1,release,8,24,3,false,0,0,false,Metal,Apple M5 Pro,0
cyrillic,dense_novel_text,explicit_rows,121,42,22,37958,1518458,105500,Menlo,16,1,release,8,24,3,false,0,0,false,Metal,Apple M5 Pro,0
cyrillic,dense_novel_text,explicit_rows,121,42,23,38125,1519083,107375,Menlo,16,1,release,8,24,3,false,0,0,false,Metal,Apple M5 Pro,0
cyrillic,dense_novel_text,softwrap,121,42,0,67042,2874333,111083,Menlo,16,1,release,8,24,3,false,16830,0,false,Metal,Apple M5 Pro,0
cyrillic,dense_novel_text,softwrap,121,42,1,65959,2913500,111709,Menlo,16,1,release,8,24,3,false,16830,0,false,Metal,Apple M5 Pro,0
cyrillic,dense_novel_text,softwrap,121,42,2,66791,2938208,107542,Menlo,16,1,release,8,24,3,false,16830,0,false,Metal,Apple M5 Pro,0
cyrillic,dense_novel_text,softwrap,121,42,3,66917,2882166,111250,Menlo,16,1,release,8,24,3,false,16830,0,false,Metal,Apple M5 Pro,0
cyrillic,dense_novel_text,softwrap,121,42,4,67000,2905084,109708,Menlo,16,1,release,8,24,3,false,16830,0,false,Metal,Apple M5 Pro,0
cyrillic,dense_novel_text,softwrap,121,42,5,66542,2907666,110208,Menlo,16,1,release,8,24,3,false,16830,0,false,Metal,Apple M5 Pro,0
cyrillic,dense_novel_text,softwrap,121,42,6,66916,2904917,126833,Menlo,16,1,release,8,24,3,false,16830,0,false,Metal,Apple M5 Pro,0
cyrillic,dense_novel_text,softwrap,121,42,7,66584,2954708,111166,Menlo,16,1,release,8,24,3,false,16830,0,false,Metal,Apple M5 Pro,0
cyrillic,dense_novel_text,softwrap,121,42,8,66250,2908666,107625,Menlo,16,1,release,8,24,3,false,16830,0,false,Metal,Apple M5 Pro,0
cyrillic,dense_novel_text,softwrap,121,42,9,66625,2907083,110750,Menlo,16,1,release,8,24,3,false,16830,0,false,Metal,Apple M5 Pro,0
cyrillic,dense_novel_text,softwrap,121,42,10,66875,2905667,110125,Menlo,16,1,release,8,24,3,false,16830,0,false,Metal,Apple M5 Pro,0
cyrillic,dense_novel_text,softwrap,121,42,11,66333,2861917,128042,Menlo,16,1,release,8,24,3,false,16830,0,false,Metal,Apple M5 Pro,0
cyrillic,dense_novel_text,softwrap,121,42,12,66209,2923750,119209,Menlo,16,1,release,8,24,3,false,16830,0,false,Metal,Apple M5 Pro,0
cyrillic,dense_novel_text,softwrap,121,42,13,65958,2878333,110709,Menlo,16,1,release,8,24,3,false,16830,0,false,Metal,Apple M5 Pro,0
cyrillic,dense_novel_text,softwrap,121,42,14,66166,2885958,111417,Menlo,16,1,release,8,24,3,false,16830,0,false,Metal,Apple M5 Pro,0
cyrillic,dense_novel_text,softwrap,121,42,15,66708,2908916,110292,Menlo,16,1,release,8,24,3,false,16830,0,false,Metal,Apple M5 Pro,0
cyrillic,dense_novel_text,softwrap,121,42,16,66458,2895375,111667,Menlo,16,1,release,8,24,3,false,16830,0,false,Metal,Apple M5 Pro,0
cyrillic,dense_novel_text,softwrap,121,42,17,66458,2910792,106667,Menlo,16,1,release,8,24,3,false,16830,0,false,Metal,Apple M5 Pro,0
cyrillic,dense_novel_text,softwrap,121,42,18,66375,2934125,107500,Menlo,16,1,release,8,24,3,false,16830,0,false,Metal,Apple M5 Pro,0
cyrillic,dense_novel_text,softwrap,121,42,19,66375,2908334,108000,Menlo,16,1,release,8,24,3,false,16830,0,false,Metal,Apple M5 Pro,0
cyrillic,dense_novel_text,softwrap,121,42,20,84083,2934250,123917,Menlo,16,1,release,8,24,3,false,16830,0,false,Metal,Apple M5 Pro,0
cyrillic,dense_novel_text,softwrap,121,42,21,66625,2923500,110000,Menlo,16,1,release,8,24,3,false,16830,0,false,Metal,Apple M5 Pro,0
cyrillic,dense_novel_text,softwrap,121,42,22,65833,2902875,109958,Menlo,16,1,release,8,24,3,false,16830,0,false,Metal,Apple M5 Pro,0
cyrillic,dense_novel_text,softwrap,121,42,23,82500,2908792,111792,Menlo,16,1,release,8,24,3,false,16830,0,false,Metal,Apple M5 Pro,0
cjk,sparse_novel_counter,explicit_rows,121,42,0,38667,186000,1791,Menlo,16,1,release,8,24,3,false,0,0,false,Metal,Apple M5 Pro,0
cjk,sparse_novel_counter,explicit_rows,121,42,1,39500,220416,1958,Menlo,16,1,release,8,24,3,false,0,0,false,Metal,Apple M5 Pro,0
cjk,sparse_novel_counter,explicit_rows,121,42,2,39209,193000,1792,Menlo,16,1,release,8,24,3,false,0,0,false,Metal,Apple M5 Pro,0
cjk,sparse_novel_counter,explicit_rows,121,42,3,38666,191375,1792,Menlo,16,1,release,8,24,3,false,0,0,false,Metal,Apple M5 Pro,0
cjk,sparse_novel_counter,explicit_rows,121,42,4,38125,187250,1834,Menlo,16,1,release,8,24,3,false,0,0,false,Metal,Apple M5 Pro,0
cjk,sparse_novel_counter,explicit_rows,121,42,5,38083,187041,1792,Menlo,16,1,release,8,24,3,false,0,0,false,Metal,Apple M5 Pro,0
cjk,sparse_novel_counter,explicit_rows,121,42,6,38166,186000,1834,Menlo,16,1,release,8,24,3,false,0,0,false,Metal,Apple M5 Pro,0
cjk,sparse_novel_counter,explicit_rows,121,42,7,37958,231000,1750,Menlo,16,1,release,8,24,3,false,0,0,false,Metal,Apple M5 Pro,0
cjk,sparse_novel_counter,explicit_rows,121,42,8,38125,187583,1791,Menlo,16,1,release,8,24,3,false,0,0,false,Metal,Apple M5 Pro,0
cjk,sparse_novel_counter,explicit_rows,121,42,9,37916,186667,1833,Menlo,16,1,release,8,24,3,false,0,0,false,Metal,Apple M5 Pro,0
cjk,sparse_novel_counter,explicit_rows,121,42,10,38083,187292,1750,Menlo,16,1,release,8,24,3,false,0,0,false,Metal,Apple M5 Pro,0
cjk,sparse_novel_counter,explicit_rows,121,42,11,37958,187292,1791,Menlo,16,1,release,8,24,3,false,0,0,false,Metal,Apple M5 Pro,0
cjk,sparse_novel_counter,explicit_rows,121,42,12,38375,185625,1750,Menlo,16,1,release,8,24,3,false,0,0,false,Metal,Apple M5 Pro,0
cjk,sparse_novel_counter,explicit_rows,121,42,13,38250,186500,1792,Menlo,16,1,release,8,24,3,false,0,0,false,Metal,Apple M5 Pro,0
cjk,sparse_novel_counter,explicit_rows,121,42,14,38083,185292,1750,Menlo,16,1,release,8,24,3,false,0,0,false,Metal,Apple M5 Pro,0
cjk,sparse_novel_counter,explicit_rows,121,42,15,38208,189625,1791,Menlo,16,1,release,8,24,3,false,0,0,false,Metal,Apple M5 Pro,0
cjk,sparse_novel_counter,explicit_rows,121,42,16,38333,185750,1792,Menlo,16,1,release,8,24,3,false,0,0,false,Metal,Apple M5 Pro,0
cjk,sparse_novel_counter,explicit_rows,121,42,17,38208,185792,1875,Menlo,16,1,release,8,24,3,false,0,0,false,Metal,Apple M5 Pro,0
cjk,sparse_novel_counter,explicit_rows,121,42,18,38208,192833,1750,Menlo,16,1,release,8,24,3,false,0,0,false,Metal,Apple M5 Pro,0
cjk,sparse_novel_counter,explicit_rows,121,42,19,38709,188541,1792,Menlo,16,1,release,8,24,3,false,0,0,false,Metal,Apple M5 Pro,0
cjk,sparse_novel_counter,explicit_rows,121,42,20,37833,185083,1792,Menlo,16,1,release,8,24,3,false,0,0,false,Metal,Apple M5 Pro,0
cjk,sparse_novel_counter,explicit_rows,121,42,21,38083,184958,1750,Menlo,16,1,release,8,24,3,false,0,0,false,Metal,Apple M5 Pro,0
cjk,sparse_novel_counter,explicit_rows,121,42,22,37916,184542,1791,Menlo,16,1,release,8,24,3,false,0,0,false,Metal,Apple M5 Pro,0
cjk,sparse_novel_counter,explicit_rows,121,42,23,38083,186667,1875,Menlo,16,1,release,8,24,3,false,0,0,false,Metal,Apple M5 Pro,0
cjk,sparse_novel_counter,softwrap,121,42,0,57541,18573667,67333,Menlo,16,1,release,8,24,3,false,14016,0,false,Metal,Apple M5 Pro,0
cjk,sparse_novel_counter,softwrap,121,42,1,61291,18571042,68166,Menlo,16,1,release,8,24,3,false,14016,0,false,Metal,Apple M5 Pro,0
cjk,sparse_novel_counter,softwrap,121,42,2,61375,18581625,68250,Menlo,16,1,release,8,24,3,false,14016,0,false,Metal,Apple M5 Pro,0
cjk,sparse_novel_counter,softwrap,121,42,3,61000,18516250,68083,Menlo,16,1,release,8,24,3,false,14016,0,false,Metal,Apple M5 Pro,0
cjk,sparse_novel_counter,softwrap,121,42,4,58166,18556042,67708,Menlo,16,1,release,8,24,3,false,14016,0,false,Metal,Apple M5 Pro,0
cjk,sparse_novel_counter,softwrap,121,42,5,58000,18555125,68333,Menlo,16,1,release,8,24,3,false,14016,0,false,Metal,Apple M5 Pro,0
cjk,sparse_novel_counter,softwrap,121,42,6,59292,18564375,67834,Menlo,16,1,release,8,24,3,false,14016,0,false,Metal,Apple M5 Pro,0
cjk,sparse_novel_counter,softwrap,121,42,7,60708,18547875,67875,Menlo,16,1,release,8,24,3,false,14016,0,false,Metal,Apple M5 Pro,0
cjk,sparse_novel_counter,softwrap,121,42,8,60083,18510875,67375,Menlo,16,1,release,8,24,3,false,14016,0,false,Metal,Apple M5 Pro,0
cjk,sparse_novel_counter,softwrap,121,42,9,61125,18508833,65542,Menlo,16,1,release,8,24,3,false,14016,0,false,Metal,Apple M5 Pro,0
cjk,sparse_novel_counter,softwrap,121,42,10,60667,18569000,68042,Menlo,16,1,release,8,24,3,false,14016,0,false,Metal,Apple M5 Pro,0
cjk,sparse_novel_counter,softwrap,121,42,11,57625,18601750,68375,Menlo,16,1,release,8,24,3,false,14016,0,false,Metal,Apple M5 Pro,0
cjk,sparse_novel_counter,softwrap,121,42,12,58583,18582042,67250,Menlo,16,1,release,8,24,3,false,14016,0,false,Metal,Apple M5 Pro,0
cjk,sparse_novel_counter,softwrap,121,42,13,63875,18485333,67334,Menlo,16,1,release,8,24,3,false,14016,0,false,Metal,Apple M5 Pro,0
cjk,sparse_novel_counter,softwrap,121,42,14,58250,18573333,68292,Menlo,16,1,release,8,24,3,false,14016,0,false,Metal,Apple M5 Pro,0
cjk,sparse_novel_counter,softwrap,121,42,15,58167,18576625,71125,Menlo,16,1,release,8,24,3,false,14016,0,false,Metal,Apple M5 Pro,0
cjk,sparse_novel_counter,softwrap,121,42,16,60042,18643833,68375,Menlo,16,1,release,8,24,3,false,14016,0,false,Metal,Apple M5 Pro,0
cjk,sparse_novel_counter,softwrap,121,42,17,57709,18482166,66167,Menlo,16,1,release,8,24,3,false,14016,0,false,Metal,Apple M5 Pro,0
cjk,sparse_novel_counter,softwrap,121,42,18,58208,18503709,68000,Menlo,16,1,release,8,24,3,false,14016,0,false,Metal,Apple M5 Pro,0
cjk,sparse_novel_counter,softwrap,121,42,19,58459,18803334,66375,Menlo,16,1,release,8,24,3,false,14016,0,false,Metal,Apple M5 Pro,0
cjk,sparse_novel_counter,softwrap,121,42,20,66041,18597875,66291,Menlo,16,1,release,8,24,3,false,14016,0,false,Metal,Apple M5 Pro,0
cjk,sparse_novel_counter,softwrap,121,42,21,63125,18763916,68750,Menlo,16,1,release,8,24,3,false,14016,0,false,Metal,Apple M5 Pro,0
cjk,sparse_novel_counter,softwrap,121,42,22,72458,19854959,74209,Menlo,16,1,release,8,24,3,false,14016,0,false,Metal,Apple M5 Pro,0
cjk,sparse_novel_counter,softwrap,121,42,23,84334,19818208,73000,Menlo,16,1,release,8,24,3,false,14016,0,false,Metal,Apple M5 Pro,0
cjk,scroll_cycle,explicit_rows,121,42,0,42791,46334,80708,Menlo,16,1,release,8,24,3,false,0,0,false,Metal,Apple M5 Pro,10
cjk,scroll_cycle,explicit_rows,121,42,1,42667,43292,69041,Menlo,16,1,release,8,24,3,false,0,0,false,Metal,Apple M5 Pro,21
cjk,scroll_cycle,explicit_rows,121,42,2,54333,43000,70875,Menlo,16,1,release,8,24,3,false,0,0,false,Metal,Apple M5 Pro,31
cjk,scroll_cycle,explicit_rows,121,42,3,42625,45083,69875,Menlo,16,1,release,8,24,3,false,0,0,false,Metal,Apple M5 Pro,42
cjk,scroll_cycle,explicit_rows,121,42,4,41708,44792,70125,Menlo,16,1,release,8,24,3,false,0,0,false,Metal,Apple M5 Pro,31
cjk,scroll_cycle,explicit_rows,121,42,5,41792,42000,71667,Menlo,16,1,release,8,24,3,false,0,0,false,Metal,Apple M5 Pro,21
cjk,scroll_cycle,explicit_rows,121,42,6,42041,44750,70584,Menlo,16,1,release,8,24,3,false,0,0,false,Metal,Apple M5 Pro,10
cjk,scroll_cycle,explicit_rows,121,42,7,42250,44875,70250,Menlo,16,1,release,8,24,3,false,0,0,false,Metal,Apple M5 Pro,0
cjk,scroll_cycle,explicit_rows,121,42,8,41750,41833,70042,Menlo,16,1,release,8,24,3,false,0,0,false,Metal,Apple M5 Pro,10
cjk,scroll_cycle,explicit_rows,121,42,9,41916,44709,70375,Menlo,16,1,release,8,24,3,false,0,0,false,Metal,Apple M5 Pro,21
cjk,scroll_cycle,explicit_rows,121,42,10,41917,43167,69917,Menlo,16,1,release,8,24,3,false,0,0,false,Metal,Apple M5 Pro,31
cjk,scroll_cycle,explicit_rows,121,42,11,42125,43167,69500,Menlo,16,1,release,8,24,3,false,0,0,false,Metal,Apple M5 Pro,42
cjk,scroll_cycle,explicit_rows,121,42,12,41708,43042,69833,Menlo,16,1,release,8,24,3,false,0,0,false,Metal,Apple M5 Pro,31
cjk,scroll_cycle,explicit_rows,121,42,13,41792,45875,71083,Menlo,16,1,release,8,24,3,false,0,0,false,Metal,Apple M5 Pro,21
cjk,scroll_cycle,explicit_rows,121,42,14,41875,43333,71125,Menlo,16,1,release,8,24,3,false,0,0,false,Metal,Apple M5 Pro,10
cjk,scroll_cycle,explicit_rows,121,42,15,41875,44917,70292,Menlo,16,1,release,8,24,3,false,0,0,false,Metal,Apple M5 Pro,0
cjk,scroll_cycle,explicit_rows,121,42,16,41792,42000,70584,Menlo,16,1,release,8,24,3,false,0,0,false,Metal,Apple M5 Pro,10
cjk,scroll_cycle,explicit_rows,121,42,17,42041,45625,70250,Menlo,16,1,release,8,24,3,false,0,0,false,Metal,Apple M5 Pro,21
cjk,scroll_cycle,explicit_rows,121,42,18,42084,43625,71875,Menlo,16,1,release,8,24,3,false,0,0,false,Metal,Apple M5 Pro,31
cjk,scroll_cycle,explicit_rows,121,42,19,42167,43000,69958,Menlo,16,1,release,8,24,3,false,0,0,false,Metal,Apple M5 Pro,42
cjk,scroll_cycle,explicit_rows,121,42,20,42208,43333,71625,Menlo,16,1,release,8,24,3,false,0,0,false,Metal,Apple M5 Pro,31
cjk,scroll_cycle,explicit_rows,121,42,21,42250,42125,77292,Menlo,16,1,release,8,24,3,false,0,0,false,Metal,Apple M5 Pro,21
cjk,scroll_cycle,explicit_rows,121,42,22,41875,42167,70708,Menlo,16,1,release,8,24,3,false,0,0,false,Metal,Apple M5 Pro,10
cjk,scroll_cycle,explicit_rows,121,42,23,41875,45042,70416,Menlo,16,1,release,8,24,3,false,0,0,false,Metal,Apple M5 Pro,0
cjk,scroll_cycle,softwrap,121,42,0,63542,45917,64666,Menlo,16,1,release,8,24,3,false,12369,1639,false,Metal,Apple M5 Pro,10
cjk,scroll_cycle,softwrap,121,42,1,60417,18519709,70333,Menlo,16,1,release,8,24,3,false,10554,3453,false,Metal,Apple M5 Pro,21
cjk,scroll_cycle,softwrap,121,42,2,62291,18630292,69041,Menlo,16,1,release,8,24,3,false,8907,5105,false,Metal,Apple M5 Pro,31
cjk,scroll_cycle,softwrap,121,42,3,63000,18598625,73417,Menlo,16,1,release,8,24,3,false,7092,6920,false,Metal,Apple M5 Pro,42
cjk,scroll_cycle,softwrap,121,42,4,62791,42959,67875,Menlo,16,1,release,8,24,3,false,8907,5105,false,Metal,Apple M5 Pro,31
cjk,scroll_cycle,softwrap,121,42,5,59708,18557875,71667,Menlo,16,1,release,8,24,3,false,10554,3453,false,Metal,Apple M5 Pro,21
cjk,scroll_cycle,softwrap,121,42,6,62375,18469333,68792,Menlo,16,1,release,8,24,3,false,12369,1639,false,Metal,Apple M5 Pro,10
cjk,scroll_cycle,softwrap,121,42,7,61125,18559041,68459,Menlo,16,1,release,8,24,3,false,14016,0,false,Metal,Apple M5 Pro,0
cjk,scroll_cycle,softwrap,121,42,8,61334,40833,68792,Menlo,16,1,release,8,24,3,false,12369,1639,false,Metal,Apple M5 Pro,10
cjk,scroll_cycle,softwrap,121,42,9,59125,18620458,70292,Menlo,16,1,release,8,24,3,false,10554,3453,false,Metal,Apple M5 Pro,21
cjk,scroll_cycle,softwrap,121,42,10,61958,18565083,68667,Menlo,16,1,release,8,24,3,false,8907,5105,false,Metal,Apple M5 Pro,31
cjk,scroll_cycle,softwrap,121,42,11,61458,18543375,82500,Menlo,16,1,release,8,24,3,false,7092,6920,false,Metal,Apple M5 Pro,42
cjk,scroll_cycle,softwrap,121,42,12,61000,47625,66166,Menlo,16,1,release,8,24,3,false,8907,5105,false,Metal,Apple M5 Pro,31
cjk,scroll_cycle,softwrap,121,42,13,58208,18537375,73458,Menlo,16,1,release,8,24,3,false,10554,3453,false,Metal,Apple M5 Pro,21
cjk,scroll_cycle,softwrap,121,42,14,60250,18568042,69042,Menlo,16,1,release,8,24,3,false,12369,1639,false,Metal,Apple M5 Pro,10
cjk,scroll_cycle,softwrap,121,42,15,59584,18400666,67792,Menlo,16,1,release,8,24,3,false,14016,0,false,Metal,Apple M5 Pro,0
cjk,scroll_cycle,softwrap,121,42,16,62333,41083,65916,Menlo,16,1,release,8,24,3,false,12369,1639,false,Metal,Apple M5 Pro,10
cjk,scroll_cycle,softwrap,121,42,17,59625,18574167,70375,Menlo,16,1,release,8,24,3,false,10554,3453,false,Metal,Apple M5 Pro,21
cjk,scroll_cycle,softwrap,121,42,18,61792,18579250,69333,Menlo,16,1,release,8,24,3,false,8907,5105,false,Metal,Apple M5 Pro,31
cjk,scroll_cycle,softwrap,121,42,19,61833,18428167,70000,Menlo,16,1,release,8,24,3,false,7092,6920,false,Metal,Apple M5 Pro,42
cjk,scroll_cycle,softwrap,121,42,20,60208,41792,68791,Menlo,16,1,release,8,24,3,false,8907,5105,false,Metal,Apple M5 Pro,31
cjk,scroll_cycle,softwrap,121,42,21,59167,18620750,70667,Menlo,16,1,release,8,24,3,false,10554,3453,false,Metal,Apple M5 Pro,21
cjk,scroll_cycle,softwrap,121,42,22,58833,18558459,65834,Menlo,16,1,release,8,24,3,false,12369,1639,false,Metal,Apple M5 Pro,10
cjk,scroll_cycle,softwrap,121,42,23,59958,18362792,71041,Menlo,16,1,release,8,24,3,false,14016,0,false,Metal,Apple M5 Pro,0
cjk,dense_novel_text,explicit_rows,121,42,0,41250,6285625,68583,Menlo,16,1,release,8,24,3,false,0,0,false,Metal,Apple M5 Pro,0
cjk,dense_novel_text,explicit_rows,121,42,1,38542,6261083,67334,Menlo,16,1,release,8,24,3,false,0,0,false,Metal,Apple M5 Pro,0
cjk,dense_novel_text,explicit_rows,121,42,2,38750,6236250,67291,Menlo,16,1,release,8,24,3,false,0,0,false,Metal,Apple M5 Pro,0
cjk,dense_novel_text,explicit_rows,121,42,3,38250,6297167,69041,Menlo,16,1,release,8,24,3,false,0,0,false,Metal,Apple M5 Pro,0
cjk,dense_novel_text,explicit_rows,121,42,4,39083,6275167,68417,Menlo,16,1,release,8,24,3,false,0,0,false,Metal,Apple M5 Pro,0
cjk,dense_novel_text,explicit_rows,121,42,5,38750,6320334,67500,Menlo,16,1,release,8,24,3,false,0,0,false,Metal,Apple M5 Pro,0
cjk,dense_novel_text,explicit_rows,121,42,6,38459,6292625,68834,Menlo,16,1,release,8,24,3,false,0,0,false,Metal,Apple M5 Pro,0
cjk,dense_novel_text,explicit_rows,121,42,7,39209,6279041,73792,Menlo,16,1,release,8,24,3,false,0,0,false,Metal,Apple M5 Pro,0
cjk,dense_novel_text,explicit_rows,121,42,8,38250,6277833,66583,Menlo,16,1,release,8,24,3,false,0,0,false,Metal,Apple M5 Pro,0
cjk,dense_novel_text,explicit_rows,121,42,9,38333,6275125,68708,Menlo,16,1,release,8,24,3,false,0,0,false,Metal,Apple M5 Pro,0
cjk,dense_novel_text,explicit_rows,121,42,10,39375,6268208,68500,Menlo,16,1,release,8,24,3,false,0,0,false,Metal,Apple M5 Pro,0
cjk,dense_novel_text,explicit_rows,121,42,11,38250,6326166,68667,Menlo,16,1,release,8,24,3,false,0,0,false,Metal,Apple M5 Pro,0
cjk,dense_novel_text,explicit_rows,121,42,12,38792,6305375,65625,Menlo,16,1,release,8,24,3,false,0,0,false,Metal,Apple M5 Pro,0
cjk,dense_novel_text,explicit_rows,121,42,13,38833,6317125,68292,Menlo,16,1,release,8,24,3,false,0,0,false,Metal,Apple M5 Pro,0
cjk,dense_novel_text,explicit_rows,121,42,14,38458,6317708,68959,Menlo,16,1,release,8,24,3,false,0,0,false,Metal,Apple M5 Pro,0
cjk,dense_novel_text,explicit_rows,121,42,15,38542,6320750,67541,Menlo,16,1,release,8,24,3,false,0,0,false,Metal,Apple M5 Pro,0
cjk,dense_novel_text,explicit_rows,121,42,16,38625,6222791,67542,Menlo,16,1,release,8,24,3,false,0,0,false,Metal,Apple M5 Pro,0
cjk,dense_novel_text,explicit_rows,121,42,17,38334,6301541,68500,Menlo,16,1,release,8,24,3,false,0,0,false,Metal,Apple M5 Pro,0
cjk,dense_novel_text,explicit_rows,121,42,18,38209,6245583,66375,Menlo,16,1,release,8,24,3,false,0,0,false,Metal,Apple M5 Pro,0
cjk,dense_novel_text,explicit_rows,121,42,19,38583,6205167,68541,Menlo,16,1,release,8,24,3,false,0,0,false,Metal,Apple M5 Pro,0
cjk,dense_novel_text,explicit_rows,121,42,20,38292,6346125,64750,Menlo,16,1,release,8,24,3,false,0,0,false,Metal,Apple M5 Pro,0
cjk,dense_novel_text,explicit_rows,121,42,21,38667,6323125,68750,Menlo,16,1,release,8,24,3,false,0,0,false,Metal,Apple M5 Pro,0
cjk,dense_novel_text,explicit_rows,121,42,22,38791,6300459,67958,Menlo,16,1,release,8,24,3,false,0,0,false,Metal,Apple M5 Pro,0
cjk,dense_novel_text,explicit_rows,121,42,23,38584,6289750,66333,Menlo,16,1,release,8,24,3,false,0,0,false,Metal,Apple M5 Pro,0
cjk,dense_novel_text,softwrap,121,42,0,57708,18537625,64500,Menlo,16,1,release,8,24,3,false,14016,0,false,Metal,Apple M5 Pro,0
cjk,dense_novel_text,softwrap,121,42,1,57500,18513875,67166,Menlo,16,1,release,8,24,3,false,14016,0,false,Metal,Apple M5 Pro,0
cjk,dense_novel_text,softwrap,121,42,2,57166,18522458,64667,Menlo,16,1,release,8,24,3,false,14016,0,false,Metal,Apple M5 Pro,0
cjk,dense_novel_text,softwrap,121,42,3,58209,18563459,66959,Menlo,16,1,release,8,24,3,false,14016,0,false,Metal,Apple M5 Pro,0
cjk,dense_novel_text,softwrap,121,42,4,57916,18447083,66083,Menlo,16,1,release,8,24,3,false,14016,0,false,Metal,Apple M5 Pro,0
cjk,dense_novel_text,softwrap,121,42,5,57459,18546042,71375,Menlo,16,1,release,8,24,3,false,14016,0,false,Metal,Apple M5 Pro,0
cjk,dense_novel_text,softwrap,121,42,6,57792,18561791,67542,Menlo,16,1,release,8,24,3,false,14016,0,false,Metal,Apple M5 Pro,0
cjk,dense_novel_text,softwrap,121,42,7,57583,18484709,67167,Menlo,16,1,release,8,24,3,false,14016,0,false,Metal,Apple M5 Pro,0
cjk,dense_novel_text,softwrap,121,42,8,57292,18529458,68250,Menlo,16,1,release,8,24,3,false,14016,0,false,Metal,Apple M5 Pro,0
cjk,dense_novel_text,softwrap,121,42,9,57375,18567792,68125,Menlo,16,1,release,8,24,3,false,14016,0,false,Metal,Apple M5 Pro,0
cjk,dense_novel_text,softwrap,121,42,10,57500,18680667,67417,Menlo,16,1,release,8,24,3,false,14016,0,false,Metal,Apple M5 Pro,0
cjk,dense_novel_text,softwrap,121,42,11,58167,18501833,70541,Menlo,16,1,release,8,24,3,false,14016,0,false,Metal,Apple M5 Pro,0
cjk,dense_novel_text,softwrap,121,42,12,58042,18501584,68000,Menlo,16,1,release,8,24,3,false,14016,0,false,Metal,Apple M5 Pro,0
cjk,dense_novel_text,softwrap,121,42,13,57250,18535250,71583,Menlo,16,1,release,8,24,3,false,14016,0,false,Metal,Apple M5 Pro,0
cjk,dense_novel_text,softwrap,121,42,14,67125,18555625,67542,Menlo,16,1,release,8,24,3,false,14016,0,false,Metal,Apple M5 Pro,0
cjk,dense_novel_text,softwrap,121,42,15,57666,18584875,68417,Menlo,16,1,release,8,24,3,false,14016,0,false,Metal,Apple M5 Pro,0
cjk,dense_novel_text,softwrap,121,42,16,57541,18586334,68458,Menlo,16,1,release,8,24,3,false,14016,0,false,Metal,Apple M5 Pro,0
cjk,dense_novel_text,softwrap,121,42,17,57584,18572667,68625,Menlo,16,1,release,8,24,3,false,14016,0,false,Metal,Apple M5 Pro,0
cjk,dense_novel_text,softwrap,121,42,18,57958,18527500,68292,Menlo,16,1,release,8,24,3,false,14016,0,false,Metal,Apple M5 Pro,0
cjk,dense_novel_text,softwrap,121,42,19,57875,18560334,68375,Menlo,16,1,release,8,24,3,false,14016,0,false,Metal,Apple M5 Pro,0
cjk,dense_novel_text,softwrap,121,42,20,57541,18484208,68083,Menlo,16,1,release,8,24,3,false,14016,0,false,Metal,Apple M5 Pro,0
cjk,dense_novel_text,softwrap,121,42,21,57708,18565625,66875,Menlo,16,1,release,8,24,3,false,14016,0,false,Metal,Apple M5 Pro,0
cjk,dense_novel_text,softwrap,121,42,22,82750,18554042,68083,Menlo,16,1,release,8,24,3,false,14016,0,false,Metal,Apple M5 Pro,0
cjk,dense_novel_text,softwrap,121,42,23,57667,18470167,69125,Menlo,16,1,release,8,24,3,false,14016,0,false,Metal,Apple M5 Pro,0
arabic,sparse_novel_counter,explicit_rows,121,42,0,38083,140083,2834,Menlo,16,1,release,8,24,3,false,0,0,false,Metal,Apple M5 Pro,0
arabic,sparse_novel_counter,explicit_rows,121,42,1,38459,141667,2875,Menlo,16,1,release,8,24,3,false,0,0,false,Metal,Apple M5 Pro,0
arabic,sparse_novel_counter,explicit_rows,121,42,2,38292,143083,2917,Menlo,16,1,release,8,24,3,false,0,0,false,Metal,Apple M5 Pro,0
arabic,sparse_novel_counter,explicit_rows,121,42,3,38458,156709,3000,Menlo,16,1,release,8,24,3,false,0,0,false,Metal,Apple M5 Pro,0
arabic,sparse_novel_counter,explicit_rows,121,42,4,38291,143042,2875,Menlo,16,1,release,8,24,3,false,0,0,false,Metal,Apple M5 Pro,0
arabic,sparse_novel_counter,explicit_rows,121,42,5,38416,141792,2875,Menlo,16,1,release,8,24,3,false,0,0,false,Metal,Apple M5 Pro,0
arabic,sparse_novel_counter,explicit_rows,121,42,6,41250,140250,2958,Menlo,16,1,release,8,24,3,false,0,0,false,Metal,Apple M5 Pro,0
arabic,sparse_novel_counter,explicit_rows,121,42,7,39333,188792,2875,Menlo,16,1,release,8,24,3,false,0,0,false,Metal,Apple M5 Pro,0
arabic,sparse_novel_counter,explicit_rows,121,42,8,39042,142042,2875,Menlo,16,1,release,8,24,3,false,0,0,false,Metal,Apple M5 Pro,0
arabic,sparse_novel_counter,explicit_rows,121,42,9,38166,142000,2875,Menlo,16,1,release,8,24,3,false,0,0,false,Metal,Apple M5 Pro,0
arabic,sparse_novel_counter,explicit_rows,121,42,10,38334,143125,2875,Menlo,16,1,release,8,24,3,false,0,0,false,Metal,Apple M5 Pro,0
arabic,sparse_novel_counter,explicit_rows,121,42,11,38500,142875,2917,Menlo,16,1,release,8,24,3,false,0,0,false,Metal,Apple M5 Pro,0
arabic,sparse_novel_counter,explicit_rows,121,42,12,38417,142458,2875,Menlo,16,1,release,8,24,3,false,0,0,false,Metal,Apple M5 Pro,0
arabic,sparse_novel_counter,explicit_rows,121,42,13,39250,173000,3042,Menlo,16,1,release,8,24,3,false,0,0,false,Metal,Apple M5 Pro,0
arabic,sparse_novel_counter,explicit_rows,121,42,14,38750,150250,3000,Menlo,16,1,release,8,24,3,false,0,0,false,Metal,Apple M5 Pro,0
arabic,sparse_novel_counter,explicit_rows,121,42,15,38458,145792,2875,Menlo,16,1,release,8,24,3,false,0,0,false,Metal,Apple M5 Pro,0
arabic,sparse_novel_counter,explicit_rows,121,42,16,38583,143375,2875,Menlo,16,1,release,8,24,3,false,0,0,false,Metal,Apple M5 Pro,0
arabic,sparse_novel_counter,explicit_rows,121,42,17,38792,144458,2917,Menlo,16,1,release,8,24,3,false,0,0,false,Metal,Apple M5 Pro,0
arabic,sparse_novel_counter,explicit_rows,121,42,18,38542,142500,2875,Menlo,16,1,release,8,24,3,false,0,0,false,Metal,Apple M5 Pro,0
arabic,sparse_novel_counter,explicit_rows,121,42,19,38500,141500,2875,Menlo,16,1,release,8,24,3,false,0,0,false,Metal,Apple M5 Pro,0
arabic,sparse_novel_counter,explicit_rows,121,42,20,41458,142083,2875,Menlo,16,1,release,8,24,3,false,0,0,false,Metal,Apple M5 Pro,0
arabic,sparse_novel_counter,explicit_rows,121,42,21,38292,142333,2875,Menlo,16,1,release,8,24,3,false,0,0,false,Metal,Apple M5 Pro,0
arabic,sparse_novel_counter,explicit_rows,121,42,22,38250,140625,2875,Menlo,16,1,release,8,24,3,false,0,0,false,Metal,Apple M5 Pro,0
arabic,sparse_novel_counter,explicit_rows,121,42,23,38291,142334,2833,Menlo,16,1,release,8,24,3,false,0,0,false,Metal,Apple M5 Pro,0
arabic,sparse_novel_counter,softwrap,121,42,0,79416,11904250,114541,Menlo,16,1,release,8,24,3,false,18333,0,false,Metal,Apple M5 Pro,0
arabic,sparse_novel_counter,softwrap,121,42,1,70958,11878875,114709,Menlo,16,1,release,8,24,3,false,18333,0,false,Metal,Apple M5 Pro,0
arabic,sparse_novel_counter,softwrap,121,42,2,72625,11892125,120375,Menlo,16,1,release,8,24,3,false,18333,0,false,Metal,Apple M5 Pro,0
arabic,sparse_novel_counter,softwrap,121,42,3,73708,11882250,114750,Menlo,16,1,release,8,24,3,false,18333,0,false,Metal,Apple M5 Pro,0
arabic,sparse_novel_counter,softwrap,121,42,4,72708,11855208,110875,Menlo,16,1,release,8,24,3,false,18333,0,false,Metal,Apple M5 Pro,0
arabic,sparse_novel_counter,softwrap,121,42,5,70792,11923542,112333,Menlo,16,1,release,8,24,3,false,18333,0,false,Metal,Apple M5 Pro,0
arabic,sparse_novel_counter,softwrap,121,42,6,71583,11850167,113792,Menlo,16,1,release,8,24,3,false,18333,0,false,Metal,Apple M5 Pro,0
arabic,sparse_novel_counter,softwrap,121,42,7,69417,11854958,114208,Menlo,16,1,release,8,24,3,false,18333,0,false,Metal,Apple M5 Pro,0
arabic,sparse_novel_counter,softwrap,121,42,8,70667,11880583,110750,Menlo,16,1,release,8,24,3,false,18333,0,false,Metal,Apple M5 Pro,0
arabic,sparse_novel_counter,softwrap,121,42,9,71334,11856750,118416,Menlo,16,1,release,8,24,3,false,18333,0,false,Metal,Apple M5 Pro,0
arabic,sparse_novel_counter,softwrap,121,42,10,70250,11913875,113416,Menlo,16,1,release,8,24,3,false,18333,0,false,Metal,Apple M5 Pro,0
arabic,sparse_novel_counter,softwrap,121,42,11,69959,11918792,126792,Menlo,16,1,release,8,24,3,false,18333,0,false,Metal,Apple M5 Pro,0
arabic,sparse_novel_counter,softwrap,121,42,12,70584,11835208,112416,Menlo,16,1,release,8,24,3,false,18333,0,false,Metal,Apple M5 Pro,0
arabic,sparse_novel_counter,softwrap,121,42,13,70042,11908833,114500,Menlo,16,1,release,8,24,3,false,18333,0,false,Metal,Apple M5 Pro,0
arabic,sparse_novel_counter,softwrap,121,42,14,69667,11848834,112833,Menlo,16,1,release,8,24,3,false,18333,0,false,Metal,Apple M5 Pro,0
arabic,sparse_novel_counter,softwrap,121,42,15,69709,11931666,111084,Menlo,16,1,release,8,24,3,false,18333,0,false,Metal,Apple M5 Pro,0
arabic,sparse_novel_counter,softwrap,121,42,16,69708,11820333,112500,Menlo,16,1,release,8,24,3,false,18333,0,false,Metal,Apple M5 Pro,0
arabic,sparse_novel_counter,softwrap,121,42,17,69667,11793000,112667,Menlo,16,1,release,8,24,3,false,18333,0,false,Metal,Apple M5 Pro,0
arabic,sparse_novel_counter,softwrap,121,42,18,69125,11940666,111875,Menlo,16,1,release,8,24,3,false,18333,0,false,Metal,Apple M5 Pro,0
arabic,sparse_novel_counter,softwrap,121,42,19,70250,11874750,111791,Menlo,16,1,release,8,24,3,false,18333,0,false,Metal,Apple M5 Pro,0
arabic,sparse_novel_counter,softwrap,121,42,20,72000,11909958,115500,Menlo,16,1,release,8,24,3,false,18333,0,false,Metal,Apple M5 Pro,0
arabic,sparse_novel_counter,softwrap,121,42,21,70291,11818875,115417,Menlo,16,1,release,8,24,3,false,18333,0,false,Metal,Apple M5 Pro,0
arabic,sparse_novel_counter,softwrap,121,42,22,69166,11934792,114167,Menlo,16,1,release,8,24,3,false,18333,0,false,Metal,Apple M5 Pro,0
arabic,sparse_novel_counter,softwrap,121,42,23,71708,11869167,109500,Menlo,16,1,release,8,24,3,false,18333,0,false,Metal,Apple M5 Pro,0
arabic,scroll_cycle,explicit_rows,121,42,0,39333,4374334,111666,Menlo,16,1,release,8,24,3,false,0,0,false,Metal,Apple M5 Pro,10
arabic,scroll_cycle,explicit_rows,121,42,1,38583,1179833,109250,Menlo,16,1,release,8,24,3,false,0,0,false,Metal,Apple M5 Pro,21
arabic,scroll_cycle,explicit_rows,121,42,2,38834,1086625,106209,Menlo,16,1,release,8,24,3,false,0,0,false,Metal,Apple M5 Pro,31
arabic,scroll_cycle,explicit_rows,121,42,3,38583,1175833,108000,Menlo,16,1,release,8,24,3,false,0,0,false,Metal,Apple M5 Pro,42
arabic,scroll_cycle,explicit_rows,121,42,4,38625,40000,109959,Menlo,16,1,release,8,24,3,false,0,0,false,Metal,Apple M5 Pro,31
arabic,scroll_cycle,explicit_rows,121,42,5,38292,37833,104667,Menlo,16,1,release,8,24,3,false,0,0,false,Metal,Apple M5 Pro,21
arabic,scroll_cycle,explicit_rows,121,42,6,38708,39083,105875,Menlo,16,1,release,8,24,3,false,0,0,false,Metal,Apple M5 Pro,10
arabic,scroll_cycle,explicit_rows,121,42,7,38083,1065500,109500,Menlo,16,1,release,8,24,3,false,0,0,false,Metal,Apple M5 Pro,0
arabic,scroll_cycle,explicit_rows,121,42,8,38250,4451542,111416,Menlo,16,1,release,8,24,3,false,0,0,false,Metal,Apple M5 Pro,10
arabic,scroll_cycle,explicit_rows,121,42,9,39667,1195541,109292,Menlo,16,1,release,8,24,3,false,0,0,false,Metal,Apple M5 Pro,21
arabic,scroll_cycle,explicit_rows,121,42,10,39417,1071541,110833,Menlo,16,1,release,8,24,3,false,0,0,false,Metal,Apple M5 Pro,31
arabic,scroll_cycle,explicit_rows,121,42,11,38834,1172166,111667,Menlo,16,1,release,8,24,3,false,0,0,false,Metal,Apple M5 Pro,42
arabic,scroll_cycle,explicit_rows,121,42,12,39500,40959,104959,Menlo,16,1,release,8,24,3,false,0,0,false,Metal,Apple M5 Pro,31
arabic,scroll_cycle,explicit_rows,121,42,13,38542,37959,105375,Menlo,16,1,release,8,24,3,false,0,0,false,Metal,Apple M5 Pro,21
arabic,scroll_cycle,explicit_rows,121,42,14,38125,37667,106833,Menlo,16,1,release,8,24,3,false,0,0,false,Metal,Apple M5 Pro,10
arabic,scroll_cycle,explicit_rows,121,42,15,38542,1067541,107625,Menlo,16,1,release,8,24,3,false,0,0,false,Metal,Apple M5 Pro,0
arabic,scroll_cycle,explicit_rows,121,42,16,39250,4412792,115750,Menlo,16,1,release,8,24,3,false,0,0,false,Metal,Apple M5 Pro,10
arabic,scroll_cycle,explicit_rows,121,42,17,39417,1184500,107375,Menlo,16,1,release,8,24,3,false,0,0,false,Metal,Apple M5 Pro,21
arabic,scroll_cycle,explicit_rows,121,42,18,39583,1074250,108541,Menlo,16,1,release,8,24,3,false,0,0,false,Metal,Apple M5 Pro,31
arabic,scroll_cycle,explicit_rows,121,42,19,39542,1178167,110459,Menlo,16,1,release,8,24,3,false,0,0,false,Metal,Apple M5 Pro,42
arabic,scroll_cycle,explicit_rows,121,42,20,39291,39000,106000,Menlo,16,1,release,8,24,3,false,0,0,false,Metal,Apple M5 Pro,31
arabic,scroll_cycle,explicit_rows,121,42,21,39333,40833,108792,Menlo,16,1,release,8,24,3,false,0,0,false,Metal,Apple M5 Pro,21
arabic,scroll_cycle,explicit_rows,121,42,22,38750,39583,109500,Menlo,16,1,release,8,24,3,false,0,0,false,Metal,Apple M5 Pro,10
arabic,scroll_cycle,explicit_rows,121,42,23,39000,1066666,112167,Menlo,16,1,release,8,24,3,false,0,0,false,Metal,Apple M5 Pro,0
arabic,scroll_cycle,softwrap,121,42,0,73708,11926208,134333,Menlo,16,1,release,8,24,3,false,16220,2065,false,Metal,Apple M5 Pro,10
arabic,scroll_cycle,softwrap,121,42,1,72375,11843625,110708,Menlo,16,1,release,8,24,3,false,13909,4377,false,Metal,Apple M5 Pro,21
arabic,scroll_cycle,softwrap,121,42,2,72958,11938000,112750,Menlo,16,1,release,8,24,3,false,11796,6489,false,Metal,Apple M5 Pro,31
arabic,scroll_cycle,softwrap,121,42,3,73333,11983833,124667,Menlo,16,1,release,8,24,3,false,9485,8800,false,Metal,Apple M5 Pro,42
arabic,scroll_cycle,softwrap,121,42,4,72167,11892000,112042,Menlo,16,1,release,8,24,3,false,11796,6489,false,Metal,Apple M5 Pro,31
arabic,scroll_cycle,softwrap,121,42,5,71458,11964250,108916,Menlo,16,1,release,8,24,3,false,13909,4377,false,Metal,Apple M5 Pro,21
arabic,scroll_cycle,softwrap,121,42,6,72292,11895208,110125,Menlo,16,1,release,8,24,3,false,16220,2065,false,Metal,Apple M5 Pro,10
arabic,scroll_cycle,softwrap,121,42,7,70334,11939084,106875,Menlo,16,1,release,8,24,3,false,18333,0,false,Metal,Apple M5 Pro,0
arabic,scroll_cycle,softwrap,121,42,8,70958,11899625,110333,Menlo,16,1,release,8,24,3,false,16220,2065,false,Metal,Apple M5 Pro,10
arabic,scroll_cycle,softwrap,121,42,9,71083,11931583,109958,Menlo,16,1,release,8,24,3,false,13909,4377,false,Metal,Apple M5 Pro,21
arabic,scroll_cycle,softwrap,121,42,10,71667,11942833,112542,Menlo,16,1,release,8,24,3,false,11796,6489,false,Metal,Apple M5 Pro,31
arabic,scroll_cycle,softwrap,121,42,11,72167,11949208,113750,Menlo,16,1,release,8,24,3,false,9485,8800,false,Metal,Apple M5 Pro,42
arabic,scroll_cycle,softwrap,121,42,12,71917,11971125,111542,Menlo,16,1,release,8,24,3,false,11796,6489,false,Metal,Apple M5 Pro,31
arabic,scroll_cycle,softwrap,121,42,13,71917,11876667,113083,Menlo,16,1,release,8,24,3,false,13909,4377,false,Metal,Apple M5 Pro,21
arabic,scroll_cycle,softwrap,121,42,14,71875,11836792,114625,Menlo,16,1,release,8,24,3,false,16220,2065,false,Metal,Apple M5 Pro,10
arabic,scroll_cycle,softwrap,121,42,15,93875,11874292,109250,Menlo,16,1,release,8,24,3,false,18333,0,false,Metal,Apple M5 Pro,0
arabic,scroll_cycle,softwrap,121,42,16,71834,11901083,111625,Menlo,16,1,release,8,24,3,false,16220,2065,false,Metal,Apple M5 Pro,10
arabic,scroll_cycle,softwrap,121,42,17,74291,11927333,113750,Menlo,16,1,release,8,24,3,false,13909,4377,false,Metal,Apple M5 Pro,21
arabic,scroll_cycle,softwrap,121,42,18,72333,11851708,112500,Menlo,16,1,release,8,24,3,false,11796,6489,false,Metal,Apple M5 Pro,31
arabic,scroll_cycle,softwrap,121,42,19,72417,11917292,113542,Menlo,16,1,release,8,24,3,false,9485,8800,false,Metal,Apple M5 Pro,42
arabic,scroll_cycle,softwrap,121,42,20,73208,11895042,112291,Menlo,16,1,release,8,24,3,false,11796,6489,false,Metal,Apple M5 Pro,31
arabic,scroll_cycle,softwrap,121,42,21,70958,11899750,108750,Menlo,16,1,release,8,24,3,false,13909,4377,false,Metal,Apple M5 Pro,21
arabic,scroll_cycle,softwrap,121,42,22,70541,11881125,108583,Menlo,16,1,release,8,24,3,false,16220,2065,false,Metal,Apple M5 Pro,10
arabic,scroll_cycle,softwrap,121,42,23,69917,12169667,111625,Menlo,16,1,release,8,24,3,false,18333,0,false,Metal,Apple M5 Pro,0
arabic,dense_novel_text,explicit_rows,121,42,0,38167,4346875,108375,Menlo,16,1,release,8,24,3,false,0,0,false,Metal,Apple M5 Pro,0
arabic,dense_novel_text,explicit_rows,121,42,1,38125,4351500,106792,Menlo,16,1,release,8,24,3,false,0,0,false,Metal,Apple M5 Pro,0
arabic,dense_novel_text,explicit_rows,121,42,2,38084,4473000,108667,Menlo,16,1,release,8,24,3,false,0,0,false,Metal,Apple M5 Pro,0
arabic,dense_novel_text,explicit_rows,121,42,3,38708,4369417,106667,Menlo,16,1,release,8,24,3,false,0,0,false,Metal,Apple M5 Pro,0
arabic,dense_novel_text,explicit_rows,121,42,4,38000,4426583,109708,Menlo,16,1,release,8,24,3,false,0,0,false,Metal,Apple M5 Pro,0
arabic,dense_novel_text,explicit_rows,121,42,5,38417,4371292,108583,Menlo,16,1,release,8,24,3,false,0,0,false,Metal,Apple M5 Pro,0
arabic,dense_novel_text,explicit_rows,121,42,6,38166,4395542,108000,Menlo,16,1,release,8,24,3,false,0,0,false,Metal,Apple M5 Pro,0
arabic,dense_novel_text,explicit_rows,121,42,7,38333,4354292,111000,Menlo,16,1,release,8,24,3,false,0,0,false,Metal,Apple M5 Pro,0
arabic,dense_novel_text,explicit_rows,121,42,8,42833,4409125,106958,Menlo,16,1,release,8,24,3,false,0,0,false,Metal,Apple M5 Pro,0
arabic,dense_novel_text,explicit_rows,121,42,9,38375,4426416,107917,Menlo,16,1,release,8,24,3,false,0,0,false,Metal,Apple M5 Pro,0
arabic,dense_novel_text,explicit_rows,121,42,10,38083,4378500,110125,Menlo,16,1,release,8,24,3,false,0,0,false,Metal,Apple M5 Pro,0
arabic,dense_novel_text,explicit_rows,121,42,11,50792,4414666,108875,Menlo,16,1,release,8,24,3,false,0,0,false,Metal,Apple M5 Pro,0
arabic,dense_novel_text,explicit_rows,121,42,12,38375,4411541,110084,Menlo,16,1,release,8,24,3,false,0,0,false,Metal,Apple M5 Pro,0
arabic,dense_novel_text,explicit_rows,121,42,13,38667,4382708,109792,Menlo,16,1,release,8,24,3,false,0,0,false,Metal,Apple M5 Pro,0
arabic,dense_novel_text,explicit_rows,121,42,14,38250,4398083,110167,Menlo,16,1,release,8,24,3,false,0,0,false,Metal,Apple M5 Pro,0
arabic,dense_novel_text,explicit_rows,121,42,15,38167,4387875,110084,Menlo,16,1,release,8,24,3,false,0,0,false,Metal,Apple M5 Pro,0
arabic,dense_novel_text,explicit_rows,121,42,16,38334,4481208,110792,Menlo,16,1,release,8,24,3,false,0,0,false,Metal,Apple M5 Pro,0
arabic,dense_novel_text,explicit_rows,121,42,17,38541,4362500,109667,Menlo,16,1,release,8,24,3,false,0,0,false,Metal,Apple M5 Pro,0
arabic,dense_novel_text,explicit_rows,121,42,18,38125,4388792,110416,Menlo,16,1,release,8,24,3,false,0,0,false,Metal,Apple M5 Pro,0
arabic,dense_novel_text,explicit_rows,121,42,19,38292,4349458,109333,Menlo,16,1,release,8,24,3,false,0,0,false,Metal,Apple M5 Pro,0
arabic,dense_novel_text,explicit_rows,121,42,20,38083,4354917,112083,Menlo,16,1,release,8,24,3,false,0,0,false,Metal,Apple M5 Pro,0
arabic,dense_novel_text,explicit_rows,121,42,21,38292,4421500,108500,Menlo,16,1,release,8,24,3,false,0,0,false,Metal,Apple M5 Pro,0
arabic,dense_novel_text,explicit_rows,121,42,22,38417,4377375,109917,Menlo,16,1,release,8,24,3,false,0,0,false,Metal,Apple M5 Pro,0
arabic,dense_novel_text,explicit_rows,121,42,23,38083,4478292,109833,Menlo,16,1,release,8,24,3,false,0,0,false,Metal,Apple M5 Pro,0
arabic,dense_novel_text,softwrap,121,42,0,68875,11901291,113833,Menlo,16,1,release,8,24,3,false,18333,0,false,Metal,Apple M5 Pro,0
arabic,dense_novel_text,softwrap,121,42,1,69209,11932208,114917,Menlo,16,1,release,8,24,3,false,18333,0,false,Metal,Apple M5 Pro,0
arabic,dense_novel_text,softwrap,121,42,2,69000,11801167,113625,Menlo,16,1,release,8,24,3,false,18333,0,false,Metal,Apple M5 Pro,0
arabic,dense_novel_text,softwrap,121,42,3,76041,11861625,113292,Menlo,16,1,release,8,24,3,false,18333,0,false,Metal,Apple M5 Pro,0
arabic,dense_novel_text,softwrap,121,42,4,71500,11884750,116167,Menlo,16,1,release,8,24,3,false,18333,0,false,Metal,Apple M5 Pro,0
arabic,dense_novel_text,softwrap,121,42,5,69042,11833083,115042,Menlo,16,1,release,8,24,3,false,18333,0,false,Metal,Apple M5 Pro,0
arabic,dense_novel_text,softwrap,121,42,6,69042,11840000,115333,Menlo,16,1,release,8,24,3,false,18333,0,false,Metal,Apple M5 Pro,0
arabic,dense_novel_text,softwrap,121,42,7,69708,11829708,117000,Menlo,16,1,release,8,24,3,false,18333,0,false,Metal,Apple M5 Pro,0
arabic,dense_novel_text,softwrap,121,42,8,69084,11864042,115416,Menlo,16,1,release,8,24,3,false,18333,0,false,Metal,Apple M5 Pro,0
arabic,dense_novel_text,softwrap,121,42,9,70625,11867542,116750,Menlo,16,1,release,8,24,3,false,18333,0,false,Metal,Apple M5 Pro,0
arabic,dense_novel_text,softwrap,121,42,10,84250,11830916,113625,Menlo,16,1,release,8,24,3,false,18333,0,false,Metal,Apple M5 Pro,0
arabic,dense_novel_text,softwrap,121,42,11,68750,11801084,112125,Menlo,16,1,release,8,24,3,false,18333,0,false,Metal,Apple M5 Pro,0
arabic,dense_novel_text,softwrap,121,42,12,68917,11800125,115292,Menlo,16,1,release,8,24,3,false,18333,0,false,Metal,Apple M5 Pro,0
arabic,dense_novel_text,softwrap,121,42,13,68792,11844333,126667,Menlo,16,1,release,8,24,3,false,18333,0,false,Metal,Apple M5 Pro,0
arabic,dense_novel_text,softwrap,121,42,14,69167,11876709,116334,Menlo,16,1,release,8,24,3,false,18333,0,false,Metal,Apple M5 Pro,0
arabic,dense_novel_text,softwrap,121,42,15,69000,11890250,114041,Menlo,16,1,release,8,24,3,false,18333,0,false,Metal,Apple M5 Pro,0
arabic,dense_novel_text,softwrap,121,42,16,69250,11818291,112458,Menlo,16,1,release,8,24,3,false,18333,0,false,Metal,Apple M5 Pro,0
arabic,dense_novel_text,softwrap,121,42,17,68958,11973583,117667,Menlo,16,1,release,8,24,3,false,18333,0,false,Metal,Apple M5 Pro,0
arabic,dense_novel_text,softwrap,121,42,18,69125,11955750,118875,Menlo,16,1,release,8,24,3,false,18333,0,false,Metal,Apple M5 Pro,0
arabic,dense_novel_text,softwrap,121,42,19,69875,11838875,114417,Menlo,16,1,release,8,24,3,false,18333,0,false,Metal,Apple M5 Pro,0
arabic,dense_novel_text,softwrap,121,42,20,69208,11909708,115417,Menlo,16,1,release,8,24,3,false,18333,0,false,Metal,Apple M5 Pro,0
arabic,dense_novel_text,softwrap,121,42,21,69625,11825292,115250,Menlo,16,1,release,8,24,3,false,18333,0,false,Metal,Apple M5 Pro,0
arabic,dense_novel_text,softwrap,121,42,22,69000,11848041,116000,Menlo,16,1,release,8,24,3,false,18333,0,false,Metal,Apple M5 Pro,0
arabic,dense_novel_text,softwrap,121,42,23,70583,11882750,114000,Menlo,16,1,release,8,24,3,false,18333,0,false,Metal,Apple M5 Pro,0
rtl_context_ltr_viewport,sparse_novel_counter,explicit_rows,121,42,0,38833,73833,2792,Menlo,16,1,release,8,24,3,false,0,0,false,Metal,Apple M5 Pro,0
rtl_context_ltr_viewport,sparse_novel_counter,explicit_rows,121,42,1,38542,74166,2834,Menlo,16,1,release,8,24,3,false,0,0,false,Metal,Apple M5 Pro,0
rtl_context_ltr_viewport,sparse_novel_counter,explicit_rows,121,42,2,38875,81791,2750,Menlo,16,1,release,8,24,3,false,0,0,false,Metal,Apple M5 Pro,0
rtl_context_ltr_viewport,sparse_novel_counter,explicit_rows,121,42,3,38333,74125,2791,Menlo,16,1,release,8,24,3,false,0,0,false,Metal,Apple M5 Pro,0
rtl_context_ltr_viewport,sparse_novel_counter,explicit_rows,121,42,4,38167,79167,2750,Menlo,16,1,release,8,24,3,false,0,0,false,Metal,Apple M5 Pro,0
rtl_context_ltr_viewport,sparse_novel_counter,explicit_rows,121,42,5,38541,78084,2834,Menlo,16,1,release,8,24,3,false,0,0,false,Metal,Apple M5 Pro,0
rtl_context_ltr_viewport,sparse_novel_counter,explicit_rows,121,42,6,38375,75708,2791,Menlo,16,1,release,8,24,3,false,0,0,false,Metal,Apple M5 Pro,0
rtl_context_ltr_viewport,sparse_novel_counter,explicit_rows,121,42,7,38375,119291,2792,Menlo,16,1,release,8,24,3,false,0,0,false,Metal,Apple M5 Pro,0
rtl_context_ltr_viewport,sparse_novel_counter,explicit_rows,121,42,8,38583,75750,2792,Menlo,16,1,release,8,24,3,false,0,0,false,Metal,Apple M5 Pro,0
rtl_context_ltr_viewport,sparse_novel_counter,explicit_rows,121,42,9,38250,74500,2834,Menlo,16,1,release,8,24,3,false,0,0,false,Metal,Apple M5 Pro,0
rtl_context_ltr_viewport,sparse_novel_counter,explicit_rows,121,42,10,38209,74917,2833,Menlo,16,1,release,8,24,3,false,0,0,false,Metal,Apple M5 Pro,0
rtl_context_ltr_viewport,sparse_novel_counter,explicit_rows,121,42,11,38208,75292,2750,Menlo,16,1,release,8,24,3,false,0,0,false,Metal,Apple M5 Pro,0
rtl_context_ltr_viewport,sparse_novel_counter,explicit_rows,121,42,12,38208,75458,2792,Menlo,16,1,release,8,24,3,false,0,0,false,Metal,Apple M5 Pro,0
rtl_context_ltr_viewport,sparse_novel_counter,explicit_rows,121,42,13,38209,75916,2834,Menlo,16,1,release,8,24,3,false,0,0,false,Metal,Apple M5 Pro,0
rtl_context_ltr_viewport,sparse_novel_counter,explicit_rows,121,42,14,45458,103625,2916,Menlo,16,1,release,8,24,3,false,0,0,false,Metal,Apple M5 Pro,0
rtl_context_ltr_viewport,sparse_novel_counter,explicit_rows,121,42,15,39792,75791,2875,Menlo,16,1,release,8,24,3,false,0,0,false,Metal,Apple M5 Pro,0
rtl_context_ltr_viewport,sparse_novel_counter,explicit_rows,121,42,16,38166,74375,2792,Menlo,16,1,release,8,24,3,false,0,0,false,Metal,Apple M5 Pro,0
rtl_context_ltr_viewport,sparse_novel_counter,explicit_rows,121,42,17,38084,73708,2833,Menlo,16,1,release,8,24,3,false,0,0,false,Metal,Apple M5 Pro,0
rtl_context_ltr_viewport,sparse_novel_counter,explicit_rows,121,42,18,38000,73166,2750,Menlo,16,1,release,8,24,3,false,0,0,false,Metal,Apple M5 Pro,0
rtl_context_ltr_viewport,sparse_novel_counter,explicit_rows,121,42,19,38083,73250,2792,Menlo,16,1,release,8,24,3,false,0,0,false,Metal,Apple M5 Pro,0
rtl_context_ltr_viewport,sparse_novel_counter,explicit_rows,121,42,20,38083,73500,2792,Menlo,16,1,release,8,24,3,false,0,0,false,Metal,Apple M5 Pro,0
rtl_context_ltr_viewport,sparse_novel_counter,explicit_rows,121,42,21,37958,74167,2833,Menlo,16,1,release,8,24,3,false,0,0,false,Metal,Apple M5 Pro,0
rtl_context_ltr_viewport,sparse_novel_counter,explicit_rows,121,42,22,38000,74417,2750,Menlo,16,1,release,8,24,3,false,0,0,false,Metal,Apple M5 Pro,0
rtl_context_ltr_viewport,sparse_novel_counter,explicit_rows,121,42,23,38083,73292,2833,Menlo,16,1,release,8,24,3,false,0,0,false,Metal,Apple M5 Pro,0
rtl_context_ltr_viewport,sparse_novel_counter,softwrap,121,42,0,65958,3429000,113292,Menlo,16,1,release,8,24,3,false,10472,0,false,Metal,Apple M5 Pro,0
rtl_context_ltr_viewport,sparse_novel_counter,softwrap,121,42,1,67500,3367291,114834,Menlo,16,1,release,8,24,3,false,10472,0,false,Metal,Apple M5 Pro,0
rtl_context_ltr_viewport,sparse_novel_counter,softwrap,121,42,2,66541,3395375,112250,Menlo,16,1,release,8,24,3,false,10472,0,false,Metal,Apple M5 Pro,0
rtl_context_ltr_viewport,sparse_novel_counter,softwrap,121,42,3,66667,3344125,115083,Menlo,16,1,release,8,24,3,false,10472,0,false,Metal,Apple M5 Pro,0
rtl_context_ltr_viewport,sparse_novel_counter,softwrap,121,42,4,65791,3421417,113125,Menlo,16,1,release,8,24,3,false,10472,0,false,Metal,Apple M5 Pro,0
rtl_context_ltr_viewport,sparse_novel_counter,softwrap,121,42,5,66333,3377292,110041,Menlo,16,1,release,8,24,3,false,10472,0,false,Metal,Apple M5 Pro,0
rtl_context_ltr_viewport,sparse_novel_counter,softwrap,121,42,6,65750,3346250,113000,Menlo,16,1,release,8,24,3,false,10472,0,false,Metal,Apple M5 Pro,0
rtl_context_ltr_viewport,sparse_novel_counter,softwrap,121,42,7,65167,3365833,112583,Menlo,16,1,release,8,24,3,false,10472,0,false,Metal,Apple M5 Pro,0
rtl_context_ltr_viewport,sparse_novel_counter,softwrap,121,42,8,65125,3336625,111875,Menlo,16,1,release,8,24,3,false,10472,0,false,Metal,Apple M5 Pro,0
rtl_context_ltr_viewport,sparse_novel_counter,softwrap,121,42,9,65750,3357958,109916,Menlo,16,1,release,8,24,3,false,10472,0,false,Metal,Apple M5 Pro,0
rtl_context_ltr_viewport,sparse_novel_counter,softwrap,121,42,10,63792,3383542,109958,Menlo,16,1,release,8,24,3,false,10472,0,false,Metal,Apple M5 Pro,0
rtl_context_ltr_viewport,sparse_novel_counter,softwrap,121,42,11,65583,3381792,111833,Menlo,16,1,release,8,24,3,false,10472,0,false,Metal,Apple M5 Pro,0
rtl_context_ltr_viewport,sparse_novel_counter,softwrap,121,42,12,63917,3339042,112125,Menlo,16,1,release,8,24,3,false,10472,0,false,Metal,Apple M5 Pro,0
rtl_context_ltr_viewport,sparse_novel_counter,softwrap,121,42,13,65958,3355875,113208,Menlo,16,1,release,8,24,3,false,10472,0,false,Metal,Apple M5 Pro,0
rtl_context_ltr_viewport,sparse_novel_counter,softwrap,121,42,14,64625,3313042,111875,Menlo,16,1,release,8,24,3,false,10472,0,false,Metal,Apple M5 Pro,0
rtl_context_ltr_viewport,sparse_novel_counter,softwrap,121,42,15,64333,3400042,113167,Menlo,16,1,release,8,24,3,false,10472,0,false,Metal,Apple M5 Pro,0
rtl_context_ltr_viewport,sparse_novel_counter,softwrap,121,42,16,64625,3361334,111875,Menlo,16,1,release,8,24,3,false,10472,0,false,Metal,Apple M5 Pro,0
rtl_context_ltr_viewport,sparse_novel_counter,softwrap,121,42,17,64833,3355334,112792,Menlo,16,1,release,8,24,3,false,10472,0,false,Metal,Apple M5 Pro,0
rtl_context_ltr_viewport,sparse_novel_counter,softwrap,121,42,18,64500,3434000,111458,Menlo,16,1,release,8,24,3,false,10472,0,false,Metal,Apple M5 Pro,0
rtl_context_ltr_viewport,sparse_novel_counter,softwrap,121,42,19,65166,3381250,113250,Menlo,16,1,release,8,24,3,false,10472,0,false,Metal,Apple M5 Pro,0
rtl_context_ltr_viewport,sparse_novel_counter,softwrap,121,42,20,68084,3388125,113083,Menlo,16,1,release,8,24,3,false,10472,0,false,Metal,Apple M5 Pro,0
rtl_context_ltr_viewport,sparse_novel_counter,softwrap,121,42,21,65542,3393375,112875,Menlo,16,1,release,8,24,3,false,10472,0,false,Metal,Apple M5 Pro,0
rtl_context_ltr_viewport,sparse_novel_counter,softwrap,121,42,22,65625,3358333,112167,Menlo,16,1,release,8,24,3,false,10472,0,false,Metal,Apple M5 Pro,0
rtl_context_ltr_viewport,sparse_novel_counter,softwrap,121,42,23,67167,3395500,114625,Menlo,16,1,release,8,24,3,false,10472,0,false,Metal,Apple M5 Pro,0
rtl_context_ltr_viewport,scroll_cycle,explicit_rows,121,42,0,39250,1532750,115875,Menlo,16,1,release,8,24,3,false,0,0,false,Metal,Apple M5 Pro,10
rtl_context_ltr_viewport,scroll_cycle,explicit_rows,121,42,1,39750,426875,107125,Menlo,16,1,release,8,24,3,false,0,0,false,Metal,Apple M5 Pro,21
rtl_context_ltr_viewport,scroll_cycle,explicit_rows,121,42,2,40042,393500,105334,Menlo,16,1,release,8,24,3,false,0,0,false,Metal,Apple M5 Pro,31
rtl_context_ltr_viewport,scroll_cycle,explicit_rows,121,42,3,39208,422959,111334,Menlo,16,1,release,8,24,3,false,0,0,false,Metal,Apple M5 Pro,42
rtl_context_ltr_viewport,scroll_cycle,explicit_rows,121,42,4,39708,38875,111209,Menlo,16,1,release,8,24,3,false,0,0,false,Metal,Apple M5 Pro,31
rtl_context_ltr_viewport,scroll_cycle,explicit_rows,121,42,5,38750,41125,130875,Menlo,16,1,release,8,24,3,false,0,0,false,Metal,Apple M5 Pro,21
rtl_context_ltr_viewport,scroll_cycle,explicit_rows,121,42,6,39041,39167,104417,Menlo,16,1,release,8,24,3,false,0,0,false,Metal,Apple M5 Pro,10
rtl_context_ltr_viewport,scroll_cycle,explicit_rows,121,42,7,39208,395875,108375,Menlo,16,1,release,8,24,3,false,0,0,false,Metal,Apple M5 Pro,0
rtl_context_ltr_viewport,scroll_cycle,explicit_rows,121,42,8,38625,1521333,112083,Menlo,16,1,release,8,24,3,false,0,0,false,Metal,Apple M5 Pro,10
rtl_context_ltr_viewport,scroll_cycle,explicit_rows,121,42,9,40166,431875,112958,Menlo,16,1,release,8,24,3,false,0,0,false,Metal,Apple M5 Pro,21
rtl_context_ltr_viewport,scroll_cycle,explicit_rows,121,42,10,39417,392291,113542,Menlo,16,1,release,8,24,3,false,0,0,false,Metal,Apple M5 Pro,31
rtl_context_ltr_viewport,scroll_cycle,explicit_rows,121,42,11,39334,427208,110375,Menlo,16,1,release,8,24,3,false,0,0,false,Metal,Apple M5 Pro,42
rtl_context_ltr_viewport,scroll_cycle,explicit_rows,121,42,12,39250,38041,105334,Menlo,16,1,release,8,24,3,false,0,0,false,Metal,Apple M5 Pro,31
rtl_context_ltr_viewport,scroll_cycle,explicit_rows,121,42,13,39291,38500,106125,Menlo,16,1,release,8,24,3,false,0,0,false,Metal,Apple M5 Pro,21
rtl_context_ltr_viewport,scroll_cycle,explicit_rows,121,42,14,38333,38500,104167,Menlo,16,1,release,8,24,3,false,0,0,false,Metal,Apple M5 Pro,10
rtl_context_ltr_viewport,scroll_cycle,explicit_rows,121,42,15,38375,393542,107042,Menlo,16,1,release,8,24,3,false,0,0,false,Metal,Apple M5 Pro,0
rtl_context_ltr_viewport,scroll_cycle,explicit_rows,121,42,16,38959,1533125,111625,Menlo,16,1,release,8,24,3,false,0,0,false,Metal,Apple M5 Pro,10
rtl_context_ltr_viewport,scroll_cycle,explicit_rows,121,42,17,46666,436334,120333,Menlo,16,1,release,8,24,3,false,0,0,false,Metal,Apple M5 Pro,21
rtl_context_ltr_viewport,scroll_cycle,explicit_rows,121,42,18,39208,391000,110083,Menlo,16,1,release,8,24,3,false,0,0,false,Metal,Apple M5 Pro,31
rtl_context_ltr_viewport,scroll_cycle,explicit_rows,121,42,19,39083,427583,119583,Menlo,16,1,release,8,24,3,false,0,0,false,Metal,Apple M5 Pro,42
rtl_context_ltr_viewport,scroll_cycle,explicit_rows,121,42,20,39375,40667,114958,Menlo,16,1,release,8,24,3,false,0,0,false,Metal,Apple M5 Pro,31
rtl_context_ltr_viewport,scroll_cycle,explicit_rows,121,42,21,38792,38583,104208,Menlo,16,1,release,8,24,3,false,0,0,false,Metal,Apple M5 Pro,21
rtl_context_ltr_viewport,scroll_cycle,explicit_rows,121,42,22,38625,62000,111125,Menlo,16,1,release,8,24,3,false,0,0,false,Metal,Apple M5 Pro,10
rtl_context_ltr_viewport,scroll_cycle,explicit_rows,121,42,23,38958,399459,109083,Menlo,16,1,release,8,24,3,false,0,0,false,Metal,Apple M5 Pro,0
rtl_context_ltr_viewport,scroll_cycle,softwrap,121,42,0,65667,3386625,114083,Menlo,16,1,release,8,24,3,false,9243,1228,false,Metal,Apple M5 Pro,10
rtl_context_ltr_viewport,scroll_cycle,softwrap,121,42,1,65959,3370417,115125,Menlo,16,1,release,8,24,3,false,7891,2580,false,Metal,Apple M5 Pro,21
rtl_context_ltr_viewport,scroll_cycle,softwrap,121,42,2,71625,3422375,113500,Menlo,16,1,release,8,24,3,false,6662,3809,false,Metal,Apple M5 Pro,31
rtl_context_ltr_viewport,scroll_cycle,softwrap,121,42,3,64500,3349459,111834,Menlo,16,1,release,8,24,3,false,5310,5162,false,Metal,Apple M5 Pro,42
rtl_context_ltr_viewport,scroll_cycle,softwrap,121,42,4,71167,3413416,112375,Menlo,16,1,release,8,24,3,false,6662,3809,false,Metal,Apple M5 Pro,31
rtl_context_ltr_viewport,scroll_cycle,softwrap,121,42,5,70792,3395084,115125,Menlo,16,1,release,8,24,3,false,7891,2580,false,Metal,Apple M5 Pro,21
rtl_context_ltr_viewport,scroll_cycle,softwrap,121,42,6,67625,3461000,114167,Menlo,16,1,release,8,24,3,false,9243,1228,false,Metal,Apple M5 Pro,10
rtl_context_ltr_viewport,scroll_cycle,softwrap,121,42,7,66375,3413333,112250,Menlo,16,1,release,8,24,3,false,10472,0,false,Metal,Apple M5 Pro,0
rtl_context_ltr_viewport,scroll_cycle,softwrap,121,42,8,66625,3419583,115208,Menlo,16,1,release,8,24,3,false,9243,1228,false,Metal,Apple M5 Pro,10
rtl_context_ltr_viewport,scroll_cycle,softwrap,121,42,9,65750,3388959,117250,Menlo,16,1,release,8,24,3,false,7891,2580,false,Metal,Apple M5 Pro,21
rtl_context_ltr_viewport,scroll_cycle,softwrap,121,42,10,64875,3427459,123500,Menlo,16,1,release,8,24,3,false,6662,3809,false,Metal,Apple M5 Pro,31
rtl_context_ltr_viewport,scroll_cycle,softwrap,121,42,11,64125,3383167,113458,Menlo,16,1,release,8,24,3,false,5310,5162,false,Metal,Apple M5 Pro,42
rtl_context_ltr_viewport,scroll_cycle,softwrap,121,42,12,64542,3383041,117625,Menlo,16,1,release,8,24,3,false,6662,3809,false,Metal,Apple M5 Pro,31
rtl_context_ltr_viewport,scroll_cycle,softwrap,121,42,13,64917,3402250,111792,Menlo,16,1,release,8,24,3,false,7891,2580,false,Metal,Apple M5 Pro,21
rtl_context_ltr_viewport,scroll_cycle,softwrap,121,42,14,66334,3331167,111541,Menlo,16,1,release,8,24,3,false,9243,1228,false,Metal,Apple M5 Pro,10
rtl_context_ltr_viewport,scroll_cycle,softwrap,121,42,15,64208,3386250,110375,Menlo,16,1,release,8,24,3,false,10472,0,false,Metal,Apple M5 Pro,0
rtl_context_ltr_viewport,scroll_cycle,softwrap,121,42,16,65000,3413291,114125,Menlo,16,1,release,8,24,3,false,9243,1228,false,Metal,Apple M5 Pro,10
rtl_context_ltr_viewport,scroll_cycle,softwrap,121,42,17,63875,3378792,121916,Menlo,16,1,release,8,24,3,false,7891,2580,false,Metal,Apple M5 Pro,21
rtl_context_ltr_viewport,scroll_cycle,softwrap,121,42,18,63334,3378875,118000,Menlo,16,1,release,8,24,3,false,6662,3809,false,Metal,Apple M5 Pro,31
rtl_context_ltr_viewport,scroll_cycle,softwrap,121,42,19,63875,3349125,112333,Menlo,16,1,release,8,24,3,false,5310,5162,false,Metal,Apple M5 Pro,42
rtl_context_ltr_viewport,scroll_cycle,softwrap,121,42,20,63250,3361750,114833,Menlo,16,1,release,8,24,3,false,6662,3809,false,Metal,Apple M5 Pro,31
rtl_context_ltr_viewport,scroll_cycle,softwrap,121,42,21,64333,3360667,116250,Menlo,16,1,release,8,24,3,false,7891,2580,false,Metal,Apple M5 Pro,21
rtl_context_ltr_viewport,scroll_cycle,softwrap,121,42,22,64667,3403542,112917,Menlo,16,1,release,8,24,3,false,9243,1228,false,Metal,Apple M5 Pro,10
rtl_context_ltr_viewport,scroll_cycle,softwrap,121,42,23,66375,3374750,112709,Menlo,16,1,release,8,24,3,false,10472,0,false,Metal,Apple M5 Pro,0
rtl_context_ltr_viewport,dense_novel_text,explicit_rows,121,42,0,38209,1513375,109583,Menlo,16,1,release,8,24,3,false,0,0,false,Metal,Apple M5 Pro,0
rtl_context_ltr_viewport,dense_novel_text,explicit_rows,121,42,1,38292,1518416,106125,Menlo,16,1,release,8,24,3,false,0,0,false,Metal,Apple M5 Pro,0
rtl_context_ltr_viewport,dense_novel_text,explicit_rows,121,42,2,38750,1546834,107917,Menlo,16,1,release,8,24,3,false,0,0,false,Metal,Apple M5 Pro,0
rtl_context_ltr_viewport,dense_novel_text,explicit_rows,121,42,3,38375,1525541,110334,Menlo,16,1,release,8,24,3,false,0,0,false,Metal,Apple M5 Pro,0
rtl_context_ltr_viewport,dense_novel_text,explicit_rows,121,42,4,38292,1538791,113084,Menlo,16,1,release,8,24,3,false,0,0,false,Metal,Apple M5 Pro,0
rtl_context_ltr_viewport,dense_novel_text,explicit_rows,121,42,5,38250,1584375,110791,Menlo,16,1,release,8,24,3,false,0,0,false,Metal,Apple M5 Pro,0
rtl_context_ltr_viewport,dense_novel_text,explicit_rows,121,42,6,38333,1527417,107875,Menlo,16,1,release,8,24,3,false,0,0,false,Metal,Apple M5 Pro,0
rtl_context_ltr_viewport,dense_novel_text,explicit_rows,121,42,7,38250,1542500,105959,Menlo,16,1,release,8,24,3,false,0,0,false,Metal,Apple M5 Pro,0
rtl_context_ltr_viewport,dense_novel_text,explicit_rows,121,42,8,38041,1560792,110458,Menlo,16,1,release,8,24,3,false,0,0,false,Metal,Apple M5 Pro,0
rtl_context_ltr_viewport,dense_novel_text,explicit_rows,121,42,9,38500,1560417,108000,Menlo,16,1,release,8,24,3,false,0,0,false,Metal,Apple M5 Pro,0
rtl_context_ltr_viewport,dense_novel_text,explicit_rows,121,42,10,38250,1559625,119125,Menlo,16,1,release,8,24,3,false,0,0,false,Metal,Apple M5 Pro,0
rtl_context_ltr_viewport,dense_novel_text,explicit_rows,121,42,11,38291,1524834,110541,Menlo,16,1,release,8,24,3,false,0,0,false,Metal,Apple M5 Pro,0
rtl_context_ltr_viewport,dense_novel_text,explicit_rows,121,42,12,38250,1543791,110959,Menlo,16,1,release,8,24,3,false,0,0,false,Metal,Apple M5 Pro,0
rtl_context_ltr_viewport,dense_novel_text,explicit_rows,121,42,13,38333,1588834,110291,Menlo,16,1,release,8,24,3,false,0,0,false,Metal,Apple M5 Pro,0
rtl_context_ltr_viewport,dense_novel_text,explicit_rows,121,42,14,38750,1554333,109958,Menlo,16,1,release,8,24,3,false,0,0,false,Metal,Apple M5 Pro,0
rtl_context_ltr_viewport,dense_novel_text,explicit_rows,121,42,15,38291,1528250,109833,Menlo,16,1,release,8,24,3,false,0,0,false,Metal,Apple M5 Pro,0
rtl_context_ltr_viewport,dense_novel_text,explicit_rows,121,42,16,38333,1519958,110334,Menlo,16,1,release,8,24,3,false,0,0,false,Metal,Apple M5 Pro,0
rtl_context_ltr_viewport,dense_novel_text,explicit_rows,121,42,17,45125,1534416,110667,Menlo,16,1,release,8,24,3,false,0,0,false,Metal,Apple M5 Pro,0
rtl_context_ltr_viewport,dense_novel_text,explicit_rows,121,42,18,38250,1517542,108167,Menlo,16,1,release,8,24,3,false,0,0,false,Metal,Apple M5 Pro,0
rtl_context_ltr_viewport,dense_novel_text,explicit_rows,121,42,19,38500,1533250,108625,Menlo,16,1,release,8,24,3,false,0,0,false,Metal,Apple M5 Pro,0
rtl_context_ltr_viewport,dense_novel_text,explicit_rows,121,42,20,38125,1541625,110667,Menlo,16,1,release,8,24,3,false,0,0,false,Metal,Apple M5 Pro,0
rtl_context_ltr_viewport,dense_novel_text,explicit_rows,121,42,21,38166,1524000,109333,Menlo,16,1,release,8,24,3,false,0,0,false,Metal,Apple M5 Pro,0
rtl_context_ltr_viewport,dense_novel_text,explicit_rows,121,42,22,38292,1560875,112000,Menlo,16,1,release,8,24,3,false,0,0,false,Metal,Apple M5 Pro,0
rtl_context_ltr_viewport,dense_novel_text,explicit_rows,121,42,23,38333,1536541,124167,Menlo,16,1,release,8,24,3,false,0,0,false,Metal,Apple M5 Pro,0
rtl_context_ltr_viewport,dense_novel_text,softwrap,121,42,0,63333,3353750,112042,Menlo,16,1,release,8,24,3,false,10472,0,false,Metal,Apple M5 Pro,0
rtl_context_ltr_viewport,dense_novel_text,softwrap,121,42,1,63042,3365333,115334,Menlo,16,1,release,8,24,3,false,10472,0,false,Metal,Apple M5 Pro,0
rtl_context_ltr_viewport,dense_novel_text,softwrap,121,42,2,64167,3408833,112458,Menlo,16,1,release,8,24,3,false,10472,0,false,Metal,Apple M5 Pro,0
rtl_context_ltr_viewport,dense_novel_text,softwrap,121,42,3,67209,3383791,112917,Menlo,16,1,release,8,24,3,false,10472,0,false,Metal,Apple M5 Pro,0
rtl_context_ltr_viewport,dense_novel_text,softwrap,121,42,4,64041,3376959,112750,Menlo,16,1,release,8,24,3,false,10472,0,false,Metal,Apple M5 Pro,0
rtl_context_ltr_viewport,dense_novel_text,softwrap,121,42,5,64125,3390958,109584,Menlo,16,1,release,8,24,3,false,10472,0,false,Metal,Apple M5 Pro,0
rtl_context_ltr_viewport,dense_novel_text,softwrap,121,42,6,74291,3854042,118375,Menlo,16,1,release,8,24,3,false,10472,0,false,Metal,Apple M5 Pro,0
rtl_context_ltr_viewport,dense_novel_text,softwrap,121,42,7,67416,3528833,116584,Menlo,16,1,release,8,24,3,false,10472,0,false,Metal,Apple M5 Pro,0
rtl_context_ltr_viewport,dense_novel_text,softwrap,121,42,8,66000,3562291,117792,Menlo,16,1,release,8,24,3,false,10472,0,false,Metal,Apple M5 Pro,0
rtl_context_ltr_viewport,dense_novel_text,softwrap,121,42,9,67125,3505875,119084,Menlo,16,1,release,8,24,3,false,10472,0,false,Metal,Apple M5 Pro,0
rtl_context_ltr_viewport,dense_novel_text,softwrap,121,42,10,67167,3569917,132541,Menlo,16,1,release,8,24,3,false,10472,0,false,Metal,Apple M5 Pro,0
rtl_context_ltr_viewport,dense_novel_text,softwrap,121,42,11,66250,3397041,112709,Menlo,16,1,release,8,24,3,false,10472,0,false,Metal,Apple M5 Pro,0
rtl_context_ltr_viewport,dense_novel_text,softwrap,121,42,12,63916,3443417,114667,Menlo,16,1,release,8,24,3,false,10472,0,false,Metal,Apple M5 Pro,0
rtl_context_ltr_viewport,dense_novel_text,softwrap,121,42,13,64500,3430792,108000,Menlo,16,1,release,8,24,3,false,10472,0,false,Metal,Apple M5 Pro,0
rtl_context_ltr_viewport,dense_novel_text,softwrap,121,42,14,64459,3353666,129083,Menlo,16,1,release,8,24,3,false,10472,0,false,Metal,Apple M5 Pro,0
rtl_context_ltr_viewport,dense_novel_text,softwrap,121,42,15,63792,3419208,113750,Menlo,16,1,release,8,24,3,false,10472,0,false,Metal,Apple M5 Pro,0
rtl_context_ltr_viewport,dense_novel_text,softwrap,121,42,16,64750,3440250,137208,Menlo,16,1,release,8,24,3,false,10472,0,false,Metal,Apple M5 Pro,0
rtl_context_ltr_viewport,dense_novel_text,softwrap,121,42,17,80875,3820000,116750,Menlo,16,1,release,8,24,3,false,10472,0,false,Metal,Apple M5 Pro,0
rtl_context_ltr_viewport,dense_novel_text,softwrap,121,42,18,76375,3569958,114083,Menlo,16,1,release,8,24,3,false,10472,0,false,Metal,Apple M5 Pro,0
rtl_context_ltr_viewport,dense_novel_text,softwrap,121,42,19,65708,3463208,113416,Menlo,16,1,release,8,24,3,false,10472,0,false,Metal,Apple M5 Pro,0
rtl_context_ltr_viewport,dense_novel_text,softwrap,121,42,20,65166,3389334,113542,Menlo,16,1,release,8,24,3,false,10472,0,false,Metal,Apple M5 Pro,0
rtl_context_ltr_viewport,dense_novel_text,softwrap,121,42,21,64292,3460625,113959,Menlo,16,1,release,8,24,3,false,10472,0,false,Metal,Apple M5 Pro,0
rtl_context_ltr_viewport,dense_novel_text,softwrap,121,42,22,64833,3373291,111500,Menlo,16,1,release,8,24,3,false,10472,0,false,Metal,Apple M5 Pro,0
rtl_context_ltr_viewport,dense_novel_text,softwrap,121,42,23,74083,3397959,111750,Menlo,16,1,release,8,24,3,false,10472,0,false,Metal,Apple M5 Pro,0
