workload,sample,conversion_ns,shaping_ns,prepare_ns,cols,rows,font,font_size,scale,profile,warmups,cpu_warmup_ms
one_cell,0,36916,36292,2208,121,42,Menlo,16,1,release,20,100
one_cell,1,37500,36917,2208,121,42,Menlo,16,1,release,20,100
one_cell,2,37167,36833,2167,121,42,Menlo,16,1,release,20,100
one_cell,3,37458,36917,2166,121,42,Menlo,16,1,release,20,100
one_cell,4,37042,36875,2125,121,42,Menlo,16,1,release,20,100
one_cell,5,36958,36875,2167,121,42,Menlo,16,1,release,20,100
one_cell,6,37083,36917,2125,121,42,Menlo,16,1,release,20,100
one_cell,7,37166,36875,2167,121,42,Menlo,16,1,release,20,100
one_cell,8,36833,36833,2125,121,42,Menlo,16,1,release,20,100
one_cell,9,51416,37000,2125,121,42,Menlo,16,1,release,20,100
one_cell,10,37209,36792,2166,121,42,Menlo,16,1,release,20,100
one_cell,11,37083,36917,2208,121,42,Menlo,16,1,release,20,100
one_cell,12,37083,36917,2083,121,42,Menlo,16,1,release,20,100
one_cell,13,37083,36875,2167,121,42,Menlo,16,1,release,20,100
one_cell,14,37000,36833,2125,121,42,Menlo,16,1,release,20,100
one_cell,15,40041,36833,2208,121,42,Menlo,16,1,release,20,100
one_cell,16,37167,36917,2166,121,42,Menlo,16,1,release,20,100
one_cell,17,37125,39792,2250,121,42,Menlo,16,1,release,20,100
one_cell,18,36875,36917,2125,121,42,Menlo,16,1,release,20,100
one_cell,19,37250,36958,2209,121,42,Menlo,16,1,release,20,100
one_cell,20,37000,36875,2125,121,42,Menlo,16,1,release,20,100
one_cell,21,37042,36916,2125,121,42,Menlo,16,1,release,20,100
one_cell,22,37000,36917,2166,121,42,Menlo,16,1,release,20,100
one_cell,23,37083,36875,2208,121,42,Menlo,16,1,release,20,100
one_cell,24,37250,36916,2083,121,42,Menlo,16,1,release,20,100
one_cell,25,37000,36875,2125,121,42,Menlo,16,1,release,20,100
one_cell,26,36917,36875,2125,121,42,Menlo,16,1,release,20,100
one_cell,27,36917,36875,2167,121,42,Menlo,16,1,release,20,100
one_cell,28,36875,36917,2125,121,42,Menlo,16,1,release,20,100
one_cell,29,36875,36875,2208,121,42,Menlo,16,1,release,20,100
one_cell,30,37000,36917,2208,121,42,Menlo,16,1,release,20,100
one_cell,31,37375,36875,2250,121,42,Menlo,16,1,release,20,100
one_cell,32,37000,36875,2167,121,42,Menlo,16,1,release,20,100
one_cell,33,37084,36875,2125,121,42,Menlo,16,1,release,20,100
one_cell,34,37042,36875,2125,121,42,Menlo,16,1,release,20,100
one_cell,35,36875,39834,2125,121,42,Menlo,16,1,release,20,100
one_cell,36,37000,36875,2083,121,42,Menlo,16,1,release,20,100
one_cell,37,37291,36875,2125,121,42,Menlo,16,1,release,20,100
one_cell,38,36917,36875,2125,121,42,Menlo,16,1,release,20,100
one_cell,39,36958,36917,2166,121,42,Menlo,16,1,release,20,100
one_cell,40,37416,36875,2208,121,42,Menlo,16,1,release,20,100
one_cell,41,37417,36958,2209,121,42,Menlo,16,1,release,20,100
one_cell,42,37125,36917,2166,121,42,Menlo,16,1,release,20,100
one_cell,43,37042,37417,2208,121,42,Menlo,16,1,release,20,100
one_cell,44,37667,37416,2209,121,42,Menlo,16,1,release,20,100
one_cell,45,37542,36875,2250,121,42,Menlo,16,1,release,20,100
one_cell,46,37334,36916,2167,121,42,Menlo,16,1,release,20,100
one_cell,47,37125,37458,2209,121,42,Menlo,16,1,release,20,100
one_cell,48,37375,36916,2209,121,42,Menlo,16,1,release,20,100
one_cell,49,37000,36917,2208,121,42,Menlo,16,1,release,20,100
one_cell,50,37000,37416,2209,121,42,Menlo,16,1,release,20,100
one_cell,51,36958,36875,2250,121,42,Menlo,16,1,release,20,100
one_cell,52,37417,36875,2167,121,42,Menlo,16,1,release,20,100
one_cell,53,37166,37000,2208,121,42,Menlo,16,1,release,20,100
one_cell,54,37458,37417,2208,121,42,Menlo,16,1,release,20,100
one_cell,55,37042,36875,2208,121,42,Menlo,16,1,release,20,100
one_cell,56,37125,37458,2167,121,42,Menlo,16,1,release,20,100
one_cell,57,36875,36833,2209,121,42,Menlo,16,1,release,20,100
one_cell,58,37291,36875,2208,121,42,Menlo,16,1,release,20,100
one_cell,59,37209,36875,2167,121,42,Menlo,16,1,release,20,100
one_cell,60,37000,36875,2208,121,42,Menlo,16,1,release,20,100
one_cell,61,36959,36916,2209,121,42,Menlo,16,1,release,20,100
one_cell,62,37000,36875,2208,121,42,Menlo,16,1,release,20,100
one_cell,63,43250,39709,2208,121,42,Menlo,16,1,release,20,100
one_cell,64,37000,39792,2208,121,42,Menlo,16,1,release,20,100
one_cell,65,37083,39375,2209,121,42,Menlo,16,1,release,20,100
one_cell,66,37000,39750,2167,121,42,Menlo,16,1,release,20,100
one_cell,67,37291,39375,2208,121,42,Menlo,16,1,release,20,100
one_cell,68,37000,36458,2209,121,42,Menlo,16,1,release,20,100
one_cell,69,37042,36833,2250,121,42,Menlo,16,1,release,20,100
one_cell,70,36791,36833,2250,121,42,Menlo,16,1,release,20,100
one_cell,71,37167,36458,2250,121,42,Menlo,16,1,release,20,100
one_cell,72,37208,36875,2208,121,42,Menlo,16,1,release,20,100
one_cell,73,37166,36417,2291,121,42,Menlo,16,1,release,20,100
one_cell,74,37209,36833,2250,121,42,Menlo,16,1,release,20,100
one_cell,75,37500,36833,2250,121,42,Menlo,16,1,release,20,100
one_cell,76,37000,37000,2250,121,42,Menlo,16,1,release,20,100
one_cell,77,37084,36459,2209,121,42,Menlo,16,1,release,20,100
one_cell,78,37125,36875,2208,121,42,Menlo,16,1,release,20,100
one_cell,79,37292,36458,2292,121,42,Menlo,16,1,release,20,100
one_cell,80,37042,36833,2167,121,42,Menlo,16,1,release,20,100
one_cell,81,37208,36875,2209,121,42,Menlo,16,1,release,20,100
one_cell,82,37000,36500,2208,121,42,Menlo,16,1,release,20,100
one_cell,83,37167,36833,2250,121,42,Menlo,16,1,release,20,100
one_cell,84,37083,36417,2167,121,42,Menlo,16,1,release,20,100
one_cell,85,37042,36458,2250,121,42,Menlo,16,1,release,20,100
one_cell,86,37084,36833,2166,121,42,Menlo,16,1,release,20,100
one_cell,87,36958,36833,2208,121,42,Menlo,16,1,release,20,100
one_cell,88,37500,36791,2209,121,42,Menlo,16,1,release,20,100
one_cell,89,37042,36500,2208,121,42,Menlo,16,1,release,20,100
one_cell,90,37042,36416,2250,121,42,Menlo,16,1,release,20,100
one_cell,91,37667,36458,2208,121,42,Menlo,16,1,release,20,100
one_cell,92,37125,36833,2167,121,42,Menlo,16,1,release,20,100
one_cell,93,36959,36916,2250,121,42,Menlo,16,1,release,20,100
one_cell,94,37083,56042,2250,121,42,Menlo,16,1,release,20,100
one_cell,95,37584,42667,2250,121,42,Menlo,16,1,release,20,100
one_cell,96,37125,36834,2209,121,42,Menlo,16,1,release,20,100
one_cell,97,36958,36458,2250,121,42,Menlo,16,1,release,20,100
one_cell,98,37083,36458,2250,121,42,Menlo,16,1,release,20,100
one_cell,99,36875,36500,2250,121,42,Menlo,16,1,release,20,100
one_cell,100,37041,36917,2250,121,42,Menlo,16,1,release,20,100
one_cell,101,36875,36833,2250,121,42,Menlo,16,1,release,20,100
one_cell,102,37000,36875,2208,121,42,Menlo,16,1,release,20,100
one_cell,103,36875,36458,2250,121,42,Menlo,16,1,release,20,100
one_cell,104,37583,36833,2250,121,42,Menlo,16,1,release,20,100
one_cell,105,37000,36417,2250,121,42,Menlo,16,1,release,20,100
one_cell,106,37167,36833,2208,121,42,Menlo,16,1,release,20,100
one_cell,107,37000,36833,2250,121,42,Menlo,16,1,release,20,100
one_cell,108,37042,36833,2208,121,42,Menlo,16,1,release,20,100
one_cell,109,37250,36416,2250,121,42,Menlo,16,1,release,20,100
one_cell,110,37375,36917,2250,121,42,Menlo,16,1,release,20,100
one_cell,111,37000,36875,2250,121,42,Menlo,16,1,release,20,100
one_cell,112,37084,36417,2250,121,42,Menlo,16,1,release,20,100
one_cell,113,37584,36416,2250,121,42,Menlo,16,1,release,20,100
one_cell,114,36958,36500,2208,121,42,Menlo,16,1,release,20,100
one_cell,115,37000,36875,2291,121,42,Menlo,16,1,release,20,100
one_cell,116,37792,36834,2209,121,42,Menlo,16,1,release,20,100
one_cell,117,36958,36459,2291,121,42,Menlo,16,1,release,20,100
one_cell,118,37041,36459,2208,121,42,Menlo,16,1,release,20,100
one_cell,119,37333,37000,2333,121,42,Menlo,16,1,release,20,100
one_cell,120,37166,36875,2209,121,42,Menlo,16,1,release,20,100
one_cell,121,37500,36834,2250,121,42,Menlo,16,1,release,20,100
one_cell,122,36958,36416,2208,121,42,Menlo,16,1,release,20,100
one_cell,123,36834,36500,2209,121,42,Menlo,16,1,release,20,100
one_cell,124,37042,36792,2167,121,42,Menlo,16,1,release,20,100
one_cell,125,37209,36500,2250,121,42,Menlo,16,1,release,20,100
one_cell,126,36958,36875,2250,121,42,Menlo,16,1,release,20,100
one_cell,127,36916,36833,2250,121,42,Menlo,16,1,release,20,100
one_cell,128,37000,36417,2208,121,42,Menlo,16,1,release,20,100
one_cell,129,37334,36834,2209,121,42,Menlo,16,1,release,20,100
one_cell,130,36958,36459,2208,121,42,Menlo,16,1,release,20,100
one_cell,131,37125,36792,2250,121,42,Menlo,16,1,release,20,100
one_cell,132,37375,36916,2208,121,42,Menlo,16,1,release,20,100
one_cell,133,36917,37417,2291,121,42,Menlo,16,1,release,20,100
one_cell,134,37208,36458,2209,121,42,Menlo,16,1,release,20,100
one_cell,135,48334,42250,2250,121,42,Menlo,16,1,release,20,100
one_cell,136,37834,39416,2209,121,42,Menlo,16,1,release,20,100
one_cell,137,37291,39667,2250,121,42,Menlo,16,1,release,20,100
one_cell,138,36959,36875,2209,121,42,Menlo,16,1,release,20,100
one_cell,139,37084,36375,2292,121,42,Menlo,16,1,release,20,100
one_cell,140,36875,36875,2125,121,42,Menlo,16,1,release,20,100
one_cell,141,37334,36458,2208,121,42,Menlo,16,1,release,20,100
one_cell,142,37000,36459,2209,121,42,Menlo,16,1,release,20,100
one_cell,143,37250,36625,2292,121,42,Menlo,16,1,release,20,100
one_cell,144,37500,37042,2208,121,42,Menlo,16,1,release,20,100
one_cell,145,37709,36834,2250,121,42,Menlo,16,1,release,20,100
one_cell,146,37583,36875,2209,121,42,Menlo,16,1,release,20,100
one_cell,147,37084,36917,2208,121,42,Menlo,16,1,release,20,100
one_cell,148,37459,36875,2208,121,42,Menlo,16,1,release,20,100
one_cell,149,37208,36875,2250,121,42,Menlo,16,1,release,20,100
one_cell,150,37041,36875,2208,121,42,Menlo,16,1,release,20,100
one_cell,151,36916,36458,2250,121,42,Menlo,16,1,release,20,100
one_cell,152,37042,36500,2208,121,42,Menlo,16,1,release,20,100
one_cell,153,37042,36833,2292,121,42,Menlo,16,1,release,20,100
one_cell,154,37084,36584,2250,121,42,Menlo,16,1,release,20,100
one_cell,155,36917,37125,2166,121,42,Menlo,16,1,release,20,100
one_cell,156,37125,36875,2167,121,42,Menlo,16,1,release,20,100
one_cell,157,37042,36416,2334,121,42,Menlo,16,1,release,20,100
one_cell,158,36958,36458,2250,121,42,Menlo,16,1,release,20,100
one_cell,159,37000,36500,2166,121,42,Menlo,16,1,release,20,100
one_cell,160,37542,36416,2209,121,42,Menlo,16,1,release,20,100
one_cell,161,37583,36625,2375,121,42,Menlo,16,1,release,20,100
one_cell,162,36917,36917,2208,121,42,Menlo,16,1,release,20,100
one_cell,163,36959,36500,2209,121,42,Menlo,16,1,release,20,100
one_cell,164,37292,37041,2209,121,42,Menlo,16,1,release,20,100
one_cell,165,37500,36875,2291,121,42,Menlo,16,1,release,20,100
one_cell,166,37042,36958,2167,121,42,Menlo,16,1,release,20,100
one_cell,167,37291,36709,2208,121,42,Menlo,16,1,release,20,100
one_cell,168,37375,36458,2209,121,42,Menlo,16,1,release,20,100
one_cell,169,36959,36459,2208,121,42,Menlo,16,1,release,20,100
one_cell,170,37042,36500,2209,121,42,Menlo,16,1,release,20,100
one_cell,171,37042,58375,2500,121,42,Menlo,16,1,release,20,100
one_cell,172,38000,34375,2292,121,42,Menlo,16,1,release,20,100
one_cell,173,37000,34334,2250,121,42,Menlo,16,1,release,20,100
one_cell,174,37166,34375,2250,121,42,Menlo,16,1,release,20,100
one_cell,175,37292,34125,2125,121,42,Menlo,16,1,release,20,100
one_cell,176,37250,33709,2084,121,42,Menlo,16,1,release,20,100
one_cell,177,36917,33667,2125,121,42,Menlo,16,1,release,20,100
one_cell,178,36875,36542,2125,121,42,Menlo,16,1,release,20,100
one_cell,179,37041,37167,2125,121,42,Menlo,16,1,release,20,100
one_cell,180,36917,33750,2166,121,42,Menlo,16,1,release,20,100
one_cell,181,36958,34292,2125,121,42,Menlo,16,1,release,20,100
one_cell,182,37250,36666,2083,121,42,Menlo,16,1,release,20,100
one_cell,183,37375,35291,2083,121,42,Menlo,16,1,release,20,100
one_cell,184,37000,36750,2125,121,42,Menlo,16,1,release,20,100
one_cell,185,37166,33834,2166,121,42,Menlo,16,1,release,20,100
one_cell,186,37375,36542,2125,121,42,Menlo,16,1,release,20,100
one_cell,187,37167,36750,2167,121,42,Menlo,16,1,release,20,100
one_cell,188,37000,36750,2125,121,42,Menlo,16,1,release,20,100
one_cell,189,37208,35708,2167,121,42,Menlo,16,1,release,20,100
one_cell,190,37042,33791,2125,121,42,Menlo,16,1,release,20,100
one_cell,191,37000,35166,2167,121,42,Menlo,16,1,release,20,100
one_cell,192,37417,36667,2125,121,42,Menlo,16,1,release,20,100
one_cell,193,37125,37125,2166,121,42,Menlo,16,1,release,20,100
one_cell,194,37000,36333,2167,121,42,Menlo,16,1,release,20,100
one_cell,195,37250,33750,2209,121,42,Menlo,16,1,release,20,100
one_cell,196,36917,33708,2125,121,42,Menlo,16,1,release,20,100
one_cell,197,37125,34041,2167,121,42,Menlo,16,1,release,20,100
one_cell,198,37292,33708,2125,121,42,Menlo,16,1,release,20,100
one_cell,199,37250,33708,2125,121,42,Menlo,16,1,release,20,100
one_row,0,37042,36833,2542,121,42,Menlo,16,1,release,20,100
one_row,1,37042,39792,2250,121,42,Menlo,16,1,release,20,100
one_row,2,36916,39750,2583,121,42,Menlo,16,1,release,20,100
one_row,3,37292,39667,2208,121,42,Menlo,16,1,release,20,100
one_row,4,37208,39375,2625,121,42,Menlo,16,1,release,20,100
one_row,5,36834,39333,2291,121,42,Menlo,16,1,release,20,100
one_row,6,37042,39708,2583,121,42,Menlo,16,1,release,20,100
one_row,7,37042,36416,2250,121,42,Menlo,16,1,release,20,100
one_row,8,40667,36875,2625,121,42,Menlo,16,1,release,20,100
one_row,9,36792,36833,2208,121,42,Menlo,16,1,release,20,100
one_row,10,37542,36875,2541,121,42,Menlo,16,1,release,20,100
one_row,11,37042,36875,2250,121,42,Menlo,16,1,release,20,100
one_row,12,36959,36458,2583,121,42,Menlo,16,1,release,20,100
one_row,13,37166,36834,2250,121,42,Menlo,16,1,release,20,100
one_row,14,37041,36459,2542,121,42,Menlo,16,1,release,20,100
one_row,15,37041,36875,2209,121,42,Menlo,16,1,release,20,100
one_row,16,37083,36875,2583,121,42,Menlo,16,1,release,20,100
one_row,17,37209,36875,2208,121,42,Menlo,16,1,release,20,100
one_row,18,37042,39458,2541,121,42,Menlo,16,1,release,20,100
one_row,19,37041,36458,2292,121,42,Menlo,16,1,release,20,100
one_row,20,36959,36417,2583,121,42,Menlo,16,1,release,20,100
one_row,21,37209,36875,2250,121,42,Menlo,16,1,release,20,100
one_row,22,36959,36917,2541,121,42,Menlo,16,1,release,20,100
one_row,23,37083,36875,2208,121,42,Menlo,16,1,release,20,100
one_row,24,37041,36833,2625,121,42,Menlo,16,1,release,20,100
one_row,25,37000,36834,2250,121,42,Menlo,16,1,release,20,100
one_row,26,36875,36833,2583,121,42,Menlo,16,1,release,20,100
one_row,27,37208,36875,2167,121,42,Menlo,16,1,release,20,100
one_row,28,36916,36875,2583,121,42,Menlo,16,1,release,20,100
one_row,29,37083,36833,2208,121,42,Menlo,16,1,release,20,100
one_row,30,37042,36792,2541,121,42,Menlo,16,1,release,20,100
one_row,31,36958,36959,2208,121,42,Menlo,16,1,release,20,100
one_row,32,36875,36875,2583,121,42,Menlo,16,1,release,20,100
one_row,33,36917,36834,2250,121,42,Menlo,16,1,release,20,100
one_row,34,36958,36833,2583,121,42,Menlo,16,1,release,20,100
one_row,35,36958,36917,2208,121,42,Menlo,16,1,release,20,100
one_row,36,37125,36875,2584,121,42,Menlo,16,1,release,20,100
one_row,37,37208,60083,2334,121,42,Menlo,16,1,release,20,100
one_row,38,37375,39250,2667,121,42,Menlo,16,1,release,20,100
one_row,39,36875,39041,2250,121,42,Menlo,16,1,release,20,100
one_row,40,36875,39083,2625,121,42,Menlo,16,1,release,20,100
one_row,41,36875,38709,2167,121,42,Menlo,16,1,release,20,100
one_row,42,37417,38666,2542,121,42,Menlo,16,1,release,20,100
one_row,43,37416,39042,2166,121,42,Menlo,16,1,release,20,100
one_row,44,36958,38666,2584,121,42,Menlo,16,1,release,20,100
one_row,45,37333,38666,2208,121,42,Menlo,16,1,release,20,100
one_row,46,37167,38667,2584,121,42,Menlo,16,1,release,20,100
one_row,47,37125,39125,2167,121,42,Menlo,16,1,release,20,100
one_row,48,37000,38666,2625,121,42,Menlo,16,1,release,20,100
one_row,49,37000,38584,2209,121,42,Menlo,16,1,release,20,100
one_row,50,39583,38667,2583,121,42,Menlo,16,1,release,20,100
one_row,51,36917,39083,2166,121,42,Menlo,16,1,release,20,100
one_row,52,37250,41625,2541,121,42,Menlo,16,1,release,20,100
one_row,53,37083,39083,2209,121,42,Menlo,16,1,release,20,100
one_row,54,36917,50166,2542,121,42,Menlo,16,1,release,20,100
one_row,55,37291,39542,2208,121,42,Menlo,16,1,release,20,100
one_row,56,36958,49667,2542,121,42,Menlo,16,1,release,20,100
one_row,57,37250,54750,2166,121,42,Menlo,16,1,release,20,100
one_row,58,37083,38750,2541,121,42,Menlo,16,1,release,20,100
one_row,59,36916,38459,2291,121,42,Menlo,16,1,release,20,100
one_row,60,36958,35667,2542,121,42,Menlo,16,1,release,20,100
one_row,61,36834,36084,2166,121,42,Menlo,16,1,release,20,100
one_row,62,37292,35541,2667,121,42,Menlo,16,1,release,20,100
one_row,63,37042,35375,2208,121,42,Menlo,16,1,release,20,100
one_row,64,37000,35875,2583,121,42,Menlo,16,1,release,20,100
one_row,65,37000,36000,2209,121,42,Menlo,16,1,release,20,100
one_row,66,37042,35459,2542,121,42,Menlo,16,1,release,20,100
one_row,67,37000,36167,2208,121,42,Menlo,16,1,release,20,100
one_row,68,36917,36167,2583,121,42,Menlo,16,1,release,20,100
one_row,69,36875,35542,2209,121,42,Menlo,16,1,release,20,100
one_row,70,37208,36042,2583,121,42,Menlo,16,1,release,20,100
one_row,71,37083,35583,2083,121,42,Menlo,16,1,release,20,100
one_row,72,37167,35917,2541,121,42,Menlo,16,1,release,20,100
one_row,73,37125,35583,2209,121,42,Menlo,16,1,release,20,100
one_row,74,37125,35959,2709,121,42,Menlo,16,1,release,20,100
one_row,75,37458,35583,2167,121,42,Menlo,16,1,release,20,100
one_row,76,36958,38916,2542,121,42,Menlo,16,1,release,20,100
one_row,77,36959,35500,2167,121,42,Menlo,16,1,release,20,100
one_row,78,37042,35500,2584,121,42,Menlo,16,1,release,20,100
one_row,79,37042,35958,2167,121,42,Menlo,16,1,release,20,100
one_row,80,36875,35959,2584,121,42,Menlo,16,1,release,20,100
one_row,81,37125,35500,2166,121,42,Menlo,16,1,release,20,100
one_row,82,37125,35500,2583,121,42,Menlo,16,1,release,20,100
one_row,83,36833,35584,2166,121,42,Menlo,16,1,release,20,100
one_row,84,36958,35584,2583,121,42,Menlo,16,1,release,20,100
one_row,85,36875,35500,2167,121,42,Menlo,16,1,release,20,100
one_row,86,37000,35500,2541,121,42,Menlo,16,1,release,20,100
one_row,87,37000,35958,2209,121,42,Menlo,16,1,release,20,100
one_row,88,37083,35958,2584,121,42,Menlo,16,1,release,20,100
one_row,89,37042,35875,2208,121,42,Menlo,16,1,release,20,100
one_row,90,37083,35917,2542,121,42,Menlo,16,1,release,20,100
one_row,91,36834,35958,2167,121,42,Menlo,16,1,release,20,100
one_row,92,40041,35917,2583,121,42,Menlo,16,1,release,20,100
one_row,93,37041,35459,2208,121,42,Menlo,16,1,release,20,100
one_row,94,36916,35542,2541,121,42,Menlo,16,1,release,20,100
one_row,95,37000,35541,2167,121,42,Menlo,16,1,release,20,100
one_row,96,37000,35667,2583,121,42,Menlo,16,1,release,20,100
one_row,97,37375,35875,2167,121,42,Menlo,16,1,release,20,100
one_row,98,36875,38541,2542,121,42,Menlo,16,1,release,20,100
one_row,99,46542,38375,11667,121,42,Menlo,16,1,release,20,100
one_row,100,40250,35583,2625,121,42,Menlo,16,1,release,20,100
one_row,101,39834,35875,2209,121,42,Menlo,16,1,release,20,100
one_row,102,36791,35542,2584,121,42,Menlo,16,1,release,20,100
one_row,103,36834,35959,2208,121,42,Menlo,16,1,release,20,100
one_row,104,36917,35875,2541,121,42,Menlo,16,1,release,20,100
one_row,105,37000,35500,2208,121,42,Menlo,16,1,release,20,100
one_row,106,37166,35542,2542,121,42,Menlo,16,1,release,20,100
one_row,107,37084,35542,2208,121,42,Menlo,16,1,release,20,100
one_row,108,36917,35500,2583,121,42,Menlo,16,1,release,20,100
one_row,109,36958,35750,2208,121,42,Menlo,16,1,release,20,100
one_row,110,37125,35958,2541,121,42,Menlo,16,1,release,20,100
one_row,111,36958,35542,2167,121,42,Menlo,16,1,release,20,100
one_row,112,36958,35500,2583,121,42,Menlo,16,1,release,20,100
one_row,113,37167,35916,2208,121,42,Menlo,16,1,release,20,100
one_row,114,37042,36000,2583,121,42,Menlo,16,1,release,20,100
one_row,115,36959,35958,2208,121,42,Menlo,16,1,release,20,100
one_row,116,36833,35875,2625,121,42,Menlo,16,1,release,20,100
one_row,117,37083,35500,2208,121,42,Menlo,16,1,release,20,100
one_row,118,37042,36000,2583,121,42,Menlo,16,1,release,20,100
one_row,119,37208,35917,2209,121,42,Menlo,16,1,release,20,100
one_row,120,37083,35500,2542,121,42,Menlo,16,1,release,20,100
one_row,121,37334,35959,2167,121,42,Menlo,16,1,release,20,100
one_row,122,37125,35958,2583,121,42,Menlo,16,1,release,20,100
one_row,123,37042,35875,2292,121,42,Menlo,16,1,release,20,100
one_row,124,37042,35916,2584,121,42,Menlo,16,1,release,20,100
one_row,125,37083,35625,2167,121,42,Menlo,16,1,release,20,100
one_row,126,36958,35958,2583,121,42,Menlo,16,1,release,20,100
one_row,127,37042,35875,2208,121,42,Menlo,16,1,release,20,100
one_row,128,36834,35958,2583,121,42,Menlo,16,1,release,20,100
one_row,129,36875,35833,2250,121,42,Menlo,16,1,release,20,100
one_row,130,37042,35333,2584,121,42,Menlo,16,1,release,20,100
one_row,131,37167,35334,2250,121,42,Menlo,16,1,release,20,100
one_row,132,37417,35792,2584,121,42,Menlo,16,1,release,20,100
one_row,133,37083,35750,2208,121,42,Menlo,16,1,release,20,100
one_row,134,36959,36375,2542,121,42,Menlo,16,1,release,20,100
one_row,135,37167,36167,2167,121,42,Menlo,16,1,release,20,100
one_row,136,37250,35916,2584,121,42,Menlo,16,1,release,20,100
one_row,137,37125,35958,2166,121,42,Menlo,16,1,release,20,100
one_row,138,36916,35542,2583,121,42,Menlo,16,1,release,20,100
one_row,139,36875,35542,2166,121,42,Menlo,16,1,release,20,100
one_row,140,37375,35541,2500,121,42,Menlo,16,1,release,20,100
one_row,141,37167,35750,2292,121,42,Menlo,16,1,release,20,100
one_row,142,39833,35542,2541,121,42,Menlo,16,1,release,20,100
one_row,143,37083,35583,2167,121,42,Menlo,16,1,release,20,100
one_row,144,37042,72541,2625,121,42,Menlo,16,1,release,20,100
one_row,145,37334,37834,2208,121,42,Menlo,16,1,release,20,100
one_row,146,36834,40250,2458,121,42,Menlo,16,1,release,20,100
one_row,147,37000,37625,2125,121,42,Menlo,16,1,release,20,100
one_row,148,37084,40666,2667,121,42,Menlo,16,1,release,20,100
one_row,149,37042,40833,2167,121,42,Menlo,16,1,release,20,100
one_row,150,37166,37167,2583,121,42,Menlo,16,1,release,20,100
one_row,151,37084,37291,2334,121,42,Menlo,16,1,release,20,100
one_row,152,37083,37292,2500,121,42,Menlo,16,1,release,20,100
one_row,153,37083,37166,2125,121,42,Menlo,16,1,release,20,100
one_row,154,37000,37208,2667,121,42,Menlo,16,1,release,20,100
one_row,155,37042,37209,2125,121,42,Menlo,16,1,release,20,100
one_row,156,37083,37625,2542,121,42,Menlo,16,1,release,20,100
one_row,157,37250,37083,2167,121,42,Menlo,16,1,release,20,100
one_row,158,37042,37167,2541,121,42,Menlo,16,1,release,20,100
one_row,159,36875,37208,2333,121,42,Menlo,16,1,release,20,100
one_row,160,36916,37750,2500,121,42,Menlo,16,1,release,20,100
one_row,161,37083,37167,2333,121,42,Menlo,16,1,release,20,100
one_row,162,36958,37375,2542,121,42,Menlo,16,1,release,20,100
one_row,163,36875,39125,2208,121,42,Menlo,16,1,release,20,100
one_row,164,37125,38791,2542,121,42,Menlo,16,1,release,20,100
one_row,165,36958,40208,2250,121,42,Menlo,16,1,release,20,100
one_row,166,36750,40750,2542,121,42,Menlo,16,1,release,20,100
one_row,167,36916,37584,2209,121,42,Menlo,16,1,release,20,100
one_row,168,36917,37625,2583,121,42,Menlo,16,1,release,20,100
one_row,169,37000,37625,2250,121,42,Menlo,16,1,release,20,100
one_row,170,37000,37625,2542,121,42,Menlo,16,1,release,20,100
one_row,171,37166,37584,2208,121,42,Menlo,16,1,release,20,100
one_row,172,36958,37625,2542,121,42,Menlo,16,1,release,20,100
one_row,173,36916,37667,2250,121,42,Menlo,16,1,release,20,100
one_row,174,36875,37083,2625,121,42,Menlo,16,1,release,20,100
one_row,175,37000,37583,2208,121,42,Menlo,16,1,release,20,100
one_row,176,36959,37875,2541,121,42,Menlo,16,1,release,20,100
one_row,177,36917,37625,2209,121,42,Menlo,16,1,release,20,100
one_row,178,37458,38000,2541,121,42,Menlo,16,1,release,20,100
one_row,179,36917,38042,2250,121,42,Menlo,16,1,release,20,100
one_row,180,36916,38042,2583,121,42,Menlo,16,1,release,20,100
one_row,181,36792,37083,2125,121,42,Menlo,16,1,release,20,100
one_row,182,37083,37625,2625,121,42,Menlo,16,1,release,20,100
one_row,183,37125,37625,2167,121,42,Menlo,16,1,release,20,100
one_row,184,36959,37625,2583,121,42,Menlo,16,1,release,20,100
one_row,185,36917,37083,2250,121,42,Menlo,16,1,release,20,100
one_row,186,39917,37125,2584,121,42,Menlo,16,1,release,20,100
one_row,187,36875,37125,2250,121,42,Menlo,16,1,release,20,100
one_row,188,37291,37958,2583,121,42,Menlo,16,1,release,20,100
one_row,189,37000,37500,2208,121,42,Menlo,16,1,release,20,100
one_row,190,37042,37167,2583,121,42,Menlo,16,1,release,20,100
one_row,191,36917,37458,2250,121,42,Menlo,16,1,release,20,100
one_row,192,36959,37584,2584,121,42,Menlo,16,1,release,20,100
one_row,193,36959,37625,2209,121,42,Menlo,16,1,release,20,100
one_row,194,36959,37708,2583,121,42,Menlo,16,1,release,20,100
one_row,195,37167,37125,2250,121,42,Menlo,16,1,release,20,100
one_row,196,36959,37083,2541,121,42,Menlo,16,1,release,20,100
one_row,197,36834,37084,2208,121,42,Menlo,16,1,release,20,100
one_row,198,37208,37667,2583,121,42,Menlo,16,1,release,20,100
one_row,199,37292,37542,2166,121,42,Menlo,16,1,release,20,100
full_ascii,0,36875,35542,81792,121,42,Menlo,16,1,release,20,100
full_ascii,1,36833,35958,100458,121,42,Menlo,16,1,release,20,100
full_ascii,2,37583,37042,82959,121,42,Menlo,16,1,release,20,100
full_ascii,3,37083,37500,82750,121,42,Menlo,16,1,release,20,100
full_ascii,4,37125,37083,82750,121,42,Menlo,16,1,release,20,100
full_ascii,5,36917,37000,81917,121,42,Menlo,16,1,release,20,100
full_ascii,6,36875,37541,81792,121,42,Menlo,16,1,release,20,100
full_ascii,7,37500,37167,80500,121,42,Menlo,16,1,release,20,100
full_ascii,8,37000,36708,81292,121,42,Menlo,16,1,release,20,100
full_ascii,9,37125,37125,84167,121,42,Menlo,16,1,release,20,100
full_ascii,10,37125,38083,83042,121,42,Menlo,16,1,release,20,100
full_ascii,11,37000,37041,82250,121,42,Menlo,16,1,release,20,100
full_ascii,12,36917,37167,82541,121,42,Menlo,16,1,release,20,100
full_ascii,13,37000,37542,83875,121,42,Menlo,16,1,release,20,100
full_ascii,14,36875,37667,82958,121,42,Menlo,16,1,release,20,100
full_ascii,15,37042,36916,83459,121,42,Menlo,16,1,release,20,100
full_ascii,16,37083,37084,83000,121,42,Menlo,16,1,release,20,100
full_ascii,17,37083,37000,82542,121,42,Menlo,16,1,release,20,100
full_ascii,18,37166,37209,81375,121,42,Menlo,16,1,release,20,100
full_ascii,19,37458,37000,82875,121,42,Menlo,16,1,release,20,100
full_ascii,20,37042,37125,81625,121,42,Menlo,16,1,release,20,100
full_ascii,21,36792,37000,81292,121,42,Menlo,16,1,release,20,100
full_ascii,22,37584,37166,80667,121,42,Menlo,16,1,release,20,100
full_ascii,23,37041,36917,80625,121,42,Menlo,16,1,release,20,100
full_ascii,24,36875,36916,81000,121,42,Menlo,16,1,release,20,100
full_ascii,25,37417,36959,83541,121,42,Menlo,16,1,release,20,100
full_ascii,26,36791,37125,83084,121,42,Menlo,16,1,release,20,100
full_ascii,27,36958,36958,82750,121,42,Menlo,16,1,release,20,100
full_ascii,28,37166,36958,81292,121,42,Menlo,16,1,release,20,100
full_ascii,29,36959,36958,83083,121,42,Menlo,16,1,release,20,100
full_ascii,30,36875,37125,84667,121,42,Menlo,16,1,release,20,100
full_ascii,31,36958,37167,84000,121,42,Menlo,16,1,release,20,100
full_ascii,32,37000,37375,84375,121,42,Menlo,16,1,release,20,100
full_ascii,33,37375,37541,82500,121,42,Menlo,16,1,release,20,100
full_ascii,34,36875,37083,82209,121,42,Menlo,16,1,release,20,100
full_ascii,35,37042,36917,81875,121,42,Menlo,16,1,release,20,100
full_ascii,36,36875,36958,82625,121,42,Menlo,16,1,release,20,100
full_ascii,37,37000,37000,80709,121,42,Menlo,16,1,release,20,100
full_ascii,38,37208,37041,81042,121,42,Menlo,16,1,release,20,100
full_ascii,39,37125,36959,81333,121,42,Menlo,16,1,release,20,100
full_ascii,40,36917,37083,80916,121,42,Menlo,16,1,release,20,100
full_ascii,41,36917,37209,80791,121,42,Menlo,16,1,release,20,100
full_ascii,42,36834,36958,81750,121,42,Menlo,16,1,release,20,100
full_ascii,43,36833,36875,82375,121,42,Menlo,16,1,release,20,100
full_ascii,44,36959,36917,81750,121,42,Menlo,16,1,release,20,100
full_ascii,45,36834,37000,81333,121,42,Menlo,16,1,release,20,100
full_ascii,46,36958,36958,83291,121,42,Menlo,16,1,release,20,100
full_ascii,47,36958,36958,82167,121,42,Menlo,16,1,release,20,100
full_ascii,48,36959,37125,80584,121,42,Menlo,16,1,release,20,100
full_ascii,49,36959,36959,83792,121,42,Menlo,16,1,release,20,100
full_ascii,50,36916,36958,83209,121,42,Menlo,16,1,release,20,100
full_ascii,51,36959,36958,95041,121,42,Menlo,16,1,release,20,100
full_ascii,52,37291,37292,83625,121,42,Menlo,16,1,release,20,100
full_ascii,53,36959,37125,82000,121,42,Menlo,16,1,release,20,100
full_ascii,54,36958,37042,81250,121,42,Menlo,16,1,release,20,100
full_ascii,55,37417,36959,81791,121,42,Menlo,16,1,release,20,100
full_ascii,56,36833,55666,82292,121,42,Menlo,16,1,release,20,100
full_ascii,57,37250,36834,80333,121,42,Menlo,16,1,release,20,100
full_ascii,58,37000,36375,82458,121,42,Menlo,16,1,release,20,100
full_ascii,59,37000,37583,83542,121,42,Menlo,16,1,release,20,100
full_ascii,60,37167,36750,83917,121,42,Menlo,16,1,release,20,100
full_ascii,61,37084,36334,82500,121,42,Menlo,16,1,release,20,100
full_ascii,62,36917,36291,81333,121,42,Menlo,16,1,release,20,100
full_ascii,63,37084,37000,91959,121,42,Menlo,16,1,release,20,100
full_ascii,64,37167,36334,90209,121,42,Menlo,16,1,release,20,100
full_ascii,65,37000,37250,82166,121,42,Menlo,16,1,release,20,100
full_ascii,66,37042,36459,83625,121,42,Menlo,16,1,release,20,100
full_ascii,67,36875,36416,83083,121,42,Menlo,16,1,release,20,100
full_ascii,68,37208,36375,82375,121,42,Menlo,16,1,release,20,100
full_ascii,69,37416,36375,81917,121,42,Menlo,16,1,release,20,100
full_ascii,70,37084,36625,83417,121,42,Menlo,16,1,release,20,100
full_ascii,71,36791,36625,81875,121,42,Menlo,16,1,release,20,100
full_ascii,72,37542,36834,81750,121,42,Menlo,16,1,release,20,100
full_ascii,73,36875,36625,82375,121,42,Menlo,16,1,release,20,100
full_ascii,74,36834,36334,97333,121,42,Menlo,16,1,release,20,100
full_ascii,75,37042,37000,81834,121,42,Menlo,16,1,release,20,100
full_ascii,76,36875,36292,81833,121,42,Menlo,16,1,release,20,100
full_ascii,77,37125,36959,82209,121,42,Menlo,16,1,release,20,100
full_ascii,78,37542,36458,82208,121,42,Menlo,16,1,release,20,100
full_ascii,79,37125,36875,83209,121,42,Menlo,16,1,release,20,100
full_ascii,80,36917,36458,84417,121,42,Menlo,16,1,release,20,100
full_ascii,81,37208,36542,83416,121,42,Menlo,16,1,release,20,100
full_ascii,82,36959,36458,82833,121,42,Menlo,16,1,release,20,100
full_ascii,83,37042,37041,83959,121,42,Menlo,16,1,release,20,100
full_ascii,84,37000,36375,83875,121,42,Menlo,16,1,release,20,100
full_ascii,85,37000,36500,81792,121,42,Menlo,16,1,release,20,100
full_ascii,86,37000,36542,81958,121,42,Menlo,16,1,release,20,100
full_ascii,87,36958,36333,82167,121,42,Menlo,16,1,release,20,100
full_ascii,88,36958,36291,83334,121,42,Menlo,16,1,release,20,100
full_ascii,89,37000,36250,81833,121,42,Menlo,16,1,release,20,100
full_ascii,90,36917,36250,81791,121,42,Menlo,16,1,release,20,100
full_ascii,91,36917,36834,84250,121,42,Menlo,16,1,release,20,100
full_ascii,92,36958,36458,83583,121,42,Menlo,16,1,release,20,100
full_ascii,93,37125,36792,82875,121,42,Menlo,16,1,release,20,100
full_ascii,94,36834,36791,82083,121,42,Menlo,16,1,release,20,100
full_ascii,95,37125,36500,85625,121,42,Menlo,16,1,release,20,100
full_ascii,96,52917,36459,82417,121,42,Menlo,16,1,release,20,100
full_ascii,97,36959,36916,82625,121,42,Menlo,16,1,release,20,100
full_ascii,98,37083,36917,83209,121,42,Menlo,16,1,release,20,100
full_ascii,99,36875,36625,82208,121,42,Menlo,16,1,release,20,100
full_ascii,100,36916,36292,82667,121,42,Menlo,16,1,release,20,100
full_ascii,101,36917,36333,81875,121,42,Menlo,16,1,release,20,100
full_ascii,102,37083,36375,82500,121,42,Menlo,16,1,release,20,100
full_ascii,103,36959,36291,83042,121,42,Menlo,16,1,release,20,100
full_ascii,104,36834,36792,82958,121,42,Menlo,16,1,release,20,100
full_ascii,105,36916,36334,84375,121,42,Menlo,16,1,release,20,100
full_ascii,106,37208,36958,82958,121,42,Menlo,16,1,release,20,100
full_ascii,107,37375,35958,84042,121,42,Menlo,16,1,release,20,100
full_ascii,108,36917,36375,82042,121,42,Menlo,16,1,release,20,100
full_ascii,109,37333,36250,83292,121,42,Menlo,16,1,release,20,100
full_ascii,110,36958,36750,82500,121,42,Menlo,16,1,release,20,100
full_ascii,111,36834,36417,101916,121,42,Menlo,16,1,release,20,100
full_ascii,112,37167,38833,80875,121,42,Menlo,16,1,release,20,100
full_ascii,113,37292,37209,84333,121,42,Menlo,16,1,release,20,100
full_ascii,114,39875,37333,82958,121,42,Menlo,16,1,release,20,100
full_ascii,115,36875,37250,82125,121,42,Menlo,16,1,release,20,100
full_ascii,116,36958,37250,85959,121,42,Menlo,16,1,release,20,100
full_ascii,117,36959,37792,82167,121,42,Menlo,16,1,release,20,100
full_ascii,118,36959,37917,81000,121,42,Menlo,16,1,release,20,100
full_ascii,119,47167,37583,82958,121,42,Menlo,16,1,release,20,100
full_ascii,120,37292,46833,83042,121,42,Menlo,16,1,release,20,100
full_ascii,121,36959,37041,81625,121,42,Menlo,16,1,release,20,100
full_ascii,122,36917,37625,81000,121,42,Menlo,16,1,release,20,100
full_ascii,123,37375,37458,80750,121,42,Menlo,16,1,release,20,100
full_ascii,124,37042,36958,81208,121,42,Menlo,16,1,release,20,100
full_ascii,125,39792,36875,81084,121,42,Menlo,16,1,release,20,100
full_ascii,126,37041,37209,81250,121,42,Menlo,16,1,release,20,100
full_ascii,127,37000,37292,85875,121,42,Menlo,16,1,release,20,100
full_ascii,128,37167,36917,81416,121,42,Menlo,16,1,release,20,100
full_ascii,129,36917,36708,83083,121,42,Menlo,16,1,release,20,100
full_ascii,130,37333,36792,81541,121,42,Menlo,16,1,release,20,100
full_ascii,131,36792,36709,83084,121,42,Menlo,16,1,release,20,100
full_ascii,132,37541,36834,82875,121,42,Menlo,16,1,release,20,100
full_ascii,133,37208,37125,82584,121,42,Menlo,16,1,release,20,100
full_ascii,134,37417,37375,82500,121,42,Menlo,16,1,release,20,100
full_ascii,135,36917,37541,80750,121,42,Menlo,16,1,release,20,100
full_ascii,136,37166,37292,81125,121,42,Menlo,16,1,release,20,100
full_ascii,137,37000,37292,81667,121,42,Menlo,16,1,release,20,100
full_ascii,138,36750,37834,82583,121,42,Menlo,16,1,release,20,100
full_ascii,139,36875,37250,80500,121,42,Menlo,16,1,release,20,100
full_ascii,140,36750,37375,80584,121,42,Menlo,16,1,release,20,100
full_ascii,141,37208,37708,80625,121,42,Menlo,16,1,release,20,100
full_ascii,142,37333,37917,81625,121,42,Menlo,16,1,release,20,100
full_ascii,143,36958,37208,82834,121,42,Menlo,16,1,release,20,100
full_ascii,144,37125,37375,82334,121,42,Menlo,16,1,release,20,100
full_ascii,145,36833,37625,83542,121,42,Menlo,16,1,release,20,100
full_ascii,146,43208,36916,83084,121,42,Menlo,16,1,release,20,100
full_ascii,147,36959,40084,82375,121,42,Menlo,16,1,release,20,100
full_ascii,148,37000,37334,84042,121,42,Menlo,16,1,release,20,100
full_ascii,149,36959,40084,83459,121,42,Menlo,16,1,release,20,100
full_ascii,150,36875,37541,80792,121,42,Menlo,16,1,release,20,100
full_ascii,151,36750,37625,81667,121,42,Menlo,16,1,release,20,100
full_ascii,152,36917,37125,83958,121,42,Menlo,16,1,release,20,100
full_ascii,153,36833,37250,82708,121,42,Menlo,16,1,release,20,100
full_ascii,154,37125,37083,80875,121,42,Menlo,16,1,release,20,100
full_ascii,155,36834,37292,82375,121,42,Menlo,16,1,release,20,100
full_ascii,156,36958,37167,80750,121,42,Menlo,16,1,release,20,100
full_ascii,157,36916,37209,80125,121,42,Menlo,16,1,release,20,100
full_ascii,158,37041,37250,81084,121,42,Menlo,16,1,release,20,100
full_ascii,159,37042,37250,83083,121,42,Menlo,16,1,release,20,100
full_ascii,160,37083,37750,84000,121,42,Menlo,16,1,release,20,100
full_ascii,161,36875,37250,80750,121,42,Menlo,16,1,release,20,100
full_ascii,162,37000,37084,81708,121,42,Menlo,16,1,release,20,100
full_ascii,163,36959,37583,82000,121,42,Menlo,16,1,release,20,100
full_ascii,164,37167,37291,81375,121,42,Menlo,16,1,release,20,100
full_ascii,165,37083,37583,82292,121,42,Menlo,16,1,release,20,100
full_ascii,166,36958,37208,106667,121,42,Menlo,16,1,release,20,100
full_ascii,167,37208,36750,80708,121,42,Menlo,16,1,release,20,100
full_ascii,168,36917,35958,81583,121,42,Menlo,16,1,release,20,100
full_ascii,169,37167,36041,82750,121,42,Menlo,16,1,release,20,100
full_ascii,170,37250,36084,81250,121,42,Menlo,16,1,release,20,100
full_ascii,171,37083,35917,82333,121,42,Menlo,16,1,release,20,100
full_ascii,172,36958,36750,81542,121,42,Menlo,16,1,release,20,100
full_ascii,173,36833,35833,82000,121,42,Menlo,16,1,release,20,100
full_ascii,174,36917,36250,80709,121,42,Menlo,16,1,release,20,100
full_ascii,175,36917,36875,81291,121,42,Menlo,16,1,release,20,100
full_ascii,176,36917,36333,81250,121,42,Menlo,16,1,release,20,100
full_ascii,177,36959,36416,80875,121,42,Menlo,16,1,release,20,100
full_ascii,178,37709,36333,83375,121,42,Menlo,16,1,release,20,100
full_ascii,179,37000,36084,82875,121,42,Menlo,16,1,release,20,100
full_ascii,180,36875,36292,82875,121,42,Menlo,16,1,release,20,100
full_ascii,181,36833,36458,81125,121,42,Menlo,16,1,release,20,100
full_ascii,182,37000,36291,80625,121,42,Menlo,16,1,release,20,100
full_ascii,183,36875,36084,81334,121,42,Menlo,16,1,release,20,100
full_ascii,184,37041,36000,80917,121,42,Menlo,16,1,release,20,100
full_ascii,185,52584,36750,81000,121,42,Menlo,16,1,release,20,100
full_ascii,186,37375,36333,80958,121,42,Menlo,16,1,release,20,100
full_ascii,187,37000,36458,81417,121,42,Menlo,16,1,release,20,100
full_ascii,188,36833,36500,84333,121,42,Menlo,16,1,release,20,100
full_ascii,189,37125,36584,81417,121,42,Menlo,16,1,release,20,100
full_ascii,190,37208,36542,81583,121,42,Menlo,16,1,release,20,100
full_ascii,191,37292,36625,80917,121,42,Menlo,16,1,release,20,100
full_ascii,192,37125,36584,80792,121,42,Menlo,16,1,release,20,100
full_ascii,193,36916,36625,80333,121,42,Menlo,16,1,release,20,100
full_ascii,194,36833,36417,82000,121,42,Menlo,16,1,release,20,100
full_ascii,195,37375,36375,80791,121,42,Menlo,16,1,release,20,100
full_ascii,196,36917,36375,82084,121,42,Menlo,16,1,release,20,100
full_ascii,197,36959,36584,80584,121,42,Menlo,16,1,release,20,100
full_ascii,198,37166,36417,80459,121,42,Menlo,16,1,release,20,100
full_ascii,199,37125,36541,80542,121,42,Menlo,16,1,release,20,100
scroll,0,36917,36750,80125,121,42,Menlo,16,1,release,20,100
scroll,1,37333,40125,81084,121,42,Menlo,16,1,release,20,100
scroll,2,36958,40125,81042,121,42,Menlo,16,1,release,20,100
scroll,3,36917,40083,81083,121,42,Menlo,16,1,release,20,100
scroll,4,37084,40083,81250,121,42,Menlo,16,1,release,20,100
scroll,5,37208,40125,80958,121,42,Menlo,16,1,release,20,100
scroll,6,37042,39666,80917,121,42,Menlo,16,1,release,20,100
scroll,7,37167,40666,81500,121,42,Menlo,16,1,release,20,100
scroll,8,37375,40083,81375,121,42,Menlo,16,1,release,20,100
scroll,9,37208,43042,80583,121,42,Menlo,16,1,release,20,100
scroll,10,37083,40500,81333,121,42,Menlo,16,1,release,20,100
scroll,11,37167,40125,81750,121,42,Menlo,16,1,release,20,100
scroll,12,37291,40167,81500,121,42,Menlo,16,1,release,20,100
scroll,13,36958,40458,81792,121,42,Menlo,16,1,release,20,100
scroll,14,37042,40542,80583,121,42,Menlo,16,1,release,20,100
scroll,15,37125,40500,80750,121,42,Menlo,16,1,release,20,100
scroll,16,37209,40041,80917,121,42,Menlo,16,1,release,20,100
scroll,17,37083,48750,81667,121,42,Menlo,16,1,release,20,100
scroll,18,37250,39833,80583,121,42,Menlo,16,1,release,20,100
scroll,19,37166,40959,80959,121,42,Menlo,16,1,release,20,100
scroll,20,37125,39791,81084,121,42,Menlo,16,1,release,20,100
scroll,21,37084,40125,80708,121,42,Menlo,16,1,release,20,100
scroll,22,37208,40041,80500,121,42,Menlo,16,1,release,20,100
scroll,23,37375,37291,81042,121,42,Menlo,16,1,release,20,100
scroll,24,37000,37334,80792,121,42,Menlo,16,1,release,20,100
scroll,25,37000,37333,80917,121,42,Menlo,16,1,release,20,100
scroll,26,37084,37209,80625,121,42,Menlo,16,1,release,20,100
scroll,27,37125,37709,80875,121,42,Menlo,16,1,release,20,100
scroll,28,37416,37708,81667,121,42,Menlo,16,1,release,20,100
scroll,29,37000,37250,81250,121,42,Menlo,16,1,release,20,100
scroll,30,37166,37208,81250,121,42,Menlo,16,1,release,20,100
scroll,31,37750,37750,80875,121,42,Menlo,16,1,release,20,100
scroll,32,37042,37250,81708,121,42,Menlo,16,1,release,20,100
scroll,33,36958,37583,80834,121,42,Menlo,16,1,release,20,100
scroll,34,37250,37209,81125,121,42,Menlo,16,1,release,20,100
scroll,35,37167,37208,80875,121,42,Menlo,16,1,release,20,100
scroll,36,37209,37666,81042,121,42,Menlo,16,1,release,20,100
scroll,37,37250,37667,81083,121,42,Menlo,16,1,release,20,100
scroll,38,37167,37583,80708,121,42,Menlo,16,1,release,20,100
scroll,39,37250,37666,80500,121,42,Menlo,16,1,release,20,100
scroll,40,37083,37666,80500,121,42,Menlo,16,1,release,20,100
scroll,41,37208,37333,83250,121,42,Menlo,16,1,release,20,100
scroll,42,37209,37291,80583,121,42,Menlo,16,1,release,20,100
scroll,43,37208,36750,80375,121,42,Menlo,16,1,release,20,100
scroll,44,37041,37250,80625,121,42,Menlo,16,1,release,20,100
scroll,45,37083,37667,80916,121,42,Menlo,16,1,release,20,100
scroll,46,37167,37166,80708,121,42,Menlo,16,1,release,20,100
scroll,47,37208,37208,80459,121,42,Menlo,16,1,release,20,100
scroll,48,37000,38042,81042,121,42,Menlo,16,1,release,20,100
scroll,49,37209,37209,81041,121,42,Menlo,16,1,release,20,100
scroll,50,42500,40125,81250,121,42,Menlo,16,1,release,20,100
scroll,51,37333,40417,80709,121,42,Menlo,16,1,release,20,100
scroll,52,37167,40125,84166,121,42,Menlo,16,1,release,20,100
scroll,53,37291,40042,80500,121,42,Menlo,16,1,release,20,100
scroll,54,37166,40125,80833,121,42,Menlo,16,1,release,20,100
scroll,55,37083,37250,80959,121,42,Menlo,16,1,release,20,100
scroll,56,37167,37583,80584,121,42,Menlo,16,1,release,20,100
scroll,57,37375,37417,80625,121,42,Menlo,16,1,release,20,100
scroll,58,37083,36792,80750,121,42,Menlo,16,1,release,20,100
scroll,59,37167,37292,80791,121,42,Menlo,16,1,release,20,100
scroll,60,37041,37625,81167,121,42,Menlo,16,1,release,20,100
scroll,61,37250,37167,81083,121,42,Menlo,16,1,release,20,100
scroll,62,37083,37666,80792,121,42,Menlo,16,1,release,20,100
scroll,63,36917,37208,80458,121,42,Menlo,16,1,release,20,100
scroll,64,46833,40209,80708,121,42,Menlo,16,1,release,20,100
scroll,65,37459,40500,80375,121,42,Menlo,16,1,release,20,100
scroll,66,37125,40583,81875,121,42,Menlo,16,1,release,20,100
scroll,67,37250,40166,80209,121,42,Menlo,16,1,release,20,100
scroll,68,37291,40500,80584,121,42,Menlo,16,1,release,20,100
scroll,69,37042,37625,81000,121,42,Menlo,16,1,release,20,100
scroll,70,37041,37208,80792,121,42,Menlo,16,1,release,20,100
scroll,71,37042,37291,81375,121,42,Menlo,16,1,release,20,100
scroll,72,37000,37666,81625,121,42,Menlo,16,1,release,20,100
scroll,73,37000,37208,81083,121,42,Menlo,16,1,release,20,100
scroll,74,37333,37417,80750,121,42,Menlo,16,1,release,20,100
scroll,75,37125,37709,81084,121,42,Menlo,16,1,release,20,100
scroll,76,37167,36917,81500,121,42,Menlo,16,1,release,20,100
scroll,77,37250,37541,81417,121,42,Menlo,16,1,release,20,100
scroll,78,37333,37667,83959,121,42,Menlo,16,1,release,20,100
scroll,79,37125,37167,87667,121,42,Menlo,16,1,release,20,100
scroll,80,37250,40125,81458,121,42,Menlo,16,1,release,20,100
scroll,81,37125,40042,81000,121,42,Menlo,16,1,release,20,100
scroll,82,37000,40083,81292,121,42,Menlo,16,1,release,20,100
scroll,83,37250,40500,80750,121,42,Menlo,16,1,release,20,100
scroll,84,37459,40459,81375,121,42,Menlo,16,1,release,20,100
scroll,85,37166,40083,81042,121,42,Menlo,16,1,release,20,100
scroll,86,37250,40084,81333,121,42,Menlo,16,1,release,20,100
scroll,87,37083,39667,81125,121,42,Menlo,16,1,release,20,100
scroll,88,37167,40041,81167,121,42,Menlo,16,1,release,20,100
scroll,89,37250,40125,81042,121,42,Menlo,16,1,release,20,100
scroll,90,37209,40167,83500,121,42,Menlo,16,1,release,20,100
scroll,91,50209,40084,80667,121,42,Menlo,16,1,release,20,100
scroll,92,37791,49250,86416,121,42,Menlo,16,1,release,20,100
scroll,93,37375,40583,80500,121,42,Menlo,16,1,release,20,100
scroll,94,37209,37625,81000,121,42,Menlo,16,1,release,20,100
scroll,95,37334,37208,80458,121,42,Menlo,16,1,release,20,100
scroll,96,37041,37583,80333,121,42,Menlo,16,1,release,20,100
scroll,97,37125,37583,80500,121,42,Menlo,16,1,release,20,100
scroll,98,37292,37208,80000,121,42,Menlo,16,1,release,20,100
scroll,99,37125,40541,80417,121,42,Menlo,16,1,release,20,100
scroll,100,37083,37209,81000,121,42,Menlo,16,1,release,20,100
scroll,101,37083,37166,80917,121,42,Menlo,16,1,release,20,100
scroll,102,37041,37625,81084,121,42,Menlo,16,1,release,20,100
scroll,103,37375,37209,81166,121,42,Menlo,16,1,release,20,100
scroll,104,37417,37208,81667,121,42,Menlo,16,1,release,20,100
scroll,105,37042,37292,81583,121,42,Menlo,16,1,release,20,100
scroll,106,37042,37167,81208,121,42,Menlo,16,1,release,20,100
scroll,107,37209,37209,106875,121,42,Menlo,16,1,release,20,100
scroll,108,37333,36917,80375,121,42,Menlo,16,1,release,20,100
scroll,109,37000,37000,80625,121,42,Menlo,16,1,release,20,100
scroll,110,37125,52042,80917,121,42,Menlo,16,1,release,20,100
scroll,111,37125,39750,80666,121,42,Menlo,16,1,release,20,100
scroll,112,37042,40208,80375,121,42,Menlo,16,1,release,20,100
scroll,113,37208,40333,80542,121,42,Menlo,16,1,release,20,100
scroll,114,37000,40334,83709,121,42,Menlo,16,1,release,20,100
scroll,115,36958,40292,82666,121,42,Menlo,16,1,release,20,100
scroll,116,36917,39291,80917,121,42,Menlo,16,1,release,20,100
scroll,117,37125,39208,79791,121,42,Menlo,16,1,release,20,100
scroll,118,37083,39792,80333,121,42,Menlo,16,1,release,20,100
scroll,119,37125,39333,80584,121,42,Menlo,16,1,release,20,100
scroll,120,37250,39750,81042,121,42,Menlo,16,1,release,20,100
scroll,121,37334,39250,80750,121,42,Menlo,16,1,release,20,100
scroll,122,37292,39333,80750,121,42,Menlo,16,1,release,20,100
scroll,123,37083,39667,81250,121,42,Menlo,16,1,release,20,100
scroll,124,37708,36791,81125,121,42,Menlo,16,1,release,20,100
scroll,125,37042,36416,80375,121,42,Menlo,16,1,release,20,100
scroll,126,37167,36791,80667,121,42,Menlo,16,1,release,20,100
scroll,127,37208,36750,84000,121,42,Menlo,16,1,release,20,100
scroll,128,37083,36750,81666,121,42,Menlo,16,1,release,20,100
scroll,129,37292,36375,80958,121,42,Menlo,16,1,release,20,100
scroll,130,37208,36834,80666,121,42,Menlo,16,1,release,20,100
scroll,131,37125,36792,81000,121,42,Menlo,16,1,release,20,100
scroll,132,37208,36375,80833,121,42,Menlo,16,1,release,20,100
scroll,133,37083,36417,80500,121,42,Menlo,16,1,release,20,100
scroll,134,36917,36375,80125,121,42,Menlo,16,1,release,20,100
scroll,135,36958,36958,80375,121,42,Menlo,16,1,release,20,100
scroll,136,37083,36375,80791,121,42,Menlo,16,1,release,20,100
scroll,137,37125,36375,82875,121,42,Menlo,16,1,release,20,100
scroll,138,37125,36750,80667,121,42,Menlo,16,1,release,20,100
scroll,139,37209,36416,80833,121,42,Menlo,16,1,release,20,100
scroll,140,37000,36375,81166,121,42,Menlo,16,1,release,20,100
scroll,141,37000,36375,80917,121,42,Menlo,16,1,release,20,100
scroll,142,36958,36875,81042,121,42,Menlo,16,1,release,20,100
scroll,143,37000,36709,85209,121,42,Menlo,16,1,release,20,100
scroll,144,37125,36791,80375,121,42,Menlo,16,1,release,20,100
scroll,145,37208,36375,81125,121,42,Menlo,16,1,release,20,100
scroll,146,37583,36792,80500,121,42,Menlo,16,1,release,20,100
scroll,147,37167,36833,80666,121,42,Menlo,16,1,release,20,100
scroll,148,37125,36750,80708,121,42,Menlo,16,1,release,20,100
scroll,149,37000,36417,80875,121,42,Menlo,16,1,release,20,100
scroll,150,37208,36459,80208,121,42,Menlo,16,1,release,20,100
scroll,151,37292,36750,80625,121,42,Menlo,16,1,release,20,100
scroll,152,37042,36750,80959,121,42,Menlo,16,1,release,20,100
scroll,153,37125,36417,80666,121,42,Menlo,16,1,release,20,100
scroll,154,37166,36333,80500,121,42,Menlo,16,1,release,20,100
scroll,155,39917,36375,80500,121,42,Menlo,16,1,release,20,100
scroll,156,37042,36709,80542,121,42,Menlo,16,1,release,20,100
scroll,157,37167,37708,80709,121,42,Menlo,16,1,release,20,100
scroll,158,39916,36792,80791,121,42,Menlo,16,1,release,20,100
scroll,159,37042,36750,80375,121,42,Menlo,16,1,release,20,100
scroll,160,37375,36750,80459,121,42,Menlo,16,1,release,20,100
scroll,161,37125,36375,81083,121,42,Menlo,16,1,release,20,100
scroll,162,37083,36584,83500,121,42,Menlo,16,1,release,20,100
scroll,163,37375,36334,80625,121,42,Menlo,16,1,release,20,100
scroll,164,37333,36375,80583,121,42,Menlo,16,1,release,20,100
scroll,165,37250,56500,82958,121,42,Menlo,16,1,release,20,100
scroll,166,38041,36125,80667,121,42,Menlo,16,1,release,20,100
scroll,167,36958,36042,80041,121,42,Menlo,16,1,release,20,100
scroll,168,37209,36291,80542,121,42,Menlo,16,1,release,20,100
scroll,169,37459,35542,80292,121,42,Menlo,16,1,release,20,100
scroll,170,37084,35958,81083,121,42,Menlo,16,1,release,20,100
scroll,171,40667,35500,80500,121,42,Menlo,16,1,release,20,100
scroll,172,37250,35583,80084,121,42,Menlo,16,1,release,20,100
scroll,173,37125,35916,82917,121,42,Menlo,16,1,release,20,100
scroll,174,37375,35542,80625,121,42,Menlo,16,1,release,20,100
scroll,175,37125,35542,79959,121,42,Menlo,16,1,release,20,100
scroll,176,37250,36000,80583,121,42,Menlo,16,1,release,20,100
scroll,177,37083,35542,79958,121,42,Menlo,16,1,release,20,100
scroll,178,37500,36209,79916,121,42,Menlo,16,1,release,20,100
scroll,179,37417,35500,80458,121,42,Menlo,16,1,release,20,100
scroll,180,37125,35959,82208,121,42,Menlo,16,1,release,20,100
scroll,181,37000,35584,81375,121,42,Menlo,16,1,release,20,100
scroll,182,37584,38791,80667,121,42,Menlo,16,1,release,20,100
scroll,183,37125,38834,80333,121,42,Menlo,16,1,release,20,100
scroll,184,37125,38833,80792,121,42,Menlo,16,1,release,20,100
scroll,185,37375,38416,80375,121,42,Menlo,16,1,release,20,100
scroll,186,37167,38875,79875,121,42,Menlo,16,1,release,20,100
scroll,187,37250,38792,80041,121,42,Menlo,16,1,release,20,100
scroll,188,37042,38834,79833,121,42,Menlo,16,1,release,20,100
scroll,189,37000,39000,80375,121,42,Menlo,16,1,release,20,100
scroll,190,37125,38375,82041,121,42,Menlo,16,1,release,20,100
scroll,191,37041,38458,80375,121,42,Menlo,16,1,release,20,100
scroll,192,37083,38459,82583,121,42,Menlo,16,1,release,20,100
scroll,193,37500,38833,83375,121,42,Menlo,16,1,release,20,100
scroll,194,37292,38791,82125,121,42,Menlo,16,1,release,20,100
scroll,195,37417,38375,81667,121,42,Menlo,16,1,release,20,100
scroll,196,37084,38458,81166,121,42,Menlo,16,1,release,20,100
scroll,197,37041,38792,80084,121,42,Menlo,16,1,release,20,100
scroll,198,37125,38791,81708,121,42,Menlo,16,1,release,20,100
scroll,199,37166,38459,83458,121,42,Menlo,16,1,release,20,100
arabic_wrapped_cell,0,53166,8781875,129708,121,42,Menlo,16,1,release,20,100
arabic_wrapped_cell,1,53208,8823459,105875,121,42,Menlo,16,1,release,20,100
arabic_wrapped_cell,2,54209,8780417,112625,121,42,Menlo,16,1,release,20,100
arabic_wrapped_cell,3,53958,8941292,110459,121,42,Menlo,16,1,release,20,100
arabic_wrapped_cell,4,56125,8817666,114042,121,42,Menlo,16,1,release,20,100
arabic_wrapped_cell,5,54042,8775750,111833,121,42,Menlo,16,1,release,20,100
arabic_wrapped_cell,6,53417,8806875,125583,121,42,Menlo,16,1,release,20,100
arabic_wrapped_cell,7,53250,8825583,115083,121,42,Menlo,16,1,release,20,100
arabic_wrapped_cell,8,52250,8825000,112875,121,42,Menlo,16,1,release,20,100
arabic_wrapped_cell,9,53417,8864875,111416,121,42,Menlo,16,1,release,20,100
arabic_wrapped_cell,10,54334,8847541,107209,121,42,Menlo,16,1,release,20,100
arabic_wrapped_cell,11,51916,8739542,114000,121,42,Menlo,16,1,release,20,100
arabic_wrapped_cell,12,53417,8767000,112000,121,42,Menlo,16,1,release,20,100
arabic_wrapped_cell,13,52042,8834416,109125,121,42,Menlo,16,1,release,20,100
arabic_wrapped_cell,14,55083,8825417,114375,121,42,Menlo,16,1,release,20,100
arabic_wrapped_cell,15,53916,8843875,111375,121,42,Menlo,16,1,release,20,100
arabic_wrapped_cell,16,59959,8819458,109791,121,42,Menlo,16,1,release,20,100
arabic_wrapped_cell,17,54041,8813125,108042,121,42,Menlo,16,1,release,20,100
arabic_wrapped_cell,18,51750,8813542,106750,121,42,Menlo,16,1,release,20,100
arabic_wrapped_cell,19,55917,8817709,108208,121,42,Menlo,16,1,release,20,100
arabic_wrapped_cell,20,53875,8722000,112125,121,42,Menlo,16,1,release,20,100
arabic_wrapped_cell,21,75416,8839292,113917,121,42,Menlo,16,1,release,20,100
arabic_wrapped_cell,22,51542,8781584,109875,121,42,Menlo,16,1,release,20,100
arabic_wrapped_cell,23,53834,8895583,106250,121,42,Menlo,16,1,release,20,100
arabic_wrapped_cell,24,56000,8782583,111583,121,42,Menlo,16,1,release,20,100
arabic_wrapped_cell,25,52916,8804459,107834,121,42,Menlo,16,1,release,20,100
arabic_wrapped_cell,26,52666,8846250,109709,121,42,Menlo,16,1,release,20,100
arabic_wrapped_cell,27,53375,8795125,110333,121,42,Menlo,16,1,release,20,100
arabic_wrapped_cell,28,53000,8801916,109667,121,42,Menlo,16,1,release,20,100
arabic_wrapped_cell,29,52917,8859334,111000,121,42,Menlo,16,1,release,20,100
arabic_wrapped_cell,30,52500,8841333,111083,121,42,Menlo,16,1,release,20,100
arabic_wrapped_cell,31,71000,8700917,112125,121,42,Menlo,16,1,release,20,100
arabic_wrapped_cell,32,52125,8833958,110292,121,42,Menlo,16,1,release,20,100
arabic_wrapped_cell,33,52333,8824125,107666,121,42,Menlo,16,1,release,20,100
arabic_wrapped_cell,34,53792,8791291,106792,121,42,Menlo,16,1,release,20,100
arabic_wrapped_cell,35,51417,8780000,107417,121,42,Menlo,16,1,release,20,100
arabic_wrapped_cell,36,52834,8827792,107250,121,42,Menlo,16,1,release,20,100
arabic_wrapped_cell,37,53000,8795458,109042,121,42,Menlo,16,1,release,20,100
arabic_wrapped_cell,38,51833,8736375,111625,121,42,Menlo,16,1,release,20,100
arabic_wrapped_cell,39,51417,8752917,109750,121,42,Menlo,16,1,release,20,100
arabic_wrapped_cell,40,51833,8749042,111917,121,42,Menlo,16,1,release,20,100
arabic_wrapped_cell,41,51917,8778833,111250,121,42,Menlo,16,1,release,20,100
arabic_wrapped_cell,42,52167,8846750,109083,121,42,Menlo,16,1,release,20,100
arabic_wrapped_cell,43,52458,8816500,108459,121,42,Menlo,16,1,release,20,100
arabic_wrapped_cell,44,52375,8772791,112542,121,42,Menlo,16,1,release,20,100
arabic_wrapped_cell,45,51875,8781167,111833,121,42,Menlo,16,1,release,20,100
arabic_wrapped_cell,46,51666,8762084,111166,121,42,Menlo,16,1,release,20,100
arabic_wrapped_cell,47,52334,8775208,111500,121,42,Menlo,16,1,release,20,100
arabic_wrapped_cell,48,51500,8862625,108084,121,42,Menlo,16,1,release,20,100
arabic_wrapped_cell,49,53375,8793000,112459,121,42,Menlo,16,1,release,20,100
arabic_wrapped_cell,50,52458,8805708,111250,121,42,Menlo,16,1,release,20,100
arabic_wrapped_cell,51,53000,8824750,109541,121,42,Menlo,16,1,release,20,100
arabic_wrapped_cell,52,53042,8853125,111917,121,42,Menlo,16,1,release,20,100
arabic_wrapped_cell,53,52084,8766584,122041,121,42,Menlo,16,1,release,20,100
arabic_wrapped_cell,54,53583,8802792,111209,121,42,Menlo,16,1,release,20,100
arabic_wrapped_cell,55,51458,8803625,107792,121,42,Menlo,16,1,release,20,100
arabic_wrapped_cell,56,52417,8844458,107625,121,42,Menlo,16,1,release,20,100
arabic_wrapped_cell,57,52542,8829792,111000,121,42,Menlo,16,1,release,20,100
arabic_wrapped_cell,58,51167,8805666,112833,121,42,Menlo,16,1,release,20,100
arabic_wrapped_cell,59,52917,8850208,109333,121,42,Menlo,16,1,release,20,100
arabic_wrapped_cell,60,52458,8748541,110875,121,42,Menlo,16,1,release,20,100
arabic_wrapped_cell,61,52584,8814834,106750,121,42,Menlo,16,1,release,20,100
arabic_wrapped_cell,62,52375,8848292,108958,121,42,Menlo,16,1,release,20,100
arabic_wrapped_cell,63,53125,10293458,119000,121,42,Menlo,16,1,release,20,100
arabic_wrapped_cell,64,69334,9722209,124875,121,42,Menlo,16,1,release,20,100
arabic_wrapped_cell,65,63958,12637542,190625,121,42,Menlo,16,1,release,20,100
arabic_wrapped_cell,66,140166,14696958,176916,121,42,Menlo,16,1,release,20,100
arabic_wrapped_cell,67,131708,12941333,187458,121,42,Menlo,16,1,release,20,100
arabic_wrapped_cell,68,100708,10106167,124458,121,42,Menlo,16,1,release,20,100
arabic_wrapped_cell,69,64625,8815042,113208,121,42,Menlo,16,1,release,20,100
arabic_wrapped_cell,70,60125,8943375,109958,121,42,Menlo,16,1,release,20,100
arabic_wrapped_cell,71,67959,9070334,112042,121,42,Menlo,16,1,release,20,100
arabic_wrapped_cell,72,71833,9101750,113541,121,42,Menlo,16,1,release,20,100
arabic_wrapped_cell,73,57542,9078958,111334,121,42,Menlo,16,1,release,20,100
arabic_wrapped_cell,74,57500,8934500,112167,121,42,Menlo,16,1,release,20,100
arabic_wrapped_cell,75,56000,8691917,112208,121,42,Menlo,16,1,release,20,100
arabic_wrapped_cell,76,55042,8701458,110667,121,42,Menlo,16,1,release,20,100
arabic_wrapped_cell,77,54333,9019875,110250,121,42,Menlo,16,1,release,20,100
arabic_wrapped_cell,78,57792,8921667,109750,121,42,Menlo,16,1,release,20,100
arabic_wrapped_cell,79,57625,8889417,107917,121,42,Menlo,16,1,release,20,100
arabic_wrapped_cell,80,54750,8996583,114083,121,42,Menlo,16,1,release,20,100
arabic_wrapped_cell,81,55209,8765208,111000,121,42,Menlo,16,1,release,20,100
arabic_wrapped_cell,82,53625,8676500,110916,121,42,Menlo,16,1,release,20,100
arabic_wrapped_cell,83,53959,8764000,111834,121,42,Menlo,16,1,release,20,100
arabic_wrapped_cell,84,55125,8929167,111000,121,42,Menlo,16,1,release,20,100
arabic_wrapped_cell,85,54875,8896916,111959,121,42,Menlo,16,1,release,20,100
arabic_wrapped_cell,86,53375,8857041,111834,121,42,Menlo,16,1,release,20,100
arabic_wrapped_cell,87,53625,8985125,112500,121,42,Menlo,16,1,release,20,100
arabic_wrapped_cell,88,52667,8650166,108375,121,42,Menlo,16,1,release,20,100
arabic_wrapped_cell,89,53417,8573334,114583,121,42,Menlo,16,1,release,20,100
arabic_wrapped_cell,90,55458,8881417,114875,121,42,Menlo,16,1,release,20,100
arabic_wrapped_cell,91,58917,8998834,114209,121,42,Menlo,16,1,release,20,100
arabic_wrapped_cell,92,56917,9033250,114500,121,42,Menlo,16,1,release,20,100
arabic_wrapped_cell,93,55833,8946667,111666,121,42,Menlo,16,1,release,20,100
arabic_wrapped_cell,94,54750,8990750,113709,121,42,Menlo,16,1,release,20,100
arabic_wrapped_cell,95,55458,8889125,109834,121,42,Menlo,16,1,release,20,100
arabic_wrapped_cell,96,54167,8646167,110166,121,42,Menlo,16,1,release,20,100
arabic_wrapped_cell,97,53666,8882333,113583,121,42,Menlo,16,1,release,20,100
arabic_wrapped_cell,98,54791,8887667,110709,121,42,Menlo,16,1,release,20,100
arabic_wrapped_cell,99,53417,8855667,111459,121,42,Menlo,16,1,release,20,100
arabic_wrapped_cell,100,53792,8978084,119042,121,42,Menlo,16,1,release,20,100
arabic_wrapped_cell,101,52708,8650667,110875,121,42,Menlo,16,1,release,20,100
arabic_wrapped_cell,102,53000,8583250,108375,121,42,Menlo,16,1,release,20,100
arabic_wrapped_cell,103,53167,8747792,111959,121,42,Menlo,16,1,release,20,100
arabic_wrapped_cell,104,52708,8886542,110709,121,42,Menlo,16,1,release,20,100
arabic_wrapped_cell,105,53250,8891292,112292,121,42,Menlo,16,1,release,20,100
arabic_wrapped_cell,106,52583,8906542,112333,121,42,Menlo,16,1,release,20,100
arabic_wrapped_cell,107,53208,8940416,111625,121,42,Menlo,16,1,release,20,100
arabic_wrapped_cell,108,52083,8602000,111208,121,42,Menlo,16,1,release,20,100
arabic_wrapped_cell,109,51959,8562625,109208,121,42,Menlo,16,1,release,20,100
arabic_wrapped_cell,110,52084,8916916,112667,121,42,Menlo,16,1,release,20,100
arabic_wrapped_cell,111,52625,8917125,111500,121,42,Menlo,16,1,release,20,100
arabic_wrapped_cell,112,53542,8879000,112250,121,42,Menlo,16,1,release,20,100
arabic_wrapped_cell,113,52750,8938583,109417,121,42,Menlo,16,1,release,20,100
arabic_wrapped_cell,114,54334,8902667,111917,121,42,Menlo,16,1,release,20,100
arabic_wrapped_cell,115,56459,8629417,110833,121,42,Menlo,16,1,release,20,100
arabic_wrapped_cell,116,53625,8643125,120375,121,42,Menlo,16,1,release,20,100
arabic_wrapped_cell,117,54042,9046709,130208,121,42,Menlo,16,1,release,20,100
arabic_wrapped_cell,118,56750,9097666,111208,121,42,Menlo,16,1,release,20,100
arabic_wrapped_cell,119,61791,8953709,110958,121,42,Menlo,16,1,release,20,100
arabic_wrapped_cell,120,54584,9032208,108041,121,42,Menlo,16,1,release,20,100
arabic_wrapped_cell,121,54125,8715041,112708,121,42,Menlo,16,1,release,20,100
arabic_wrapped_cell,122,72292,8593667,115041,121,42,Menlo,16,1,release,20,100
arabic_wrapped_cell,123,52375,8757458,111208,121,42,Menlo,16,1,release,20,100
arabic_wrapped_cell,124,54250,8864333,121959,121,42,Menlo,16,1,release,20,100
arabic_wrapped_cell,125,54750,8909500,110084,121,42,Menlo,16,1,release,20,100
arabic_wrapped_cell,126,51834,8990416,109708,121,42,Menlo,16,1,release,20,100
arabic_wrapped_cell,127,52583,8973750,111667,121,42,Menlo,16,1,release,20,100
arabic_wrapped_cell,128,54791,8613417,112083,121,42,Menlo,16,1,release,20,100
arabic_wrapped_cell,129,52875,8537292,108208,121,42,Menlo,16,1,release,20,100
arabic_wrapped_cell,130,52792,8868833,112708,121,42,Menlo,16,1,release,20,100
arabic_wrapped_cell,131,52375,8869375,108042,121,42,Menlo,16,1,release,20,100
arabic_wrapped_cell,132,53291,8875750,112917,121,42,Menlo,16,1,release,20,100
arabic_wrapped_cell,133,52541,8972958,114125,121,42,Menlo,16,1,release,20,100
arabic_wrapped_cell,134,56250,8804375,110708,121,42,Menlo,16,1,release,20,100
arabic_wrapped_cell,135,52292,8634875,112250,121,42,Menlo,16,1,release,20,100
arabic_wrapped_cell,136,51750,8605583,109709,121,42,Menlo,16,1,release,20,100
arabic_wrapped_cell,137,52417,8859167,110375,121,42,Menlo,16,1,release,20,100
arabic_wrapped_cell,138,53334,8947125,111583,121,42,Menlo,16,1,release,20,100
arabic_wrapped_cell,139,51875,8885750,111334,121,42,Menlo,16,1,release,20,100
arabic_wrapped_cell,140,52375,9088208,117792,121,42,Menlo,16,1,release,20,100
arabic_wrapped_cell,141,60084,8681792,110000,121,42,Menlo,16,1,release,20,100
arabic_wrapped_cell,142,52791,8610000,112708,121,42,Menlo,16,1,release,20,100
arabic_wrapped_cell,143,52000,8748500,111958,121,42,Menlo,16,1,release,20,100
arabic_wrapped_cell,144,52208,8880666,111959,121,42,Menlo,16,1,release,20,100
arabic_wrapped_cell,145,53416,8905000,111875,121,42,Menlo,16,1,release,20,100
arabic_wrapped_cell,146,52250,8956208,125833,121,42,Menlo,16,1,release,20,100
arabic_wrapped_cell,147,58209,9008667,115708,121,42,Menlo,16,1,release,20,100
arabic_wrapped_cell,148,51875,8622750,112541,121,42,Menlo,16,1,release,20,100
arabic_wrapped_cell,149,52834,8547125,114083,121,42,Menlo,16,1,release,20,100
arabic_wrapped_cell,150,51791,8856500,112542,121,42,Menlo,16,1,release,20,100
arabic_wrapped_cell,151,52417,8879208,120791,121,42,Menlo,16,1,release,20,100
arabic_wrapped_cell,152,63417,8944334,109667,121,42,Menlo,16,1,release,20,100
arabic_wrapped_cell,153,52583,9001791,109459,121,42,Menlo,16,1,release,20,100
arabic_wrapped_cell,154,52500,8806917,112167,121,42,Menlo,16,1,release,20,100
arabic_wrapped_cell,155,52584,8579417,109375,121,42,Menlo,16,1,release,20,100
arabic_wrapped_cell,156,52375,8622916,113333,121,42,Menlo,16,1,release,20,100
arabic_wrapped_cell,157,54458,9430458,118750,121,42,Menlo,16,1,release,20,100
arabic_wrapped_cell,158,61583,9850083,129375,121,42,Menlo,16,1,release,20,100
arabic_wrapped_cell,159,62375,9166958,114375,121,42,Menlo,16,1,release,20,100
arabic_wrapped_cell,160,57459,8850625,115375,121,42,Menlo,16,1,release,20,100
arabic_wrapped_cell,161,56916,9149375,115167,121,42,Menlo,16,1,release,20,100
arabic_wrapped_cell,162,57958,9131709,126334,121,42,Menlo,16,1,release,20,100
arabic_wrapped_cell,163,68667,9009167,111416,121,42,Menlo,16,1,release,20,100
arabic_wrapped_cell,164,57666,9052959,111375,121,42,Menlo,16,1,release,20,100
arabic_wrapped_cell,165,57000,9110833,112000,121,42,Menlo,16,1,release,20,100
arabic_wrapped_cell,166,56750,8972208,117000,121,42,Menlo,16,1,release,20,100
arabic_wrapped_cell,167,59334,8872625,109417,121,42,Menlo,16,1,release,20,100
arabic_wrapped_cell,168,55666,9067000,111917,121,42,Menlo,16,1,release,20,100
arabic_wrapped_cell,169,54250,9191584,112541,121,42,Menlo,16,1,release,20,100
arabic_wrapped_cell,170,55833,8623375,108125,121,42,Menlo,16,1,release,20,100
arabic_wrapped_cell,171,54708,8988667,122584,121,42,Menlo,16,1,release,20,100
arabic_wrapped_cell,172,55084,8646792,110166,121,42,Menlo,16,1,release,20,100
arabic_wrapped_cell,173,59083,8839959,107375,121,42,Menlo,16,1,release,20,100
arabic_wrapped_cell,174,54833,8893042,111417,121,42,Menlo,16,1,release,20,100
arabic_wrapped_cell,175,54000,9036250,112917,121,42,Menlo,16,1,release,20,100
arabic_wrapped_cell,176,53042,8802166,111167,121,42,Menlo,16,1,release,20,100
arabic_wrapped_cell,177,52041,8686792,108708,121,42,Menlo,16,1,release,20,100
arabic_wrapped_cell,178,53041,8929375,108917,121,42,Menlo,16,1,release,20,100
arabic_wrapped_cell,179,52834,8603250,111416,121,42,Menlo,16,1,release,20,100
arabic_wrapped_cell,180,54333,8752292,107791,121,42,Menlo,16,1,release,20,100
arabic_wrapped_cell,181,54791,9040625,113167,121,42,Menlo,16,1,release,20,100
arabic_wrapped_cell,182,60917,8981875,121542,121,42,Menlo,16,1,release,20,100
arabic_wrapped_cell,183,53042,8729708,111292,121,42,Menlo,16,1,release,20,100
arabic_wrapped_cell,184,52709,8859625,110083,121,42,Menlo,16,1,release,20,100
arabic_wrapped_cell,185,53834,8772625,112917,121,42,Menlo,16,1,release,20,100
arabic_wrapped_cell,186,51958,8710167,111625,121,42,Menlo,16,1,release,20,100
arabic_wrapped_cell,187,53292,8849875,119708,121,42,Menlo,16,1,release,20,100
arabic_wrapped_cell,188,52792,9020625,109208,121,42,Menlo,16,1,release,20,100
arabic_wrapped_cell,189,52125,8865667,123125,121,42,Menlo,16,1,release,20,100
arabic_wrapped_cell,190,53333,8622458,124625,121,42,Menlo,16,1,release,20,100
arabic_wrapped_cell,191,52083,8936208,112667,121,42,Menlo,16,1,release,20,100
arabic_wrapped_cell,192,52625,8676584,109959,121,42,Menlo,16,1,release,20,100
arabic_wrapped_cell,193,52458,8784125,111667,121,42,Menlo,16,1,release,20,100
arabic_wrapped_cell,194,53875,8881791,111125,121,42,Menlo,16,1,release,20,100
arabic_wrapped_cell,195,52250,8958041,111542,121,42,Menlo,16,1,release,20,100
arabic_wrapped_cell,196,51917,8761375,112791,121,42,Menlo,16,1,release,20,100
arabic_wrapped_cell,197,52542,8703750,111584,121,42,Menlo,16,1,release,20,100
arabic_wrapped_cell,198,52167,8895125,110625,121,42,Menlo,16,1,release,20,100
arabic_wrapped_cell,199,52416,8661292,109583,121,42,Menlo,16,1,release,20,100
chinese_wrapped_cell,0,45333,40125,44333,121,42,Menlo,16,1,release,20,100
chinese_wrapped_cell,1,45792,39834,45292,121,42,Menlo,16,1,release,20,100
chinese_wrapped_cell,2,45917,43125,45250,121,42,Menlo,16,1,release,20,100
chinese_wrapped_cell,3,45333,42708,44583,121,42,Menlo,16,1,release,20,100
chinese_wrapped_cell,4,45083,43083,44958,121,42,Menlo,16,1,release,20,100
chinese_wrapped_cell,5,45084,39834,44917,121,42,Menlo,16,1,release,20,100
chinese_wrapped_cell,6,46042,40000,45208,121,42,Menlo,16,1,release,20,100
chinese_wrapped_cell,7,45458,40291,45125,121,42,Menlo,16,1,release,20,100
chinese_wrapped_cell,8,45541,42792,45167,121,42,Menlo,16,1,release,20,100
chinese_wrapped_cell,9,45833,43167,44750,121,42,Menlo,16,1,release,20,100
chinese_wrapped_cell,10,45417,43125,44667,121,42,Menlo,16,1,release,20,100
chinese_wrapped_cell,11,45167,43166,45042,121,42,Menlo,16,1,release,20,100
chinese_wrapped_cell,12,45167,42792,45333,121,42,Menlo,16,1,release,20,100
chinese_wrapped_cell,13,45667,42750,44750,121,42,Menlo,16,1,release,20,100
chinese_wrapped_cell,14,45666,43209,44958,121,42,Menlo,16,1,release,20,100
chinese_wrapped_cell,15,45375,43167,46375,121,42,Menlo,16,1,release,20,100
chinese_wrapped_cell,16,45583,43167,43917,121,42,Menlo,16,1,release,20,100
chinese_wrapped_cell,17,45500,42625,44625,121,42,Menlo,16,1,release,20,100
chinese_wrapped_cell,18,45250,43083,44541,121,42,Menlo,16,1,release,20,100
chinese_wrapped_cell,19,45334,40333,44583,121,42,Menlo,16,1,release,20,100
chinese_wrapped_cell,20,45833,42750,44417,121,42,Menlo,16,1,release,20,100
chinese_wrapped_cell,21,45333,43084,44416,121,42,Menlo,16,1,release,20,100
chinese_wrapped_cell,22,45625,39834,44500,121,42,Menlo,16,1,release,20,100
chinese_wrapped_cell,23,45833,43083,44500,121,42,Menlo,16,1,release,20,100
chinese_wrapped_cell,24,45250,43083,44167,121,42,Menlo,16,1,release,20,100
chinese_wrapped_cell,25,45209,43125,44166,121,42,Menlo,16,1,release,20,100
chinese_wrapped_cell,26,45000,43084,44458,121,42,Menlo,16,1,release,20,100
chinese_wrapped_cell,27,45417,42666,44542,121,42,Menlo,16,1,release,20,100
chinese_wrapped_cell,28,46042,43125,44833,121,42,Menlo,16,1,release,20,100
chinese_wrapped_cell,29,45125,43083,44833,121,42,Menlo,16,1,release,20,100
chinese_wrapped_cell,30,45083,43042,44709,121,42,Menlo,16,1,release,20,100
chinese_wrapped_cell,31,45208,43125,44625,121,42,Menlo,16,1,release,20,100
chinese_wrapped_cell,32,45292,42708,46333,121,42,Menlo,16,1,release,20,100
chinese_wrapped_cell,33,45708,39792,44958,121,42,Menlo,16,1,release,20,100
chinese_wrapped_cell,34,45166,40292,44375,121,42,Menlo,16,1,release,20,100
chinese_wrapped_cell,35,45083,42834,44541,121,42,Menlo,16,1,release,20,100
chinese_wrapped_cell,36,45000,43125,44917,121,42,Menlo,16,1,release,20,100
chinese_wrapped_cell,37,45625,43250,44583,121,42,Menlo,16,1,release,20,100
chinese_wrapped_cell,38,45209,40291,44459,121,42,Menlo,16,1,release,20,100
chinese_wrapped_cell,39,45083,40166,44000,121,42,Menlo,16,1,release,20,100
chinese_wrapped_cell,40,45000,42708,44500,121,42,Menlo,16,1,release,20,100
chinese_wrapped_cell,41,45084,42667,45000,121,42,Menlo,16,1,release,20,100
chinese_wrapped_cell,42,45292,43166,44417,121,42,Menlo,16,1,release,20,100
chinese_wrapped_cell,43,45375,43125,44541,121,42,Menlo,16,1,release,20,100
chinese_wrapped_cell,44,45666,39792,45125,121,42,Menlo,16,1,release,20,100
chinese_wrapped_cell,45,45500,43166,44709,121,42,Menlo,16,1,release,20,100
chinese_wrapped_cell,46,45750,40333,44875,121,42,Menlo,16,1,release,20,100
chinese_wrapped_cell,47,45209,39916,45000,121,42,Menlo,16,1,release,20,100
chinese_wrapped_cell,48,45625,42667,45708,121,42,Menlo,16,1,release,20,100
chinese_wrapped_cell,49,45750,43167,45042,121,42,Menlo,16,1,release,20,100
chinese_wrapped_cell,50,45083,40166,63625,121,42,Menlo,16,1,release,20,100
chinese_wrapped_cell,51,47417,39458,44667,121,42,Menlo,16,1,release,20,100
chinese_wrapped_cell,52,45500,41959,44666,121,42,Menlo,16,1,release,20,100
chinese_wrapped_cell,53,45708,41750,44209,121,42,Menlo,16,1,release,20,100
chinese_wrapped_cell,54,46041,39292,44458,121,42,Menlo,16,1,release,20,100
chinese_wrapped_cell,55,45792,39291,44333,121,42,Menlo,16,1,release,20,100
chinese_wrapped_cell,56,45542,39291,44542,121,42,Menlo,16,1,release,20,100
chinese_wrapped_cell,57,45625,38916,44709,121,42,Menlo,16,1,release,20,100
chinese_wrapped_cell,58,45541,38875,44584,121,42,Menlo,16,1,release,20,100
chinese_wrapped_cell,59,45750,38833,44334,121,42,Menlo,16,1,release,20,100
chinese_wrapped_cell,60,45625,39250,44333,121,42,Menlo,16,1,release,20,100
chinese_wrapped_cell,61,45666,38834,44375,121,42,Menlo,16,1,release,20,100
chinese_wrapped_cell,62,46250,39292,44667,121,42,Menlo,16,1,release,20,100
chinese_wrapped_cell,63,45500,39292,44708,121,42,Menlo,16,1,release,20,100
chinese_wrapped_cell,64,45417,38916,44375,121,42,Menlo,16,1,release,20,100
chinese_wrapped_cell,65,45459,38959,44458,121,42,Menlo,16,1,release,20,100
chinese_wrapped_cell,66,45917,38958,44500,121,42,Menlo,16,1,release,20,100
chinese_wrapped_cell,67,46125,39042,44333,121,42,Menlo,16,1,release,20,100
chinese_wrapped_cell,68,45375,38916,44500,121,42,Menlo,16,1,release,20,100
chinese_wrapped_cell,69,46167,39291,44417,121,42,Menlo,16,1,release,20,100
chinese_wrapped_cell,70,45500,39042,44333,121,42,Menlo,16,1,release,20,100
chinese_wrapped_cell,71,45875,39375,44417,121,42,Menlo,16,1,release,20,100
chinese_wrapped_cell,72,45583,38917,44458,121,42,Menlo,16,1,release,20,100
chinese_wrapped_cell,73,45958,39333,44584,121,42,Menlo,16,1,release,20,100
chinese_wrapped_cell,74,45959,39000,44416,121,42,Menlo,16,1,release,20,100
chinese_wrapped_cell,75,45542,38916,44125,121,42,Menlo,16,1,release,20,100
chinese_wrapped_cell,76,45583,39375,44667,121,42,Menlo,16,1,release,20,100
chinese_wrapped_cell,77,45333,39375,44500,121,42,Menlo,16,1,release,20,100
chinese_wrapped_cell,78,45334,38917,44750,121,42,Menlo,16,1,release,20,100
chinese_wrapped_cell,79,45500,39291,44709,121,42,Menlo,16,1,release,20,100
chinese_wrapped_cell,80,45375,39417,45875,121,42,Menlo,16,1,release,20,100
chinese_wrapped_cell,81,45250,38917,45000,121,42,Menlo,16,1,release,20,100
chinese_wrapped_cell,82,45792,39000,44875,121,42,Menlo,16,1,release,20,100
chinese_wrapped_cell,83,45625,39000,44917,121,42,Menlo,16,1,release,20,100
chinese_wrapped_cell,84,45916,39000,47292,121,42,Menlo,16,1,release,20,100
chinese_wrapped_cell,85,45875,39333,44541,121,42,Menlo,16,1,release,20,100
chinese_wrapped_cell,86,45375,38959,44417,121,42,Menlo,16,1,release,20,100
chinese_wrapped_cell,87,45417,39000,44500,121,42,Menlo,16,1,release,20,100
chinese_wrapped_cell,88,45708,38958,45042,121,42,Menlo,16,1,release,20,100
chinese_wrapped_cell,89,45375,38875,44666,121,42,Menlo,16,1,release,20,100
chinese_wrapped_cell,90,45500,39042,45167,121,42,Menlo,16,1,release,20,100
chinese_wrapped_cell,91,48542,49792,44625,121,42,Menlo,16,1,release,20,100
chinese_wrapped_cell,92,56667,51416,44917,121,42,Menlo,16,1,release,20,100
chinese_wrapped_cell,93,46916,39375,44542,121,42,Menlo,16,1,release,20,100
chinese_wrapped_cell,94,45833,39292,44541,121,42,Menlo,16,1,release,20,100
chinese_wrapped_cell,95,46459,39000,44666,121,42,Menlo,16,1,release,20,100
chinese_wrapped_cell,96,45500,38958,44833,121,42,Menlo,16,1,release,20,100
chinese_wrapped_cell,97,45541,39000,44875,121,42,Menlo,16,1,release,20,100
chinese_wrapped_cell,98,46000,39291,44917,121,42,Menlo,16,1,release,20,100
chinese_wrapped_cell,99,46375,38917,44917,121,42,Menlo,16,1,release,20,100
chinese_wrapped_cell,100,45916,39292,44458,121,42,Menlo,16,1,release,20,100
chinese_wrapped_cell,101,45500,38958,44167,121,42,Menlo,16,1,release,20,100
chinese_wrapped_cell,102,45791,39292,44417,121,42,Menlo,16,1,release,20,100
chinese_wrapped_cell,103,45583,39333,44542,121,42,Menlo,16,1,release,20,100
chinese_wrapped_cell,104,46250,39542,55708,121,42,Menlo,16,1,release,20,100
chinese_wrapped_cell,105,45833,39084,44500,121,42,Menlo,16,1,release,20,100
chinese_wrapped_cell,106,56750,38875,44583,121,42,Menlo,16,1,release,20,100
chinese_wrapped_cell,107,45333,45709,44625,121,42,Menlo,16,1,release,20,100
chinese_wrapped_cell,108,46792,38958,44583,121,42,Menlo,16,1,release,20,100
chinese_wrapped_cell,109,46250,38875,44417,121,42,Menlo,16,1,release,20,100
chinese_wrapped_cell,110,59792,50375,47500,121,42,Menlo,16,1,release,20,100
chinese_wrapped_cell,111,45625,38875,44375,121,42,Menlo,16,1,release,20,100
chinese_wrapped_cell,112,45750,39292,44875,121,42,Menlo,16,1,release,20,100
chinese_wrapped_cell,113,45625,38916,44834,121,42,Menlo,16,1,release,20,100
chinese_wrapped_cell,114,46667,38916,44834,121,42,Menlo,16,1,release,20,100
chinese_wrapped_cell,115,45917,38958,44458,121,42,Menlo,16,1,release,20,100
chinese_wrapped_cell,116,45792,38916,44500,121,42,Menlo,16,1,release,20,100
chinese_wrapped_cell,117,45833,39291,44792,121,42,Menlo,16,1,release,20,100
chinese_wrapped_cell,118,45666,58417,46792,121,42,Menlo,16,1,release,20,100
chinese_wrapped_cell,119,46333,54000,44875,121,42,Menlo,16,1,release,20,100
chinese_wrapped_cell,120,45750,39250,46375,121,42,Menlo,16,1,release,20,100
chinese_wrapped_cell,121,45417,38834,45250,121,42,Menlo,16,1,release,20,100
chinese_wrapped_cell,122,45875,39375,44417,121,42,Menlo,16,1,release,20,100
chinese_wrapped_cell,123,45625,39208,44375,121,42,Menlo,16,1,release,20,100
chinese_wrapped_cell,124,45750,39292,45750,121,42,Menlo,16,1,release,20,100
chinese_wrapped_cell,125,45458,39250,44500,121,42,Menlo,16,1,release,20,100
chinese_wrapped_cell,126,45459,39000,44250,121,42,Menlo,16,1,release,20,100
chinese_wrapped_cell,127,45542,38875,44792,121,42,Menlo,16,1,release,20,100
chinese_wrapped_cell,128,45625,43958,44459,121,42,Menlo,16,1,release,20,100
chinese_wrapped_cell,129,45083,38792,44792,121,42,Menlo,16,1,release,20,100
chinese_wrapped_cell,130,45167,39208,45792,121,42,Menlo,16,1,release,20,100
chinese_wrapped_cell,131,45208,38833,44250,121,42,Menlo,16,1,release,20,100
chinese_wrapped_cell,132,45166,38792,43916,121,42,Menlo,16,1,release,20,100
chinese_wrapped_cell,133,45375,38792,44000,121,42,Menlo,16,1,release,20,100
chinese_wrapped_cell,134,45084,39209,44041,121,42,Menlo,16,1,release,20,100
chinese_wrapped_cell,135,45250,38791,44417,121,42,Menlo,16,1,release,20,100
chinese_wrapped_cell,136,45292,39208,44625,121,42,Menlo,16,1,release,20,100
chinese_wrapped_cell,137,45625,39209,44208,121,42,Menlo,16,1,release,20,100
chinese_wrapped_cell,138,45500,39208,44667,121,42,Menlo,16,1,release,20,100
chinese_wrapped_cell,139,45084,38833,44292,121,42,Menlo,16,1,release,20,100
chinese_wrapped_cell,140,45000,39333,44417,121,42,Menlo,16,1,release,20,100
chinese_wrapped_cell,141,44833,38834,44334,121,42,Menlo,16,1,release,20,100
chinese_wrapped_cell,142,45000,39292,44666,121,42,Menlo,16,1,release,20,100
chinese_wrapped_cell,143,45166,39209,44416,121,42,Menlo,16,1,release,20,100
chinese_wrapped_cell,144,45416,38834,44333,121,42,Menlo,16,1,release,20,100
chinese_wrapped_cell,145,45333,38791,44167,121,42,Menlo,16,1,release,20,100
chinese_wrapped_cell,146,45667,39208,44042,121,42,Menlo,16,1,release,20,100
chinese_wrapped_cell,147,45250,38750,44500,121,42,Menlo,16,1,release,20,100
chinese_wrapped_cell,148,52125,43708,44334,121,42,Menlo,16,1,release,20,100
chinese_wrapped_cell,149,45334,38875,44542,121,42,Menlo,16,1,release,20,100
chinese_wrapped_cell,150,46125,38875,44583,121,42,Menlo,16,1,release,20,100
chinese_wrapped_cell,151,45042,38916,44292,121,42,Menlo,16,1,release,20,100
chinese_wrapped_cell,152,44958,38916,44250,121,42,Menlo,16,1,release,20,100
chinese_wrapped_cell,153,45167,38875,44208,121,42,Menlo,16,1,release,20,100
chinese_wrapped_cell,154,45125,39000,44583,121,42,Menlo,16,1,release,20,100
chinese_wrapped_cell,155,44916,38750,44333,121,42,Menlo,16,1,release,20,100
chinese_wrapped_cell,156,46000,39000,44666,121,42,Menlo,16,1,release,20,100
chinese_wrapped_cell,157,45667,38791,45667,121,42,Menlo,16,1,release,20,100
chinese_wrapped_cell,158,45500,39459,44416,121,42,Menlo,16,1,release,20,100
chinese_wrapped_cell,159,63584,39500,47125,121,42,Menlo,16,1,release,20,100
chinese_wrapped_cell,160,54500,38792,44291,121,42,Menlo,16,1,release,20,100
chinese_wrapped_cell,161,45250,39292,44250,121,42,Menlo,16,1,release,20,100
chinese_wrapped_cell,162,45459,39291,43875,121,42,Menlo,16,1,release,20,100
chinese_wrapped_cell,163,45125,39292,44625,121,42,Menlo,16,1,release,20,100
chinese_wrapped_cell,164,45000,38875,44417,121,42,Menlo,16,1,release,20,100
chinese_wrapped_cell,165,48167,38791,44292,121,42,Menlo,16,1,release,20,100
chinese_wrapped_cell,166,45125,39250,44250,121,42,Menlo,16,1,release,20,100
chinese_wrapped_cell,167,45000,38792,44583,121,42,Menlo,16,1,release,20,100
chinese_wrapped_cell,168,45042,38833,44583,121,42,Menlo,16,1,release,20,100
chinese_wrapped_cell,169,45417,38916,44792,121,42,Menlo,16,1,release,20,100
chinese_wrapped_cell,170,45083,38834,44625,121,42,Menlo,16,1,release,20,100
chinese_wrapped_cell,171,45250,38791,44250,121,42,Menlo,16,1,release,20,100
chinese_wrapped_cell,172,44875,38833,44708,121,42,Menlo,16,1,release,20,100
chinese_wrapped_cell,173,45083,38834,44334,121,42,Menlo,16,1,release,20,100
chinese_wrapped_cell,174,45333,54125,44667,121,42,Menlo,16,1,release,20,100
chinese_wrapped_cell,175,45333,39292,44459,121,42,Menlo,16,1,release,20,100
chinese_wrapped_cell,176,45458,39292,44250,121,42,Menlo,16,1,release,20,100
chinese_wrapped_cell,177,45500,39250,48375,121,42,Menlo,16,1,release,20,100
chinese_wrapped_cell,178,45625,39167,44333,121,42,Menlo,16,1,release,20,100
chinese_wrapped_cell,179,46292,39167,44541,121,42,Menlo,16,1,release,20,100
chinese_wrapped_cell,180,45166,39167,44209,121,42,Menlo,16,1,release,20,100
chinese_wrapped_cell,181,45708,38875,44167,121,42,Menlo,16,1,release,20,100
chinese_wrapped_cell,182,45250,39292,44541,121,42,Menlo,16,1,release,20,100
chinese_wrapped_cell,183,45583,39208,44709,121,42,Menlo,16,1,release,20,100
chinese_wrapped_cell,184,45333,38792,44583,121,42,Menlo,16,1,release,20,100
chinese_wrapped_cell,185,44917,39125,44458,121,42,Menlo,16,1,release,20,100
chinese_wrapped_cell,186,68833,40667,47333,121,42,Menlo,16,1,release,20,100
chinese_wrapped_cell,187,45792,39833,45125,121,42,Menlo,16,1,release,20,100
chinese_wrapped_cell,188,45417,39792,44708,121,42,Menlo,16,1,release,20,100
chinese_wrapped_cell,189,45291,39958,44417,121,42,Menlo,16,1,release,20,100
chinese_wrapped_cell,190,45542,40041,44458,121,42,Menlo,16,1,release,20,100
chinese_wrapped_cell,191,45042,39792,44375,121,42,Menlo,16,1,release,20,100
chinese_wrapped_cell,192,45875,39625,44458,121,42,Menlo,16,1,release,20,100
chinese_wrapped_cell,193,45709,39708,44125,121,42,Menlo,16,1,release,20,100
chinese_wrapped_cell,194,45292,39625,44625,121,42,Menlo,16,1,release,20,100
chinese_wrapped_cell,195,45209,39708,44458,121,42,Menlo,16,1,release,20,100
chinese_wrapped_cell,196,45167,39583,44333,121,42,Menlo,16,1,release,20,100
chinese_wrapped_cell,197,45125,39959,44291,121,42,Menlo,16,1,release,20,100
chinese_wrapped_cell,198,45083,39584,44333,121,42,Menlo,16,1,release,20,100
chinese_wrapped_cell,199,45416,39750,44625,121,42,Menlo,16,1,release,20,100
japanese_wrapped_cell,0,46333,38667,39958,121,42,Menlo,16,1,release,20,100
japanese_wrapped_cell,1,50875,38958,39916,121,42,Menlo,16,1,release,20,100
japanese_wrapped_cell,2,48750,46375,43500,121,42,Menlo,16,1,release,20,100
japanese_wrapped_cell,3,46375,46417,48708,121,42,Menlo,16,1,release,20,100
japanese_wrapped_cell,4,48208,49208,51292,121,42,Menlo,16,1,release,20,100
japanese_wrapped_cell,5,56375,52625,48125,121,42,Menlo,16,1,release,20,100
japanese_wrapped_cell,6,53292,52375,53292,121,42,Menlo,16,1,release,20,100
japanese_wrapped_cell,7,46500,38792,40166,121,42,Menlo,16,1,release,20,100
japanese_wrapped_cell,8,45416,39209,42916,121,42,Menlo,16,1,release,20,100
japanese_wrapped_cell,9,46667,39125,39583,121,42,Menlo,16,1,release,20,100
japanese_wrapped_cell,10,46083,46667,43333,121,42,Menlo,16,1,release,20,100
japanese_wrapped_cell,11,49500,38750,39667,121,42,Menlo,16,1,release,20,100
japanese_wrapped_cell,12,78916,43083,45083,121,42,Menlo,16,1,release,20,100
japanese_wrapped_cell,13,60417,44958,41166,121,42,Menlo,16,1,release,20,100
japanese_wrapped_cell,14,61541,52084,46666,121,42,Menlo,16,1,release,20,100
japanese_wrapped_cell,15,51625,43292,41750,121,42,Menlo,16,1,release,20,100
japanese_wrapped_cell,16,48083,40750,39791,121,42,Menlo,16,1,release,20,100
japanese_wrapped_cell,17,48292,41375,39708,121,42,Menlo,16,1,release,20,100
japanese_wrapped_cell,18,48000,44625,39792,121,42,Menlo,16,1,release,20,100
japanese_wrapped_cell,19,48125,41334,40042,121,42,Menlo,16,1,release,20,100
japanese_wrapped_cell,20,48375,41292,39875,121,42,Menlo,16,1,release,20,100
japanese_wrapped_cell,21,47916,40792,39750,121,42,Menlo,16,1,release,20,100
japanese_wrapped_cell,22,47833,40834,39875,121,42,Menlo,16,1,release,20,100
japanese_wrapped_cell,23,47959,44875,40041,121,42,Menlo,16,1,release,20,100
japanese_wrapped_cell,24,48208,44458,51500,121,42,Menlo,16,1,release,20,100
japanese_wrapped_cell,25,46417,40333,45166,121,42,Menlo,16,1,release,20,100
japanese_wrapped_cell,26,51333,44042,48375,121,42,Menlo,16,1,release,20,100
japanese_wrapped_cell,27,49916,41458,41750,121,42,Menlo,16,1,release,20,100
japanese_wrapped_cell,28,46584,41500,48625,121,42,Menlo,16,1,release,20,100
japanese_wrapped_cell,29,46542,41208,52875,121,42,Menlo,16,1,release,20,100
japanese_wrapped_cell,30,46500,40583,42042,121,42,Menlo,16,1,release,20,100
japanese_wrapped_cell,31,47209,41208,42958,121,42,Menlo,16,1,release,20,100
japanese_wrapped_cell,32,46916,52917,50042,121,42,Menlo,16,1,release,20,100
japanese_wrapped_cell,33,47458,39792,45750,121,42,Menlo,16,1,release,20,100
japanese_wrapped_cell,34,46250,39917,42125,121,42,Menlo,16,1,release,20,100
japanese_wrapped_cell,35,49375,47791,44084,121,42,Menlo,16,1,release,20,100
japanese_wrapped_cell,36,45791,43250,41500,121,42,Menlo,16,1,release,20,100
japanese_wrapped_cell,37,45959,40250,42083,121,42,Menlo,16,1,release,20,100
japanese_wrapped_cell,38,45958,43042,41459,121,42,Menlo,16,1,release,20,100
japanese_wrapped_cell,39,45375,39708,42000,121,42,Menlo,16,1,release,20,100
japanese_wrapped_cell,40,46250,48750,49208,121,42,Menlo,16,1,release,20,100
japanese_wrapped_cell,41,63042,40708,42083,121,42,Menlo,16,1,release,20,100
japanese_wrapped_cell,42,46041,51834,50000,121,42,Menlo,16,1,release,20,100
japanese_wrapped_cell,43,45583,43042,44083,121,42,Menlo,16,1,release,20,100
japanese_wrapped_cell,44,53708,44875,45500,121,42,Menlo,16,1,release,20,100
japanese_wrapped_cell,45,50958,45917,42208,121,42,Menlo,16,1,release,20,100
japanese_wrapped_cell,46,48458,43209,41833,121,42,Menlo,16,1,release,20,100
japanese_wrapped_cell,47,46083,42625,43292,121,42,Menlo,16,1,release,20,100
japanese_wrapped_cell,48,46000,42750,41208,121,42,Menlo,16,1,release,20,100
japanese_wrapped_cell,49,45959,39750,41875,121,42,Menlo,16,1,release,20,100
japanese_wrapped_cell,50,49709,47625,41583,121,42,Menlo,16,1,release,20,100
japanese_wrapped_cell,51,46667,39792,42541,121,42,Menlo,16,1,release,20,100
japanese_wrapped_cell,52,45750,39708,41167,121,42,Menlo,16,1,release,20,100
japanese_wrapped_cell,53,45667,39750,42417,121,42,Menlo,16,1,release,20,100
japanese_wrapped_cell,54,46000,39667,41833,121,42,Menlo,16,1,release,20,100
japanese_wrapped_cell,55,45833,42667,41125,121,42,Menlo,16,1,release,20,100
japanese_wrapped_cell,56,46000,52417,53625,121,42,Menlo,16,1,release,20,100
japanese_wrapped_cell,57,49416,43708,48875,121,42,Menlo,16,1,release,20,100
japanese_wrapped_cell,58,52000,46875,42583,121,42,Menlo,16,1,release,20,100
japanese_wrapped_cell,59,57084,43458,46458,121,42,Menlo,16,1,release,20,100
japanese_wrapped_cell,60,57292,47875,50917,121,42,Menlo,16,1,release,20,100
japanese_wrapped_cell,61,53208,54083,55792,121,42,Menlo,16,1,release,20,100
japanese_wrapped_cell,62,53625,39917,41042,121,42,Menlo,16,1,release,20,100
japanese_wrapped_cell,63,46416,39708,46959,121,42,Menlo,16,1,release,20,100
japanese_wrapped_cell,64,51250,40625,41500,121,42,Menlo,16,1,release,20,100
japanese_wrapped_cell,65,61416,46167,54958,121,42,Menlo,16,1,release,20,100
japanese_wrapped_cell,66,53208,48417,49750,121,42,Menlo,16,1,release,20,100
japanese_wrapped_cell,67,53625,44833,42209,121,42,Menlo,16,1,release,20,100
japanese_wrapped_cell,68,45709,40291,41667,121,42,Menlo,16,1,release,20,100
japanese_wrapped_cell,69,45709,39875,41625,121,42,Menlo,16,1,release,20,100
japanese_wrapped_cell,70,45875,42625,41083,121,42,Menlo,16,1,release,20,100
japanese_wrapped_cell,71,45542,42584,41167,121,42,Menlo,16,1,release,20,100
japanese_wrapped_cell,72,46083,39667,42959,121,42,Menlo,16,1,release,20,100
japanese_wrapped_cell,73,45875,40209,42667,121,42,Menlo,16,1,release,20,100
japanese_wrapped_cell,74,48583,51000,43375,121,42,Menlo,16,1,release,20,100
japanese_wrapped_cell,75,45375,39750,42084,121,42,Menlo,16,1,release,20,100
japanese_wrapped_cell,76,45500,39709,62292,121,42,Menlo,16,1,release,20,100
japanese_wrapped_cell,77,58000,42417,39917,121,42,Menlo,16,1,release,20,100
japanese_wrapped_cell,78,56375,45541,39709,121,42,Menlo,16,1,release,20,100
japanese_wrapped_cell,79,49083,44917,40500,121,42,Menlo,16,1,release,20,100
japanese_wrapped_cell,80,52625,46416,43458,121,42,Menlo,16,1,release,20,100
japanese_wrapped_cell,81,48625,43959,40542,121,42,Menlo,16,1,release,20,100
japanese_wrapped_cell,82,46750,50542,41000,121,42,Menlo,16,1,release,20,100
japanese_wrapped_cell,83,53208,47208,40917,121,42,Menlo,16,1,release,20,100
japanese_wrapped_cell,84,47958,43917,40250,121,42,Menlo,16,1,release,20,100
japanese_wrapped_cell,85,46875,43917,41416,121,42,Menlo,16,1,release,20,100
japanese_wrapped_cell,86,48500,39625,40500,121,42,Menlo,16,1,release,20,100
japanese_wrapped_cell,87,46375,43000,40500,121,42,Menlo,16,1,release,20,100
japanese_wrapped_cell,88,49375,49125,42042,121,42,Menlo,16,1,release,20,100
japanese_wrapped_cell,89,45583,42500,39584,121,42,Menlo,16,1,release,20,100
japanese_wrapped_cell,90,44875,42542,39541,121,42,Menlo,16,1,release,20,100
japanese_wrapped_cell,91,45209,42959,39625,121,42,Menlo,16,1,release,20,100
japanese_wrapped_cell,92,46334,42541,39667,121,42,Menlo,16,1,release,20,100
japanese_wrapped_cell,93,45209,42583,40291,121,42,Menlo,16,1,release,20,100
japanese_wrapped_cell,94,53125,42500,40125,121,42,Menlo,16,1,release,20,100
japanese_wrapped_cell,95,46000,42916,39875,121,42,Menlo,16,1,release,20,100
japanese_wrapped_cell,96,50417,48583,39625,121,42,Menlo,16,1,release,20,100
japanese_wrapped_cell,97,45666,42542,39708,121,42,Menlo,16,1,release,20,100
japanese_wrapped_cell,98,45458,40042,39583,121,42,Menlo,16,1,release,20,100
japanese_wrapped_cell,99,49125,48041,39583,121,42,Menlo,16,1,release,20,100
japanese_wrapped_cell,100,46000,42917,44959,121,42,Menlo,16,1,release,20,100
japanese_wrapped_cell,101,46041,42959,39625,121,42,Menlo,16,1,release,20,100
japanese_wrapped_cell,102,45459,42583,47583,121,42,Menlo,16,1,release,20,100
japanese_wrapped_cell,103,45584,42959,47833,121,42,Menlo,16,1,release,20,100
japanese_wrapped_cell,104,45583,48375,52042,121,42,Menlo,16,1,release,20,100
japanese_wrapped_cell,105,46000,39625,50209,121,42,Menlo,16,1,release,20,100
japanese_wrapped_cell,106,45875,39584,47667,121,42,Menlo,16,1,release,20,100
japanese_wrapped_cell,107,45500,40000,47583,121,42,Menlo,16,1,release,20,100
japanese_wrapped_cell,108,45500,42916,47208,121,42,Menlo,16,1,release,20,100
japanese_wrapped_cell,109,45542,42875,46959,121,42,Menlo,16,1,release,20,100
japanese_wrapped_cell,110,48625,43459,49584,121,42,Menlo,16,1,release,20,100
japanese_wrapped_cell,111,45500,42583,47792,121,42,Menlo,16,1,release,20,100
japanese_wrapped_cell,112,45917,40125,39792,121,42,Menlo,16,1,release,20,100
japanese_wrapped_cell,113,45666,42958,39917,121,42,Menlo,16,1,release,20,100
japanese_wrapped_cell,114,45334,43000,39666,121,42,Menlo,16,1,release,20,100
japanese_wrapped_cell,115,45958,42583,39917,121,42,Menlo,16,1,release,20,100
japanese_wrapped_cell,116,46000,46209,40166,121,42,Menlo,16,1,release,20,100
japanese_wrapped_cell,117,45792,42625,39542,121,42,Menlo,16,1,release,20,100
japanese_wrapped_cell,118,45917,42500,39542,121,42,Menlo,16,1,release,20,100
japanese_wrapped_cell,119,45959,40125,39750,121,42,Menlo,16,1,release,20,100
japanese_wrapped_cell,120,45375,40084,40041,121,42,Menlo,16,1,release,20,100
japanese_wrapped_cell,121,45666,42584,39833,121,42,Menlo,16,1,release,20,100
japanese_wrapped_cell,122,45334,43000,39791,121,42,Menlo,16,1,release,20,100
japanese_wrapped_cell,123,51375,40083,42667,121,42,Menlo,16,1,release,20,100
japanese_wrapped_cell,124,45792,42458,39500,121,42,Menlo,16,1,release,20,100
japanese_wrapped_cell,125,45708,42917,47875,121,42,Menlo,16,1,release,20,100
japanese_wrapped_cell,126,46083,40084,51791,121,42,Menlo,16,1,release,20,100
japanese_wrapped_cell,127,45250,40083,46875,121,42,Menlo,16,1,release,20,100
japanese_wrapped_cell,128,45333,42500,47167,121,42,Menlo,16,1,release,20,100
japanese_wrapped_cell,129,45334,39625,46750,121,42,Menlo,16,1,release,20,100
japanese_wrapped_cell,130,45917,42500,46791,121,42,Menlo,16,1,release,20,100
japanese_wrapped_cell,131,45500,40000,47458,121,42,Menlo,16,1,release,20,100
japanese_wrapped_cell,132,48375,40375,47375,121,42,Menlo,16,1,release,20,100
japanese_wrapped_cell,133,45292,40041,58250,121,42,Menlo,16,1,release,20,100
japanese_wrapped_cell,134,49042,41625,41959,121,42,Menlo,16,1,release,20,100
japanese_wrapped_cell,135,45750,43250,48458,121,42,Menlo,16,1,release,20,100
japanese_wrapped_cell,136,45541,40042,47625,121,42,Menlo,16,1,release,20,100
japanese_wrapped_cell,137,45208,40000,48500,121,42,Menlo,16,1,release,20,100
japanese_wrapped_cell,138,45208,42917,47084,121,42,Menlo,16,1,release,20,100
japanese_wrapped_cell,139,45208,43333,48709,121,42,Menlo,16,1,release,20,100
japanese_wrapped_cell,140,46083,53875,50041,121,42,Menlo,16,1,release,20,100
japanese_wrapped_cell,141,56375,43375,49417,121,42,Menlo,16,1,release,20,100
japanese_wrapped_cell,142,46792,43875,48792,121,42,Menlo,16,1,release,20,100
japanese_wrapped_cell,143,46334,43792,49125,121,42,Menlo,16,1,release,20,100
japanese_wrapped_cell,144,45083,51667,43375,121,42,Menlo,16,1,release,20,100
japanese_wrapped_cell,145,45292,42625,50125,121,42,Menlo,16,1,release,20,100
japanese_wrapped_cell,146,55041,44625,40916,121,42,Menlo,16,1,release,20,100
japanese_wrapped_cell,147,49917,50666,41208,121,42,Menlo,16,1,release,20,100
japanese_wrapped_cell,148,45625,40208,39792,121,42,Menlo,16,1,release,20,100
japanese_wrapped_cell,149,45209,42500,39542,121,42,Menlo,16,1,release,20,100
japanese_wrapped_cell,150,45292,42916,39833,121,42,Menlo,16,1,release,20,100
japanese_wrapped_cell,151,50417,57416,41334,121,42,Menlo,16,1,release,20,100
japanese_wrapped_cell,152,49625,42833,40375,121,42,Menlo,16,1,release,20,100
japanese_wrapped_cell,153,45083,45959,40542,121,42,Menlo,16,1,release,20,100
japanese_wrapped_cell,154,52750,43125,39542,121,42,Menlo,16,1,release,20,100
japanese_wrapped_cell,155,46000,40000,39750,121,42,Menlo,16,1,release,20,100
japanese_wrapped_cell,156,45333,42458,39584,121,42,Menlo,16,1,release,20,100
japanese_wrapped_cell,157,46042,42875,39416,121,42,Menlo,16,1,release,20,100
japanese_wrapped_cell,158,45875,39958,39458,121,42,Menlo,16,1,release,20,100
japanese_wrapped_cell,159,45750,46709,45208,121,42,Menlo,16,1,release,20,100
japanese_wrapped_cell,160,46291,42458,39875,121,42,Menlo,16,1,release,20,100
japanese_wrapped_cell,161,45458,39583,40375,121,42,Menlo,16,1,release,20,100
japanese_wrapped_cell,162,45125,40042,40458,121,42,Menlo,16,1,release,20,100
japanese_wrapped_cell,163,45250,39958,40125,121,42,Menlo,16,1,release,20,100
japanese_wrapped_cell,164,45541,42833,40458,121,42,Menlo,16,1,release,20,100
japanese_wrapped_cell,165,45750,42583,42042,121,42,Menlo,16,1,release,20,100
japanese_wrapped_cell,166,57084,45750,45625,121,42,Menlo,16,1,release,20,100
japanese_wrapped_cell,167,52875,45625,46666,121,42,Menlo,16,1,release,20,100
japanese_wrapped_cell,168,46833,49167,41709,121,42,Menlo,16,1,release,20,100
japanese_wrapped_cell,169,53666,45292,51375,121,42,Menlo,16,1,release,20,100
japanese_wrapped_cell,170,51750,48084,42542,121,42,Menlo,16,1,release,20,100
japanese_wrapped_cell,171,61000,53375,46958,121,42,Menlo,16,1,release,20,100
japanese_wrapped_cell,172,48291,53375,53000,121,42,Menlo,16,1,release,20,100
japanese_wrapped_cell,173,53959,46250,42667,121,42,Menlo,16,1,release,20,100
japanese_wrapped_cell,174,46959,43084,47084,121,42,Menlo,16,1,release,20,100
japanese_wrapped_cell,175,48584,42542,40375,121,42,Menlo,16,1,release,20,100
japanese_wrapped_cell,176,45292,42417,40042,121,42,Menlo,16,1,release,20,100
japanese_wrapped_cell,177,46583,42584,42375,121,42,Menlo,16,1,release,20,100
japanese_wrapped_cell,178,45541,42875,39583,121,42,Menlo,16,1,release,20,100
japanese_wrapped_cell,179,45458,42417,39833,121,42,Menlo,16,1,release,20,100
japanese_wrapped_cell,180,45583,42833,39542,121,42,Menlo,16,1,release,20,100
japanese_wrapped_cell,181,45625,42458,39667,121,42,Menlo,16,1,release,20,100
japanese_wrapped_cell,182,45584,39625,39583,121,42,Menlo,16,1,release,20,100
japanese_wrapped_cell,183,45542,42417,39625,121,42,Menlo,16,1,release,20,100
japanese_wrapped_cell,184,45667,42791,39542,121,42,Menlo,16,1,release,20,100
japanese_wrapped_cell,185,45250,42875,39792,121,42,Menlo,16,1,release,20,100
japanese_wrapped_cell,186,45625,42792,46250,121,42,Menlo,16,1,release,20,100
japanese_wrapped_cell,187,57750,46208,45750,121,42,Menlo,16,1,release,20,100
japanese_wrapped_cell,188,59167,42583,39833,121,42,Menlo,16,1,release,20,100
japanese_wrapped_cell,189,53208,46083,41709,121,42,Menlo,16,1,release,20,100
japanese_wrapped_cell,190,49000,47250,43750,121,42,Menlo,16,1,release,20,100
japanese_wrapped_cell,191,45500,42458,39708,121,42,Menlo,16,1,release,20,100
japanese_wrapped_cell,192,45375,42541,39500,121,42,Menlo,16,1,release,20,100
japanese_wrapped_cell,193,45208,42875,40250,121,42,Menlo,16,1,release,20,100
japanese_wrapped_cell,194,45167,42542,46958,121,42,Menlo,16,1,release,20,100
japanese_wrapped_cell,195,45250,42916,47917,121,42,Menlo,16,1,release,20,100
japanese_wrapped_cell,196,46416,43000,48042,121,42,Menlo,16,1,release,20,100
japanese_wrapped_cell,197,45625,42917,47250,121,42,Menlo,16,1,release,20,100
japanese_wrapped_cell,198,45291,39959,41791,121,42,Menlo,16,1,release,20,100
japanese_wrapped_cell,199,45541,42500,42000,121,42,Menlo,16,1,release,20,100
korean_wrapped_cell,0,44791,39000,39209,121,42,Menlo,16,1,release,20,100
korean_wrapped_cell,1,46459,38750,39708,121,42,Menlo,16,1,release,20,100
korean_wrapped_cell,2,47917,39708,39417,121,42,Menlo,16,1,release,20,100
korean_wrapped_cell,3,48375,41958,39500,121,42,Menlo,16,1,release,20,100
korean_wrapped_cell,4,45750,41917,39625,121,42,Menlo,16,1,release,20,100
korean_wrapped_cell,5,45375,39084,39375,121,42,Menlo,16,1,release,20,100
korean_wrapped_cell,6,45625,41917,39375,121,42,Menlo,16,1,release,20,100
korean_wrapped_cell,7,45250,38708,39500,121,42,Menlo,16,1,release,20,100
korean_wrapped_cell,8,45375,41875,39417,121,42,Menlo,16,1,release,20,100
korean_wrapped_cell,9,45292,39041,39542,121,42,Menlo,16,1,release,20,100
korean_wrapped_cell,10,45250,41958,39333,121,42,Menlo,16,1,release,20,100
korean_wrapped_cell,11,46125,39000,39250,121,42,Menlo,16,1,release,20,100
korean_wrapped_cell,12,45292,39042,39125,121,42,Menlo,16,1,release,20,100
korean_wrapped_cell,13,45083,39041,40334,121,42,Menlo,16,1,release,20,100
korean_wrapped_cell,14,45125,41958,39792,121,42,Menlo,16,1,release,20,100
korean_wrapped_cell,15,58708,39042,39959,121,42,Menlo,16,1,release,20,100
korean_wrapped_cell,16,45417,39250,39917,121,42,Menlo,16,1,release,20,100
korean_wrapped_cell,17,45625,41958,40125,121,42,Menlo,16,1,release,20,100
korean_wrapped_cell,18,48500,42042,40000,121,42,Menlo,16,1,release,20,100
korean_wrapped_cell,19,45417,41958,39958,121,42,Menlo,16,1,release,20,100
korean_wrapped_cell,20,45125,39125,39417,121,42,Menlo,16,1,release,20,100
korean_wrapped_cell,21,45084,42000,39417,121,42,Menlo,16,1,release,20,100
korean_wrapped_cell,22,45375,41958,39792,121,42,Menlo,16,1,release,20,100
korean_wrapped_cell,23,45292,41958,39458,121,42,Menlo,16,1,release,20,100
korean_wrapped_cell,24,45250,41959,39875,121,42,Menlo,16,1,release,20,100
korean_wrapped_cell,25,45375,44833,39375,121,42,Menlo,16,1,release,20,100
korean_wrapped_cell,26,45167,41916,39667,121,42,Menlo,16,1,release,20,100
korean_wrapped_cell,27,45416,41917,39125,121,42,Menlo,16,1,release,20,100
korean_wrapped_cell,28,45209,41916,39292,121,42,Menlo,16,1,release,20,100
korean_wrapped_cell,29,45333,41958,39459,121,42,Menlo,16,1,release,20,100
korean_wrapped_cell,30,45625,43208,39292,121,42,Menlo,16,1,release,20,100
korean_wrapped_cell,31,45208,45833,39583,121,42,Menlo,16,1,release,20,100
korean_wrapped_cell,32,45875,43083,39625,121,42,Menlo,16,1,release,20,100
korean_wrapped_cell,33,45458,43083,39667,121,42,Menlo,16,1,release,20,100
korean_wrapped_cell,34,45291,40167,39583,121,42,Menlo,16,1,release,20,100
korean_wrapped_cell,35,45000,43000,39917,121,42,Menlo,16,1,release,20,100
korean_wrapped_cell,36,45042,43083,39542,121,42,Menlo,16,1,release,20,100
korean_wrapped_cell,37,45625,45959,39750,121,42,Menlo,16,1,release,20,100
korean_wrapped_cell,38,45375,40208,39834,121,42,Menlo,16,1,release,20,100
korean_wrapped_cell,39,45791,43084,39875,121,42,Menlo,16,1,release,20,100
korean_wrapped_cell,40,45167,43083,39750,121,42,Menlo,16,1,release,20,100
korean_wrapped_cell,41,45333,43000,39291,121,42,Menlo,16,1,release,20,100
korean_wrapped_cell,42,45417,43042,39375,121,42,Menlo,16,1,release,20,100
korean_wrapped_cell,43,46500,43000,39750,121,42,Menlo,16,1,release,20,100
korean_wrapped_cell,44,45333,43083,40125,121,42,Menlo,16,1,release,20,100
korean_wrapped_cell,45,45292,43000,40000,121,42,Menlo,16,1,release,20,100
korean_wrapped_cell,46,45667,40166,39709,121,42,Menlo,16,1,release,20,100
korean_wrapped_cell,47,45167,43083,39542,121,42,Menlo,16,1,release,20,100
korean_wrapped_cell,48,45208,42958,39625,121,42,Menlo,16,1,release,20,100
korean_wrapped_cell,49,45542,43000,39583,121,42,Menlo,16,1,release,20,100
korean_wrapped_cell,50,45375,43000,43625,121,42,Menlo,16,1,release,20,100
korean_wrapped_cell,51,45667,43041,39667,121,42,Menlo,16,1,release,20,100
korean_wrapped_cell,52,45417,43041,39750,121,42,Menlo,16,1,release,20,100
korean_wrapped_cell,53,45542,43000,39625,121,42,Menlo,16,1,release,20,100
korean_wrapped_cell,54,59625,40625,39583,121,42,Menlo,16,1,release,20,100
korean_wrapped_cell,55,45250,43125,39375,121,42,Menlo,16,1,release,20,100
korean_wrapped_cell,56,45208,43167,39417,121,42,Menlo,16,1,release,20,100
korean_wrapped_cell,57,45334,43125,42958,121,42,Menlo,16,1,release,20,100
korean_wrapped_cell,58,45667,40125,39167,121,42,Menlo,16,1,release,20,100
korean_wrapped_cell,59,45667,43125,39375,121,42,Menlo,16,1,release,20,100
korean_wrapped_cell,60,47583,42542,41167,121,42,Menlo,16,1,release,20,100
korean_wrapped_cell,61,51417,39208,40041,121,42,Menlo,16,1,release,20,100
korean_wrapped_cell,62,45459,39000,39708,121,42,Menlo,16,1,release,20,100
korean_wrapped_cell,63,48625,39500,39667,121,42,Menlo,16,1,release,20,100
korean_wrapped_cell,64,48000,39458,39500,121,42,Menlo,16,1,release,20,100
korean_wrapped_cell,65,45417,39500,40000,121,42,Menlo,16,1,release,20,100
korean_wrapped_cell,66,45708,39041,39667,121,42,Menlo,16,1,release,20,100
korean_wrapped_cell,67,45375,39667,39917,121,42,Menlo,16,1,release,20,100
korean_wrapped_cell,68,46167,39625,39375,121,42,Menlo,16,1,release,20,100
korean_wrapped_cell,69,45500,39625,39459,121,42,Menlo,16,1,release,20,100
korean_wrapped_cell,70,45917,39500,53250,121,42,Menlo,16,1,release,20,100
korean_wrapped_cell,71,44958,39709,39708,121,42,Menlo,16,1,release,20,100
korean_wrapped_cell,72,45125,39541,39709,121,42,Menlo,16,1,release,20,100
korean_wrapped_cell,73,45250,41875,39125,121,42,Menlo,16,1,release,20,100
korean_wrapped_cell,74,44875,39042,39208,121,42,Menlo,16,1,release,20,100
korean_wrapped_cell,75,45625,39458,39375,121,42,Menlo,16,1,release,20,100
korean_wrapped_cell,76,45292,39083,39292,121,42,Menlo,16,1,release,20,100
korean_wrapped_cell,77,45375,39083,39459,121,42,Menlo,16,1,release,20,100
korean_wrapped_cell,78,46083,39125,39375,121,42,Menlo,16,1,release,20,100
korean_wrapped_cell,79,45292,39041,39458,121,42,Menlo,16,1,release,20,100
korean_wrapped_cell,80,45500,39000,39333,121,42,Menlo,16,1,release,20,100
korean_wrapped_cell,81,45375,39458,39417,121,42,Menlo,16,1,release,20,100
korean_wrapped_cell,82,45166,39417,39458,121,42,Menlo,16,1,release,20,100
korean_wrapped_cell,83,45125,39542,39375,121,42,Menlo,16,1,release,20,100
korean_wrapped_cell,84,45334,39834,39625,121,42,Menlo,16,1,release,20,100
korean_wrapped_cell,85,45208,39542,39416,121,42,Menlo,16,1,release,20,100
korean_wrapped_cell,86,45625,39583,39458,121,42,Menlo,16,1,release,20,100
korean_wrapped_cell,87,45416,39417,39250,121,42,Menlo,16,1,release,20,100
korean_wrapped_cell,88,45417,39541,42375,121,42,Menlo,16,1,release,20,100
korean_wrapped_cell,89,45209,39500,39542,121,42,Menlo,16,1,release,20,100
korean_wrapped_cell,90,45292,39416,39250,121,42,Menlo,16,1,release,20,100
korean_wrapped_cell,91,45375,39458,39375,121,42,Menlo,16,1,release,20,100
korean_wrapped_cell,92,47875,39417,39042,121,42,Menlo,16,1,release,20,100
korean_wrapped_cell,93,44792,39458,39250,121,42,Menlo,16,1,release,20,100
korean_wrapped_cell,94,45041,39625,39292,121,42,Menlo,16,1,release,20,100
korean_wrapped_cell,95,45458,39542,39458,121,42,Menlo,16,1,release,20,100
korean_wrapped_cell,96,45250,39541,39292,121,42,Menlo,16,1,release,20,100
korean_wrapped_cell,97,45458,39458,39417,121,42,Menlo,16,1,release,20,100
korean_wrapped_cell,98,45375,39417,39250,121,42,Menlo,16,1,release,20,100
korean_wrapped_cell,99,45709,39458,39417,121,42,Menlo,16,1,release,20,100
korean_wrapped_cell,100,45708,39458,39333,121,42,Menlo,16,1,release,20,100
korean_wrapped_cell,101,45500,39041,39625,121,42,Menlo,16,1,release,20,100
korean_wrapped_cell,102,45583,39458,39583,121,42,Menlo,16,1,release,20,100
korean_wrapped_cell,103,45417,39458,39458,121,42,Menlo,16,1,release,20,100
korean_wrapped_cell,104,45041,39417,39541,121,42,Menlo,16,1,release,20,100
korean_wrapped_cell,105,45084,39500,39625,121,42,Menlo,16,1,release,20,100
korean_wrapped_cell,106,45167,39500,39750,121,42,Menlo,16,1,release,20,100
korean_wrapped_cell,107,46375,39000,39375,121,42,Menlo,16,1,release,20,100
korean_wrapped_cell,108,45584,39417,39208,121,42,Menlo,16,1,release,20,100
korean_wrapped_cell,109,45708,39459,39500,121,42,Menlo,16,1,release,20,100
korean_wrapped_cell,110,45250,42209,39291,121,42,Menlo,16,1,release,20,100
korean_wrapped_cell,111,45209,39583,39416,121,42,Menlo,16,1,release,20,100
korean_wrapped_cell,112,45333,39542,39416,121,42,Menlo,16,1,release,20,100
korean_wrapped_cell,113,45334,39417,39250,121,42,Menlo,16,1,release,20,100
korean_wrapped_cell,114,45292,39541,39375,121,42,Menlo,16,1,release,20,100
korean_wrapped_cell,115,45250,39584,39625,121,42,Menlo,16,1,release,20,100
korean_wrapped_cell,116,45584,39625,39583,121,42,Menlo,16,1,release,20,100
korean_wrapped_cell,117,46750,39541,39542,121,42,Menlo,16,1,release,20,100
korean_wrapped_cell,118,46041,39584,48459,121,42,Menlo,16,1,release,20,100
korean_wrapped_cell,119,45542,39459,39500,121,42,Menlo,16,1,release,20,100
korean_wrapped_cell,120,45125,39500,39584,121,42,Menlo,16,1,release,20,100
korean_wrapped_cell,121,45625,39458,39333,121,42,Menlo,16,1,release,20,100
korean_wrapped_cell,122,44958,39500,39625,121,42,Menlo,16,1,release,20,100
korean_wrapped_cell,123,45417,39583,39375,121,42,Menlo,16,1,release,20,100
korean_wrapped_cell,124,45333,39500,39458,121,42,Menlo,16,1,release,20,100
korean_wrapped_cell,125,45000,39459,39833,121,42,Menlo,16,1,release,20,100
korean_wrapped_cell,126,45875,39458,39625,121,42,Menlo,16,1,release,20,100
korean_wrapped_cell,127,46083,39416,39750,121,42,Menlo,16,1,release,20,100
korean_wrapped_cell,128,45416,39500,39333,121,42,Menlo,16,1,release,20,100
korean_wrapped_cell,129,45458,39458,39750,121,42,Menlo,16,1,release,20,100
korean_wrapped_cell,130,45833,57708,40208,121,42,Menlo,16,1,release,20,100
korean_wrapped_cell,131,47167,39042,39875,121,42,Menlo,16,1,release,20,100
korean_wrapped_cell,132,45416,39292,39458,121,42,Menlo,16,1,release,20,100
korean_wrapped_cell,133,45708,38833,39500,121,42,Menlo,16,1,release,20,100
korean_wrapped_cell,134,46042,38791,39459,121,42,Menlo,16,1,release,20,100
korean_wrapped_cell,135,46042,38792,39500,121,42,Menlo,16,1,release,20,100
korean_wrapped_cell,136,46208,38875,39667,121,42,Menlo,16,1,release,20,100
korean_wrapped_cell,137,46000,38792,39500,121,42,Menlo,16,1,release,20,100
korean_wrapped_cell,138,45708,38917,40667,121,42,Menlo,16,1,release,20,100
korean_wrapped_cell,139,45833,38792,39416,121,42,Menlo,16,1,release,20,100
korean_wrapped_cell,140,45666,38834,39334,121,42,Menlo,16,1,release,20,100
korean_wrapped_cell,141,45708,38833,39542,121,42,Menlo,16,1,release,20,100
korean_wrapped_cell,142,45833,38875,39458,121,42,Menlo,16,1,release,20,100
korean_wrapped_cell,143,45542,38834,39542,121,42,Menlo,16,1,release,20,100
korean_wrapped_cell,144,45959,38875,39583,121,42,Menlo,16,1,release,20,100
korean_wrapped_cell,145,45792,38917,39917,121,42,Menlo,16,1,release,20,100
korean_wrapped_cell,146,46250,39333,40250,121,42,Menlo,16,1,release,20,100
korean_wrapped_cell,147,45583,39334,39500,121,42,Menlo,16,1,release,20,100
korean_wrapped_cell,148,45792,39250,39500,121,42,Menlo,16,1,release,20,100
korean_wrapped_cell,149,45834,39209,39458,121,42,Menlo,16,1,release,20,100
korean_wrapped_cell,150,46209,39208,39416,121,42,Menlo,16,1,release,20,100
korean_wrapped_cell,151,46042,38833,39000,121,42,Menlo,16,1,release,20,100
korean_wrapped_cell,152,45625,38917,39250,121,42,Menlo,16,1,release,20,100
korean_wrapped_cell,153,45500,39250,39500,121,42,Menlo,16,1,release,20,100
korean_wrapped_cell,154,45625,39291,38875,121,42,Menlo,16,1,release,20,100
korean_wrapped_cell,155,46083,39292,39291,121,42,Menlo,16,1,release,20,100
korean_wrapped_cell,156,45667,39208,39167,121,42,Menlo,16,1,release,20,100
korean_wrapped_cell,157,45917,39208,39417,121,42,Menlo,16,1,release,20,100
korean_wrapped_cell,158,46125,39250,39625,121,42,Menlo,16,1,release,20,100
korean_wrapped_cell,159,46167,39250,39458,121,42,Menlo,16,1,release,20,100
korean_wrapped_cell,160,45416,39167,39458,121,42,Menlo,16,1,release,20,100
korean_wrapped_cell,161,45208,38875,39583,121,42,Menlo,16,1,release,20,100
korean_wrapped_cell,162,45834,39125,39917,121,42,Menlo,16,1,release,20,100
korean_wrapped_cell,163,45959,38708,39917,121,42,Menlo,16,1,release,20,100
korean_wrapped_cell,164,45375,39125,39666,121,42,Menlo,16,1,release,20,100
korean_wrapped_cell,165,45834,38708,39708,121,42,Menlo,16,1,release,20,100
korean_wrapped_cell,166,45500,39250,39667,121,42,Menlo,16,1,release,20,100
korean_wrapped_cell,167,45459,39208,41750,121,42,Menlo,16,1,release,20,100
korean_wrapped_cell,168,45750,38750,39250,121,42,Menlo,16,1,release,20,100
korean_wrapped_cell,169,45500,39250,39709,121,42,Menlo,16,1,release,20,100
korean_wrapped_cell,170,45375,38875,40833,121,42,Menlo,16,1,release,20,100
korean_wrapped_cell,171,45375,38875,39916,121,42,Menlo,16,1,release,20,100
korean_wrapped_cell,172,46167,39291,41542,121,42,Menlo,16,1,release,20,100
korean_wrapped_cell,173,45542,39334,39709,121,42,Menlo,16,1,release,20,100
korean_wrapped_cell,174,45875,39292,40791,121,42,Menlo,16,1,release,20,100
korean_wrapped_cell,175,45417,41916,41500,121,42,Menlo,16,1,release,20,100
korean_wrapped_cell,176,50584,43959,42791,121,42,Menlo,16,1,release,20,100
korean_wrapped_cell,177,50625,42750,42583,121,42,Menlo,16,1,release,20,100
korean_wrapped_cell,178,53500,42541,42792,121,42,Menlo,16,1,release,20,100
korean_wrapped_cell,179,53708,42292,42583,121,42,Menlo,16,1,release,20,100
korean_wrapped_cell,180,54791,40417,40250,121,42,Menlo,16,1,release,20,100
korean_wrapped_cell,181,46792,40167,40750,121,42,Menlo,16,1,release,20,100
korean_wrapped_cell,182,46459,39791,40167,121,42,Menlo,16,1,release,20,100
korean_wrapped_cell,183,52250,42416,42458,121,42,Menlo,16,1,release,20,100
korean_wrapped_cell,184,49666,42709,40458,121,42,Menlo,16,1,release,20,100
korean_wrapped_cell,185,53875,41042,40250,121,42,Menlo,16,1,release,20,100
korean_wrapped_cell,186,46458,39958,40709,121,42,Menlo,16,1,release,20,100
korean_wrapped_cell,187,46375,40125,40041,121,42,Menlo,16,1,release,20,100
korean_wrapped_cell,188,47209,40083,40208,121,42,Menlo,16,1,release,20,100
korean_wrapped_cell,189,58708,39875,41042,121,42,Menlo,16,1,release,20,100
korean_wrapped_cell,190,53583,44917,40375,121,42,Menlo,16,1,release,20,100
korean_wrapped_cell,191,47166,40042,40250,121,42,Menlo,16,1,release,20,100
korean_wrapped_cell,192,46417,40458,46625,121,42,Menlo,16,1,release,20,100
korean_wrapped_cell,193,49167,41792,42667,121,42,Menlo,16,1,release,20,100
korean_wrapped_cell,194,53000,58083,40583,121,42,Menlo,16,1,release,20,100
korean_wrapped_cell,195,46583,39750,40833,121,42,Menlo,16,1,release,20,100
korean_wrapped_cell,196,46584,40083,41166,121,42,Menlo,16,1,release,20,100
korean_wrapped_cell,197,50875,44417,45459,121,42,Menlo,16,1,release,20,100
korean_wrapped_cell,198,46500,40084,41000,121,42,Menlo,16,1,release,20,100
korean_wrapped_cell,199,71375,40166,41750,121,42,Menlo,16,1,release,20,100
unicode_hard_rows_cell,0,38708,38375,1083,121,42,Menlo,16,1,release,20,100
unicode_hard_rows_cell,1,39000,38333,1208,121,42,Menlo,16,1,release,20,100
unicode_hard_rows_cell,2,38292,37959,1166,121,42,Menlo,16,1,release,20,100
unicode_hard_rows_cell,3,38625,38500,1041,121,42,Menlo,16,1,release,20,100
unicode_hard_rows_cell,4,60292,39417,1667,121,42,Menlo,16,1,release,20,100
unicode_hard_rows_cell,5,40625,37708,1209,121,42,Menlo,16,1,release,20,100
unicode_hard_rows_cell,6,40000,37583,1292,121,42,Menlo,16,1,release,20,100
unicode_hard_rows_cell,7,39833,37750,1292,121,42,Menlo,16,1,release,20,100
unicode_hard_rows_cell,8,39791,37667,1250,121,42,Menlo,16,1,release,20,100
unicode_hard_rows_cell,9,39083,37792,1250,121,42,Menlo,16,1,release,20,100
unicode_hard_rows_cell,10,39833,37709,1250,121,42,Menlo,16,1,release,20,100
unicode_hard_rows_cell,11,40084,37667,1208,121,42,Menlo,16,1,release,20,100
unicode_hard_rows_cell,12,39834,37542,1250,121,42,Menlo,16,1,release,20,100
unicode_hard_rows_cell,13,39667,38125,1208,121,42,Menlo,16,1,release,20,100
unicode_hard_rows_cell,14,39791,37584,1208,121,42,Menlo,16,1,release,20,100
unicode_hard_rows_cell,15,39375,38125,1209,121,42,Menlo,16,1,release,20,100
unicode_hard_rows_cell,16,39625,38250,1250,121,42,Menlo,16,1,release,20,100
unicode_hard_rows_cell,17,39834,38209,1167,121,42,Menlo,16,1,release,20,100
unicode_hard_rows_cell,18,40042,38167,1250,121,42,Menlo,16,1,release,20,100
unicode_hard_rows_cell,19,40083,37541,1167,121,42,Menlo,16,1,release,20,100
unicode_hard_rows_cell,20,39458,38167,1208,121,42,Menlo,16,1,release,20,100
unicode_hard_rows_cell,21,40125,37625,1250,121,42,Menlo,16,1,release,20,100
unicode_hard_rows_cell,22,40166,38125,1208,121,42,Menlo,16,1,release,20,100
unicode_hard_rows_cell,23,39834,37666,1209,121,42,Menlo,16,1,release,20,100
unicode_hard_rows_cell,24,43458,38042,1083,121,42,Menlo,16,1,release,20,100
unicode_hard_rows_cell,25,41417,45584,1208,121,42,Menlo,16,1,release,20,100
unicode_hard_rows_cell,26,45333,46542,1125,121,42,Menlo,16,1,release,20,100
unicode_hard_rows_cell,27,39958,38167,1083,121,42,Menlo,16,1,release,20,100
unicode_hard_rows_cell,28,40708,38167,1084,121,42,Menlo,16,1,release,20,100
unicode_hard_rows_cell,29,40209,38041,1083,121,42,Menlo,16,1,release,20,100
unicode_hard_rows_cell,30,40000,38208,1084,121,42,Menlo,16,1,release,20,100
unicode_hard_rows_cell,31,40625,38125,1125,121,42,Menlo,16,1,release,20,100
unicode_hard_rows_cell,32,53667,37875,1083,121,42,Menlo,16,1,release,20,100
unicode_hard_rows_cell,33,40167,38292,1125,121,42,Menlo,16,1,release,20,100
unicode_hard_rows_cell,34,43167,38084,1125,121,42,Menlo,16,1,release,20,100
unicode_hard_rows_cell,35,40333,37667,1125,121,42,Menlo,16,1,release,20,100
unicode_hard_rows_cell,36,39625,37666,1083,121,42,Menlo,16,1,release,20,100
unicode_hard_rows_cell,37,40125,37667,1125,121,42,Menlo,16,1,release,20,100
unicode_hard_rows_cell,38,39584,37875,1083,121,42,Menlo,16,1,release,20,100
unicode_hard_rows_cell,39,40042,37541,1125,121,42,Menlo,16,1,release,20,100
unicode_hard_rows_cell,40,40375,38166,1125,121,42,Menlo,16,1,release,20,100
unicode_hard_rows_cell,41,39875,38042,1084,121,42,Menlo,16,1,release,20,100
unicode_hard_rows_cell,42,40334,38084,1125,121,42,Menlo,16,1,release,20,100
unicode_hard_rows_cell,43,39792,38083,1041,121,42,Menlo,16,1,release,20,100
unicode_hard_rows_cell,44,40250,38083,1083,121,42,Menlo,16,1,release,20,100
unicode_hard_rows_cell,45,39875,38042,1083,121,42,Menlo,16,1,release,20,100
unicode_hard_rows_cell,46,39625,42208,1125,121,42,Menlo,16,1,release,20,100
unicode_hard_rows_cell,47,39708,37584,1125,121,42,Menlo,16,1,release,20,100
unicode_hard_rows_cell,48,39917,37667,1083,121,42,Menlo,16,1,release,20,100
unicode_hard_rows_cell,49,40125,38209,1041,121,42,Menlo,16,1,release,20,100
unicode_hard_rows_cell,50,40500,37542,1084,121,42,Menlo,16,1,release,20,100
unicode_hard_rows_cell,51,40084,37542,1125,121,42,Menlo,16,1,release,20,100
unicode_hard_rows_cell,52,40292,37583,1125,121,42,Menlo,16,1,release,20,100
unicode_hard_rows_cell,53,40042,37542,1125,121,42,Menlo,16,1,release,20,100
unicode_hard_rows_cell,54,40333,38083,1083,121,42,Menlo,16,1,release,20,100
unicode_hard_rows_cell,55,40084,38125,1084,121,42,Menlo,16,1,release,20,100
unicode_hard_rows_cell,56,39791,38125,1083,121,42,Menlo,16,1,release,20,100
unicode_hard_rows_cell,57,40334,38125,1125,121,42,Menlo,16,1,release,20,100
unicode_hard_rows_cell,58,40042,38125,1083,121,42,Menlo,16,1,release,20,100
unicode_hard_rows_cell,59,39750,38083,1083,121,42,Menlo,16,1,release,20,100
unicode_hard_rows_cell,60,40125,40958,1083,121,42,Menlo,16,1,release,20,100
unicode_hard_rows_cell,61,40000,37666,1125,121,42,Menlo,16,1,release,20,100
unicode_hard_rows_cell,62,40125,37583,1125,121,42,Menlo,16,1,release,20,100
unicode_hard_rows_cell,63,40166,38209,1042,121,42,Menlo,16,1,release,20,100
unicode_hard_rows_cell,64,39834,38166,1042,121,42,Menlo,16,1,release,20,100
unicode_hard_rows_cell,65,40084,38125,1042,121,42,Menlo,16,1,release,20,100
unicode_hard_rows_cell,66,39958,38083,1125,121,42,Menlo,16,1,release,20,100
unicode_hard_rows_cell,67,40000,38209,1083,121,42,Menlo,16,1,release,20,100
unicode_hard_rows_cell,68,39833,38292,1125,121,42,Menlo,16,1,release,20,100
unicode_hard_rows_cell,69,40084,38166,1084,121,42,Menlo,16,1,release,20,100
unicode_hard_rows_cell,70,40083,38333,1083,121,42,Menlo,16,1,release,20,100
unicode_hard_rows_cell,71,40042,38125,1042,121,42,Menlo,16,1,release,20,100
unicode_hard_rows_cell,72,40083,38084,1042,121,42,Menlo,16,1,release,20,100
unicode_hard_rows_cell,73,40417,38208,1125,121,42,Menlo,16,1,release,20,100
unicode_hard_rows_cell,74,40250,37625,1083,121,42,Menlo,16,1,release,20,100
unicode_hard_rows_cell,75,39750,38084,1084,121,42,Menlo,16,1,release,20,100
unicode_hard_rows_cell,76,40125,37542,1041,121,42,Menlo,16,1,release,20,100
unicode_hard_rows_cell,77,39791,37625,1125,121,42,Menlo,16,1,release,20,100
unicode_hard_rows_cell,78,39875,38125,1083,121,42,Menlo,16,1,release,20,100
unicode_hard_rows_cell,79,39834,38042,1125,121,42,Menlo,16,1,release,20,100
unicode_hard_rows_cell,80,39917,38125,1042,121,42,Menlo,16,1,release,20,100
unicode_hard_rows_cell,81,39875,38083,1041,121,42,Menlo,16,1,release,20,100
unicode_hard_rows_cell,82,40583,38042,1084,121,42,Menlo,16,1,release,20,100
unicode_hard_rows_cell,83,40541,37667,1083,121,42,Menlo,16,1,release,20,100
unicode_hard_rows_cell,84,39708,38041,1125,121,42,Menlo,16,1,release,20,100
unicode_hard_rows_cell,85,39959,38042,1083,121,42,Menlo,16,1,release,20,100
unicode_hard_rows_cell,86,40000,38042,1084,121,42,Menlo,16,1,release,20,100
unicode_hard_rows_cell,87,40334,38167,1125,121,42,Menlo,16,1,release,20,100
unicode_hard_rows_cell,88,39667,38000,1125,121,42,Menlo,16,1,release,20,100
unicode_hard_rows_cell,89,40083,38250,1083,121,42,Menlo,16,1,release,20,100
unicode_hard_rows_cell,90,39625,38375,1167,121,42,Menlo,16,1,release,20,100
unicode_hard_rows_cell,91,40291,38000,1041,121,42,Menlo,16,1,release,20,100
unicode_hard_rows_cell,92,39875,38125,1042,121,42,Menlo,16,1,release,20,100
unicode_hard_rows_cell,93,39959,38250,1125,121,42,Menlo,16,1,release,20,100
unicode_hard_rows_cell,94,40000,38000,1084,121,42,Menlo,16,1,release,20,100
unicode_hard_rows_cell,95,39917,38041,1125,121,42,Menlo,16,1,release,20,100
unicode_hard_rows_cell,96,40167,38250,1125,121,42,Menlo,16,1,release,20,100
unicode_hard_rows_cell,97,40083,37625,1083,121,42,Menlo,16,1,release,20,100
unicode_hard_rows_cell,98,40083,38084,1125,121,42,Menlo,16,1,release,20,100
unicode_hard_rows_cell,99,40167,38291,1083,121,42,Menlo,16,1,release,20,100
unicode_hard_rows_cell,100,39834,37500,1083,121,42,Menlo,16,1,release,20,100
unicode_hard_rows_cell,101,39917,37584,1083,121,42,Menlo,16,1,release,20,100
unicode_hard_rows_cell,102,40000,37625,1042,121,42,Menlo,16,1,release,20,100
unicode_hard_rows_cell,103,39542,37708,1041,121,42,Menlo,16,1,release,20,100
unicode_hard_rows_cell,104,39833,37500,1042,121,42,Menlo,16,1,release,20,100
unicode_hard_rows_cell,105,39875,38083,1083,121,42,Menlo,16,1,release,20,100
unicode_hard_rows_cell,106,39916,38167,1084,121,42,Menlo,16,1,release,20,100
unicode_hard_rows_cell,107,39916,38167,1083,121,42,Menlo,16,1,release,20,100
unicode_hard_rows_cell,108,57958,44000,1584,121,42,Menlo,16,1,release,20,100
unicode_hard_rows_cell,109,39833,38917,1291,121,42,Menlo,16,1,release,20,100
unicode_hard_rows_cell,110,38500,38875,1083,121,42,Menlo,16,1,release,20,100
unicode_hard_rows_cell,111,38833,38833,1167,121,42,Menlo,16,1,release,20,100
unicode_hard_rows_cell,112,39500,49250,1209,121,42,Menlo,16,1,release,20,100
unicode_hard_rows_cell,113,47375,43084,1083,121,42,Menlo,16,1,release,20,100
unicode_hard_rows_cell,114,38834,38417,1083,121,42,Menlo,16,1,release,20,100
unicode_hard_rows_cell,115,38375,38083,1083,121,42,Menlo,16,1,release,20,100
unicode_hard_rows_cell,116,38458,38208,1042,121,42,Menlo,16,1,release,20,100
unicode_hard_rows_cell,117,38500,38084,1125,121,42,Menlo,16,1,release,20,100
unicode_hard_rows_cell,118,39292,38708,1125,121,42,Menlo,16,1,release,20,100
unicode_hard_rows_cell,119,38541,39000,1084,121,42,Menlo,16,1,release,20,100
unicode_hard_rows_cell,120,38333,38167,1083,121,42,Menlo,16,1,release,20,100
unicode_hard_rows_cell,121,38500,38541,1084,121,42,Menlo,16,1,release,20,100
unicode_hard_rows_cell,122,38917,38125,1084,121,42,Menlo,16,1,release,20,100
unicode_hard_rows_cell,123,38291,38042,1125,121,42,Menlo,16,1,release,20,100
unicode_hard_rows_cell,124,38375,38125,1083,121,42,Menlo,16,1,release,20,100
unicode_hard_rows_cell,125,38542,38083,1083,121,42,Menlo,16,1,release,20,100
unicode_hard_rows_cell,126,39125,38167,1042,121,42,Menlo,16,1,release,20,100
unicode_hard_rows_cell,127,39000,38500,1042,121,42,Menlo,16,1,release,20,100
unicode_hard_rows_cell,128,38958,38125,1125,121,42,Menlo,16,1,release,20,100
unicode_hard_rows_cell,129,38750,38042,1125,121,42,Menlo,16,1,release,20,100
unicode_hard_rows_cell,130,38333,38042,1083,121,42,Menlo,16,1,release,20,100
unicode_hard_rows_cell,131,38375,38041,1084,121,42,Menlo,16,1,release,20,100
unicode_hard_rows_cell,132,39000,38125,1083,121,42,Menlo,16,1,release,20,100
unicode_hard_rows_cell,133,39042,38042,1084,121,42,Menlo,16,1,release,20,100
unicode_hard_rows_cell,134,38583,38125,1125,121,42,Menlo,16,1,release,20,100
unicode_hard_rows_cell,135,38792,38125,1083,121,42,Menlo,16,1,release,20,100
unicode_hard_rows_cell,136,38750,38458,1042,121,42,Menlo,16,1,release,20,100
unicode_hard_rows_cell,137,39292,38000,1084,121,42,Menlo,16,1,release,20,100
unicode_hard_rows_cell,138,38459,38042,1042,121,42,Menlo,16,1,release,20,100
unicode_hard_rows_cell,139,38542,38083,1083,121,42,Menlo,16,1,release,20,100
unicode_hard_rows_cell,140,39041,38375,1083,121,42,Menlo,16,1,release,20,100
unicode_hard_rows_cell,141,38833,38042,1084,121,42,Menlo,16,1,release,20,100
unicode_hard_rows_cell,142,38417,38000,1083,121,42,Menlo,16,1,release,20,100
unicode_hard_rows_cell,143,38542,38500,1125,121,42,Menlo,16,1,release,20,100
unicode_hard_rows_cell,144,38625,38792,1083,121,42,Menlo,16,1,release,20,100
unicode_hard_rows_cell,145,38750,38125,1083,121,42,Menlo,16,1,release,20,100
unicode_hard_rows_cell,146,39042,38458,1083,121,42,Menlo,16,1,release,20,100
unicode_hard_rows_cell,147,38584,38125,1083,121,42,Menlo,16,1,release,20,100
unicode_hard_rows_cell,148,45750,39167,1125,121,42,Menlo,16,1,release,20,100
unicode_hard_rows_cell,149,38500,38958,1125,121,42,Menlo,16,1,release,20,100
unicode_hard_rows_cell,150,38458,38458,1042,121,42,Menlo,16,1,release,20,100
unicode_hard_rows_cell,151,38375,38458,1042,121,42,Menlo,16,1,release,20,100
unicode_hard_rows_cell,152,38500,39083,1125,121,42,Menlo,16,1,release,20,100
unicode_hard_rows_cell,153,38416,38500,1041,121,42,Menlo,16,1,release,20,100
unicode_hard_rows_cell,154,38708,38416,1042,121,42,Menlo,16,1,release,20,100
unicode_hard_rows_cell,155,38958,38459,1041,121,42,Menlo,16,1,release,20,100
unicode_hard_rows_cell,156,38584,38916,1042,121,42,Menlo,16,1,release,20,100
unicode_hard_rows_cell,157,38750,38500,1083,121,42,Menlo,16,1,release,20,100
unicode_hard_rows_cell,158,38292,38416,1125,121,42,Menlo,16,1,release,20,100
unicode_hard_rows_cell,159,38375,38500,1084,121,42,Menlo,16,1,release,20,100
unicode_hard_rows_cell,160,38541,39042,1083,121,42,Menlo,16,1,release,20,100
unicode_hard_rows_cell,161,38459,39000,1083,121,42,Menlo,16,1,release,20,100
unicode_hard_rows_cell,162,38709,38458,1083,121,42,Menlo,16,1,release,20,100
unicode_hard_rows_cell,163,38458,38958,1084,121,42,Menlo,16,1,release,20,100
unicode_hard_rows_cell,164,38958,38500,1084,121,42,Menlo,16,1,release,20,100
unicode_hard_rows_cell,165,38542,38416,1084,121,42,Menlo,16,1,release,20,100
unicode_hard_rows_cell,166,38333,38583,1208,121,42,Menlo,16,1,release,20,100
unicode_hard_rows_cell,167,39000,38459,1041,121,42,Menlo,16,1,release,20,100
unicode_hard_rows_cell,168,38333,38584,1042,121,42,Menlo,16,1,release,20,100
unicode_hard_rows_cell,169,38750,38500,1084,121,42,Menlo,16,1,release,20,100
unicode_hard_rows_cell,170,38625,44417,1083,121,42,Menlo,16,1,release,20,100
unicode_hard_rows_cell,171,38500,38541,1125,121,42,Menlo,16,1,release,20,100
unicode_hard_rows_cell,172,38708,41375,1125,121,42,Menlo,16,1,release,20,100
unicode_hard_rows_cell,173,38333,57000,1084,121,42,Menlo,16,1,release,20,100
unicode_hard_rows_cell,174,38416,39000,1084,121,42,Menlo,16,1,release,20,100
unicode_hard_rows_cell,175,38625,38459,1084,121,42,Menlo,16,1,release,20,100
unicode_hard_rows_cell,176,38625,38541,1084,121,42,Menlo,16,1,release,20,100
unicode_hard_rows_cell,177,38625,38458,1125,121,42,Menlo,16,1,release,20,100
unicode_hard_rows_cell,178,39292,44125,1000,121,42,Menlo,16,1,release,20,100
unicode_hard_rows_cell,179,38750,40875,1042,121,42,Menlo,16,1,release,20,100
unicode_hard_rows_cell,180,38833,43875,1083,121,42,Menlo,16,1,release,20,100
unicode_hard_rows_cell,181,38542,38083,1083,121,42,Menlo,16,1,release,20,100
unicode_hard_rows_cell,182,38833,38458,1000,121,42,Menlo,16,1,release,20,100
unicode_hard_rows_cell,183,38459,38417,1083,121,42,Menlo,16,1,release,20,100
unicode_hard_rows_cell,184,38791,38042,1083,121,42,Menlo,16,1,release,20,100
unicode_hard_rows_cell,185,38417,38334,1084,121,42,Menlo,16,1,release,20,100
unicode_hard_rows_cell,186,38667,38000,1125,121,42,Menlo,16,1,release,20,100
unicode_hard_rows_cell,187,38542,38458,1083,121,42,Menlo,16,1,release,20,100
unicode_hard_rows_cell,188,38250,38375,1084,121,42,Menlo,16,1,release,20,100
unicode_hard_rows_cell,189,38292,38708,1084,121,42,Menlo,16,1,release,20,100
unicode_hard_rows_cell,190,38375,38542,1125,121,42,Menlo,16,1,release,20,100
unicode_hard_rows_cell,191,38541,38333,1125,121,42,Menlo,16,1,release,20,100
unicode_hard_rows_cell,192,38542,38458,1125,121,42,Menlo,16,1,release,20,100
unicode_hard_rows_cell,193,38667,38125,1125,121,42,Menlo,16,1,release,20,100
unicode_hard_rows_cell,194,39000,37958,1083,121,42,Menlo,16,1,release,20,100
unicode_hard_rows_cell,195,38458,38959,1416,121,42,Menlo,16,1,release,20,100
unicode_hard_rows_cell,196,41333,40875,1041,121,42,Menlo,16,1,release,20,100
unicode_hard_rows_cell,197,38917,38791,1083,121,42,Menlo,16,1,release,20,100
unicode_hard_rows_cell,198,45709,38375,1042,121,42,Menlo,16,1,release,20,100
unicode_hard_rows_cell,199,38417,45250,1208,121,42,Menlo,16,1,release,20,100
